date,symbol,adj_close,volume
2021-08-06,AAPL,146.13999938964844,54126800
2021-08-09,AAPL,146.08999633789062,48908700
2021-08-10,AAPL,145.60000610351562,69023100
2021-08-11,AAPL,145.86000061035156,48493500
2021-08-12,AAPL,148.88999938964844,72282600
2021-08-13,AAPL,149.10000610351562,59375000
2021-08-16,AAPL,151.1199951171875,103296000
2021-08-17,AAPL,150.19000244140625,92229700
2021-08-18,AAPL,146.36000061035156,86326000
2021-08-19,AAPL,146.6999969482422,86960300
2021-08-20,AAPL,148.19000244140625,60549600
2021-08-23,AAPL,149.7100067138672,60131800
2021-08-24,AAPL,149.6199951171875,48606400
2021-08-25,AAPL,148.36000061035156,58991300
2021-08-26,AAPL,147.5399932861328,48597200
2021-08-27,AAPL,148.60000610351562,55802400
2021-08-30,AAPL,153.1199951171875,90956700
2021-08-31,AAPL,151.8300018310547,86453100
2021-09-01,AAPL,152.50999450683594,80313700
2021-09-02,AAPL,153.64999389648438,71115500
2021-09-03,AAPL,154.3000030517578,57808700
2021-09-07,AAPL,156.69000244140625,82278300
2021-09-08,AAPL,155.11000061035156,74420200
2021-09-09,AAPL,154.07000732421875,57305700
2021-09-10,AAPL,148.97000122070312,140893200
2021-09-13,AAPL,149.5500030517578,102404300
2021-09-14,AAPL,148.1199951171875,109296300
2021-09-15,AAPL,149.02999877929688,83281300
2021-09-16,AAPL,148.7899932861328,68034100
2021-09-17,AAPL,146.05999755859375,129868800
2021-09-20,AAPL,142.94000244140625,123478900
2021-09-21,AAPL,143.42999267578125,75834000
2021-09-22,AAPL,145.85000610351562,76404300
2021-09-23,AAPL,146.8300018310547,64838200
2021-09-24,AAPL,146.9199981689453,53477900
2021-09-27,AAPL,145.3699951171875,74150700
2021-09-28,AAPL,141.91000366210938,108972300
2021-09-29,AAPL,142.8300018310547,74602000
2021-09-30,AAPL,141.5,89056700
2021-10-01,AAPL,142.64999389648438,94639600
2021-10-04,AAPL,139.13999938964844,98322000
2021-10-05,AAPL,141.11000061035156,80861100
2021-10-06,AAPL,142.0,83221100
2021-10-07,AAPL,143.2899932861328,61732700
2021-10-08,AAPL,142.89999389648438,58773200
2021-10-11,AAPL,142.80999755859375,64452200
2021-10-12,AAPL,141.50999450683594,73035900
2021-10-13,AAPL,140.91000366210938,78762700
2021-10-14,AAPL,143.75999450683594,69907100
2021-10-15,AAPL,144.83999633789062,67940300
2021-10-18,AAPL,146.5500030517578,85589200
2021-10-19,AAPL,148.75999450683594,76378900
2021-10-20,AAPL,149.25999450683594,58418800
2021-10-21,AAPL,149.47999572753906,61421000
2021-10-22,AAPL,148.69000244140625,58883400
2021-10-25,AAPL,148.63999938964844,50720600
2021-10-26,AAPL,149.32000732421875,60893400
2021-10-27,AAPL,148.85000610351562,56094900
2021-10-28,AAPL,152.57000732421875,100077900
2021-10-29,AAPL,149.8000030517578,124953200
2021-11-01,AAPL,148.9600067138672,74588300
2021-11-02,AAPL,150.02000427246094,69122000
2021-11-03,AAPL,151.49000549316406,54511500
2021-11-04,AAPL,150.9600067138672,60394600
2021-11-05,AAPL,151.27999877929688,65463900
2021-11-08,AAPL,150.44000244140625,55020900
2021-11-09,AAPL,150.80999755859375,56787900
2021-11-10,AAPL,147.9199981689453,65187100
2021-11-11,AAPL,147.8699951171875,41000000
2021-11-12,AAPL,149.99000549316406,63804000
2021-11-15,AAPL,150.0,59222800
2021-11-16,AAPL,151.0,59256200
2021-11-17,AAPL,153.49000549316406,88807000
2021-11-18,AAPL,157.8699951171875,137827700
2021-11-19,AAPL,160.5500030517578,117305600
2021-11-22,AAPL,161.02000427246094,117467900
2021-11-23,AAPL,161.41000366210938,96041900
2021-11-24,AAPL,161.94000244140625,69463600
2021-11-26,AAPL,156.80999755859375,76959800
2021-11-29,AAPL,160.24000549316406,88748200
2021-11-30,AAPL,165.3000030517578,174048100
2021-12-01,AAPL,164.77000427246094,152052500
2021-12-02,AAPL,163.75999450683594,136739200
2021-12-03,AAPL,161.83999633789062,118023100
2021-12-06,AAPL,165.32000732421875,107497000
2021-12-07,AAPL,171.17999267578125,120405400
2021-12-08,AAPL,175.0800018310547,116998900
2021-12-09,AAPL,174.55999755859375,108923700
2021-12-10,AAPL,179.4499969482422,115402700
2021-12-13,AAPL,175.74000549316406,153237000
2021-12-14,AAPL,174.3300018310547,139380400
2021-12-15,AAPL,179.3000030517578,131063300
2021-12-16,AAPL,172.25999450683594,150185800
2021-12-17,AAPL,171.13999938964844,195432700
2021-12-20,AAPL,169.75,107499100
2021-12-21,AAPL,172.99000549316406,91185900
2021-12-22,AAPL,175.63999938964844,92135300
2021-12-23,AAPL,176.27999877929688,68356600
2021-12-27,AAPL,180.3300018310547,74919600
2021-12-28,AAPL,179.2899932861328,79144300
2021-12-29,AAPL,179.3800048828125,62348900
2021-12-30,AAPL,178.1999969482422,59773000
2021-12-31,AAPL,177.57000732421875,64062300
2022-01-03,AAPL,182.00999450683594,104487900
2022-01-04,AAPL,179.6999969482422,99310400
2022-01-05,AAPL,174.9199981689453,94537600
2022-01-06,AAPL,172.0,96904000
2022-01-07,AAPL,172.1699981689453,86709100
2022-01-10,AAPL,172.19000244140625,106765600
2022-01-11,AAPL,175.0800018310547,76138300
2022-01-12,AAPL,175.52999877929688,74805200
2022-01-13,AAPL,172.19000244140625,84505800
2022-01-14,AAPL,173.07000732421875,80440800
2022-01-18,AAPL,169.8000030517578,90956700
2022-01-19,AAPL,166.22999572753906,94815000
2022-01-20,AAPL,164.50999450683594,91420500
2022-01-21,AAPL,162.41000366210938,122848900
2022-01-24,AAPL,161.6199951171875,162294600
2022-01-25,AAPL,159.77999877929688,115798400
2022-01-26,AAPL,159.69000244140625,108275300
2022-01-27,AAPL,159.22000122070312,121954600
2022-01-28,AAPL,170.3300018310547,179935700
2022-01-31,AAPL,174.77999877929688,115541600
2022-02-01,AAPL,174.61000061035156,86213900
2022-02-02,AAPL,175.83999633789062,84914300
2022-02-03,AAPL,172.89999389648438,89418100
2022-02-04,AAPL,172.38999938964844,82465400
2022-02-07,AAPL,171.66000366210938,77251200
2022-02-08,AAPL,174.8300018310547,74829200
2022-02-09,AAPL,176.27999877929688,71285000
2022-02-10,AAPL,172.1199951171875,90865900
2022-02-11,AAPL,168.63999938964844,98670700
2022-02-14,AAPL,168.8800048828125,86185500
2022-02-15,AAPL,172.7899932861328,62527400
2022-02-16,AAPL,172.5500030517578,61177400
2022-02-17,AAPL,168.8800048828125,69589300
2022-02-18,AAPL,167.3000030517578,82772700
2022-02-22,AAPL,164.32000732421875,91162800
2022-02-23,AAPL,160.07000732421875,90009200
2022-02-24,AAPL,162.74000549316406,141147500
2022-02-25,AAPL,164.85000610351562,91974200
2022-02-28,AAPL,165.1199951171875,95056600
2022-03-01,AAPL,163.1999969482422,83474400
2022-03-02,AAPL,166.55999755859375,79724800
2022-03-03,AAPL,166.22999572753906,76678400
2022-03-04,AAPL,163.1699981689453,83737200
2022-03-07,AAPL,159.3000030517578,96418800
2022-03-08,AAPL,157.44000244140625,131148300
2022-03-09,AAPL,162.9499969482422,91454900
2022-03-10,AAPL,158.52000427246094,105342000
2022-03-11,AAPL,154.72999572753906,96970100
2022-03-14,AAPL,150.6199951171875,108732100
2022-03-15,AAPL,155.08999633789062,92964300
2022-03-16,AAPL,159.58999633789062,102300200
2022-03-17,AAPL,160.6199951171875,75615400
2022-03-18,AAPL,163.97999572753906,123511700
2022-03-21,AAPL,165.3800048828125,95811400
2022-03-22,AAPL,168.82000732421875,81532000
2022-03-23,AAPL,170.2100067138672,98062700
2022-03-24,AAPL,174.07000732421875,90131400
2022-03-25,AAPL,174.72000122070312,80546200
2022-03-28,AAPL,175.60000610351562,90371900
2022-03-29,AAPL,178.9600067138672,100589400
2022-03-30,AAPL,177.77000427246094,92633200
2022-03-31,AAPL,174.61000061035156,103049300
2022-04-01,AAPL,174.30999755859375,78751300
2022-04-04,AAPL,178.44000244140625,76468400
2022-04-05,AAPL,175.05999755859375,73401800
2022-04-06,AAPL,171.8300018310547,89058800
2022-04-07,AAPL,172.13999938964844,77594700
2022-04-08,AAPL,170.08999633789062,76575500
2022-04-11,AAPL,165.75,72246700
2022-04-12,AAPL,167.66000366210938,79265200
2022-04-13,AAPL,170.39999389648438,70618900
2022-04-14,AAPL,165.2899932861328,75329400
2022-04-18,AAPL,165.07000732421875,69023900
2022-04-19,AAPL,167.39999389648438,67723800
2022-04-20,AAPL,167.22999572753906,67929800
2022-04-21,AAPL,166.4199981689453,87227800
2022-04-22,AAPL,161.7899932861328,84882400
2022-04-25,AAPL,162.8800048828125,96046400
2022-04-26,AAPL,156.8000030517578,95623200
2022-04-27,AAPL,156.57000732421875,88063200
2022-04-28,AAPL,163.63999938964844,130216800
2022-04-29,AAPL,157.64999389648438,131747600
2022-05-02,AAPL,157.9600067138672,123055300
2022-05-03,AAPL,159.47999572753906,88966500
2022-05-04,AAPL,166.02000427246094,108256500
2022-05-05,AAPL,156.77000427246094,130525300
2022-05-06,AAPL,157.27999877929688,116124600
2022-05-09,AAPL,152.05999755859375,131577900
2022-05-10,AAPL,154.50999450683594,115366700
2022-05-11,AAPL,146.5,142689800
2022-05-12,AAPL,142.55999755859375,182602000
2022-05-13,AAPL,147.11000061035156,113990900
2022-05-16,AAPL,145.5399932861328,86643800
2022-05-17,AAPL,149.24000549316406,78336300
2022-05-18,AAPL,140.82000732421875,109742900
2022-05-19,AAPL,137.35000610351562,136095600
2022-05-20,AAPL,137.58999633789062,137426100
2022-05-23,AAPL,143.11000061035156,117726300
2022-05-24,AAPL,140.36000061035156,104132700
2022-05-25,AAPL,140.52000427246094,92482700
2022-05-26,AAPL,143.77999877929688,90601500
2022-05-27,AAPL,149.63999938964844,90978500
2022-05-31,AAPL,148.83999633789062,103718400
2022-06-01,AAPL,148.7100067138672,74286600
2022-06-02,AAPL,151.2100067138672,72348100
2022-06-03,AAPL,145.3800048828125,88570300
2022-06-06,AAPL,146.13999938964844,71598400
2022-06-07,AAPL,148.7100067138672,67808200
2022-06-08,AAPL,147.9600067138672,53950200
2022-06-09,AAPL,142.63999938964844,69473000
2022-06-10,AAPL,137.1300048828125,91437900
2022-06-13,AAPL,131.8800048828125,122207100
2022-06-14,AAPL,132.75999450683594,84784300
2022-06-15,AAPL,135.42999267578125,91533000
2022-06-16,AAPL,130.05999755859375,108123900
2022-06-17,AAPL,131.55999755859375,134520300
2022-06-21,AAPL,135.8699951171875,81000500
2022-06-22,AAPL,135.35000610351562,73409200
2022-06-23,AAPL,138.27000427246094,72433800
2022-06-24,AAPL,141.66000366210938,89116800
2022-06-27,AAPL,141.66000366210938,70207900
2022-06-28,AAPL,137.44000244140625,67083400
2022-06-29,AAPL,139.22999572753906,66242400
2022-06-30,AAPL,136.72000122070312,98964500
2022-07-01,AAPL,138.92999267578125,71051600
2022-07-05,AAPL,141.55999755859375,73353800
2022-07-06,AAPL,142.9199981689453,74064300
2022-07-07,AAPL,146.35000610351562,66253700
2022-07-08,AAPL,147.0399932861328,64547800
2022-07-11,AAPL,144.8699951171875,63141600
2022-07-12,AAPL,145.86000061035156,77588800
2022-07-13,AAPL,145.49000549316406,71185600
2022-07-14,AAPL,148.47000122070312,78140700
2022-07-15,AAPL,150.1699981689453,76259900
2022-07-18,AAPL,147.07000732421875,81420900
2022-07-19,AAPL,151.0,82982400
2022-07-20,AAPL,153.0399932861328,64823400
2022-07-21,AAPL,155.35000610351562,65086600
2022-07-22,AAPL,154.08999633789062,66675400
2022-07-25,AAPL,152.9499969482422,53623900
2022-07-26,AAPL,151.60000610351562,55138700
2022-07-27,AAPL,156.7899932861328,78620700
2022-07-28,AAPL,157.35000610351562,81378700
2022-07-29,AAPL,162.50999450683594,101786900
2022-08-01,AAPL,161.50999450683594,67829400
2022-08-02,AAPL,160.00999450683594,59907000
2022-08-03,AAPL,166.1300048828125,82507500
2022-08-04,AAPL,165.80999755859375,55474100
2022-08-05,AAPL,165.35000610351562,56697000
2022-08-08,AAPL,164.8699951171875,60276900
2022-08-09,AAPL,164.9199981689453,63135500
2022-08-10,AAPL,169.24000549316406,70170500
2022-08-11,AAPL,168.49000549316406,57149200
2022-08-12,AAPL,172.10000610351562,68039400
2022-08-15,AAPL,173.19000244140625,54091700
2022-08-16,AAPL,173.02999877929688,56377100
2022-08-17,AAPL,174.5500030517578,79542000
2022-08-18,AAPL,174.14999389648438,62290100
2022-08-19,AAPL,171.52000427246094,70346300
2022-08-22,AAPL,167.57000732421875,69026800
2022-08-23,AAPL,167.22999572753906,54147100
2022-08-24,AAPL,167.52999877929688,53841500
2022-08-25,AAPL,170.02999877929688,51218200
2022-08-26,AAPL,163.6199951171875,78961000
2022-08-29,AAPL,161.3800048828125,73314000
2022-08-30,AAPL,158.91000366210938,77906200
2022-08-31,AAPL,157.22000122070312,87991100
2022-09-01,AAPL,157.9600067138672,74229900
2022-09-02,AAPL,155.80999755859375,76957800
2022-09-06,AAPL,154.52999877929688,73714800
2022-09-07,AAPL,155.9600067138672,87449600
2022-09-08,AAPL,154.4600067138672,84923800
2022-09-09,AAPL,157.3699951171875,68028800
2022-09-12,AAPL,163.42999267578125,104956000
2022-09-13,AAPL,153.83999633789062,122656600
2022-09-14,AAPL,155.30999755859375,87965400
2022-09-15,AAPL,152.3699951171875,90481100
2022-09-16,AAPL,150.6999969482422,162278800
2022-09-19,AAPL,154.47999572753906,81474200
2022-09-20,AAPL,156.89999389648438,107689800
2022-09-21,AAPL,153.72000122070312,101696800
2022-09-22,AAPL,152.74000549316406,86652500
2022-09-23,AAPL,150.42999267578125,96029900
2022-09-26,AAPL,150.77000427246094,93339400
2022-09-27,AAPL,151.75999450683594,84442700
2022-09-28,AAPL,149.83999633789062,146691400
2022-09-29,AAPL,142.47999572753906,128138200
2022-09-30,AAPL,138.1999969482422,124925300
2022-10-03,AAPL,142.4499969482422,114311700
2022-10-04,AAPL,146.10000610351562,87830100
2022-10-05,AAPL,146.39999389648438,79471000
2022-10-06,AAPL,145.42999267578125,68402200
2022-10-07,AAPL,140.08999633789062,85925600
2022-10-10,AAPL,140.4199981689453,74899000
2022-10-11,AAPL,138.97999572753906,77033700
2022-10-12,AAPL,138.33999633789062,70433700
2022-10-13,AAPL,142.99000549316406,113224000
2022-10-14,AAPL,138.3800048828125,88598000
2022-10-17,AAPL,142.41000366210938,85250900
2022-10-18,AAPL,143.75,99136600
2022-10-19,AAPL,143.86000061035156,61758300
2022-10-20,AAPL,143.38999938964844,64522000
2022-10-21,AAPL,147.27000427246094,86548600
2022-10-24,AAPL,149.4499969482422,75981900
2022-10-25,AAPL,152.33999633789062,74732300
2022-10-26,AAPL,149.35000610351562,88194300
2022-10-27,AAPL,144.8000030517578,109180200
2022-10-28,AAPL,155.74000549316406,164762400
2022-10-31,AAPL,153.33999633789062,97943200
2022-11-01,AAPL,150.64999389648438,80379300
2022-11-02,AAPL,145.02999877929688,93604600
2022-11-03,AAPL,138.8800048828125,97918500
2022-11-04,AAPL,138.3800048828125,140814800
2022-11-07,AAPL,138.9199981689453,83374600
2022-11-08,AAPL,139.5,89908500
2022-11-09,AAPL,134.8699951171875,74917800
2022-11-10,AAPL,146.8699951171875,118854000
2022-11-11,AAPL,149.6999969482422,93979700
2022-11-14,AAPL,148.27999877929688,73374100
2022-11-15,AAPL,150.0399932861328,89868300
2022-11-16,AAPL,148.7899932861328,64218300
2022-11-17,AAPL,150.72000122070312,80389400
2022-11-18,AAPL,151.2899932861328,74829600
2022-11-21,AAPL,148.00999450683594,58724100
2022-11-22,AAPL,150.17999267578125,51804100
2022-11-23,AAPL,151.07000732421875,58301400
2022-11-25,AAPL,148.11000061035156,35195900
2022-11-28,AAPL,144.22000122070312,69246000
2022-11-29,AAPL,141.1699981689453,83763800
2022-11-30,AAPL,148.02999877929688,111380900
2022-12-01,AAPL,148.30999755859375,71250400
2022-12-02,AAPL,147.80999755859375,65447400
2022-12-05,AAPL,146.6300048828125,68826400
2022-12-06,AAPL,142.91000366210938,64727200
2022-12-07,AAPL,140.94000244140625,69721100
2022-12-08,AAPL,142.64999389648438,62128300
2022-12-09,AAPL,142.16000366210938,76097000
2022-12-12,AAPL,144.49000549316406,70462700
2022-12-13,AAPL,145.47000122070312,93886200
2022-12-14,AAPL,143.2100067138672,82291200
2022-12-15,AAPL,136.5,98931900
2022-12-16,AAPL,134.50999450683594,160156900
2022-12-19,AAPL,132.3699951171875,79592600
2022-12-20,AAPL,132.3000030517578,77432800
2022-12-21,AAPL,135.4499969482422,85928000
2022-12-22,AAPL,132.22999572753906,77852100
2022-12-23,AAPL,131.86000061035156,63814900
2022-12-27,AAPL,130.02999877929688,69007800
2022-12-28,AAPL,126.04000091552734,85438400
2022-12-29,AAPL,129.61000061035156,75703700
2022-12-30,AAPL,129.92999267578125,77034200
2023-01-03,AAPL,125.06999969482422,112117500
2023-01-04,AAPL,126.36000061035156,89113600
2023-01-05,AAPL,125.0199966430664,80962700
2023-01-06,AAPL,129.6199951171875,87754700
2023-01-09,AAPL,130.14999389648438,70790800
2023-01-10,AAPL,130.72999572753906,63896200
2023-01-11,AAPL,133.49000549316406,69458900
2023-01-12,AAPL,133.41000366210938,71379600
2023-01-13,AAPL,134.75999450683594,57809700
2023-01-17,AAPL,135.94000244140625,63646600
2023-01-18,AAPL,135.2100067138672,69672800
2023-01-19,AAPL,135.27000427246094,58280400
2023-01-20,AAPL,137.8699951171875,80223600
2023-01-23,AAPL,141.11000061035156,81760300
2023-01-24,AAPL,142.52999877929688,66435100
2023-01-25,AAPL,141.86000061035156,65799300
2023-01-26,AAPL,143.9600067138672,54105100
2023-01-27,AAPL,145.92999267578125,70555800
2023-01-30,AAPL,143.0,64015300
2023-01-31,AAPL,144.2899932861328,65874500
2023-02-01,AAPL,145.42999267578125,77663600
2023-02-02,AAPL,150.82000732421875,118339000
2023-02-03,AAPL,154.5,154357300
2023-02-06,AAPL,151.72999572753906,69858300
2023-02-07,AAPL,154.64999389648438,83322600
2023-02-08,AAPL,151.9199981689453,64120100
2023-02-09,AAPL,150.8699951171875,56007100
2023-02-10,AAPL,151.00999450683594,57450700
2023-02-13,AAPL,153.85000610351562,62199000
2023-02-14,AAPL,153.1999969482422,61707600
2023-02-15,AAPL,155.3300018310547,65573800
2023-02-16,AAPL,153.7100067138672,68167900
2023-02-17,AAPL,152.5500030517578,59144100
2023-02-21,AAPL,148.47999572753906,58867200
2023-02-22,AAPL,148.91000366210938,51011300
2023-02-23,AAPL,149.39999389648438,48394200
2023-02-24,AAPL,146.7100067138672,55469600
2023-02-27,AAPL,147.9199981689453,44998500
2023-02-28,AAPL,147.41000366210938,50547000
2023-03-01,AAPL,145.30999755859375,55479000
2023-03-02,AAPL,145.91000366210938,52238100
2023-03-03,AAPL,151.02999877929688,70732300
2023-03-06,AAPL,153.8300018310547,87558000
2023-03-07,AAPL,151.60000610351562,56182000
2023-03-08,AAPL,152.8699951171875,47204800
2023-03-09,AAPL,150.58999633789062,53833600
2023-03-10,AAPL,148.5,68572400
2023-03-13,AAPL,150.47000122070312,84457100
2023-03-14,AAPL,152.58999633789062,73695900
2023-03-15,AAPL,152.99000549316406,77167900
2023-03-16,AAPL,155.85000610351562,76161100
2023-03-17,AAPL,155.0,98944600
2023-03-20,AAPL,157.39999389648438,73641400
2023-03-21,AAPL,159.27999877929688,73938300
2023-03-22,AAPL,157.8300018310547,75701800
2023-03-23,AAPL,158.92999267578125,67622100
2023-03-24,AAPL,160.25,59196500
2023-03-27,AAPL,158.27999877929688,52390300
2023-03-28,AAPL,157.64999389648438,45992200
2023-03-29,AAPL,160.77000427246094,51305700
2023-03-30,AAPL,162.36000061035156,49501700
2023-03-31,AAPL,164.89999389648438,68749800
2023-04-03,AAPL,166.1699981689453,56976200
2023-04-04,AAPL,165.6300048828125,46278300
2023-04-05,AAPL,163.75999450683594,51511700
2023-04-06,AAPL,164.66000366210938,45390100
2023-04-10,AAPL,162.02999877929688,47716900
2023-04-11,AAPL,160.8000030517578,47644200
2023-04-12,AAPL,160.10000610351562,50133100
2023-04-13,AAPL,165.55999755859375,68445600
2023-04-14,AAPL,165.2100067138672,49386500
2023-04-17,AAPL,165.22999572753906,41516200
2023-04-18,AAPL,166.47000122070312,49923000
2023-04-19,AAPL,167.6300048828125,47720200
2023-04-20,AAPL,166.64999389648438,52456400
2023-04-21,AAPL,165.02000427246094,58337300
2023-04-24,AAPL,165.3300018310547,41949600
2023-04-25,AAPL,163.77000427246094,48714100
2023-04-26,AAPL,163.75999450683594,45498800
2023-04-27,AAPL,168.41000366210938,64902300
2023-04-28,AAPL,169.67999267578125,55275900
2023-05-01,AAPL,169.58999633789062,52472900
2023-05-02,AAPL,168.5399932861328,48425700
2023-05-03,AAPL,167.4499969482422,65136000
2023-05-04,AAPL,165.7899932861328,81235400
2023-05-05,AAPL,173.57000732421875,113453200
2023-05-08,AAPL,173.5,55962800
2023-05-09,AAPL,171.77000427246094,45326900
2023-05-10,AAPL,173.55999755859375,53724500
2023-05-11,AAPL,173.75,49514700
2023-05-12,AAPL,172.57000732421875,45533100
2023-05-15,AAPL,172.07000732421875,37266700
2023-05-16,AAPL,172.07000732421875,42110300
2023-05-17,AAPL,172.69000244140625,57951600
2023-05-18,AAPL,175.0500030517578,65496700
2023-05-19,AAPL,175.16000366210938,55809500
2023-05-22,AAPL,174.1999969482422,43570900
2023-05-23,AAPL,171.55999755859375,50747300
2023-05-24,AAPL,171.83999633789062,45143500
2023-05-25,AAPL,172.99000549316406,56058300
2023-05-26,AAPL,175.42999267578125,54835000
2023-05-30,AAPL,177.3000030517578,55964400
2023-05-31,AAPL,177.25,99625300
2023-06-01,AAPL,180.08999633789062,68901800
2023-06-02,AAPL,180.9499969482422,61996900
2023-06-05,AAPL,179.5800018310547,121946500
2023-06-06,AAPL,179.2100067138672,64848400
2023-06-07,AAPL,177.82000732421875,61944600
2023-06-08,AAPL,180.57000732421875,50214900
2023-06-09,AAPL,180.9600067138672,48900000
2023-06-12,AAPL,183.7899932861328,54274900
2023-06-13,AAPL,183.30999755859375,54929100
2023-06-14,AAPL,183.9499969482422,57462900
2023-06-15,AAPL,186.00999450683594,65433200
2023-06-16,AAPL,184.9199981689453,101256200
2023-06-20,AAPL,185.00999450683594,49799100
2023-06-21,AAPL,183.9600067138672,49515700
2023-06-22,AAPL,187.0,51245300
2023-06-23,AAPL,186.67999267578125,53117000
2023-06-26,AAPL,185.27000427246094,48088700
2023-06-27,AAPL,188.05999755859375,50730800
2023-06-28,AAPL,189.25,51216800
2023-06-29,AAPL,189.58999633789062,46347300
2023-06-30,AAPL,193.97000122070312,85213200
2023-07-03,AAPL,192.4600067138672,31458200
2023-07-05,AAPL,191.3300018310547,46920300
2023-07-06,AAPL,191.80999755859375,45094300
2023-07-07,AAPL,190.67999267578125,46815000
2023-07-10,AAPL,188.61000061035156,59922200
2023-07-11,AAPL,188.0800018310547,46638100
2023-07-12,AAPL,189.77000427246094,60750200
2023-07-13,AAPL,190.5399932861328,41342300
2023-07-14,AAPL,190.69000244140625,41616200
2023-07-17,AAPL,193.99000549316406,50520200
2023-07-18,AAPL,193.72999572753906,48288200
2023-07-19,AAPL,195.10000610351562,80507300
2023-07-20,AAPL,193.1300048828125,59581200
2023-07-21,AAPL,191.94000244140625,71951700
2023-07-24,AAPL,192.75,45377800
2023-07-25,AAPL,193.6199951171875,37283200
2023-07-26,AAPL,194.5,47471900
2023-07-27,AAPL,193.22000122070312,47460200
2023-07-28,AAPL,195.8300018310547,48291400
2023-07-31,AAPL,196.4499969482422,38824100
2023-08-01,AAPL,195.61000061035156,35175100
2023-08-02,AAPL,192.5800018310547,50389300
2023-08-03,AAPL,191.1699981689453,61235200
2023-08-04,AAPL,181.99000549316406,115956800
2023-08-07,AAPL,178.85000610351562,97576100
2023-08-08,AAPL,179.8000030517578,67823000
2023-08-09,AAPL,178.19000244140625,60378500
2023-08-10,AAPL,177.97000122070312,54686900
2023-08-11,AAPL,177.7899932861328,52036700
2023-08-14,AAPL,179.4600067138672,43675600
2023-08-15,AAPL,177.4499969482422,43622600
2023-08-16,AAPL,176.57000732421875,46964900
2023-08-17,AAPL,174.0,66062900
2023-08-18,AAPL,174.49000549316406,61172200
2023-08-21,AAPL,175.83999633789062,46311900
2023-08-22,AAPL,177.22999572753906,42038900
2023-08-23,AAPL,181.1199951171875,52722800
2023-08-24,AAPL,176.3800048828125,54945800
2023-08-25,AAPL,178.61000061035156,51449600
2023-08-28,AAPL,180.19000244140625,43820700
2023-08-29,AAPL,184.1199951171875,53003900
2023-08-30,AAPL,187.64999389648438,60813900
2023-08-31,AAPL,187.8699951171875,60794500
2023-09-01,AAPL,189.4600067138672,45766500
2023-09-05,AAPL,189.6999969482422,45280000
2023-09-06,AAPL,182.91000366210938,81755800
2023-09-07,AAPL,177.55999755859375,112488800
2023-09-08,AAPL,178.17999267578125,65551300
2023-09-11,AAPL,179.36000061035156,58953100
2023-09-12,AAPL,176.3000030517578,90370200
2023-09-13,AAPL,174.2100067138672,84267900
2023-09-14,AAPL,175.74000549316406,60895800
2023-09-15,AAPL,175.00999450683594,109259500
2023-09-18,AAPL,177.97000122070312,67257600
2023-09-19,AAPL,179.07000732421875,51826900
2023-09-20,AAPL,175.49000549316406,58436200
2023-09-21,AAPL,173.92999267578125,63149100
2023-09-22,AAPL,174.7899932861328,56725400
2023-09-25,AAPL,176.0800018310547,46172700
2023-09-26,AAPL,171.9600067138672,64588900
2023-09-27,AAPL,170.42999267578125,66921800
2023-09-28,AAPL,170.69000244140625,56294400
2023-09-29,AAPL,171.2100067138672,51861100
2023-10-02,AAPL,173.75,52164500
2023-10-03,AAPL,172.39999389648438,49594600
2023-10-04,AAPL,173.66000366210938,53020300
2023-10-05,AAPL,174.91000366210938,48527900
2023-10-06,AAPL,177.49000549316406,57266700
2023-10-09,AAPL,178.99000549316406,42390800
2023-10-10,AAPL,178.38999938964844,43698000
2023-10-11,AAPL,179.8000030517578,47551100
2023-10-12,AAPL,180.7100067138672,56743100
2023-10-13,AAPL,178.85000610351562,51427100
2023-10-16,AAPL,178.72000122070312,52517000
2023-10-17,AAPL,177.14999389648438,57549400
2023-10-18,AAPL,175.83999633789062,54764400
2023-10-19,AAPL,175.4600067138672,59302900
2023-10-20,AAPL,172.8800048828125,64244000
2023-10-23,AAPL,173.0,55980100
2023-10-24,AAPL,173.44000244140625,43816600
2023-10-25,AAPL,171.10000610351562,57157000
2023-10-26,AAPL,166.88999938964844,70625300
2023-10-27,AAPL,168.22000122070312,58499100
2023-10-30,AAPL,170.2899932861328,51131000
2023-10-31,AAPL,170.77000427246094,44846000
2023-11-01,AAPL,173.97000122070312,56934900
2023-11-02,AAPL,177.57000732421875,77334800
2023-11-03,AAPL,176.64999389648438,79829200
2023-11-06,AAPL,179.22999572753906,63841300
2023-11-07,AAPL,181.82000732421875,70530000
2023-11-08,AAPL,182.88999938964844,49340300
2023-11-09,AAPL,182.41000366210938,53763500
2023-11-10,AAPL,186.39999389648438,66133400
2023-11-13,AAPL,184.8000030517578,43627500
2023-11-14,AAPL,187.44000244140625,60108400
2023-11-15,AAPL,188.00999450683594,53790500
2023-11-16,AAPL,189.7100067138672,54412900
2023-11-17,AAPL,189.69000244140625,50922700
2023-11-20,AAPL,191.4499969482422,46505100
2023-11-21,AAPL,190.63999938964844,38134500
2023-11-22,AAPL,191.30999755859375,39617700
2023-11-24,AAPL,189.97000122070312,24048300
2023-11-27,AAPL,189.7899932861328,40552600
2023-11-28,AAPL,190.39999389648438,38415400
2023-11-29,AAPL,189.3699951171875,43014200
2023-11-30,AAPL,189.9499969482422,48794400
2023-12-01,AAPL,191.24000549316406,45704800
2023-12-04,AAPL,189.42999267578125,43389500
2023-12-05,AAPL,193.4199981689453,66628400
2023-12-06,AAPL,192.32000732421875,41089700
2023-12-07,AAPL,194.27000427246094,47477700
2023-12-08,AAPL,195.7100067138672,53406400
2023-12-11,AAPL,193.17999267578125,60943700
2023-12-12,AAPL,194.7100067138672,52696900
2023-12-13,AAPL,197.9600067138672,70404200
2023-12-14,AAPL,198.11000061035156,66831600
2023-12-15,AAPL,197.57000732421875,128538400
2023-12-18,AAPL,195.88999938964844,55751900
2023-12-19,AAPL,196.94000244140625,40714100
2023-12-20,AAPL,194.8300018310547,52242800
2023-12-21,AAPL,194.67999267578125,46482500
2023-12-22,AAPL,193.60000610351562,37149600
2023-12-26,AAPL,193.0500030517578,28919300
2023-12-27,AAPL,193.14999389648438,48087700
2023-12-28,AAPL,193.5800018310547,34049900
2023-12-29,AAPL,192.52999877929688,42672100
2024-01-02,AAPL,185.63999938964844,82488700
2024-01-03,AAPL,184.25,58414500
2024-01-04,AAPL,181.91000366210938,71983600
2024-01-05,AAPL,181.17999267578125,62379700
2024-01-08,AAPL,185.55999755859375,59144500
2024-01-09,AAPL,185.13999938964844,42841800
2024-01-10,AAPL,186.19000244140625,46792900
2024-01-11,AAPL,185.58999633789062,49128400
2024-01-12,AAPL,185.9199981689453,40477800
2024-01-16,AAPL,183.6300048828125,65603000
2024-01-17,AAPL,182.67999267578125,47317400
2024-01-18,AAPL,188.6300048828125,78005800
2024-01-19,AAPL,191.55999755859375,68903000
2024-01-22,AAPL,193.88999938964844,60133900
2024-01-23,AAPL,195.17999267578125,42355600
2024-01-24,AAPL,194.5,53631300
2024-01-25,AAPL,194.1699981689453,54822100
2024-01-26,AAPL,192.4199981689453,44594000
2024-01-29,AAPL,191.72999572753906,47145600
2024-01-30,AAPL,188.0399932861328,55859400
2024-01-31,AAPL,184.39999389648438,55467800
2024-02-01,AAPL,186.86000061035156,64885400
2024-02-02,AAPL,185.85000610351562,102551700
2024-02-05,AAPL,187.67999267578125,69668800
2024-02-06,AAPL,189.3000030517578,43490800
2024-02-07,AAPL,189.41000366210938,53439000
2024-02-08,AAPL,188.32000732421875,40962000
2024-02-09,AAPL,188.85000610351562,45155200
2024-02-12,AAPL,187.14999389648438,41781900
2024-02-13,AAPL,185.0399932861328,56529500
2024-02-14,AAPL,184.14999389648438,54630500
2024-02-15,AAPL,183.86000061035156,65434500
2024-02-16,AAPL,182.30999755859375,49752500
2024-02-20,AAPL,181.55999755859375,53665600
2024-02-21,AAPL,182.32000732421875,41371400
2024-02-22,AAPL,184.3699951171875,52292200
2024-02-23,AAPL,182.52000427246094,45119700
2024-02-26,AAPL,181.16000366210938,40867400
2024-02-27,AAPL,182.6300048828125,54318900
2024-02-28,AAPL,181.4199981689453,48953900
2024-02-29,AAPL,180.75,136682600
2024-03-01,AAPL,179.66000366210938,73563100
2024-03-04,AAPL,175.10000610351562,81510100
2024-03-05,AAPL,170.1199951171875,95132400
2024-03-06,AAPL,169.1199951171875,68587700
2024-03-07,AAPL,169.0,71765100
2024-03-08,AAPL,170.72999572753906,76267000
2024-03-11,AAPL,172.75,60139500
2024-03-12,AAPL,173.22999572753906,59825400
2024-03-13,AAPL,171.1300048828125,52488700
2024-03-14,AAPL,173.0,72913500
2024-03-15,AAPL,172.6199951171875,121752700
2024-03-18,AAPL,173.72000122070312,75604200
2024-03-19,AAPL,176.0800018310547,55215200
2024-03-20,AAPL,178.6699981689453,53423100
2024-03-21,AAPL,171.3699951171875,106181300
2024-03-22,AAPL,172.27999877929688,71160100
2024-03-25,AAPL,170.85000610351562,54288300
2024-03-26,AAPL,169.7100067138672,57388400
2024-03-27,AAPL,173.30999755859375,60273300
2024-03-28,AAPL,171.47999572753906,65672700
2024-04-01,AAPL,170.02999877929688,46240500
2024-04-02,AAPL,168.83999633789062,49329500
2024-04-03,AAPL,169.64999389648438,47691700
2024-04-04,AAPL,168.82000732421875,53704400
2024-04-05,AAPL,169.5800018310547,42104800
2024-04-08,AAPL,168.4499969482422,37425500
2024-04-09,AAPL,169.6699981689453,42373800
2024-04-10,AAPL,167.77999877929688,49709300
2024-04-11,AAPL,175.0399932861328,91070300
2024-04-12,AAPL,176.5500030517578,101670900
2024-04-15,AAPL,172.69000244140625,73531800
2024-04-16,AAPL,169.3800048828125,73711200
2024-04-17,AAPL,168.0,50901200
2024-04-18,AAPL,167.0399932861328,43122900
2024-04-19,AAPL,165.0,68149400
2024-04-22,AAPL,165.83999633789062,48116400
2024-04-23,AAPL,166.89999389648438,49537800
2024-04-24,AAPL,169.02000427246094,48251800
2024-04-25,AAPL,169.88999938964844,50558300
2024-04-26,AAPL,169.3000030517578,44838400
2024-04-29,AAPL,173.5,68169400
2024-04-30,AAPL,170.3300018310547,65934800
2024-05-01,AAPL,169.3000030517578,50383100
2024-05-02,AAPL,173.02999877929688,94214900
2024-05-03,AAPL,183.3800048828125,163224100
2024-05-06,AAPL,181.7100067138672,78569700
2024-05-07,AAPL,182.39999389648438,77305800
2024-05-08,AAPL,182.74000549316406,45057100
2024-05-09,AAPL,184.57000732421875,48983000
2024-05-10,AAPL,183.0500030517578,50759500
2024-05-13,AAPL,186.27999877929688,72044800
2024-05-14,AAPL,187.42999267578125,52393600
2024-05-15,AAPL,189.72000122070312,70400000
2024-05-16,AAPL,189.83999633789062,52845200
2024-05-17,AAPL,189.8699951171875,41282900
2024-05-20,AAPL,191.0399932861328,44361300
2024-05-21,AAPL,192.35000610351562,42309400
2024-05-22,AAPL,190.89999389648438,34648500
2024-05-23,AAPL,186.8800048828125,51005900
2024-05-24,AAPL,189.97999572753906,36327000
2024-05-28,AAPL,189.99000549316406,52280100
2024-05-29,AAPL,190.2899932861328,53068000
2024-05-30,AAPL,191.2899932861328,49889100
2024-05-31,AAPL,192.25,75158300
2024-06-03,AAPL,194.02999877929688,50080500
2024-06-04,AAPL,194.35000610351562,47471400
2024-06-05,AAPL,195.8699951171875,54156800
2024-06-06,AAPL,194.47999572753906,41181800
2024-06-07,AAPL,196.88999938964844,53103900
2024-06-10,AAPL,193.1199951171875,97010200
2024-06-11,AAPL,207.14999389648438,172373300
2024-06-12,AAPL,213.07000732421875,198134300
2024-06-13,AAPL,214.24000549316406,97862700
2024-06-14,AAPL,212.49000549316406,70122700
2024-06-17,AAPL,216.6699981689453,93728300
2024-06-18,AAPL,214.2899932861328,79943300
2024-06-20,AAPL,209.67999267578125,86172500
2024-06-21,AAPL,207.49000549316406,241805100
2024-06-24,AAPL,208.13999938964844,80727000
2024-06-25,AAPL,209.07000732421875,55549700
2024-06-26,AAPL,213.25,66213200
2024-06-27,AAPL,214.10000610351562,49772700
2024-06-28,AAPL,210.6199951171875,82542700
2024-07-01,AAPL,216.75,60402900
2024-07-02,AAPL,220.27000427246094,58046200
2024-07-03,AAPL,221.5500030517578,37369800
2024-07-05,AAPL,226.33999633789062,60412400
2024-07-08,AAPL,227.82000732421875,59085900
2024-07-09,AAPL,228.67999267578125,48076100
2024-07-10,AAPL,232.97999572753906,62627700
2024-07-11,AAPL,227.57000732421875,64710600
2024-07-12,AAPL,230.5399932861328,53046500
2024-07-15,AAPL,234.39999389648438,62631300
2024-07-16,AAPL,234.82000732421875,43234300
2024-07-17,AAPL,228.8800048828125,57345900
2024-07-18,AAPL,224.17999267578125,66034600
2024-07-19,AAPL,224.30999755859375,49151500
2024-07-22,AAPL,223.9600067138672,48201800
2024-07-23,AAPL,225.00999450683594,39960300
2024-07-24,AAPL,218.5399932861328,61777600
2024-07-25,AAPL,217.49000549316406,51391200
2024-07-26,AAPL,217.9600067138672,41601300
2024-07-29,AAPL,218.24000549316406,36311800
2024-07-30,AAPL,218.8000030517578,41643800
2024-07-31,AAPL,222.0800018310547,50036300
2024-08-01,AAPL,218.36000061035156,62501000
2024-08-02,AAPL,219.86000061035156,105568600
2024-08-05,AAPL,209.27000427246094,119548600
2024-08-06,AAPL,207.22999572753906,69660500
2024-08-07,AAPL,209.82000732421875,63516400
2024-08-08,AAPL,213.30999755859375,47161100
2024-08-09,AAPL,216.24000549316406,42201600
2024-08-12,AAPL,217.52999877929688,38028100
2024-08-13,AAPL,221.27000427246094,44155300
2024-08-14,AAPL,221.72000122070312,41960600
2024-08-15,AAPL,224.72000122070312,46414000
2024-08-16,AAPL,226.0500030517578,44340200
2024-08-19,AAPL,225.88999938964844,40687800
2024-08-20,AAPL,226.50999450683594,30299000
2024-08-21,AAPL,226.39999389648438,34765500
2024-08-22,AAPL,224.52999877929688,43695300
2024-08-23,AAPL,226.83999633789062,38677300
2024-08-26,AAPL,227.17999267578125,30602200
2024-08-27,AAPL,228.02999877929688,35934600
2024-08-28,AAPL,226.49000549316406,38052200
2024-08-29,AAPL,229.7899932861328,51906300
2024-08-30,AAPL,229.0,52990800
2024-09-03,AAPL,222.77000427246094,50190600
2024-09-04,AAPL,220.85000610351562,43840200
2024-09-05,AAPL,222.3800048828125,36615400
2024-09-06,AAPL,220.82000732421875,48423000
2024-09-09,AAPL,220.91000366210938,67180000
2024-09-10,AAPL,220.11000061035156,51591000
2024-09-11,AAPL,222.66000366210938,44587100
2024-09-12,AAPL,222.77000427246094,37455600
2024-09-13,AAPL,222.5,36766600
2024-09-16,AAPL,216.32000732421875,59357400
2024-09-17,AAPL,216.7899932861328,45519300
2024-09-18,AAPL,220.69000244140625,59894900
2024-09-19,AAPL,228.8699951171875,66781300
2024-09-20,AAPL,228.1999969482422,318679900
2024-09-23,AAPL,226.47000122070312,54146000
2024-09-24,AAPL,227.3699951171875,43556100
2024-09-25,AAPL,226.3699951171875,42308700
2024-09-26,AAPL,227.52000427246094,36636700
2024-09-27,AAPL,227.7899932861328,34026000
2024-09-30,AAPL,233.0,54541900
2024-10-01,AAPL,226.2100067138672,63285000
2024-10-02,AAPL,226.77999877929688,32880600
2024-10-03,AAPL,225.6699981689453,34044200
2024-10-04,AAPL,226.8000030517578,37245100
2024-10-07,AAPL,221.69000244140625,39505400
2024-10-08,AAPL,225.77000427246094,31855700
2024-10-09,AAPL,229.5399932861328,33591100
2024-10-10,AAPL,229.0399932861328,28183500
2024-10-11,AAPL,227.5500030517578,31759200
2024-10-14,AAPL,231.3000030517578,39882100
2024-10-15,AAPL,233.85000610351562,64751400
2024-10-16,AAPL,231.77999877929688,34082200
2024-10-17,AAPL,232.14999389648438,32993800
2024-10-18,AAPL,235.0,46431500
2024-10-21,AAPL,236.47999572753906,36254500
2024-10-22,AAPL,235.86000061035156,38846600
2024-10-23,AAPL,230.75999450683594,52287000
2024-10-24,AAPL,230.57000732421875,31109500
2024-10-25,AAPL,231.41000366210938,38802300
2024-10-28,AAPL,233.39999389648438,36087100
2024-10-29,AAPL,233.6699981689453,35417200
2024-10-30,AAPL,230.10000610351562,47070900
2024-10-31,AAPL,225.91000366210938,64370100
2024-11-01,AAPL,222.91000366210938,65276700
2024-11-04,AAPL,222.00999450683594,44944500
2024-11-05,AAPL,223.4499969482422,28111300
2024-11-06,AAPL,222.72000122070312,54561100
2024-11-07,AAPL,227.47999572753906,42137700
2024-11-08,AAPL,226.9600067138672,38328800
2024-11-11,AAPL,224.22999572753906,42005600
2024-11-12,AAPL,224.22999572753906,40398300
2024-11-13,AAPL,225.1199951171875,48566200
2024-11-14,AAPL,228.22000122070312,44923900
2024-11-15,AAPL,225.0,47923700
2024-11-18,AAPL,228.02000427246094,44633700
2024-11-19,AAPL,228.27999877929688,36211800
2024-11-20,AAPL,229.0,35169600
2024-11-21,AAPL,228.52000427246094,42108300
2024-11-22,AAPL,229.8699951171875,38168300
2024-11-25,AAPL,232.8699951171875,90152800
2024-11-26,AAPL,235.05999755859375,45986200
2024-11-27,AAPL,234.92999267578125,33498400
2024-11-29,AAPL,237.3300018310547,28481400
2024-12-02,AAPL,239.58999633789062,48137100
2024-12-03,AAPL,242.64999389648438,38861000
2024-12-04,AAPL,243.00999450683594,44383900
2024-12-05,AAPL,243.0399932861328,40033900
2024-12-06,AAPL,242.83999633789062,36870600
2024-12-09,AAPL,246.75,44649200
2024-12-10,AAPL,247.77000427246094,36914800
2024-12-11,AAPL,246.49000549316406,45205800
2024-12-12,AAPL,247.9600067138672,32777500
2024-12-13,AAPL,248.1300048828125,33155300
2024-12-16,AAPL,251.0399932861328,51694800
2024-12-17,AAPL,253.47999572753906,51356400
2024-12-18,AAPL,248.0500030517578,56774100
2024-12-19,AAPL,249.7899932861328,60882300
2024-12-20,AAPL,254.49000549316406,147495300
2024-12-23,AAPL,255.27000427246094,40858800
2024-12-24,AAPL,258.20001220703125,23234700
2024-12-26,AAPL,259.0199890136719,27237100
2024-12-27,AAPL,255.58999633789062,42355300
2024-12-30,AAPL,252.1999969482422,35557500
2024-12-31,AAPL,250.4199981689453,39480700
2025-01-02,AAPL,243.85000610351562,55740700
2025-01-03,AAPL,243.36000061035156,40244100
2025-01-06,AAPL,245.0,45045600
2025-01-07,AAPL,242.2100067138672,40856000
2025-01-08,AAPL,242.6999969482422,37628900
2025-01-10,AAPL,236.85000610351562,61710900
2025-01-13,AAPL,234.39999389648438,49630700
2025-01-14,AAPL,233.27999877929688,39435300
2025-01-15,AAPL,237.8699951171875,39832000
2025-01-16,AAPL,228.25999450683594,71759100
2025-01-17,AAPL,229.97999572753906,68488300
2025-01-21,AAPL,222.63999938964844,98070400
2025-01-22,AAPL,223.8300018310547,64126500
2025-01-23,AAPL,223.66000366210938,60234800
2025-01-24,AAPL,222.77999877929688,54697900
2025-01-27,AAPL,229.86000061035156,94863400
2025-01-28,AAPL,238.25999450683594,75707600
2025-01-29,AAPL,239.36000061035156,45486100
2025-01-30,AAPL,237.58999633789062,55658300
2025-01-31,AAPL,236.0,100959800
2025-02-03,AAPL,228.00999450683594,73063300
2025-02-04,AAPL,232.8000030517578,45067300
2025-02-05,AAPL,232.47000122070312,39620300
2025-02-06,AAPL,233.22000122070312,29925300
2025-02-07,AAPL,227.6300048828125,39707200
2025-02-10,AAPL,227.64999389648438,33115600
2025-02-11,AAPL,232.6199951171875,53718400
2025-02-12,AAPL,236.8699951171875,45243300
2025-02-13,AAPL,241.52999877929688,53614100
2025-02-14,AAPL,244.60000610351562,40896200
2025-02-18,AAPL,244.47000122070312,48822500
2025-02-19,AAPL,244.8699951171875,32204200
2025-02-20,AAPL,245.8300018310547,32316900
2025-02-21,AAPL,245.5500030517578,53197400
2025-02-24,AAPL,247.10000610351562,51326400
2025-02-25,AAPL,247.0399932861328,48013300
2025-02-26,AAPL,240.36000061035156,44433600
2025-02-27,AAPL,237.3000030517578,41153600
2025-02-28,AAPL,241.83999633789062,56833400
2025-03-03,AAPL,238.02999877929688,47184000
2025-03-04,AAPL,235.92999267578125,53798100
2025-03-05,AAPL,235.74000549316406,47227600
2025-03-06,AAPL,235.3300018310547,45170400
2025-03-07,AAPL,239.07000732421875,46273600
2025-03-10,AAPL,227.47999572753906,72071200
2025-03-11,AAPL,220.83999633789062,76137400
2025-03-12,AAPL,216.97999572753906,62547500
2025-03-13,AAPL,209.67999267578125,61368300
2025-03-14,AAPL,213.49000549316406,60107600
2025-03-17,AAPL,214.0,48073400
2025-03-18,AAPL,212.69000244140625,42432400
2025-03-19,AAPL,215.24000549316406,54385400
2025-03-20,AAPL,214.10000610351562,48862900
2025-03-21,AAPL,218.27000427246094,94127800
2025-03-24,AAPL,220.72999572753906,44299500
2025-03-25,AAPL,223.75,34493600
2025-03-26,AAPL,221.52999877929688,34466100
2025-03-27,AAPL,223.85000610351562,37094800
2025-03-28,AAPL,217.89999389648438,39818600
2025-03-31,AAPL,222.1300048828125,65299300
2025-04-01,AAPL,223.19000244140625,36412700
2025-04-02,AAPL,223.88999938964844,35905900
2025-04-03,AAPL,203.19000244140625,103419000
2025-04-04,AAPL,188.3800048828125,125910900
2025-04-07,AAPL,181.4600067138672,160466300
2025-04-08,AAPL,172.4199981689453,120859500
2025-04-09,AAPL,198.85000610351562,184395900
2025-04-10,AAPL,190.4199981689453,121880000
2025-04-11,AAPL,198.14999389648438,87435900
2025-04-14,AAPL,202.52000427246094,101352900
2025-04-15,AAPL,202.13999938964844,51343900
2025-04-16,AAPL,194.27000427246094,59732400
2025-04-17,AAPL,196.97999572753906,52164700
2025-04-21,AAPL,193.16000366210938,46742500
2025-04-22,AAPL,199.74000549316406,52976400
2025-04-23,AAPL,204.60000610351562,52929200
2025-04-24,AAPL,208.3699951171875,47311000
2025-04-25,AAPL,209.27999877929688,38222300
2025-04-28,AAPL,210.13999938964844,38743100
2025-04-29,AAPL,211.2100067138672,36827600
2025-04-30,AAPL,212.5,52286500
2025-05-01,AAPL,213.32000732421875,57365700
2025-05-02,AAPL,205.35000610351562,101010600
2025-05-05,AAPL,198.88999938964844,69018500
2025-05-06,AAPL,198.50999450683594,51216500
2025-05-07,AAPL,196.25,68536700
2025-05-08,AAPL,197.49000549316406,50478900
2025-05-09,AAPL,198.52999877929688,36453900
2025-05-12,AAPL,210.7899932861328,63775800
2025-05-13,AAPL,212.92999267578125,51909300
2025-05-14,AAPL,212.3300018310547,49325800
2025-05-15,AAPL,211.4499969482422,45029500
2025-05-16,AAPL,211.25999450683594,54737900
2025-05-19,AAPL,208.77999877929688,46140500
2025-05-20,AAPL,206.86000061035156,42496600
2025-05-21,AAPL,202.08999633789062,59211800
2025-05-22,AAPL,201.36000061035156,46742400
2025-05-23,AAPL,195.27000427246094,78432900
2025-05-27,AAPL,200.2100067138672,56288500
2025-05-28,AAPL,200.4199981689453,45339700
2025-05-29,AAPL,199.9499969482422,51396800
2025-05-30,AAPL,200.85000610351562,70819900
2025-06-02,AAPL,201.6999969482422,35423300
2025-06-03,AAPL,203.27000427246094,46381600
2025-06-04,AAPL,202.82000732421875,43604000
2025-06-05,AAPL,200.6300048828125,55126100
2025-06-06,AAPL,203.9199981689453,46607700
2025-06-09,AAPL,201.4499969482422,72862600
2025-06-10,AAPL,202.6699981689453,54672600
2025-06-11,AAPL,198.77999877929688,60989900
2025-06-12,AAPL,199.1999969482422,43904600
2025-06-13,AAPL,196.4499969482422,51447300
2025-06-16,AAPL,198.4199981689453,43020700
2025-06-17,AAPL,195.63999938964844,38856200
2025-06-18,AAPL,196.5800018310547,45394700
2025-06-20,AAPL,201.0,96813500
2025-06-23,AAPL,201.5,55814300
2025-06-24,AAPL,200.3000030517578,54064000
2025-06-25,AAPL,201.55999755859375,39525700
2025-06-26,AAPL,201.0,50799100
2025-06-27,AAPL,201.0800018310547,73188600
2025-06-30,AAPL,205.1699981689453,91912800
2025-07-01,AAPL,207.82000732421875,78788900
2025-07-02,AAPL,212.44000244140625,67941800
2025-07-03,AAPL,213.5500030517578,34955800
2025-07-07,AAPL,209.9499969482422,50229000
2025-07-08,AAPL,210.00999450683594,42848900
2025-07-09,AAPL,211.13999938964844,48749400
2025-07-10,AAPL,212.41000366210938,44443600
2025-07-11,AAPL,211.16000366210938,39765800
2025-07-14,AAPL,208.6199951171875,38840100
2025-07-15,AAPL,209.11000061035156,42296300
2025-07-16,AAPL,210.16000366210938,47490500
2025-07-17,AAPL,210.02000427246094,48068100
2025-07-18,AAPL,211.17999267578125,48974600
2025-07-21,AAPL,212.47999572753906,51377400
2025-07-22,AAPL,214.39999389648438,46404100
2025-07-23,AAPL,214.14999389648438,46989300
2025-07-24,AAPL,213.75999450683594,46022600
2025-07-25,AAPL,213.8800048828125,40268800
2025-07-28,AAPL,214.0500030517578,37858000
2025-07-29,AAPL,211.27000427246094,51411700
2025-07-30,AAPL,209.0500030517578,45512500
2025-07-31,AAPL,207.57000732421875,80698400
2025-08-01,AAPL,202.3800048828125,104434500
2025-08-04,AAPL,203.35000610351562,75109300
2025-08-05,AAPL,202.9199981689453,44155100
2025-08-06,AAPL,213.25,108483100
2025-08-07,AAPL,220.02999877929688,90224800
2025-08-08,AAPL,229.35000610351562,113854000
2025-08-11,AAPL,227.17999267578125,61806100
2025-08-12,AAPL,229.64999389648438,55626200
2025-08-13,AAPL,233.3300018310547,69878500
2025-08-14,AAPL,232.77999877929688,51916300
2025-08-15,AAPL,231.58999633789062,56038700
2025-08-18,AAPL,230.88999938964844,37476200
2025-08-19,AAPL,230.55999755859375,39402600
2025-08-20,AAPL,226.00999450683594,42263900
2025-08-21,AAPL,224.89999389648438,30621200
2025-08-22,AAPL,227.75999450683594,42477800
2025-08-25,AAPL,227.16000366210938,30983100
2025-08-26,AAPL,229.30999755859375,54575100
2025-08-27,AAPL,230.49000549316406,31259500
2025-08-28,AAPL,232.55999755859375,38074700
2025-08-29,AAPL,232.13999938964844,39418400
2025-09-02,AAPL,229.72000122070312,44075600
2025-09-03,AAPL,238.47000122070312,66427800
2025-09-04,AAPL,239.77999877929688,47549400
2025-09-05,AAPL,239.69000244140625,54870400
2025-09-08,AAPL,237.8800048828125,48999500
2025-09-09,AAPL,234.35000610351562,66313900
2025-09-10,AAPL,226.7899932861328,83440800
2025-09-11,AAPL,230.02999877929688,50208600
2025-09-12,AAPL,234.07000732421875,55824200
2025-09-15,AAPL,236.6999969482422,42699500
2025-09-16,AAPL,238.14999389648438,63421100
2025-09-17,AAPL,238.99000549316406,46508000
2025-09-18,AAPL,237.8800048828125,44249600
2025-09-19,AAPL,245.5,163741300
2025-09-22,AAPL,256.0799865722656,105517400
2025-09-23,AAPL,254.42999267578125,60275200
2025-09-24,AAPL,252.30999755859375,42303700
2025-09-25,AAPL,256.8699951171875,55202100
2025-09-26,AAPL,255.4600067138672,46076300
2025-09-29,AAPL,254.42999267578125,40127700
2025-09-30,AAPL,254.6300048828125,37704300
2025-10-01,AAPL,255.4499969482422,48713900
2025-10-02,AAPL,257.1300048828125,42630200
2025-10-03,AAPL,258.0199890136719,49155600
2025-10-06,AAPL,256.69000244140625,44664100
2025-10-07,AAPL,256.4800109863281,31955800
2025-10-08,AAPL,258.05999755859375,36496900
2025-10-09,AAPL,254.0399932861328,38322000
2025-10-10,AAPL,245.27000427246094,61999100
2025-10-13,AAPL,247.66000366210938,38142900
2025-10-14,AAPL,247.77000427246094,35478000
2025-10-15,AAPL,249.33999633789062,33893600
2025-10-16,AAPL,247.4499969482422,39777000
2025-10-17,AAPL,252.2899932861328,49147000
2025-10-20,AAPL,262.239990234375,90483000
2025-10-21,AAPL,262.7699890136719,46695900
2025-10-22,AAPL,258.45001220703125,45015300
2025-10-23,AAPL,259.5799865722656,32754900
2025-10-24,AAPL,262.82000732421875,38253700
2025-10-27,AAPL,268.80999755859375,44888200
2025-10-28,AAPL,269.0,41534800
2025-10-29,AAPL,269.70001220703125,51086700
2025-10-30,AAPL,271.3999938964844,69886500
2025-10-31,AAPL,270.3699951171875,86167100
2025-11-03,AAPL,269.04998779296875,50194600
2025-11-04,AAPL,270.0400085449219,49274800
2025-11-05,AAPL,270.1400146484375,43683100
2025-11-06,AAPL,269.7699890136719,51204000
2025-11-07,AAPL,268.4700012207031,48227400
2025-11-10,AAPL,269.42999267578125,41312400
2025-11-11,AAPL,275.25,46208300
2025-11-12,AAPL,273.4700012207031,48398000
2025-11-13,AAPL,272.95001220703125,49602800
2025-11-14,AAPL,272.4100036621094,47431300
2025-11-17,AAPL,267.4599914550781,45018300
2025-11-18,AAPL,267.44000244140625,45677300
2025-11-19,AAPL,268.55999755859375,40424500
2025-11-20,AAPL,266.25,45823600
2025-11-21,AAPL,271.489990234375,59030800
2025-11-24,AAPL,275.9200134277344,65585800
2025-11-25,AAPL,276.9700012207031,46914200
2025-11-26,AAPL,277.54998779296875,33431400
2025-11-28,AAPL,278.8500061035156,20135600
2025-12-01,AAPL,283.1000061035156,46587700
2025-12-02,AAPL,286.19000244140625,53669500
2025-12-03,AAPL,284.1499938964844,43538700
2025-12-04,AAPL,280.70001220703125,43989100
2025-12-05,AAPL,278.7799987792969,47265800
2025-12-08,AAPL,277.8900146484375,38211800
2025-12-09,AAPL,277.17999267578125,32193300
2025-12-10,AAPL,278.7799987792969,33038300
2025-12-11,AAPL,278.0299987792969,33248000
2025-12-12,AAPL,278.2799987792969,39532900
2025-12-15,AAPL,274.1099853515625,50409100
2025-12-16,AAPL,274.6099853515625,37648600
2025-12-17,AAPL,271.8399963378906,50138700
2025-12-18,AAPL,272.19000244140625,51630700
2025-12-19,AAPL,273.6700134277344,144632000
2025-12-22,AAPL,270.9700012207031,36571800
2025-12-23,AAPL,272.3599853515625,29642000
2025-12-24,AAPL,273.80999755859375,17910600
2025-12-26,AAPL,273.3999938964844,21521800
2025-12-29,AAPL,273.760009765625,23715200
2025-12-30,AAPL,273.0799865722656,22139600
2025-12-31,AAPL,271.8599853515625,27293600
2026-01-02,AAPL,271.010009765625,37838100
2026-01-05,AAPL,267.260009765625,45647200
2026-01-06,AAPL,262.3599853515625,52352100
2026-01-07,AAPL,260.3299865722656,48309800
2026-01-08,AAPL,259.0400085449219,50419300
2026-01-09,AAPL,259.3699951171875,39997000
2026-01-12,AAPL,260.25,45263800
2026-01-13,AAPL,261.04998779296875,45730800
2026-01-14,AAPL,259.9599914550781,40019400
2026-01-15,AAPL,258.2099914550781,39388600
2026-01-16,AAPL,255.52999877929688,72142800
2026-01-20,AAPL,246.6999969482422,80267500
2026-01-21,AAPL,247.64999389648438,54641700
2026-01-22,AAPL,248.35000610351562,39708300
2026-01-23,AAPL,248.0399932861328,41689000
2026-01-26,AAPL,255.41000366210938,55969200
2026-01-27,AAPL,258.2699890136719,49648300
2026-01-28,AAPL,256.44000244140625,41288000
2026-01-29,AAPL,258.2799987792969,67253000
2026-01-30,AAPL,259.4800109863281,92443400
2026-02-02,AAPL,270.010009765625,73913400
2026-02-03,AAPL,269.4800109863281,64394700
2026-02-04,AAPL,276.489990234375,90545700
2026-02-05,AAPL,275.9100036621094,52977400
2026-02-06,AAPL,278.1199951171875,50453400
2026-02-09,AAPL,274.6199951171875,44623400
2026-02-10,AAPL,273.67999267578125,34376900
2026-02-11,AAPL,275.5,51931300
2026-02-12,AAPL,261.7300109863281,81077200
2026-02-13,AAPL,255.77999877929688,56290700
2026-02-17,AAPL,263.8800048828125,58469100
2026-02-18,AAPL,264.3500061035156,34203300
2026-02-19,AAPL,260.5799865722656,30845300
2026-02-20,AAPL,264.5799865722656,42070500
2026-02-23,AAPL,266.17999267578125,37308200
2026-02-24,AAPL,272.1400146484375,47014600
2026-02-25,AAPL,274.2300109863281,33714300
2026-02-26,AAPL,272.95001220703125,32345100
2026-02-27,AAPL,264.17999267578125,72366500
2026-03-02,AAPL,264.7200012207031,41827900
2026-03-03,AAPL,263.75,38568900
2026-03-04,AAPL,262.5199890136719,39803100
2026-03-05,AAPL,260.2900085449219,49658600
2026-03-06,AAPL,257.4599914550781,41120000
2026-03-09,AAPL,259.8800048828125,38218500
2026-03-10,AAPL,260.8299865722656,30590800
2026-03-11,AAPL,260.80999755859375,26218900
2026-03-12,AAPL,255.75999450683594,40794000
2026-03-13,AAPL,250.1199951171875,36930000
2026-03-16,AAPL,252.82000732421875,32074200
2026-03-17,AAPL,254.22999572753906,32361600
2026-03-18,AAPL,249.94000244140625,35757900
2026-03-19,AAPL,248.9600067138672,34864100
2026-03-20,AAPL,247.99000549316406,88331100
2026-03-23,AAPL,251.49000549316406,40546100
2026-03-24,AAPL,251.63999938964844,45152300
2026-03-25,AAPL,252.6199951171875,28476700
2026-03-26,AAPL,252.88999938964844,41796700
2026-03-27,AAPL,248.8000030517578,47900000
2026-03-30,AAPL,246.6300048828125,39446200
2026-03-31,AAPL,253.7899932861328,49598100
2026-04-01,AAPL,255.6300048828125,40059400
2026-04-02,AAPL,255.9199981689453,31289400
2026-04-06,AAPL,258.8599853515625,29329900
2026-04-07,AAPL,253.5,62148000
2026-04-08,AAPL,258.8999938964844,41032800
2026-04-09,AAPL,260.489990234375,28121600
2026-04-10,AAPL,260.4800109863281,31291500
2026-04-13,AAPL,259.20001220703125,36234700
2026-04-14,AAPL,258.8299865722656,48370700
2026-04-15,AAPL,266.42999267578125,49913500
2026-04-16,AAPL,263.3999938964844,43323100
2026-04-17,AAPL,270.2300109863281,61436200
2026-04-20,AAPL,273.04998779296875,36590200
2026-04-21,AAPL,266.1700134277344,50209800
2026-04-22,AAPL,273.1700134277344,43249200
2026-04-23,AAPL,273.42999267578125,33399600
2026-04-24,AAPL,271.05999755859375,38157100
2026-04-27,AAPL,267.6099853515625,41466800
2026-04-28,AAPL,270.7099914550781,40018900
2026-04-29,AAPL,270.1700134277344,30047900
2026-04-30,AAPL,271.3500061035156,91848200
2026-05-01,AAPL,280.1400146484375,79915400
2026-05-04,AAPL,276.8299865722656,46668400
2026-05-05,AAPL,284.17999267578125,49311700
2026-05-06,AAPL,287.510009765625,58336100
2026-05-07,AAPL,287.44000244140625,45224300
2026-05-08,AAPL,293.32000732421875,52692800
2026-05-11,AAPL,292.67999267578125,42247300
2026-05-12,AAPL,294.79998779296875,45748100
2026-05-13,AAPL,298.8699951171875,52684300
2026-05-14,AAPL,298.2099914550781,35324900
2026-05-15,AAPL,300.2300109863281,54862800
2026-05-18,AAPL,297.8399963378906,34483000
2026-05-19,AAPL,298.9700012207031,42243600
2026-05-20,AAPL,302.25,38229800
2026-05-21,AAPL,304.989990234375,42965100
2026-05-22,AAPL,308.82000732421875,43670200
2026-05-26,AAPL,308.3299865722656,48000500
2026-05-27,AAPL,310.8500061035156,50430900
2026-05-28,AAPL,312.510009765625,48220400
2026-05-29,AAPL,312.05999755859375,70026800
2026-06-01,AAPL,306.30999755859375,48849900
2026-06-02,AAPL,315.20001220703125,44534700
2026-06-03,AAPL,310.260009765625,50836700
2026-06-04,AAPL,311.2300109863281,44869100
2026-06-05,AAPL,307.3399963378906,65310500
2026-06-08,AAPL,301.5400085449219,77949100
2026-06-09,AAPL,290.54998779296875,70108800
2026-06-10,AAPL,291.5799865722656,52793300
2026-06-11,AAPL,295.6300048828125,42572500
2026-06-12,AAPL,291.1300048828125,38742100
2026-06-15,AAPL,296.4200134277344,45732600
2026-06-16,AAPL,299.239990234375,39874400
2026-06-17,AAPL,295.95001220703125,42745100
2026-06-18,AAPL,298.010009765625,85962200
2026-06-22,AAPL,297.010009765625,44879900
2026-06-23,AAPL,294.29998779296875,52010900
2026-06-24,AAPL,293.0799865722656,53081900
2026-06-25,AAPL,275.1499938964844,107013700
2026-06-26,AAPL,283.7799987792969,261775500
2026-06-29,AAPL,281.739990234375,66427000
2026-06-30,AAPL,289.3599853515625,65100200
2026-07-01,AAPL,294.3800048828125,50164200
2026-07-02,AAPL,308.6300048828125,75352800
2026-07-06,AAPL,312.6600036621094,53590000
2026-07-07,AAPL,310.6600036621094,42490000
2026-07-08,AAPL,313.3900146484375,41323500
2026-07-09,AAPL,316.2200012207031,48124500
2026-07-10,AAPL,315.32000732421875,34132300
2026-07-13,AAPL,317.30999755859375,43257800
2026-07-14,AAPL,314.8599853515625,36336800
2026-07-15,AAPL,327.5,60957600
2026-07-16,AAPL,333.260009765625,62970600
2026-07-17,AAPL,333.739990234375,63407100
2026-07-20,AAPL,326.5899963378906,53468000
2026-07-21,AAPL,327.739990234375,41338900
2026-07-22,AAPL,325.8900146484375,38755900
2026-07-23,AAPL,321.6600036621094,40840800
2026-07-24,AAPL,333.0199890136719,47489400
2026-07-27,AAPL,336.9100036621094,49604300
2026-07-28,AAPL,340.0799865722656,51859000
2026-07-29,AAPL,338.19000244140625,56090800
2026-07-30,AAPL,333.42999267578125,74817800
2026-07-31,AAPL,308.9100036621094,132489100
2026-08-03,AAPL,303.4200134277344,75052000
2026-08-04,AAPL,309.3800048828125,68001000
2026-08-05,AAPL,311.0,44330978
2021-08-06,MSFT,289.4599914550781,16589300
2021-08-09,MSFT,288.3299865722656,16117600
2021-08-10,MSFT,286.44000244140625,18616600
2021-08-11,MSFT,286.95001220703125,13955900
2021-08-12,MSFT,289.80999755859375,14561300
2021-08-13,MSFT,292.8500061035156,18249000
2021-08-16,MSFT,294.6000061035156,22507600
2021-08-17,MSFT,293.0799865722656,20075300
2021-08-18,MSFT,290.7300109863281,21813000
2021-08-19,MSFT,296.7699890136719,29850500
2021-08-20,MSFT,304.3599853515625,40817600
2021-08-23,MSFT,304.6499938964844,22830200
2021-08-24,MSFT,302.6199951171875,18175800
2021-08-25,MSFT,302.010009765625,20006100
2021-08-26,MSFT,299.0899963378906,17666100
2021-08-27,MSFT,299.7200012207031,22605700
2021-08-30,MSFT,303.5899963378906,16348100
2021-08-31,MSFT,301.8800048828125,26285300
2021-09-01,MSFT,301.8299865722656,18983800
2021-09-02,MSFT,301.1499938964844,16285600
2021-09-03,MSFT,301.1400146484375,14747900
2021-09-07,MSFT,300.17999267578125,17180400
2021-09-08,MSFT,300.2099914550781,15046800
2021-09-09,MSFT,297.25,19927000
2021-09-10,MSFT,295.7099914550781,19633400
2021-09-13,MSFT,296.989990234375,23652900
2021-09-14,MSFT,299.7900085449219,21853400
2021-09-15,MSFT,304.82000732421875,28356300
2021-09-16,MSFT,305.2200012207031,19550800
2021-09-17,MSFT,299.8699951171875,41372500
2021-09-20,MSFT,294.29998779296875,38278700
2021-09-21,MSFT,294.79998779296875,22364100
2021-09-22,MSFT,298.5799865722656,26626300
2021-09-23,MSFT,299.55999755859375,18604600
2021-09-24,MSFT,299.3500061035156,14999000
2021-09-27,MSFT,294.1700134277344,23571700
2021-09-28,MSFT,283.5199890136719,43186200
2021-09-29,MSFT,284.0,26353700
2021-09-30,MSFT,281.9200134277344,32343600
2021-10-01,MSFT,289.1000061035156,30086300
2021-10-04,MSFT,283.1099853515625,31350700
2021-10-05,MSFT,288.760009765625,24993000
2021-10-06,MSFT,293.1099853515625,28002600
2021-10-07,MSFT,294.8500061035156,20430500
2021-10-08,MSFT,294.8500061035156,17685700
2021-10-11,MSFT,294.2300109863281,19298600
2021-10-12,MSFT,292.8800048828125,17974100
2021-10-13,MSFT,296.30999755859375,23416300
2021-10-14,MSFT,302.75,27262900
2021-10-15,MSFT,304.2099914550781,25384800
2021-10-18,MSFT,307.2900085449219,22729300
2021-10-19,MSFT,308.2300109863281,17682100
2021-10-20,MSFT,307.4100036621094,16537100
2021-10-21,MSFT,310.760009765625,16918100
2021-10-22,MSFT,309.1600036621094,17449300
2021-10-25,MSFT,308.1300048828125,17554500
2021-10-26,MSFT,310.1099853515625,28107300
2021-10-27,MSFT,323.1700134277344,52588700
2021-10-28,MSFT,324.3500061035156,26297900
2021-10-29,MSFT,331.6199951171875,34766000
2021-11-01,MSFT,329.3699951171875,27073200
2021-11-02,MSFT,333.1300048828125,26487100
2021-11-03,MSFT,334.0,21500100
2021-11-04,MSFT,336.44000244140625,23992200
2021-11-05,MSFT,336.05999755859375,22570100
2021-11-08,MSFT,336.989990234375,20897000
2021-11-09,MSFT,335.95001220703125,21307400
2021-11-10,MSFT,330.79998779296875,25500900
2021-11-11,MSFT,332.42999267578125,16849800
2021-11-12,MSFT,336.7200012207031,23831000
2021-11-15,MSFT,336.07000732421875,16723000
2021-11-16,MSFT,339.510009765625,20886800
2021-11-17,MSFT,339.1199951171875,19053400
2021-11-18,MSFT,341.2699890136719,22463500
2021-11-19,MSFT,343.1099853515625,21963400
2021-11-22,MSFT,339.8299865722656,31031100
2021-11-23,MSFT,337.67999267578125,30427600
2021-11-24,MSFT,337.9100036621094,21661300
2021-11-26,MSFT,329.67999267578125,24217200
2021-11-29,MSFT,336.6300048828125,28563500
2021-11-30,MSFT,330.5899963378906,42885600
2021-12-01,MSFT,330.0799865722656,33337600
2021-12-02,MSFT,329.489990234375,30766000
2021-12-03,MSFT,323.010009765625,41779300
2021-12-06,MSFT,326.19000244140625,30032600
2021-12-07,MSFT,334.9200134277344,31021900
2021-12-08,MSFT,334.9700012207031,24761000
2021-12-09,MSFT,333.1000061035156,22214200
2021-12-10,MSFT,342.5400085449219,38095700
2021-12-13,MSFT,339.3999938964844,28899400
2021-12-14,MSFT,328.3399963378906,44438700
2021-12-15,MSFT,334.6499938964844,35381100
2021-12-16,MSFT,324.8999938964844,35034800
2021-12-17,MSFT,323.79998779296875,47750300
2021-12-20,MSFT,319.9100036621094,28326500
2021-12-21,MSFT,327.2900085449219,24740600
2021-12-22,MSFT,333.20001220703125,24831500
2021-12-23,MSFT,334.69000244140625,19617800
2021-12-27,MSFT,342.45001220703125,19947000
2021-12-28,MSFT,341.25,15661500
2021-12-29,MSFT,341.95001220703125,15042000
2021-12-30,MSFT,339.32000732421875,15994500
2021-12-31,MSFT,336.32000732421875,18000800
2022-01-03,MSFT,334.75,28865100
2022-01-04,MSFT,329.010009765625,32674300
2022-01-05,MSFT,316.3800048828125,40054300
2022-01-06,MSFT,313.8800048828125,39646100
2022-01-07,MSFT,314.0400085449219,32720000
2022-01-10,MSFT,314.2699890136719,44289500
2022-01-11,MSFT,314.9800109863281,29386800
2022-01-12,MSFT,318.2699890136719,34372200
2022-01-13,MSFT,304.79998779296875,45366000
2022-01-14,MSFT,310.20001220703125,39846400
2022-01-18,MSFT,302.6499938964844,42333200
2022-01-19,MSFT,303.3299865722656,45933900
2022-01-20,MSFT,301.6000061035156,35380700
2022-01-21,MSFT,296.0299987792969,57984400
2022-01-24,MSFT,296.3699951171875,85731500
2022-01-25,MSFT,288.489990234375,72848600
2022-01-26,MSFT,296.7099914550781,90428900
2022-01-27,MSFT,299.8399963378906,53481300
2022-01-28,MSFT,308.260009765625,49743700
2022-01-31,MSFT,310.9800109863281,46444500
2022-02-01,MSFT,308.760009765625,40950400
2022-02-02,MSFT,313.4599914550781,36636000
2022-02-03,MSFT,301.25,43730000
2022-02-04,MSFT,305.94000244140625,35096500
2022-02-07,MSFT,300.95001220703125,28533300
2022-02-08,MSFT,304.55999755859375,32421200
2022-02-09,MSFT,311.2099914550781,31284700
2022-02-10,MSFT,302.3800048828125,45386200
2022-02-11,MSFT,295.0400085449219,39175600
2022-02-14,MSFT,295.0,36359500
2022-02-15,MSFT,300.4700012207031,27058300
2022-02-16,MSFT,299.5,29982100
2022-02-17,MSFT,290.7300109863281,32461600
2022-02-18,MSFT,287.92999267578125,34264000
2022-02-22,MSFT,287.7200012207031,41736100
2022-02-23,MSFT,280.2699890136719,37811200
2022-02-24,MSFT,294.5899963378906,56989700
2022-02-25,MSFT,297.30999755859375,32546700
2022-02-28,MSFT,298.7900085449219,34627500
2022-03-01,MSFT,294.95001220703125,31217800
2022-03-02,MSFT,300.19000244140625,31873000
2022-03-03,MSFT,295.9200134277344,27314500
2022-03-04,MSFT,289.8599853515625,32356500
2022-03-07,MSFT,278.9100036621094,43157200
2022-03-08,MSFT,275.8500061035156,48159500
2022-03-09,MSFT,288.5,35204500
2022-03-10,MSFT,285.5899963378906,30628000
2022-03-11,MSFT,280.07000732421875,27209300
2022-03-14,MSFT,276.44000244140625,30660700
2022-03-15,MSFT,287.1499938964844,34245100
2022-03-16,MSFT,294.3900146484375,37826300
2022-03-17,MSFT,295.2200012207031,30816600
2022-03-18,MSFT,300.42999267578125,43390600
2022-03-21,MSFT,299.1600036621094,28351200
2022-03-22,MSFT,304.05999755859375,27599700
2022-03-23,MSFT,299.489990234375,25715400
2022-03-24,MSFT,304.1000061035156,24484500
2022-03-25,MSFT,303.67999267578125,22566500
2022-03-28,MSFT,310.70001220703125,29578200
2022-03-29,MSFT,315.4100036621094,30393400
2022-03-30,MSFT,313.8599853515625,28163600
2022-03-31,MSFT,308.30999755859375,33422100
2022-04-01,MSFT,309.4200134277344,27110500
2022-04-04,MSFT,314.9700012207031,24289600
2022-04-05,MSFT,310.8800048828125,23156700
2022-04-06,MSFT,299.5,40110400
2022-04-07,MSFT,301.3699951171875,31411200
2022-04-08,MSFT,296.9700012207031,24361900
2022-04-11,MSFT,285.260009765625,34569300
2022-04-12,MSFT,282.05999755859375,30966700
2022-04-13,MSFT,287.6199951171875,21907200
2022-04-14,MSFT,279.8299865722656,28221600
2022-04-18,MSFT,280.5199890136719,20778000
2022-04-19,MSFT,285.29998779296875,22297700
2022-04-20,MSFT,286.3599853515625,22906700
2022-04-21,MSFT,280.80999755859375,29454600
2022-04-22,MSFT,274.0299987792969,29405800
2022-04-25,MSFT,280.7200012207031,35678900
2022-04-26,MSFT,270.2200012207031,46518400
2022-04-27,MSFT,283.2200012207031,63477700
2022-04-28,MSFT,289.6300048828125,33646600
2022-04-29,MSFT,277.5199890136719,37073900
2022-05-02,MSFT,284.4700012207031,35151100
2022-05-03,MSFT,281.7799987792969,25978600
2022-05-04,MSFT,289.9800109863281,33599300
2022-05-05,MSFT,277.3500061035156,43260400
2022-05-06,MSFT,274.7300109863281,37780300
2022-05-09,MSFT,264.5799865722656,47726000
2022-05-10,MSFT,269.5,39336400
2022-05-11,MSFT,260.54998779296875,48975900
2022-05-12,MSFT,255.35000610351562,51033800
2022-05-13,MSFT,261.1199951171875,34925100
2022-05-16,MSFT,261.5,32550900
2022-05-17,MSFT,266.82000732421875,28828800
2022-05-18,MSFT,254.0800018310547,31356000
2022-05-19,MSFT,253.13999938964844,32692300
2022-05-20,MSFT,252.55999755859375,39199300
2022-05-23,MSFT,260.6499938964844,33175400
2022-05-24,MSFT,259.6199951171875,29043900
2022-05-25,MSFT,262.5199890136719,28547900
2022-05-26,MSFT,265.8999938964844,25002100
2022-05-27,MSFT,273.239990234375,26910800
2022-05-31,MSFT,271.8699951171875,37827700
2022-06-01,MSFT,272.4200134277344,25292200
2022-06-02,MSFT,274.5799865722656,44008200
2022-06-03,MSFT,270.0199890136719,28059000
2022-06-06,MSFT,268.75,22400300
2022-06-07,MSFT,272.5,22860700
2022-06-08,MSFT,270.4100036621094,17372300
2022-06-09,MSFT,264.7900085449219,26439700
2022-06-10,MSFT,252.99000549316406,31422800
2022-06-13,MSFT,242.25999450683594,46135800
2022-06-14,MSFT,244.49000549316406,28651500
2022-06-15,MSFT,251.75999450683594,33111700
2022-06-16,MSFT,244.97000122070312,33169200
2022-06-17,MSFT,247.64999389648438,43084800
2022-06-21,MSFT,253.74000549316406,29928300
2022-06-22,MSFT,253.1300048828125,25939900
2022-06-23,MSFT,258.8599853515625,25861400
2022-06-24,MSFT,267.70001220703125,33923200
2022-06-27,MSFT,264.8900146484375,24615100
2022-06-28,MSFT,256.4800109863281,27295500
2022-06-29,MSFT,260.260009765625,20069800
2022-06-30,MSFT,256.8299865722656,31730900
2022-07-01,MSFT,259.5799865722656,22837700
2022-07-05,MSFT,262.8500061035156,22941000
2022-07-06,MSFT,266.2099914550781,23824400
2022-07-07,MSFT,268.3999938964844,20859900
2022-07-08,MSFT,267.6600036621094,19658800
2022-07-11,MSFT,264.510009765625,19455200
2022-07-12,MSFT,253.6699981689453,35868500
2022-07-13,MSFT,252.72000122070312,29497400
2022-07-14,MSFT,254.0800018310547,25102800
2022-07-15,MSFT,256.7200012207031,29774100
2022-07-18,MSFT,254.25,20975000
2022-07-19,MSFT,259.5299987792969,25012600
2022-07-20,MSFT,262.2699890136719,22788300
2022-07-21,MSFT,264.8399963378906,22404700
2022-07-22,MSFT,260.3599853515625,21881300
2022-07-25,MSFT,258.8299865722656,21056000
2022-07-26,MSFT,251.89999389648438,39348000
2022-07-27,MSFT,268.739990234375,45994000
2022-07-28,MSFT,276.4100036621094,33459300
2022-07-29,MSFT,280.739990234375,32152800
2022-08-01,MSFT,278.010009765625,21539600
2022-08-02,MSFT,274.82000732421875,22754200
2022-08-03,MSFT,282.4700012207031,23518900
2022-08-04,MSFT,283.6499938964844,18098700
2022-08-05,MSFT,282.9100036621094,16774600
2022-08-08,MSFT,280.32000732421875,18739200
2022-08-09,MSFT,282.29998779296875,23405200
2022-08-10,MSFT,289.1600036621094,24687800
2022-08-11,MSFT,287.0199890136719,20065900
2022-08-12,MSFT,291.9100036621094,22619700
2022-08-15,MSFT,293.4700012207031,18085700
2022-08-16,MSFT,292.7099914550781,18102900
2022-08-17,MSFT,291.32000732421875,18253400
2022-08-18,MSFT,290.1700134277344,17186200
2022-08-19,MSFT,286.1499938964844,20570000
2022-08-22,MSFT,277.75,25061100
2022-08-23,MSFT,276.44000244140625,17527400
2022-08-24,MSFT,275.7900085449219,18137000
2022-08-25,MSFT,278.8500061035156,16583400
2022-08-26,MSFT,268.0899963378906,27549300
2022-08-29,MSFT,265.2300109863281,20338500
2022-08-30,MSFT,262.9700012207031,22767100
2022-08-31,MSFT,261.4700012207031,24791800
2022-09-01,MSFT,260.3999938964844,23263400
2022-09-02,MSFT,256.05999755859375,22855400
2022-09-06,MSFT,253.25,21328200
2022-09-07,MSFT,258.0899963378906,24126700
2022-09-08,MSFT,258.5199890136719,20319900
2022-09-09,MSFT,264.4599914550781,22084700
2022-09-12,MSFT,266.6499938964844,18747700
2022-09-13,MSFT,251.99000549316406,33353300
2022-09-14,MSFT,252.22000122070312,23913000
2022-09-15,MSFT,245.3800048828125,31530900
2022-09-16,MSFT,244.74000549316406,39791800
2022-09-19,MSFT,244.52000427246094,26826900
2022-09-20,MSFT,242.4499969482422,26660300
2022-09-21,MSFT,238.9499969482422,28625600
2022-09-22,MSFT,240.97999572753906,31061200
2022-09-23,MSFT,237.9199981689453,34176000
2022-09-26,MSFT,237.4499969482422,27694200
2022-09-27,MSFT,236.41000366210938,27018700
2022-09-28,MSFT,241.07000732421875,29029700
2022-09-29,MSFT,237.5,27484200
2022-09-30,MSFT,232.89999389648438,35694800
2022-10-03,MSFT,240.74000549316406,28880400
2022-10-04,MSFT,248.8800048828125,34888400
2022-10-05,MSFT,249.1999969482422,20347100
2022-10-06,MSFT,246.7899932861328,20239900
2022-10-07,MSFT,234.24000549316406,37769600
2022-10-10,MSFT,229.25,29743600
2022-10-11,MSFT,225.41000366210938,30474000
2022-10-12,MSFT,225.75,21903900
2022-10-13,MSFT,234.24000549316406,42551800
2022-10-14,MSFT,228.55999755859375,30198600
2022-10-17,MSFT,237.52999877929688,28142300
2022-10-18,MSFT,238.5,26329600
2022-10-19,MSFT,236.47999572753906,19985700
2022-10-20,MSFT,236.14999389648438,21811000
2022-10-21,MSFT,242.1199951171875,26299700
2022-10-24,MSFT,247.25,24911200
2022-10-25,MSFT,250.66000366210938,34775500
2022-10-26,MSFT,231.32000732421875,82543200
2022-10-27,MSFT,226.75,40424600
2022-10-28,MSFT,235.8699951171875,40647700
2022-10-31,MSFT,232.1300048828125,28357300
2022-11-01,MSFT,228.1699981689453,30592300
2022-11-02,MSFT,220.10000610351562,38407000
2022-11-03,MSFT,214.25,36633900
2022-11-04,MSFT,221.38999938964844,36789100
2022-11-07,MSFT,227.8699951171875,33498000
2022-11-08,MSFT,228.8699951171875,28192500
2022-11-09,MSFT,224.50999450683594,27852900
2022-11-10,MSFT,242.97999572753906,46268000
2022-11-11,MSFT,247.11000061035156,34620200
2022-11-14,MSFT,241.5500030517578,31123300
2022-11-15,MSFT,241.97000122070312,31390100
2022-11-16,MSFT,241.72999572753906,24093300
2022-11-17,MSFT,241.67999267578125,23123500
2022-11-18,MSFT,241.22000122070312,27613500
2022-11-21,MSFT,242.0500030517578,26394700
2022-11-22,MSFT,245.02999877929688,19665700
2022-11-23,MSFT,247.5800018310547,19508500
2022-11-25,MSFT,247.49000549316406,9200800
2022-11-28,MSFT,241.75999450683594,24778200
2022-11-29,MSFT,240.3300018310547,17956300
2022-11-30,MSFT,255.13999938964844,47594200
2022-12-01,MSFT,254.69000244140625,26041500
2022-12-02,MSFT,255.02000427246094,21528500
2022-12-05,MSFT,250.1999969482422,23435300
2022-12-06,MSFT,245.1199951171875,22463700
2022-12-07,MSFT,244.3699951171875,20481500
2022-12-08,MSFT,247.39999389648438,22611800
2022-12-09,MSFT,245.4199981689453,20609700
2022-12-12,MSFT,252.50999450683594,30665100
2022-12-13,MSFT,256.9200134277344,42196900
2022-12-14,MSFT,257.2200012207031,35410900
2022-12-15,MSFT,249.00999450683594,35560400
2022-12-16,MSFT,244.69000244140625,86102000
2022-12-19,MSFT,240.4499969482422,29696400
2022-12-20,MSFT,241.8000030517578,25150800
2022-12-21,MSFT,244.42999267578125,23690600
2022-12-22,MSFT,238.19000244140625,28651700
2022-12-23,MSFT,238.72999572753906,21207000
2022-12-27,MSFT,236.9600067138672,16688600
2022-12-28,MSFT,234.52999877929688,17457100
2022-12-29,MSFT,241.00999450683594,19770700
2022-12-30,MSFT,239.82000732421875,21938500
2023-01-03,MSFT,239.5800018310547,25740000
2023-01-04,MSFT,229.10000610351562,50623400
2023-01-05,MSFT,222.30999755859375,39585600
2023-01-06,MSFT,224.92999267578125,43613600
2023-01-09,MSFT,227.1199951171875,27369800
2023-01-10,MSFT,228.85000610351562,27033900
2023-01-11,MSFT,235.77000427246094,28669300
2023-01-12,MSFT,238.50999450683594,27269500
2023-01-13,MSFT,239.22999572753906,21333300
2023-01-17,MSFT,240.35000610351562,29831300
2023-01-18,MSFT,235.80999755859375,30028700
2023-01-19,MSFT,231.92999267578125,28623000
2023-01-20,MSFT,240.22000122070312,35389800
2023-01-23,MSFT,242.5800018310547,31934000
2023-01-24,MSFT,242.0399932861328,40234400
2023-01-25,MSFT,240.61000061035156,66526600
2023-01-26,MSFT,248.0,33454500
2023-01-27,MSFT,248.16000366210938,26498900
2023-01-30,MSFT,242.7100067138672,25867400
2023-01-31,MSFT,247.80999755859375,26541100
2023-02-01,MSFT,252.75,31259900
2023-02-02,MSFT,264.6000061035156,39940400
2023-02-03,MSFT,258.3500061035156,29077300
2023-02-06,MSFT,256.7699890136719,22518000
2023-02-07,MSFT,267.55999755859375,50841400
2023-02-08,MSFT,266.7300109863281,54686000
2023-02-09,MSFT,263.6199951171875,42375100
2023-02-10,MSFT,263.1000061035156,25818500
2023-02-13,MSFT,271.32000732421875,44630900
2023-02-14,MSFT,272.1700134277344,37047900
2023-02-15,MSFT,269.32000732421875,28922400
2023-02-16,MSFT,262.1499938964844,29603600
2023-02-17,MSFT,258.05999755859375,30000100
2023-02-21,MSFT,252.6699981689453,28397400
2023-02-22,MSFT,251.50999450683594,22491100
2023-02-23,MSFT,254.77000427246094,29219100
2023-02-24,MSFT,249.22000122070312,24990900
2023-02-27,MSFT,250.16000366210938,21190000
2023-02-28,MSFT,249.4199981689453,22491000
2023-03-01,MSFT,246.27000427246094,27565300
2023-03-02,MSFT,251.11000061035156,24808200
2023-03-03,MSFT,255.2899932861328,30760100
2023-03-06,MSFT,256.8699951171875,24109800
2023-03-07,MSFT,254.14999389648438,21473200
2023-03-08,MSFT,253.6999969482422,17340200
2023-03-09,MSFT,252.32000732421875,26653400
2023-03-10,MSFT,248.58999633789062,28333900
2023-03-13,MSFT,253.9199981689453,33339700
2023-03-14,MSFT,260.7900085449219,33620300
2023-03-15,MSFT,265.44000244140625,46028000
2023-03-16,MSFT,276.20001220703125,54768800
2023-03-17,MSFT,279.42999267578125,69527400
2023-03-20,MSFT,272.2300109863281,43466600
2023-03-21,MSFT,273.7799987792969,34558700
2023-03-22,MSFT,272.2900085449219,34873300
2023-03-23,MSFT,277.6600036621094,36610900
2023-03-24,MSFT,280.57000732421875,28172000
2023-03-27,MSFT,276.3800048828125,26840200
2023-03-28,MSFT,275.2300109863281,21878600
2023-03-29,MSFT,280.510009765625,25087000
2023-03-30,MSFT,284.04998779296875,25053400
2023-03-31,MSFT,288.29998779296875,32766000
2023-04-03,MSFT,287.2300109863281,24883300
2023-04-04,MSFT,287.17999267578125,25824300
2023-04-05,MSFT,284.3399963378906,22064800
2023-04-06,MSFT,291.6000061035156,29770300
2023-04-10,MSFT,289.3900146484375,23103000
2023-04-11,MSFT,282.8299865722656,27276600
2023-04-12,MSFT,283.489990234375,27403400
2023-04-13,MSFT,289.8399963378906,24222700
2023-04-14,MSFT,286.1400146484375,20987900
2023-04-17,MSFT,288.79998779296875,23836200
2023-04-18,MSFT,288.3699951171875,20161800
2023-04-19,MSFT,288.45001220703125,17150300
2023-04-20,MSFT,286.1099853515625,23244400
2023-04-21,MSFT,285.760009765625,21676400
2023-04-24,MSFT,281.7699890136719,26611000
2023-04-25,MSFT,275.4200134277344,45772200
2023-04-26,MSFT,295.3699951171875,64599200
2023-04-27,MSFT,304.8299865722656,46462600
2023-04-28,MSFT,307.260009765625,36469600
2023-05-01,MSFT,305.55999755859375,21294100
2023-05-02,MSFT,305.4100036621094,26404400
2023-05-03,MSFT,304.3999938964844,22360800
2023-05-04,MSFT,305.4100036621094,22519900
2023-05-05,MSFT,310.6499938964844,28197100
2023-05-08,MSFT,308.6499938964844,21318600
2023-05-09,MSFT,307.0,21340800
2023-05-10,MSFT,312.30999755859375,30078000
2023-05-11,MSFT,310.1099853515625,31680200
2023-05-12,MSFT,308.9700012207031,19774700
2023-05-15,MSFT,309.4599914550781,16336500
2023-05-16,MSFT,311.739990234375,26730300
2023-05-17,MSFT,314.0,24315000
2023-05-18,MSFT,318.5199890136719,27276000
2023-05-19,MSFT,318.3399963378906,27546700
2023-05-22,MSFT,321.17999267578125,24115700
2023-05-23,MSFT,315.260009765625,30797200
2023-05-24,MSFT,313.8500061035156,23384900
2023-05-25,MSFT,325.9200134277344,43301700
2023-05-26,MSFT,332.8900146484375,36630600
2023-05-30,MSFT,331.2099914550781,29503100
2023-05-31,MSFT,328.3900146484375,45950600
2023-06-01,MSFT,332.5799865722656,26773900
2023-06-02,MSFT,335.3999938964844,25873800
2023-06-05,MSFT,335.94000244140625,21307100
2023-06-06,MSFT,333.67999267578125,20396200
2023-06-07,MSFT,323.3800048828125,40717100
2023-06-08,MSFT,325.260009765625,23277700
2023-06-09,MSFT,326.7900085449219,22529000
2023-06-12,MSFT,331.8500061035156,24260300
2023-06-13,MSFT,334.2900085449219,22951300
2023-06-14,MSFT,337.3399963378906,26003800
2023-06-15,MSFT,348.1000061035156,38899100
2023-06-16,MSFT,342.3299865722656,46552000
2023-06-20,MSFT,338.04998779296875,26375400
2023-06-21,MSFT,333.55999755859375,25117800
2023-06-22,MSFT,339.7099914550781,23556800
2023-06-23,MSFT,335.0199890136719,23146900
2023-06-26,MSFT,328.6000061035156,21520600
2023-06-27,MSFT,334.57000732421875,24354100
2023-06-28,MSFT,335.8500061035156,20259500
2023-06-29,MSFT,335.04998779296875,16997000
2023-06-30,MSFT,340.5400085449219,26832800
2023-07-03,MSFT,337.989990234375,12508700
2023-07-05,MSFT,338.1499938964844,18172400
2023-07-06,MSFT,341.2699890136719,28161200
2023-07-07,MSFT,337.2200012207031,21214800
2023-07-10,MSFT,331.8299865722656,32791400
2023-07-11,MSFT,332.4700012207031,26698200
2023-07-12,MSFT,337.20001220703125,29995300
2023-07-13,MSFT,342.6600036621094,20567200
2023-07-14,MSFT,345.239990234375,28352700
2023-07-17,MSFT,345.7300109863281,20363900
2023-07-18,MSFT,359.489990234375,64738600
2023-07-19,MSFT,355.0799865722656,39732900
2023-07-20,MSFT,346.8699951171875,33778400
2023-07-21,MSFT,343.7699890136719,69405400
2023-07-24,MSFT,345.1099853515625,26678100
2023-07-25,MSFT,350.9800109863281,41637700
2023-07-26,MSFT,337.7699890136719,58383700
2023-07-27,MSFT,330.7200012207031,39635300
2023-07-28,MSFT,338.3699951171875,28484900
2023-07-31,MSFT,335.9200134277344,25446000
2023-08-01,MSFT,336.3399963378906,18311900
2023-08-02,MSFT,327.5,27761300
2023-08-03,MSFT,326.6600036621094,18253700
2023-08-04,MSFT,327.7799987792969,23741500
2023-08-07,MSFT,330.1099853515625,17741500
2023-08-08,MSFT,326.04998779296875,22327600
2023-08-09,MSFT,322.2300109863281,22373300
2023-08-10,MSFT,322.92999267578125,20113700
2023-08-11,MSFT,321.010009765625,24355500
2023-08-14,MSFT,324.0400085449219,18836100
2023-08-15,MSFT,321.8599853515625,16966300
2023-08-16,MSFT,320.3999938964844,20698900
2023-08-17,MSFT,316.8800048828125,21257200
2023-08-18,MSFT,316.4800109863281,24755000
2023-08-21,MSFT,321.8800048828125,24040000
2023-08-22,MSFT,322.4599914550781,16084600
2023-08-23,MSFT,327.0,21166400
2023-08-24,MSFT,319.9700012207031,23281400
2023-08-25,MSFT,322.9800109863281,21684100
2023-08-28,MSFT,323.70001220703125,14808500
2023-08-29,MSFT,328.4100036621094,19284600
2023-08-30,MSFT,328.7900085449219,15222100
2023-08-31,MSFT,327.760009765625,26411000
2023-09-01,MSFT,328.6600036621094,14942000
2023-09-05,MSFT,333.54998779296875,18553900
2023-09-06,MSFT,332.8800048828125,17535800
2023-09-07,MSFT,329.9100036621094,18381000
2023-09-08,MSFT,334.2699890136719,19530100
2023-09-11,MSFT,337.94000244140625,16583300
2023-09-12,MSFT,331.7699890136719,17565500
2023-09-13,MSFT,336.05999755859375,16544400
2023-09-14,MSFT,338.70001220703125,20267000
2023-09-15,MSFT,330.2200012207031,37679800
2023-09-18,MSFT,329.05999755859375,16834200
2023-09-19,MSFT,328.6499938964844,16505900
2023-09-20,MSFT,320.7699890136719,21436500
2023-09-21,MSFT,319.5299987792969,35560400
2023-09-22,MSFT,317.010009765625,21447900
2023-09-25,MSFT,317.5400085449219,17836000
2023-09-26,MSFT,312.1400146484375,26297600
2023-09-27,MSFT,312.7900085449219,19410100
2023-09-28,MSFT,313.6400146484375,19683600
2023-09-29,MSFT,315.75,24147300
2023-10-02,MSFT,321.79998779296875,20570000
2023-10-03,MSFT,313.3900146484375,21033500
2023-10-04,MSFT,318.9599914550781,20720100
2023-10-05,MSFT,319.3599853515625,16965600
2023-10-06,MSFT,327.260009765625,25673600
2023-10-09,MSFT,329.82000732421875,19891200
2023-10-10,MSFT,328.3900146484375,20557100
2023-10-11,MSFT,332.4200134277344,20063200
2023-10-12,MSFT,331.1600036621094,19313100
2023-10-13,MSFT,327.7300109863281,21072400
2023-10-16,MSFT,332.6400146484375,22158000
2023-10-17,MSFT,332.05999755859375,18338500
2023-10-18,MSFT,330.1099853515625,23153600
2023-10-19,MSFT,331.32000732421875,25052100
2023-10-20,MSFT,326.6700134277344,25027700
2023-10-23,MSFT,329.32000732421875,24374700
2023-10-24,MSFT,330.5299987792969,31153600
2023-10-25,MSFT,340.6700134277344,55053800
2023-10-26,MSFT,327.8900146484375,37828500
2023-10-27,MSFT,329.80999755859375,29856500
2023-10-30,MSFT,337.30999755859375,22828100
2023-10-31,MSFT,338.1099853515625,20265300
2023-11-01,MSFT,346.07000732421875,28158800
2023-11-02,MSFT,348.32000732421875,24348100
2023-11-03,MSFT,352.79998779296875,23637700
2023-11-06,MSFT,356.5299987792969,23828300
2023-11-07,MSFT,360.5299987792969,25833900
2023-11-08,MSFT,363.20001220703125,26767800
2023-11-09,MSFT,360.69000244140625,24847300
2023-11-10,MSFT,369.6700134277344,28042100
2023-11-13,MSFT,366.67999267578125,19986500
2023-11-14,MSFT,370.2699890136719,27683900
2023-11-15,MSFT,369.6700134277344,26860100
2023-11-16,MSFT,376.1700134277344,27182300
2023-11-17,MSFT,369.8500061035156,40157000
2023-11-20,MSFT,377.44000244140625,52465100
2023-11-21,MSFT,373.07000732421875,28423100
2023-11-22,MSFT,377.8500061035156,23345300
2023-11-24,MSFT,377.42999267578125,10176600
2023-11-27,MSFT,378.6099853515625,22179200
2023-11-28,MSFT,382.70001220703125,20453100
2023-11-29,MSFT,378.8500061035156,28963400
2023-11-30,MSFT,378.9100036621094,30554400
2023-12-01,MSFT,374.510009765625,33040500
2023-12-04,MSFT,369.1400146484375,32063300
2023-12-05,MSFT,372.5199890136719,23065000
2023-12-06,MSFT,368.79998779296875,21182100
2023-12-07,MSFT,370.95001220703125,23118900
2023-12-08,MSFT,374.2300109863281,20154400
2023-12-11,MSFT,371.29998779296875,27708800
2023-12-12,MSFT,374.3800048828125,24838300
2023-12-13,MSFT,374.3699951171875,30955500
2023-12-14,MSFT,365.92999267578125,43277500
2023-12-15,MSFT,370.7300109863281,78502300
2023-12-18,MSFT,372.6499938964844,21802900
2023-12-19,MSFT,373.260009765625,20603700
2023-12-20,MSFT,370.6199951171875,26316700
2023-12-21,MSFT,373.5400085449219,17708000
2023-12-22,MSFT,374.5799865722656,17107500
2023-12-26,MSFT,374.6600036621094,12673100
2023-12-27,MSFT,374.07000732421875,14905400
2023-12-28,MSFT,375.2799987792969,14327000
2023-12-29,MSFT,376.0400085449219,18730800
2024-01-02,MSFT,370.8699951171875,25258600
2024-01-03,MSFT,370.6000061035156,23083500
2024-01-04,MSFT,367.94000244140625,20901500
2024-01-05,MSFT,367.75,21004600
2024-01-08,MSFT,374.69000244140625,23134000
2024-01-09,MSFT,375.7900085449219,20830000
2024-01-10,MSFT,382.7699890136719,25514200
2024-01-11,MSFT,384.6300048828125,27850800
2024-01-12,MSFT,388.4700012207031,21661200
2024-01-16,MSFT,390.2699890136719,27202300
2024-01-17,MSFT,389.4700012207031,22234100
2024-01-18,MSFT,393.8699951171875,23392100
2024-01-19,MSFT,398.6700134277344,29331100
2024-01-22,MSFT,396.510009765625,27016900
2024-01-23,MSFT,398.8999938964844,20525900
2024-01-24,MSFT,402.55999755859375,24867000
2024-01-25,MSFT,404.8699951171875,21021200
2024-01-26,MSFT,403.92999267578125,17803300
2024-01-29,MSFT,409.7200012207031,24510200
2024-01-30,MSFT,408.5899963378906,33477600
2024-01-31,MSFT,397.5799865722656,47871100
2024-02-01,MSFT,403.7799987792969,30657700
2024-02-02,MSFT,411.2200012207031,28256700
2024-02-05,MSFT,405.6499938964844,25352300
2024-02-06,MSFT,405.489990234375,18382600
2024-02-07,MSFT,414.04998779296875,22340500
2024-02-08,MSFT,414.1099853515625,21225300
2024-02-09,MSFT,420.54998779296875,22032800
2024-02-12,MSFT,415.260009765625,21202900
2024-02-13,MSFT,406.32000732421875,27824900
2024-02-14,MSFT,409.489990234375,20401200
2024-02-15,MSFT,406.55999755859375,21825500
2024-02-16,MSFT,404.05999755859375,22296500
2024-02-20,MSFT,402.7900085449219,24307900
2024-02-21,MSFT,402.17999267578125,18518900
2024-02-22,MSFT,411.6499938964844,27009900
2024-02-23,MSFT,410.3399963378906,16295900
2024-02-26,MSFT,407.5400085449219,16193500
2024-02-27,MSFT,407.4800109863281,14835800
2024-02-28,MSFT,407.7200012207031,13183100
2024-02-29,MSFT,413.6400146484375,31947300
2024-03-01,MSFT,415.5,17823400
2024-03-04,MSFT,414.9200134277344,17596000
2024-03-05,MSFT,402.6499938964844,26919200
2024-03-06,MSFT,402.0899963378906,22344100
2024-03-07,MSFT,409.1400146484375,18718500
2024-03-08,MSFT,406.2200012207031,18002200
2024-03-11,MSFT,404.5199890136719,16120800
2024-03-12,MSFT,415.2799987792969,22457000
2024-03-13,MSFT,415.1000061035156,17115900
2024-03-14,MSFT,425.2200012207031,34157300
2024-03-15,MSFT,416.4200134277344,45079900
2024-03-18,MSFT,417.32000732421875,20106000
2024-03-19,MSFT,421.4100036621094,19837900
2024-03-20,MSFT,425.2300109863281,17860100
2024-03-21,MSFT,429.3699951171875,21296200
2024-03-22,MSFT,428.739990234375,17648500
2024-03-25,MSFT,422.8599853515625,18060500
2024-03-26,MSFT,421.6499938964844,16725600
2024-03-27,MSFT,421.42999267578125,16705000
2024-03-28,MSFT,420.7200012207031,21871200
2024-04-01,MSFT,424.57000732421875,16316000
2024-04-02,MSFT,421.44000244140625,17912000
2024-04-03,MSFT,420.45001220703125,16502300
2024-04-04,MSFT,417.8800048828125,19370900
2024-04-05,MSFT,425.5199890136719,16554800
2024-04-08,MSFT,424.5899963378906,14272400
2024-04-09,MSFT,426.2799987792969,12496900
2024-04-10,MSFT,423.260009765625,16216600
2024-04-11,MSFT,427.92999267578125,17966400
2024-04-12,MSFT,421.8999938964844,19253800
2024-04-15,MSFT,413.6400146484375,20273500
2024-04-16,MSFT,414.5799865722656,16765600
2024-04-17,MSFT,411.8399963378906,15855500
2024-04-18,MSFT,404.2699890136719,21029900
2024-04-19,MSFT,399.1199951171875,30565800
2024-04-22,MSFT,400.9599914550781,20286900
2024-04-23,MSFT,407.57000732421875,15734500
2024-04-24,MSFT,409.05999755859375,15065300
2024-04-25,MSFT,399.0400085449219,40586500
2024-04-26,MSFT,406.32000732421875,29694700
2024-04-29,MSFT,402.25,19582100
2024-04-30,MSFT,389.3299865722656,28781400
2024-05-01,MSFT,394.94000244140625,23562500
2024-05-02,MSFT,397.8399963378906,17709400
2024-05-03,MSFT,406.6600036621094,17446700
2024-05-06,MSFT,413.5400085449219,16996600
2024-05-07,MSFT,409.3399963378906,20018200
2024-05-08,MSFT,410.5400085449219,11792300
2024-05-09,MSFT,412.32000732421875,14689700
2024-05-10,MSFT,414.739990234375,13402300
2024-05-13,MSFT,413.7200012207031,15440200
2024-05-14,MSFT,416.55999755859375,15109300
2024-05-15,MSFT,423.0799865722656,22239500
2024-05-16,MSFT,420.989990234375,17530100
2024-05-17,MSFT,420.2099914550781,15352200
2024-05-20,MSFT,425.3399963378906,16272100
2024-05-21,MSFT,429.0400085449219,21453300
2024-05-22,MSFT,430.5199890136719,18073700
2024-05-23,MSFT,427.0,17211700
2024-05-24,MSFT,430.1600036621094,11855300
2024-05-28,MSFT,430.32000732421875,15718000
2024-05-29,MSFT,429.1700134277344,15517100
2024-05-30,MSFT,414.6700134277344,28394500
2024-05-31,MSFT,415.1300048828125,47995300
2024-06-03,MSFT,413.5199890136719,17484700
2024-06-04,MSFT,416.07000732421875,14348900
2024-06-05,MSFT,424.010009765625,16988000
2024-06-06,MSFT,424.5199890136719,14861300
2024-06-07,MSFT,423.8500061035156,13621700
2024-06-10,MSFT,427.8699951171875,13982900
2024-06-11,MSFT,432.67999267578125,14551100
2024-06-12,MSFT,441.05999755859375,22366200
2024-06-13,MSFT,441.5799865722656,15960600
2024-06-14,MSFT,442.57000732421875,13582000
2024-06-17,MSFT,448.3699951171875,20790000
2024-06-18,MSFT,446.3399963378906,17112500
2024-06-20,MSFT,445.70001220703125,19877400
2024-06-21,MSFT,449.7799987792969,34187100
2024-06-24,MSFT,447.6700134277344,15913700
2024-06-25,MSFT,450.95001220703125,16413400
2024-06-26,MSFT,452.1600036621094,16507000
2024-06-27,MSFT,452.8500061035156,14806300
2024-06-28,MSFT,446.95001220703125,28362300
2024-07-01,MSFT,456.7300109863281,17662800
2024-07-02,MSFT,459.2799987792969,13979800
2024-07-03,MSFT,460.7699890136719,9932800
2024-07-05,MSFT,467.55999755859375,16000300
2024-07-08,MSFT,466.239990234375,12962300
2024-07-09,MSFT,459.5400085449219,17207200
2024-07-10,MSFT,466.25,18196100
2024-07-11,MSFT,454.70001220703125,23111200
2024-07-12,MSFT,453.54998779296875,16324300
2024-07-15,MSFT,453.9599914550781,14429400
2024-07-16,MSFT,449.5199890136719,17175700
2024-07-17,MSFT,443.5199890136719,21778000
2024-07-18,MSFT,440.3699951171875,20794800
2024-07-19,MSFT,437.1099853515625,20940400
2024-07-22,MSFT,442.94000244140625,15808800
2024-07-23,MSFT,444.8500061035156,13107100
2024-07-24,MSFT,428.8999938964844,26805800
2024-07-25,MSFT,418.3999938964844,29943800
2024-07-26,MSFT,425.2699890136719,23583800
2024-07-29,MSFT,426.7300109863281,15125800
2024-07-30,MSFT,422.9200134277344,32687600
2024-07-31,MSFT,418.3500061035156,42891400
2024-08-01,MSFT,417.1099853515625,30296400
2024-08-02,MSFT,408.489990234375,29437900
2024-08-05,MSFT,395.1499938964844,40709200
2024-08-06,MSFT,399.6099853515625,24946500
2024-08-07,MSFT,398.42999267578125,20650900
2024-08-08,MSFT,402.69000244140625,20203000
2024-08-09,MSFT,406.0199890136719,19276700
2024-08-12,MSFT,406.80999755859375,16762900
2024-08-13,MSFT,414.010009765625,19414300
2024-08-14,MSFT,416.8599853515625,18267000
2024-08-15,MSFT,421.0299987792969,20752100
2024-08-16,MSFT,418.4700012207031,22775600
2024-08-19,MSFT,421.5299987792969,15234000
2024-08-20,MSFT,424.79998779296875,16387600
2024-08-21,MSFT,424.1400146484375,16067300
2024-08-22,MSFT,415.54998779296875,19361900
2024-08-23,MSFT,416.7900085449219,18493800
2024-08-26,MSFT,413.489990234375,13152800
2024-08-27,MSFT,413.8399963378906,13492900
2024-08-28,MSFT,410.6000061035156,14882700
2024-08-29,MSFT,413.1199951171875,17045200
2024-08-30,MSFT,417.1400146484375,24308300
2024-09-03,MSFT,409.44000244140625,20313600
2024-09-04,MSFT,408.8999938964844,15135800
2024-09-05,MSFT,408.3900146484375,14195500
2024-09-06,MSFT,401.70001220703125,19609500
2024-09-09,MSFT,405.7200012207031,15295100
2024-09-10,MSFT,414.20001220703125,19594300
2024-09-11,MSFT,423.0400085449219,19266900
2024-09-12,MSFT,427.0,17395700
2024-09-13,MSFT,430.5899963378906,15874600
2024-09-16,MSFT,431.3399963378906,13834700
2024-09-17,MSFT,435.1499938964844,18874200
2024-09-18,MSFT,430.80999755859375,18898000
2024-09-19,MSFT,438.69000244140625,21706600
2024-09-20,MSFT,435.2699890136719,55167100
2024-09-23,MSFT,433.510009765625,15128900
2024-09-24,MSFT,429.1700134277344,17015800
2024-09-25,MSFT,432.1099853515625,13396400
2024-09-26,MSFT,431.30999755859375,14492000
2024-09-27,MSFT,428.0199890136719,14896100
2024-09-30,MSFT,430.29998779296875,16807300
2024-10-01,MSFT,420.69000244140625,19092900
2024-10-02,MSFT,417.1300048828125,16582300
2024-10-03,MSFT,416.5400085449219,13686400
2024-10-04,MSFT,416.05999755859375,19169700
2024-10-07,MSFT,409.5400085449219,20919800
2024-10-08,MSFT,414.7099914550781,19229300
2024-10-09,MSFT,417.4599914550781,14974300
2024-10-10,MSFT,415.8399963378906,13848400
2024-10-11,MSFT,416.32000732421875,14144900
2024-10-14,MSFT,419.1400146484375,16653100
2024-10-15,MSFT,418.739990234375,18900200
2024-10-16,MSFT,416.1199951171875,15508900
2024-10-17,MSFT,416.7200012207031,14820000
2024-10-18,MSFT,418.1600036621094,17145300
2024-10-21,MSFT,418.7799987792969,14206100
2024-10-22,MSFT,427.510009765625,25482200
2024-10-23,MSFT,424.6000061035156,19654400
2024-10-24,MSFT,424.7300109863281,13581600
2024-10-25,MSFT,428.1499938964844,16899100
2024-10-28,MSFT,426.5899963378906,14882400
2024-10-29,MSFT,431.95001220703125,17644100
2024-10-30,MSFT,432.5299987792969,29749100
2024-10-31,MSFT,406.3500061035156,53971000
2024-11-01,MSFT,410.3699951171875,24230400
2024-11-04,MSFT,408.4599914550781,19672300
2024-11-05,MSFT,411.4599914550781,17626000
2024-11-06,MSFT,420.17999267578125,26681800
2024-11-07,MSFT,425.42999267578125,19901800
2024-11-08,MSFT,422.5400085449219,16891400
2024-11-11,MSFT,418.010009765625,24503300
2024-11-12,MSFT,423.0299987792969,19401200
2024-11-13,MSFT,425.20001220703125,21502200
2024-11-14,MSFT,426.8900146484375,30246900
2024-11-15,MSFT,415.0,28247600
2024-11-18,MSFT,415.760009765625,24727000
2024-11-19,MSFT,417.7900085449219,18133500
2024-11-20,MSFT,415.489990234375,19191700
2024-11-21,MSFT,412.8699951171875,20780200
2024-11-22,MSFT,417.0,24814600
2024-11-25,MSFT,418.7900085449219,27691100
2024-11-26,MSFT,427.989990234375,23458900
2024-11-27,MSFT,422.989990234375,18332400
2024-11-29,MSFT,423.4599914550781,16271900
2024-12-02,MSFT,430.9800109863281,20207200
2024-12-03,MSFT,431.20001220703125,18302000
2024-12-04,MSFT,437.4200134277344,26009400
2024-12-05,MSFT,442.6199951171875,21697800
2024-12-06,MSFT,443.57000732421875,18821000
2024-12-09,MSFT,446.0199890136719,19144400
2024-12-10,MSFT,443.3299865722656,18469500
2024-12-11,MSFT,448.989990234375,19200200
2024-12-12,MSFT,449.55999755859375,20834800
2024-12-13,MSFT,447.2699890136719,20177800
2024-12-16,MSFT,451.5899963378906,23598800
2024-12-17,MSFT,454.4599914550781,22733500
2024-12-18,MSFT,437.3900146484375,24444500
2024-12-19,MSFT,437.0299987792969,22963700
2024-12-20,MSFT,436.6000061035156,64263700
2024-12-23,MSFT,435.25,19152500
2024-12-24,MSFT,439.3299865722656,7164500
2024-12-26,MSFT,438.1099853515625,8194200
2024-12-27,MSFT,430.5299987792969,18117700
2024-12-30,MSFT,424.8299865722656,13158700
2024-12-31,MSFT,421.5,13246500
2025-01-02,MSFT,418.5799865722656,16896500
2025-01-03,MSFT,423.3500061035156,16662900
2025-01-06,MSFT,427.8500061035156,20573600
2025-01-07,MSFT,422.3699951171875,18139100
2025-01-08,MSFT,424.55999755859375,15054600
2025-01-10,MSFT,418.95001220703125,20201100
2025-01-13,MSFT,417.19000244140625,17604800
2025-01-14,MSFT,415.6700134277344,16935900
2025-01-15,MSFT,426.30999755859375,19637800
2025-01-16,MSFT,424.5799865722656,15300000
2025-01-17,MSFT,429.0299987792969,26197500
2025-01-21,MSFT,428.5,26085700
2025-01-22,MSFT,446.20001220703125,27803800
2025-01-23,MSFT,446.7099914550781,18389300
2025-01-24,MSFT,444.05999755859375,15549500
2025-01-27,MSFT,434.55999755859375,35647800
2025-01-28,MSFT,447.20001220703125,23491700
2025-01-29,MSFT,442.3299865722656,23581400
2025-01-30,MSFT,414.989990234375,54586300
2025-01-31,MSFT,415.05999755859375,34161900
2025-02-03,MSFT,410.9200134277344,25679100
2025-02-04,MSFT,412.3699951171875,20532100
2025-02-05,MSFT,413.2900085449219,16316700
2025-02-06,MSFT,415.82000732421875,16309800
2025-02-07,MSFT,409.75,22886800
2025-02-10,MSFT,412.2200012207031,20817900
2025-02-11,MSFT,411.44000244140625,18140600
2025-02-12,MSFT,409.0400085449219,19121700
2025-02-13,MSFT,410.5400085449219,23891700
2025-02-14,MSFT,408.42999267578125,22758500
2025-02-18,MSFT,409.6400146484375,21423100
2025-02-19,MSFT,414.7699890136719,24114200
2025-02-20,MSFT,416.1300048828125,23508700
2025-02-21,MSFT,408.2099914550781,27524800
2025-02-24,MSFT,404.0,26443700
2025-02-25,MSFT,397.8999938964844,29387400
2025-02-26,MSFT,399.7300109863281,19619000
2025-02-27,MSFT,392.5299987792969,21127400
2025-02-28,MSFT,396.989990234375,32845700
2025-03-03,MSFT,388.489990234375,23007700
2025-03-04,MSFT,388.6099853515625,29342900
2025-03-05,MSFT,401.0199890136719,23433100
2025-03-06,MSFT,396.8900146484375,23304600
2025-03-07,MSFT,393.30999755859375,22034100
2025-03-10,MSFT,380.1600036621094,32840100
2025-03-11,MSFT,380.45001220703125,30380200
2025-03-12,MSFT,383.2699890136719,24253600
2025-03-13,MSFT,378.7699890136719,20473000
2025-03-14,MSFT,388.55999755859375,19952800
2025-03-17,MSFT,388.70001220703125,22474300
2025-03-18,MSFT,383.5199890136719,19486900
2025-03-19,MSFT,387.82000732421875,19185500
2025-03-20,MSFT,386.8399963378906,18470500
2025-03-21,MSFT,391.260009765625,39675900
2025-03-24,MSFT,393.0799865722656,21004500
2025-03-25,MSFT,395.1600036621094,15775000
2025-03-26,MSFT,389.9700012207031,16108400
2025-03-27,MSFT,390.5799865722656,13766800
2025-03-28,MSFT,378.79998779296875,21632000
2025-03-31,MSFT,375.3900146484375,35184700
2025-04-01,MSFT,382.19000244140625,19689500
2025-04-02,MSFT,382.1400146484375,16092600
2025-04-03,MSFT,373.1099853515625,30198000
2025-04-04,MSFT,359.8399963378906,49209900
2025-04-07,MSFT,357.8599853515625,50425000
2025-04-08,MSFT,354.55999755859375,35868900
2025-04-09,MSFT,390.489990234375,50199700
2025-04-10,MSFT,381.3500061035156,38024400
2025-04-11,MSFT,388.45001220703125,23839200
2025-04-14,MSFT,387.80999755859375,19251200
2025-04-15,MSFT,385.7300109863281,17199900
2025-04-16,MSFT,371.6099853515625,21967800
2025-04-17,MSFT,367.7799987792969,21120200
2025-04-21,MSFT,359.1199951171875,20807300
2025-04-22,MSFT,366.82000732421875,19485000
2025-04-23,MSFT,374.3900146484375,20545500
2025-04-24,MSFT,387.29998779296875,22232300
2025-04-25,MSFT,391.8500061035156,18973200
2025-04-28,MSFT,391.1600036621094,16579400
2025-04-29,MSFT,394.0400085449219,14974000
2025-04-30,MSFT,395.260009765625,36461100
2025-05-01,MSFT,425.3999938964844,58938100
2025-05-02,MSFT,435.2799987792969,30757400
2025-05-05,MSFT,436.1700134277344,20136100
2025-05-06,MSFT,433.30999755859375,15104200
2025-05-07,MSFT,433.3500061035156,23295300
2025-05-08,MSFT,438.1700134277344,23491300
2025-05-09,MSFT,438.7300109863281,15324200
2025-05-12,MSFT,449.260009765625,22821900
2025-05-13,MSFT,449.1400146484375,23618800
2025-05-14,MSFT,452.94000244140625,19902800
2025-05-15,MSFT,453.1300048828125,21992300
2025-05-16,MSFT,454.2699890136719,23849800
2025-05-19,MSFT,458.8699951171875,21336500
2025-05-20,MSFT,458.1700134277344,15441800
2025-05-21,MSFT,452.57000732421875,19216900
2025-05-22,MSFT,454.8599853515625,18025600
2025-05-23,MSFT,450.17999267578125,16883500
2025-05-27,MSFT,460.69000244140625,20974300
2025-05-28,MSFT,457.3599853515625,17086300
2025-05-29,MSFT,458.67999267578125,13974800
2025-05-30,MSFT,460.3599853515625,34770500
2025-06-02,MSFT,461.9700012207031,16626500
2025-06-03,MSFT,462.9700012207031,15743800
2025-06-04,MSFT,463.8699951171875,14162700
2025-06-05,MSFT,467.67999267578125,20131700
2025-06-06,MSFT,470.3800048828125,15285600
2025-06-09,MSFT,472.75,16469900
2025-06-10,MSFT,470.9200134277344,15375900
2025-06-11,MSFT,472.6199951171875,16399200
2025-06-12,MSFT,478.8699951171875,18950600
2025-06-13,MSFT,474.9599914550781,16814500
2025-06-16,MSFT,479.1400146484375,15626100
2025-06-17,MSFT,478.0400085449219,15414100
2025-06-18,MSFT,480.239990234375,17526500
2025-06-20,MSFT,477.3999938964844,37576200
2025-06-23,MSFT,486.0,24864000
2025-06-24,MSFT,490.1099853515625,22305600
2025-06-25,MSFT,492.2699890136719,17495100
2025-06-26,MSFT,497.45001220703125,21578900
2025-06-27,MSFT,495.94000244140625,34539200
2025-06-30,MSFT,497.4100036621094,28369000
2025-07-01,MSFT,492.04998779296875,19945400
2025-07-02,MSFT,491.0899963378906,16319600
2025-07-03,MSFT,498.8399963378906,13984800
2025-07-07,MSFT,497.7200012207031,13981600
2025-07-08,MSFT,496.6199951171875,11846600
2025-07-09,MSFT,503.510009765625,18659500
2025-07-10,MSFT,501.4800109863281,16492100
2025-07-11,MSFT,503.32000732421875,16459500
2025-07-14,MSFT,503.0199890136719,12058800
2025-07-15,MSFT,505.82000732421875,14927200
2025-07-16,MSFT,505.6199951171875,15154400
2025-07-17,MSFT,511.70001220703125,17503100
2025-07-18,MSFT,510.04998779296875,21209700
2025-07-21,MSFT,510.05999755859375,14066800
2025-07-22,MSFT,505.2699890136719,13868600
2025-07-23,MSFT,505.8699951171875,16396600
2025-07-24,MSFT,510.8800048828125,16107000
2025-07-25,MSFT,513.7100219726562,19125700
2025-07-28,MSFT,512.5,14308000
2025-07-29,MSFT,512.5700073242188,16469200
2025-07-30,MSFT,513.239990234375,26380400
2025-07-31,MSFT,533.5,51617300
2025-08-01,MSFT,524.1099853515625,28977600
2025-08-04,MSFT,535.6400146484375,25349000
2025-08-05,MSFT,527.75,19171600
2025-08-06,MSFT,524.9400024414062,21355700
2025-08-07,MSFT,520.8400268554688,16079100
2025-08-08,MSFT,522.0399780273438,15531000
2025-08-11,MSFT,521.77001953125,20194400
2025-08-12,MSFT,529.239990234375,18667000
2025-08-13,MSFT,520.5800170898438,19619200
2025-08-14,MSFT,522.47998046875,20269100
2025-08-15,MSFT,520.1699829101562,25213300
2025-08-18,MSFT,517.0999755859375,23760600
2025-08-19,MSFT,509.7699890136719,21481000
2025-08-20,MSFT,505.7200012207031,27723000
2025-08-21,MSFT,504.239990234375,18443300
2025-08-22,MSFT,507.2300109863281,24324200
2025-08-25,MSFT,504.260009765625,21638600
2025-08-26,MSFT,502.0400085449219,30835700
2025-08-27,MSFT,506.739990234375,17277900
2025-08-28,MSFT,509.6400146484375,18015600
2025-08-29,MSFT,506.69000244140625,20961600
2025-09-02,MSFT,505.1199951171875,18128000
2025-09-03,MSFT,505.3500061035156,16345100
2025-09-04,MSFT,507.9700012207031,15509500
2025-09-05,MSFT,495.0,31994800
2025-09-08,MSFT,498.20001220703125,16771000
2025-09-09,MSFT,498.4100036621094,14410500
2025-09-10,MSFT,500.3699951171875,21611800
2025-09-11,MSFT,501.010009765625,18881600
2025-09-12,MSFT,509.8999938964844,23624900
2025-09-15,MSFT,515.3599853515625,17143800
2025-09-16,MSFT,509.0400085449219,19711900
2025-09-17,MSFT,510.0199890136719,15816600
2025-09-18,MSFT,508.45001220703125,18913700
2025-09-19,MSFT,517.9299926757812,52474100
2025-09-22,MSFT,514.4500122070312,20009300
2025-09-23,MSFT,509.2300109863281,19799600
2025-09-24,MSFT,510.1499938964844,13533700
2025-09-25,MSFT,507.0299987792969,15786500
2025-09-26,MSFT,511.4599914550781,16213100
2025-09-29,MSFT,514.5999755859375,17617800
2025-09-30,MSFT,517.9500122070312,19728200
2025-10-01,MSFT,519.7100219726562,22632300
2025-10-02,MSFT,515.739990234375,21222900
2025-10-03,MSFT,517.3499755859375,15112300
2025-10-06,MSFT,528.5700073242188,21388600
2025-10-07,MSFT,523.97998046875,14615200
2025-10-08,MSFT,524.8499755859375,13363400
2025-10-09,MSFT,522.4000244140625,18343600
2025-10-10,MSFT,510.9599914550781,24133800
2025-10-13,MSFT,514.0499877929688,14284200
2025-10-14,MSFT,513.5700073242188,14684300
2025-10-15,MSFT,513.4299926757812,14694700
2025-10-16,MSFT,511.6099853515625,15559600
2025-10-17,MSFT,513.5800170898438,19867800
2025-10-20,MSFT,516.7899780273438,14665600
2025-10-21,MSFT,517.6599731445312,15586200
2025-10-22,MSFT,520.5399780273438,18962700
2025-10-23,MSFT,520.5599975585938,14023500
2025-10-24,MSFT,523.6099853515625,15532400
2025-10-27,MSFT,531.52001953125,18734700
2025-10-28,MSFT,542.0700073242188,29986700
2025-10-29,MSFT,541.5499877929688,36023000
2025-10-30,MSFT,525.760009765625,41023100
2025-10-31,MSFT,517.8099975585938,34006400
2025-11-03,MSFT,517.030029296875,22374700
2025-11-04,MSFT,514.3300170898438,20958700
2025-11-05,MSFT,507.1600036621094,23024300
2025-11-06,MSFT,497.1000061035156,27406500
2025-11-07,MSFT,496.82000732421875,24019800
2025-11-10,MSFT,506.0,26101500
2025-11-11,MSFT,508.67999267578125,17980000
2025-11-12,MSFT,511.1400146484375,26574900
2025-11-13,MSFT,503.2900085449219,25273100
2025-11-14,MSFT,510.17999267578125,28505700
2025-11-17,MSFT,507.489990234375,19092800
2025-11-18,MSFT,493.7900085449219,33815100
2025-11-19,MSFT,487.1199951171875,23245300
2025-11-20,MSFT,478.42999267578125,26802500
2025-11-21,MSFT,472.1199951171875,31769200
2025-11-24,MSFT,474.0,34421000
2025-11-25,MSFT,476.989990234375,28019800
2025-11-26,MSFT,485.5,25709100
2025-11-28,MSFT,492.010009765625,14386700
2025-12-01,MSFT,486.739990234375,23964000
2025-12-02,MSFT,490.0,19562700
2025-12-03,MSFT,477.7300109863281,34615100
2025-12-04,MSFT,480.8399963378906,22318200
2025-12-05,MSFT,483.1600036621094,22608700
2025-12-08,MSFT,491.0199890136719,21965900
2025-12-09,MSFT,492.0199890136719,14696100
2025-12-10,MSFT,478.55999755859375,35756200
2025-12-11,MSFT,483.4700012207031,24669200
2025-12-12,MSFT,478.5299987792969,21248100
2025-12-15,MSFT,474.82000732421875,23727700
2025-12-16,MSFT,476.3900146484375,20705600
2025-12-17,MSFT,476.1199951171875,24527200
2025-12-18,MSFT,483.9800109863281,28573500
2025-12-19,MSFT,485.9200134277344,70836100
2025-12-22,MSFT,484.9200134277344,16963000
2025-12-23,MSFT,486.8500061035156,14683600
2025-12-24,MSFT,488.0199890136719,5855900
2025-12-26,MSFT,487.7099914550781,8842200
2025-12-29,MSFT,487.1000061035156,10893400
2025-12-30,MSFT,487.4800109863281,13944500
2025-12-31,MSFT,483.6199951171875,15601600
2026-01-02,MSFT,472.94000244140625,25571600
2026-01-05,MSFT,472.8500061035156,25250300
2026-01-06,MSFT,478.510009765625,23037700
2026-01-07,MSFT,483.4700012207031,25564200
2026-01-08,MSFT,478.1099853515625,18162600
2026-01-09,MSFT,479.2799987792969,18491000
2026-01-12,MSFT,477.17999267578125,23519900
2026-01-13,MSFT,470.6700134277344,28545800
2026-01-14,MSFT,459.3800048828125,28184300
2026-01-15,MSFT,456.6600036621094,23225800
2026-01-16,MSFT,459.8599853515625,34246700
2026-01-20,MSFT,454.5199890136719,26130000
2026-01-21,MSFT,444.1099853515625,37980500
2026-01-22,MSFT,451.1400146484375,25349400
2026-01-23,MSFT,465.95001220703125,38000200
2026-01-26,MSFT,470.2799987792969,29291200
2026-01-27,MSFT,480.5799865722656,29213900
2026-01-28,MSFT,481.6300048828125,36875400
2026-01-29,MSFT,433.5,128855300
2026-01-30,MSFT,430.2900085449219,58566800
2026-02-02,MSFT,423.3699951171875,42219900
2026-02-03,MSFT,411.2099914550781,61424100
2026-02-04,MSFT,414.19000244140625,45012400
2026-02-05,MSFT,393.6700134277344,66289200
2026-02-06,MSFT,401.1400146484375,53515300
2026-02-09,MSFT,413.6000061035156,45480500
2026-02-10,MSFT,413.2699890136719,44857900
2026-02-11,MSFT,404.3699951171875,42491000
2026-02-12,MSFT,401.8399963378906,40802400
2026-02-13,MSFT,401.32000732421875,34091600
2026-02-17,MSFT,396.8599853515625,32078800
2026-02-18,MSFT,399.6000061035156,23223400
2026-02-19,MSFT,398.4599914550781,28234000
2026-02-20,MSFT,397.2300109863281,34015200
2026-02-23,MSFT,384.4700012207031,43238300
2026-02-24,MSFT,389.0,33884700
2026-02-25,MSFT,400.6000061035156,43625500
2026-02-26,MSFT,401.7200012207031,34405900
2026-02-27,MSFT,392.739990234375,51367200
2026-03-02,MSFT,398.54998779296875,35474900
2026-03-03,MSFT,403.92999267578125,38199200
2026-03-04,MSFT,405.20001220703125,35808000
2026-03-05,MSFT,410.67999267578125,39001300
2026-03-06,MSFT,408.9599914550781,31123900
2026-03-09,MSFT,409.4100036621094,30131900
2026-03-10,MSFT,405.760009765625,31706400
2026-03-11,MSFT,404.8800048828125,25512100
2026-03-12,MSFT,401.8599853515625,27263900
2026-03-13,MSFT,395.54998779296875,26848000
2026-03-16,MSFT,399.95001220703125,27733700
2026-03-17,MSFT,399.4100036621094,26228300
2026-03-18,MSFT,391.7900085449219,25908500
2026-03-19,MSFT,389.0199890136719,25138800
2026-03-20,MSFT,381.8699951171875,50853200
2026-03-23,MSFT,383.0,29680100
2026-03-24,MSFT,372.739990234375,42733600
2026-03-25,MSFT,371.0400085449219,31181200
2026-03-26,MSFT,365.9700012207031,36836600
2026-03-27,MSFT,356.7699890136719,37883400
2026-03-30,MSFT,358.9599914550781,44797000
2026-03-31,MSFT,370.1700134277344,45244400
2026-04-01,MSFT,369.3699951171875,29417200
2026-04-02,MSFT,373.4599914550781,24099100
2026-04-06,MSFT,372.8800048828125,16146600
2026-04-07,MSFT,372.2900085449219,21443300
2026-04-08,MSFT,374.3299865722656,33064800
2026-04-09,MSFT,373.07000732421875,30435300
2026-04-10,MSFT,370.8699951171875,28111100
2026-04-13,MSFT,384.3699951171875,35745800
2026-04-14,MSFT,393.1099853515625,37504500
2026-04-15,MSFT,411.2200012207031,45063400
2026-04-16,MSFT,420.260009765625,41642400
2026-04-17,MSFT,422.7900085449219,48568200
2026-04-20,MSFT,418.07000732421875,27582200
2026-04-21,MSFT,424.1600036621094,32048500
2026-04-22,MSFT,432.9200134277344,29378200
2026-04-23,MSFT,415.75,38308000
2026-04-24,MSFT,424.6199951171875,27457400
2026-04-27,MSFT,424.82000732421875,30867300
2026-04-28,MSFT,429.25,30438100
2026-04-29,MSFT,424.4599914550781,38288300
2026-04-30,MSFT,407.7799987792969,70909400
2026-05-01,MSFT,414.44000244140625,31372400
2026-05-04,MSFT,413.6199951171875,28066500
2026-05-05,MSFT,411.3800048828125,25700900
2026-05-06,MSFT,413.9599914550781,30285900
2026-05-07,MSFT,420.7699890136719,34942400
2026-05-08,MSFT,415.1199951171875,33383800
2026-05-11,MSFT,412.6600036621094,35657900
2026-05-12,MSFT,407.7699890136719,38594200
2026-05-13,MSFT,405.2099914550781,29667100
2026-05-14,MSFT,409.42999267578125,27077500
2026-05-15,MSFT,421.9200134277344,50771200
2026-05-18,MSFT,423.5400085449219,32564100
2026-05-19,MSFT,417.4200134277344,33018700
2026-05-20,MSFT,421.05999755859375,27864000
2026-05-21,MSFT,419.0899963378906,31393500
2026-05-22,MSFT,418.57000732421875,22390300
2026-05-26,MSFT,416.0299987792969,30398000
2026-05-27,MSFT,412.6700134277344,28901500
2026-05-28,MSFT,426.989990234375,47250500
2026-05-29,MSFT,450.239990234375,79654400
2026-06-01,MSFT,460.5199890136719,53628900
2026-06-02,MSFT,441.30999755859375,37036800
2026-06-03,MSFT,427.3399963378906,39037000
2026-06-04,MSFT,428.04998779296875,26899500
2026-06-05,MSFT,416.6700134277344,34782200
2026-06-08,MSFT,411.739990234375,32086700
2026-06-09,MSFT,403.4100036621094,35317300
2026-06-10,MSFT,397.3599853515625,32576000
2026-06-11,MSFT,390.3399963378906,47224100
2026-06-12,MSFT,390.739990234375,34865800
2026-06-15,MSFT,399.760009765625,32266400
2026-06-16,MSFT,393.8299865722656,31506800
2026-06-17,MSFT,378.9100036621094,41987800
2026-06-18,MSFT,379.3999938964844,59714200
2026-06-22,MSFT,367.3399963378906,45171100
2026-06-23,MSFT,373.94000244140625,40647600
2026-06-24,MSFT,365.4599914550781,44509900
2026-06-25,MSFT,352.8299865722656,66179000
2026-06-26,MSFT,372.9700012207031,186201600
2026-06-29,MSFT,368.57000732421875,51229900
2026-06-30,MSFT,373.0199890136719,44945700
2026-07-01,MSFT,384.2799987792969,48065800
2026-07-02,MSFT,390.489990234375,42128900
2026-07-06,MSFT,386.739990234375,34224500
2026-07-07,MSFT,388.8399963378906,29297500
2026-07-08,MSFT,383.3399963378906,25908300
2026-07-09,MSFT,384.3599853515625,31083200
2026-07-10,MSFT,385.1000061035156,24644600
2026-07-13,MSFT,390.989990234375,28914900
2026-07-14,MSFT,384.92999267578125,27863900
2026-07-15,MSFT,395.6300048828125,36253700
2026-07-16,MSFT,401.1000061035156,37047400
2026-07-17,MSFT,393.82000732421875,33049800
2026-07-20,MSFT,402.2900085449219,27915800
2026-07-21,MSFT,397.75,24126600
2026-07-22,MSFT,390.3399963378906,28142500
2026-07-23,MSFT,381.5799865722656,30351800
2026-07-24,MSFT,381.70001220703125,27659400
2026-07-27,MSFT,389.1000061035156,27856200
2026-07-28,MSFT,393.3500061035156,32367500
2026-07-29,MSFT,390.5400085449219,47209000
2026-07-30,MSFT,451.1000061035156,110160700
2026-07-31,MSFT,464.7200012207031,60846000
2026-08-03,MSFT,487.6499938964844,66762100
2026-08-04,MSFT,492.80999755859375,50455500
2026-08-05,MSFT,487.4599914550781,30476807
2021-08-06,NVDA,20.365999221801758,178497000
2021-08-09,NVDA,20.295000076293945,146443000
2021-08-10,NVDA,19.93600082397461,179238000
2021-08-11,NVDA,19.698999404907227,185925000
2021-08-12,NVDA,19.905000686645508,151652000
2021-08-13,NVDA,20.187999725341797,183063000
2021-08-16,NVDA,19.950000762939453,210876000
2021-08-17,NVDA,19.45800018310547,204585000
2021-08-18,NVDA,19.040000915527344,285913000
2021-08-19,NVDA,19.79800033569336,766555000
2021-08-20,NVDA,20.81599998474121,675741000
2021-08-23,NVDA,21.95800018310547,575807000
2021-08-24,NVDA,21.792999267578125,297299000
2021-08-25,NVDA,22.21299934387207,347701000
2021-08-26,NVDA,22.06800079345703,237940000
2021-08-27,NVDA,22.63599967956543,304722000
2021-08-30,NVDA,22.687999725341797,262580000
2021-08-31,NVDA,22.385000228881836,259850000
2021-09-01,NVDA,22.44099998474121,201767000
2021-09-02,NVDA,22.395999908447266,187834000
2021-09-03,NVDA,22.843000411987305,280532000
2021-09-07,NVDA,22.66200065612793,198107000
2021-09-08,NVDA,22.339000701904297,254434000
2021-09-09,NVDA,22.177000045776367,196856000
2021-09-10,NVDA,22.47800064086914,248376000
2021-09-13,NVDA,22.152000427246094,297500000
2021-09-14,NVDA,22.242000579833984,199755000
2021-09-15,NVDA,22.340999603271484,166538000
2021-09-16,NVDA,22.242000579833984,156033000
2021-09-17,NVDA,21.899999618530273,294503000
2021-09-20,NVDA,21.113000869750977,349440000
2021-09-21,NVDA,21.246000289916992,204688000
2021-09-22,NVDA,21.94099998474121,268726000
2021-09-23,NVDA,22.48200035095215,248555000
2021-09-24,NVDA,22.08099937438965,217655000
2021-09-27,NVDA,21.65999984741211,245215000
2021-09-28,NVDA,20.698999404907227,343069000
2021-09-29,NVDA,20.517000198364258,218394000
2021-09-30,NVDA,20.715999603271484,221009000
2021-10-01,NVDA,20.742000579833984,240978000
2021-10-04,NVDA,19.73200035095215,345635000
2021-10-05,NVDA,20.451000213623047,279282000
2021-10-06,NVDA,20.700000762939453,297202000
2021-10-07,NVDA,21.075000762939453,256919000
2021-10-08,NVDA,20.83099937438965,151258000
2021-10-11,NVDA,20.69499969482422,163388000
2021-10-12,NVDA,20.67099952697754,162134000
2021-10-13,NVDA,20.93899917602539,180652000
2021-10-14,NVDA,21.746000289916992,243589000
2021-10-15,NVDA,21.86199951171875,226994000
2021-10-18,NVDA,22.222000122070312,189494000
2021-10-19,NVDA,22.290000915527344,161473000
2021-10-20,NVDA,22.10300064086914,146276000
2021-10-21,NVDA,22.691999435424805,187590000
2021-10-22,NVDA,22.72599983215332,249384000
2021-10-25,NVDA,23.166000366210938,230235000
2021-10-26,NVDA,24.716999053955078,485898000
2021-10-27,NVDA,24.451000213623047,245990000
2021-10-28,NVDA,24.94099998474121,234204000
2021-10-29,NVDA,25.566999435424805,292503000
2021-11-01,NVDA,25.82699966430664,265740000
2021-11-02,NVDA,26.400999069213867,294112000
2021-11-03,NVDA,26.597999572753906,239910000
2021-11-04,NVDA,29.801000595092773,1153631000
2021-11-05,NVDA,29.75200080871582,851260000
2021-11-08,NVDA,30.804000854492188,503101000
2021-11-09,NVDA,30.656999588012695,646746000
2021-11-10,NVDA,29.458999633789062,636206000
2021-11-11,NVDA,30.389999389648438,332172000
2021-11-12,NVDA,30.389999389648438,413054000
2021-11-15,NVDA,30.024999618530273,384909000
2021-11-16,NVDA,30.202999114990234,264484000
2021-11-17,NVDA,29.26099967956543,428508000
2021-11-18,NVDA,31.674999237060547,781711000
2021-11-19,NVDA,32.98500061035156,533867000
2021-11-22,NVDA,31.95599937438965,754335000
2021-11-23,NVDA,31.746000289916992,532163000
2021-11-24,NVDA,32.67399978637695,435162000
2021-11-26,NVDA,31.503000259399414,283069000
2021-11-29,NVDA,33.375999450683594,454964000
2021-11-30,NVDA,32.67599868774414,622066000
2021-12-01,NVDA,31.434999465942383,484368000
2021-12-02,NVDA,32.125999450683594,472890000
2021-12-03,NVDA,30.69300079345703,544325000
2021-12-06,NVDA,30.03700065612793,658938000
2021-12-07,NVDA,32.426998138427734,593053000
2021-12-08,NVDA,31.826000213623047,475551000
2021-12-09,NVDA,30.489999771118164,488507000
2021-12-10,NVDA,30.197999954223633,488825000
2021-12-13,NVDA,28.160999298095703,598344000
2021-12-14,NVDA,28.336999893188477,667035000
2021-12-15,NVDA,30.458999633789062,698297000
2021-12-16,NVDA,28.386999130249023,707366000
2021-12-17,NVDA,27.801000595092773,713758000
2021-12-20,NVDA,27.7189998626709,461847000
2021-12-21,NVDA,29.075000762939453,524385000
2021-12-22,NVDA,29.399999618530273,395184000
2021-12-23,NVDA,29.639999389648438,343022000
2021-12-27,NVDA,30.94499969482422,403686000
2021-12-28,NVDA,30.32200050354004,420591000
2021-12-29,NVDA,30.000999450683594,343139000
2021-12-30,NVDA,29.586000442504883,308864000
2021-12-31,NVDA,29.410999298095703,266530000
2022-01-03,NVDA,30.121000289916992,391547000
2022-01-04,NVDA,29.290000915527344,527154000
2022-01-05,NVDA,27.604000091552734,498064000
2022-01-06,NVDA,28.17799949645996,454186000
2022-01-07,NVDA,27.246999740600586,409939000
2022-01-10,NVDA,27.399999618530273,594681000
2022-01-11,NVDA,27.816999435424805,404089000
2022-01-12,NVDA,27.999000549316406,383413000
2022-01-13,NVDA,26.575000762939453,540171000
2022-01-14,NVDA,26.941999435424805,395832000
2022-01-18,NVDA,25.902999877929688,424270000
2022-01-19,NVDA,25.066999435424805,488315000
2022-01-20,NVDA,24.149999618530273,435181000
2022-01-21,NVDA,23.374000549316406,718958000
2022-01-24,NVDA,23.371999740600586,913982000
2022-01-25,NVDA,22.323999404907227,664616000
2022-01-26,NVDA,22.77199935913086,755959000
2022-01-27,NVDA,21.944000244140625,573353000
2022-01-28,NVDA,22.84000015258789,543774000
2022-01-31,NVDA,24.486000061035156,564680000
2022-02-01,NVDA,24.63800048828125,518925000
2022-02-02,NVDA,25.242000579833984,543419000
2022-02-03,NVDA,23.947999954223633,410178000
2022-02-04,NVDA,24.319000244140625,354829000
2022-02-07,NVDA,24.72800064086914,376868000
2022-02-08,NVDA,25.107999801635742,410359000
2022-02-09,NVDA,26.704999923706055,524282000
2022-02-10,NVDA,25.823999404907227,513200000
2022-02-11,NVDA,23.948999404907227,605472000
2022-02-14,NVDA,24.267000198364258,440424000
2022-02-15,NVDA,26.4950008392334,699869000
2022-02-16,NVDA,26.51099967956543,732676000
2022-02-17,NVDA,24.506999969482422,810595000
2022-02-18,NVDA,23.642000198364258,761255000
2022-02-22,NVDA,23.389999389648438,633422000
2022-02-23,NVDA,22.386999130249023,566511000
2022-02-24,NVDA,23.74799919128418,735801000
2022-02-25,NVDA,24.156999588012695,528866000
2022-02-28,NVDA,24.385000228881836,477319000
2022-03-01,NVDA,23.476999282836914,412056000
2022-03-02,NVDA,24.219999313354492,389642000
2022-03-03,NVDA,23.714000701904297,365095000
2022-03-04,NVDA,22.93600082397461,431415000
2022-03-07,NVDA,21.351999282836914,450821000
2022-03-08,NVDA,21.513999938964844,557467000
2022-03-09,NVDA,23.013999938964844,492742000
2022-03-10,NVDA,22.658000946044922,428066000
2022-03-11,NVDA,22.100000381469727,367209000
2022-03-14,NVDA,21.329999923706055,385354000
2022-03-15,NVDA,22.972999572753906,491996000
2022-03-16,NVDA,24.496000289916992,671422000
2022-03-17,NVDA,24.766000747680664,471941000
2022-03-18,NVDA,26.452999114990234,730719000
2022-03-21,NVDA,26.733999252319336,591727000
2022-03-22,NVDA,26.52400016784668,547007000
2022-03-23,NVDA,25.634000778198242,502120000
2022-03-24,NVDA,28.149999618530273,877379000
2022-03-25,NVDA,27.691999435424805,579016000
2022-03-28,NVDA,28.2189998626709,425494000
2022-03-29,NVDA,28.6560001373291,488984000
2022-03-30,NVDA,27.690000534057617,463487000
2022-03-31,NVDA,27.285999298095703,523440000
2022-04-01,NVDA,26.711999893188477,517235000
2022-04-04,NVDA,27.360000610351562,397120000
2022-04-05,NVDA,25.930999755859375,436615000
2022-04-06,NVDA,24.406999588012695,703833000
2022-04-07,NVDA,24.20800018310547,557992000
2022-04-08,NVDA,23.118999481201172,524781000
2022-04-11,NVDA,21.91699981689453,575207000
2022-04-12,NVDA,21.503999710083008,662258000
2022-04-13,NVDA,22.202999114990234,516943000
2022-04-14,NVDA,21.257999420166016,569097000
2022-04-18,NVDA,21.783000946044922,525701000
2022-04-19,NVDA,22.197999954223633,512781000
2022-04-20,NVDA,21.48200035095215,468974000
2022-04-21,NVDA,20.183000564575195,656209000
2022-04-22,NVDA,19.514999389648438,624713000
2022-04-25,NVDA,19.902000427246094,641566000
2022-04-26,NVDA,18.788000106811523,653143000
2022-04-27,NVDA,18.415000915527344,499460000
2022-04-28,NVDA,19.781999588012695,570327000
2022-04-29,NVDA,18.547000885009766,500435000
2022-05-02,NVDA,19.533000946044922,572049000
2022-05-03,NVDA,19.601999282836914,475751000
2022-05-04,NVDA,20.333999633789062,648855000
2022-05-05,NVDA,18.8439998626709,626331000
2022-05-06,NVDA,18.674999237060547,633297000
2022-05-09,NVDA,16.950000762939453,644455000
2022-05-10,NVDA,17.594999313354492,761474000
2022-05-11,NVDA,16.6299991607666,670167000
2022-05-12,NVDA,16.174999237060547,708728000
2022-05-13,NVDA,17.70599937438965,670437000
2022-05-16,NVDA,17.263999938964844,521446000
2022-05-17,NVDA,18.177000045776367,585830000
2022-05-18,NVDA,16.937999725341797,545161000
2022-05-19,NVDA,17.124000549316406,621310000
2022-05-20,NVDA,16.694000244140625,739105000
2022-05-23,NVDA,16.898000717163086,639889000
2022-05-24,NVDA,16.15399932861328,588550000
2022-05-25,NVDA,16.975000381469727,781132000
2022-05-26,NVDA,17.85099983215332,996575000
2022-05-27,NVDA,18.81100082397461,738379000
2022-05-31,NVDA,18.672000885009766,664100000
2022-06-01,NVDA,18.31999969482422,544514000
2022-06-02,NVDA,19.591999053955078,648656000
2022-06-03,NVDA,18.719999313354492,598779000
2022-06-06,NVDA,18.785999298095703,422406000
2022-06-07,NVDA,18.926000595092773,388914000
2022-06-08,NVDA,18.648000717163086,363252000
2022-06-09,NVDA,18.04800033569336,395574000
2022-06-10,NVDA,16.974000930786133,465248000
2022-06-13,NVDA,15.647000312805176,604153000
2022-06-14,NVDA,15.836000442504883,469680000
2022-06-15,NVDA,16.527000427246094,563936000
2022-06-16,NVDA,15.60099983215332,545749000
2022-06-17,NVDA,15.880000114440918,630334000
2022-06-21,NVDA,16.56599998474121,483089000
2022-06-22,NVDA,16.360000610351562,437135000
2022-06-23,NVDA,16.225000381469727,463680000
2022-06-24,NVDA,17.125999450683594,472153000
2022-06-27,NVDA,16.868999481201172,427968000
2022-06-28,NVDA,15.982000350952148,461149000
2022-06-29,NVDA,15.541999816894531,482352000
2022-06-30,NVDA,15.159000396728516,686070000
2022-07-01,NVDA,14.52299976348877,577610000
2022-07-05,NVDA,14.96399974822998,651397000
2022-07-06,NVDA,15.130000114440918,529066000
2022-07-07,NVDA,15.857999801635742,492903000
2022-07-08,NVDA,15.838000297546387,467972000
2022-07-11,NVDA,15.152000427246094,437321000
2022-07-12,NVDA,15.081999778747559,458483000
2022-07-13,NVDA,15.163999557495117,521918000
2022-07-14,NVDA,15.371999740600586,456235000
2022-07-15,NVDA,15.76200008392334,385935000
2022-07-18,NVDA,16.10099983215332,670517000
2022-07-19,NVDA,16.992000579833984,702366000
2022-07-20,NVDA,17.80699920654297,760538000
2022-07-21,NVDA,18.049999237060547,557049000
2022-07-22,NVDA,17.319000244140625,536671000
2022-07-25,NVDA,17.02400016784668,480748000
2022-07-26,NVDA,16.533000946044922,397865000
2022-07-27,NVDA,17.790000915527344,569776000
2022-07-28,NVDA,17.983999252319336,474646000
2022-07-29,NVDA,18.163000106811523,435460000
2022-08-01,NVDA,18.44099998474121,476469000
2022-08-02,NVDA,18.525999069213867,489527000
2022-08-03,NVDA,18.89299964904785,418146000
2022-08-04,NVDA,19.21500015258789,409652000
2022-08-05,NVDA,18.98900032043457,386068000
2022-08-08,NVDA,17.792999267578125,981859000
2022-08-09,NVDA,17.086000442504883,668263000
2022-08-10,NVDA,18.097000122070312,597422000
2022-08-11,NVDA,17.941999435424805,509327000
2022-08-12,NVDA,18.708999633789062,478094000
2022-08-15,NVDA,19.031999588012695,457666000
2022-08-16,NVDA,18.878999710083008,451240000
2022-08-17,NVDA,18.334999084472656,446799000
2022-08-18,NVDA,18.773000717163086,415447000
2022-08-19,NVDA,17.849000930786133,441588000
2022-08-22,NVDA,17.034000396728516,409593000
2022-08-23,NVDA,17.180999755859375,369986000
2022-08-24,NVDA,17.222000122070312,522661000
2022-08-25,NVDA,17.913000106811523,770691000
2022-08-26,NVDA,16.260000228881836,769127000
2022-08-29,NVDA,15.800999641418457,496132000
2022-08-30,NVDA,15.468000411987305,530181000
2022-08-31,NVDA,15.093999862670898,573710000
2022-09-01,NVDA,13.937000274658203,1178865000
2022-09-02,NVDA,13.647000312805176,743157000
2022-09-06,NVDA,13.46500015258789,535751000
2022-09-07,NVDA,13.71399974822998,512657000
2022-09-08,NVDA,13.989999771118164,624873000
2022-09-09,NVDA,14.38700008392334,486612000
2022-09-12,NVDA,14.505000114440918,484159000
2022-09-13,NVDA,13.130999565124512,714956000
2022-09-14,NVDA,13.128000259399414,588507000
2022-09-15,NVDA,12.928999900817871,523625000
2022-09-16,NVDA,13.197999954223633,670751000
2022-09-19,NVDA,13.381999969482422,569685000
2022-09-20,NVDA,13.175999641418457,524818000
2022-09-21,NVDA,13.26099967956543,807679000
2022-09-22,NVDA,12.560999870300293,759162000
2022-09-23,NVDA,12.515999794006348,663309000
2022-09-26,NVDA,12.227999687194824,547343000
2022-09-27,NVDA,12.413000106811523,553854000
2022-09-28,NVDA,12.736000061035156,542414000
2022-09-29,NVDA,12.220000267028809,532763000
2022-09-30,NVDA,12.138999938964844,565638000
2022-10-03,NVDA,12.51200008392334,547478000
2022-10-04,NVDA,13.166999816894531,584182000
2022-10-05,NVDA,13.208999633789062,507131000
2022-10-06,NVDA,13.130000114440918,644157000
2022-10-07,NVDA,12.076000213623047,672478000
2022-10-10,NVDA,11.670000076293945,698699000
2022-10-11,NVDA,11.586000442504883,667482000
2022-10-12,NVDA,11.5,492590000
2022-10-13,NVDA,11.960000038146973,850103000
2022-10-14,NVDA,11.22700023651123,713432000
2022-10-17,NVDA,11.887999534606934,580774000
2022-10-18,NVDA,11.967000007629395,659362000
2022-10-19,NVDA,12.050999641418457,523131000
2022-10-20,NVDA,12.194000244140625,652398000
2022-10-21,NVDA,12.465999603271484,609494000
2022-10-24,NVDA,12.598999977111816,517457000
2022-10-25,NVDA,13.26099967956543,505482000
2022-10-26,NVDA,12.895999908447266,532953000
2022-10-27,NVDA,13.175999641418457,583113000
2022-10-28,NVDA,13.833999633789062,521040000
2022-10-31,NVDA,13.496999740600586,486341000
2022-11-01,NVDA,13.543000221252441,432817000
2022-11-02,NVDA,13.218999862670898,672628000
2022-11-03,NVDA,13.420999526977539,500065000
2022-11-04,NVDA,14.156000137329102,612576000
2022-11-07,NVDA,14.300999641418457,410061000
2022-11-08,NVDA,14.60200023651123,595292000
2022-11-09,NVDA,13.776000022888184,454414000
2022-11-10,NVDA,15.75,700819000
2022-11-11,NVDA,16.32699966430664,655487000
2022-11-14,NVDA,16.295000076293945,527852000
2022-11-15,NVDA,16.666000366210938,545876000
2022-11-16,NVDA,15.90999984741211,649547000
2022-11-17,NVDA,15.677000045776367,710894000
2022-11-18,NVDA,15.409000396728516,492072000
2022-11-21,NVDA,15.317000389099121,404739000
2022-11-22,NVDA,16.038000106811523,472866000
2022-11-23,NVDA,16.518999099731445,427241000
2022-11-25,NVDA,16.270000457763672,167934000
2022-11-28,NVDA,15.82699966430664,303741000
2022-11-29,NVDA,15.638999938964844,298384000
2022-11-30,NVDA,16.92300033569336,565298000
2022-12-01,NVDA,17.135000228881836,470977000
2022-12-02,NVDA,16.875999450683594,371389000
2022-12-05,NVDA,16.610000610351562,352255000
2022-12-06,NVDA,15.987000465393066,352694000
2022-12-07,NVDA,16.1200008392334,372388000
2022-12-08,NVDA,17.16900062561035,515456000
2022-12-09,NVDA,17.000999450683594,465338000
2022-12-12,NVDA,17.53499984741211,457328000
2022-12-13,NVDA,18.07200050354004,656589000
2022-12-14,NVDA,17.673999786376953,496888000
2022-12-15,NVDA,16.95199966430664,478542000
2022-12-16,NVDA,16.570999145507812,478232000
2022-12-19,NVDA,16.253999710083008,354039000
2022-12-20,NVDA,16.084999084472656,403260000
2022-12-21,NVDA,16.500999450683594,325025000
2022-12-22,NVDA,15.33899974822998,565045000
2022-12-23,NVDA,15.206000328063965,349326000
2022-12-27,NVDA,14.121000289916992,464902000
2022-12-28,NVDA,14.03600025177002,351066000
2022-12-29,NVDA,14.602999687194824,354923000
2022-12-30,NVDA,14.61400032043457,310490000
2023-01-03,NVDA,14.3149995803833,401277000
2023-01-04,NVDA,14.74899959564209,431324000
2023-01-05,NVDA,14.265000343322754,389168000
2023-01-06,NVDA,14.859000205993652,405044000
2023-01-09,NVDA,15.628000259399414,504231000
2023-01-10,NVDA,15.909000396728516,384101000
2023-01-11,NVDA,16.000999450683594,353285000
2023-01-12,NVDA,16.51099967956543,551409000
2023-01-13,NVDA,16.89900016784668,447287000
2023-01-17,NVDA,17.70199966430664,511102000
2023-01-18,NVDA,17.37700080871582,439624000
2023-01-19,NVDA,16.764999389648438,452932000
2023-01-20,NVDA,17.839000701904297,564967000
2023-01-23,NVDA,19.19300079345703,655163000
2023-01-24,NVDA,19.264999389648438,496204000
2023-01-25,NVDA,19.322999954223633,449537000
2023-01-26,NVDA,19.802000045776367,489535000
2023-01-27,NVDA,20.364999771118164,542142000
2023-01-30,NVDA,19.16200065612793,488611000
2023-01-31,NVDA,19.53700065612793,498017000
2023-02-01,NVDA,20.94300079345703,660477000
2023-02-02,NVDA,21.708999633789062,564276000
2023-02-03,NVDA,21.100000381469727,429366000
2023-02-06,NVDA,21.089000701904297,452197000
2023-02-07,NVDA,22.17300033569336,664150000
2023-02-08,NVDA,22.204999923706055,559651000
2023-02-09,NVDA,22.336999893188477,523876000
2023-02-10,NVDA,21.264999389648438,550737000
2023-02-13,NVDA,21.788000106811523,474919000
2023-02-14,NVDA,22.97100067138672,675474000
2023-02-15,NVDA,22.763999938964844,420575000
2023-02-16,NVDA,22.00200080871582,412026000
2023-02-17,NVDA,21.38800048828125,465888000
2023-02-21,NVDA,20.655000686645508,410015000
2023-02-22,NVDA,20.753999710083008,513184000
2023-02-23,NVDA,23.663999557495117,1117995000
2023-02-24,NVDA,23.285999298095703,589716000
2023-02-27,NVDA,23.500999450683594,452994000
2023-02-28,NVDA,23.215999603271484,455963000
2023-03-01,NVDA,22.697999954223633,460026000
2023-03-02,NVDA,23.31399917602539,389415000
2023-03-03,NVDA,23.889999389648438,412393000
2023-03-06,NVDA,23.554000854492188,437429000
2023-03-07,NVDA,23.288000106811523,515154000
2023-03-08,NVDA,24.180999755859375,513573000
2023-03-09,NVDA,23.43600082397461,501257000
2023-03-10,NVDA,22.96500015258789,474866000
2023-03-13,NVDA,22.965999603271484,421890000
2023-03-14,NVDA,24.062999725341797,474910000
2023-03-15,NVDA,24.22800064086914,524486000
2023-03-16,NVDA,25.541000366210938,583253000
2023-03-17,NVDA,25.725000381469727,848547000
2023-03-20,NVDA,25.899999618530273,432747000
2023-03-21,NVDA,26.198999404907227,547408000
2023-03-22,NVDA,26.468000411987305,797295000
2023-03-23,NVDA,27.19099998474121,564889000
2023-03-24,NVDA,26.77899932861328,454920000
2023-03-27,NVDA,26.5310001373291,361026000
2023-03-28,NVDA,26.40999984741211,356104000
2023-03-29,NVDA,26.983999252319336,393694000
2023-03-30,NVDA,27.382999420166016,364516000
2023-03-31,NVDA,27.777000427246094,433933000
2023-04-03,NVDA,27.96500015258789,398716000
2023-04-04,NVDA,27.452999114990234,368592000
2023-04-05,NVDA,26.881000518798828,515015000
2023-04-06,NVDA,27.03700065612793,397654000
2023-04-10,NVDA,27.57900047302246,395279000
2023-04-11,NVDA,27.16900062561035,314378000
2023-04-12,NVDA,26.4950008392334,446259000
2023-04-13,NVDA,26.46299934387207,353615000
2023-04-14,NVDA,26.757999420166016,395660000
2023-04-17,NVDA,27.00200080871582,321471000
2023-04-18,NVDA,27.66699981689453,604812000
2023-04-19,NVDA,27.930999755859375,358660000
2023-04-20,NVDA,27.104000091552734,427713000
2023-04-21,NVDA,27.118999481201172,345103000
2023-04-24,NVDA,27.04199981689453,339282000
2023-04-25,NVDA,26.240999221801758,378527000
2023-04-26,NVDA,26.95599937438965,406337000
2023-04-27,NVDA,27.22599983215332,377161000
2023-04-28,NVDA,27.749000549316406,292216000
2023-05-01,NVDA,28.90999984741211,570329000
2023-05-02,NVDA,28.209999084472656,402730000
2023-05-03,NVDA,27.802000045776367,383387000
2023-05-04,NVDA,27.562000274658203,321850000
2023-05-05,NVDA,28.68000030517578,361494000
2023-05-08,NVDA,29.150999069213867,344979000
2023-05-09,NVDA,28.570999145507812,314869000
2023-05-10,NVDA,28.885000228881836,369350000
2023-05-11,NVDA,28.577999114990234,322149000
2023-05-12,NVDA,28.34000015258789,274222000
2023-05-15,NVDA,28.952999114990234,293926000
2023-05-16,NVDA,29.21299934387207,449405000
2023-05-17,NVDA,30.17799949645996,432535000
2023-05-18,NVDA,31.67799949645996,748725000
2023-05-19,NVDA,31.263999938964844,473908000
2023-05-22,NVDA,31.176000595092773,372000000
2023-05-23,NVDA,30.687999725341797,356253000
2023-05-24,NVDA,30.538000106811523,721419000
2023-05-25,NVDA,37.97999954223633,1543911000
2023-05-26,NVDA,38.94599914550781,714397000
2023-05-30,NVDA,40.111000061035156,923401000
2023-05-31,NVDA,37.83399963378906,1002580000
2023-06-01,NVDA,39.77000045776367,635873000
2023-06-02,NVDA,39.32699966430664,482731000
2023-06-05,NVDA,39.17100143432617,396094000
2023-06-06,NVDA,38.65399932861328,388729000
2023-06-07,NVDA,37.474998474121094,511998000
2023-06-08,NVDA,38.5099983215332,417772000
2023-06-09,NVDA,38.77000045776367,427717000
2023-06-12,NVDA,39.481998443603516,388701000
2023-06-13,NVDA,41.02199935913086,613208000
2023-06-14,NVDA,42.99700164794922,740465000
2023-06-15,NVDA,42.65299987792969,568622000
2023-06-16,NVDA,42.69200134277344,655709000
2023-06-20,NVDA,43.80799865722656,451153000
2023-06-21,NVDA,43.04499816894531,551603000
2023-06-22,NVDA,43.025001525878906,417737000
2023-06-23,NVDA,42.20899963378906,358140000
2023-06-26,NVDA,40.63199996948242,594322000
2023-06-27,NVDA,41.875999450683594,462175000
2023-06-28,NVDA,41.117000579833984,582639000
2023-06-29,NVDA,40.821998596191406,380514000
2023-06-30,NVDA,42.301998138427734,501148000
2023-07-03,NVDA,42.41299819946289,198209000
2023-07-05,NVDA,42.31700134277344,323618000
2023-07-06,NVDA,42.10300064086914,303582000
2023-07-07,NVDA,42.50299835205078,355881000
2023-07-10,NVDA,42.18000030517578,353908000
2023-07-11,NVDA,42.404998779296875,298244000
2023-07-12,NVDA,43.902000427246094,481277000
2023-07-13,NVDA,45.97700119018555,478204000
2023-07-14,NVDA,45.46900177001953,772075000
2023-07-17,NVDA,46.46099853515625,510488000
2023-07-18,NVDA,47.49399948120117,569164000
2023-07-19,NVDA,47.07699966430664,427502000
2023-07-20,NVDA,45.52000045776367,537865000
2023-07-21,NVDA,44.308998107910156,963769000
2023-07-24,NVDA,44.61199951171875,382516000
2023-07-25,NVDA,45.67900085449219,348081000
2023-07-26,NVDA,45.45199966430664,364237000
2023-07-27,NVDA,45.900001525878906,455976000
2023-07-28,NVDA,46.75,331194000
2023-07-31,NVDA,46.729000091552734,251055000
2023-08-01,NVDA,46.50699996948242,237858000
2023-08-02,NVDA,44.26900100708008,530142000
2023-08-03,NVDA,44.51499938964844,324176000
2023-08-04,NVDA,44.68000030517578,362666000
2023-08-07,NVDA,45.41699981689453,322154000
2023-08-08,NVDA,44.66400146484375,353843000
2023-08-09,NVDA,42.55400085449219,586449000
2023-08-10,NVDA,42.38800048828125,492705000
2023-08-11,NVDA,40.85499954223633,533085000
2023-08-14,NVDA,43.75299835205078,690286000
2023-08-15,NVDA,43.939998626708984,676512000
2023-08-16,NVDA,43.486000061035156,527451000
2023-08-17,NVDA,43.34400177001953,452395000
2023-08-18,NVDA,43.29899978637695,583768000
2023-08-21,NVDA,46.96699905395508,692573000
2023-08-22,NVDA,45.667999267578125,755293000
2023-08-23,NVDA,47.11600112915039,779046000
2023-08-24,NVDA,47.16299819946289,1156044000
2023-08-25,NVDA,46.018001556396484,925341000
2023-08-28,NVDA,46.834999084472656,685192000
2023-08-29,NVDA,48.784000396728516,701397000
2023-08-30,NVDA,49.263999938964844,735206000
2023-08-31,NVDA,49.35499954223633,528570000
2023-09-01,NVDA,48.50899887084961,463830000
2023-09-05,NVDA,48.54800033569336,382653000
2023-09-06,NVDA,47.06100082397461,468670000
2023-09-07,NVDA,46.24100112915039,433330000
2023-09-08,NVDA,45.571998596191406,473069000
2023-09-11,NVDA,45.178001403808594,473966000
2023-09-12,NVDA,44.869998931884766,349256000
2023-09-13,NVDA,45.48500061035156,398355000
2023-09-14,NVDA,45.58100128173828,370097000
2023-09-15,NVDA,43.900001525878906,506831000
2023-09-18,NVDA,43.965999603271484,500271000
2023-09-19,NVDA,43.52000045776367,373064000
2023-09-20,NVDA,42.23899841308594,367108000
2023-09-21,NVDA,41.016998291015625,450736000
2023-09-22,NVDA,41.61000061035156,479236000
2023-09-25,NVDA,42.22200012207031,419091000
2023-09-26,NVDA,41.9109992980957,402282000
2023-09-27,NVDA,42.46799850463867,444935000
2023-09-28,NVDA,43.0890007019043,424663000
2023-09-29,NVDA,43.499000549316406,397830000
2023-10-02,NVDA,44.78200149536133,433298000
2023-10-03,NVDA,43.516998291015625,470850000
2023-10-04,NVDA,44.04100036621094,361821000
2023-10-05,NVDA,44.6879997253418,393483000
2023-10-06,NVDA,45.762001037597656,434436000
2023-10-09,NVDA,45.27299880981445,409675000
2023-10-10,NVDA,45.79800033569336,368582000
2023-10-11,NVDA,46.805999755859375,378137000
2023-10-12,NVDA,46.94499969482422,481325000
2023-10-13,NVDA,45.46099853515625,474115000
2023-10-16,NVDA,46.095001220703125,375099000
2023-10-17,NVDA,43.9379997253418,812333000
2023-10-18,NVDA,42.19599914550781,627294000
2023-10-19,NVDA,42.10100173950195,501233000
2023-10-20,NVDA,41.387001037597656,477266000
2023-10-23,NVDA,42.974998474121094,478530000
2023-10-24,NVDA,43.66299819946289,401463000
2023-10-25,NVDA,41.77899932861328,398379000
2023-10-26,NVDA,40.32600021362305,541001000
2023-10-27,NVDA,40.5,416784000
2023-10-30,NVDA,41.1609992980957,388028000
2023-10-31,NVDA,40.779998779296875,517969000
2023-11-01,NVDA,42.32500076293945,437593000
2023-11-02,NVDA,43.50600051879883,409172000
2023-11-03,NVDA,45.005001068115234,424610000
2023-11-06,NVDA,45.750999450683594,400733000
2023-11-07,NVDA,45.95500183105469,343165000
2023-11-08,NVDA,46.57400131225586,346719000
2023-11-09,NVDA,46.95000076293945,540496000
2023-11-10,NVDA,48.334999084472656,421245000
2023-11-13,NVDA,48.619998931884766,384136000
2023-11-14,NVDA,49.65599822998047,416954000
2023-11-15,NVDA,48.88800048828125,475497000
2023-11-16,NVDA,49.47999954223633,339756000
2023-11-17,NVDA,49.29800033569336,325205000
2023-11-20,NVDA,50.409000396728516,414120000
2023-11-21,NVDA,49.944000244140625,565747000
2023-11-22,NVDA,48.715999603271484,899420000
2023-11-24,NVDA,47.7760009765625,294645000
2023-11-27,NVDA,48.242000579833984,395662000
2023-11-28,NVDA,47.82099914550781,401491000
2023-11-29,NVDA,48.13999938964844,382005000
2023-11-30,NVDA,46.77000045776367,526247000
2023-12-01,NVDA,46.76499938964844,369317000
2023-12-04,NVDA,45.5099983215332,437543000
2023-12-05,NVDA,46.566001892089844,371718000
2023-12-06,NVDA,45.50299835205078,380590000
2023-12-07,NVDA,46.59600067138672,350823000
2023-12-08,NVDA,47.50600051879883,359224000
2023-12-11,NVDA,46.62699890136719,509728000
2023-12-12,NVDA,47.65700149536133,372387000
2023-12-13,NVDA,48.0880012512207,447792000
2023-12-14,NVDA,48.349998474121094,391232000
2023-12-15,NVDA,48.88999938964844,479948000
2023-12-18,NVDA,50.07699966430664,412587000
2023-12-19,NVDA,49.604000091552734,464444000
2023-12-20,NVDA,48.111000061035156,397894000
2023-12-21,NVDA,48.9900016784668,300425000
2023-12-22,NVDA,48.83000183105469,252507000
2023-12-26,NVDA,49.27899932861328,244200000
2023-12-27,NVDA,49.41699981689453,233648000
2023-12-28,NVDA,49.52199935913086,246587000
2023-12-29,NVDA,49.52199935913086,389293000
2024-01-02,NVDA,48.167999267578125,411254000
2024-01-03,NVDA,47.569000244140625,320896000
2024-01-04,NVDA,47.99800109863281,306535000
2024-01-05,NVDA,49.09700012207031,415039000
2024-01-08,NVDA,52.25299835205078,642510000
2024-01-09,NVDA,53.13999938964844,773100000
2024-01-10,NVDA,54.349998474121094,533796000
2024-01-11,NVDA,54.821998596191406,596759000
2024-01-12,NVDA,54.709999084472656,352994000
2024-01-16,NVDA,56.38199996948242,449580000
2024-01-17,NVDA,56.053001403808594,474394000
2024-01-18,NVDA,57.106998443603516,491650000
2024-01-19,NVDA,59.49100112915039,543501000
2024-01-22,NVDA,59.65399932861328,452955000
2024-01-23,NVDA,59.87300109863281,294654000
2024-01-24,NVDA,61.36199951171875,560271000
2024-01-25,NVDA,61.617000579833984,482777000
2024-01-26,NVDA,61.03099822998047,390309000
2024-01-29,NVDA,62.46500015258789,348733000
2024-01-30,NVDA,62.77399826049805,410735000
2024-01-31,NVDA,61.527000427246094,453795000
2024-02-01,NVDA,63.027000427246094,369146000
2024-02-02,NVDA,66.16000366210938,476578000
2024-02-05,NVDA,69.33200073242188,680078000
2024-02-06,NVDA,68.2229995727539,683111000
2024-02-07,NVDA,70.0989990234375,495575000
2024-02-08,NVDA,69.64099884033203,414422000
2024-02-09,NVDA,72.13300323486328,436637000
2024-02-12,NVDA,72.24800109863281,613710000
2024-02-13,NVDA,72.12799835205078,602580000
2024-02-14,NVDA,73.9000015258789,504917000
2024-02-15,NVDA,72.65799713134766,420122000
2024-02-16,NVDA,72.61299896240234,495327000
2024-02-20,NVDA,69.4520034790039,704833000
2024-02-21,NVDA,67.47200012207031,673755000
2024-02-22,NVDA,78.53800201416016,865100000
2024-02-23,NVDA,78.81700134277344,829388000
2024-02-26,NVDA,79.09200286865234,503973000
2024-02-27,NVDA,78.70099639892578,391705000
2024-02-28,NVDA,77.66300201416016,393110000
2024-02-29,NVDA,79.11199951171875,507289000
2024-03-01,NVDA,82.27899932861328,479135000
2024-03-04,NVDA,85.23699951171875,615616000
2024-03-05,NVDA,85.96399688720703,520639000
2024-03-06,NVDA,88.69999694824219,582520000
2024-03-07,NVDA,92.66899871826172,608119000
2024-03-08,NVDA,87.52799987792969,1142269000
2024-03-11,NVDA,85.77400207519531,678364000
2024-03-12,NVDA,91.91300201416016,668075000
2024-03-13,NVDA,90.88800048828125,635713000
2024-03-14,NVDA,87.94400024414062,602318000
2024-03-15,NVDA,87.83699798583984,642086000
2024-03-18,NVDA,88.45500183105469,668976000
2024-03-19,NVDA,89.39800262451172,672171000
2024-03-20,NVDA,90.37200164794922,479063000
2024-03-21,NVDA,91.43499755859375,480372000
2024-03-22,NVDA,94.28900146484375,586719000
2024-03-25,NVDA,95.00199890136719,552136000
2024-03-26,NVDA,92.56099700927734,513648000
2024-03-27,NVDA,90.25,586067000
2024-03-28,NVDA,90.35600280761719,435212000
2024-04-01,NVDA,90.36299896240234,452441000
2024-04-02,NVDA,89.4520034790039,433064000
2024-04-03,NVDA,88.96399688720703,370067000
2024-04-04,NVDA,85.90499877929688,434965000
2024-04-05,NVDA,88.00800323486328,399678000
2024-04-08,NVDA,87.13300323486328,283220000
2024-04-09,NVDA,85.35399627685547,501700000
2024-04-10,NVDA,87.03900146484375,431929000
2024-04-11,NVDA,90.61599731445312,431637000
2024-04-12,NVDA,88.18599700927734,426805000
2024-04-15,NVDA,86.0009994506836,443077000
2024-04-16,NVDA,87.41500091552734,370453000
2024-04-17,NVDA,84.03500366210938,495400000
2024-04-18,NVDA,84.6709976196289,447260000
2024-04-19,NVDA,76.19999694824219,875198000
2024-04-22,NVDA,79.51799774169922,596341000
2024-04-23,NVDA,82.4229965209961,438559000
2024-04-24,NVDA,79.677001953125,512208000
2024-04-25,NVDA,82.63200378417969,424641000
2024-04-26,NVDA,87.73500061035156,551011000
2024-04-29,NVDA,87.75700378417969,388971000
2024-04-30,NVDA,86.4020004272461,363709000
2024-05-01,NVDA,83.04100036621094,559863000
2024-05-02,NVDA,85.81700134277344,377898000
2024-05-03,NVDA,88.78900146484375,398341000
2024-05-06,NVDA,92.13999938964844,376203000
2024-05-07,NVDA,90.55400085449219,437342000
2024-05-08,NVDA,90.41200256347656,325721000
2024-05-09,NVDA,88.74700164794922,378013000
2024-05-10,NVDA,89.87799835205078,335325000
2024-05-13,NVDA,90.39900207519531,289680000
2024-05-14,NVDA,91.35600280761719,296507000
2024-05-15,NVDA,94.62999725341797,417735000
2024-05-16,NVDA,94.35900115966797,323952000
2024-05-17,NVDA,92.47899627685547,359691000
2024-05-20,NVDA,94.77999877929688,318764000
2024-05-21,NVDA,95.38600158691406,328946000
2024-05-22,NVDA,94.94999694824219,548648000
2024-05-23,NVDA,103.79900360107422,835065000
2024-05-24,NVDA,106.46900177001953,429494000
2024-05-28,NVDA,113.9010009765625,652728000
2024-05-29,NVDA,114.82499694824219,557442000
2024-05-30,NVDA,110.5,484553000
2024-05-31,NVDA,109.63300323486328,613263000
2024-06-03,NVDA,115.0,438392000
2024-06-04,NVDA,116.43699645996094,403324000
2024-06-05,NVDA,122.44000244140625,528402000
2024-06-06,NVDA,120.99800109863281,664696000
2024-06-07,NVDA,120.88800048828125,412386000
2024-06-10,NVDA,121.79000091552734,313434100
2024-06-11,NVDA,120.91000366210938,222551200
2024-06-12,NVDA,125.19999694824219,299595000
2024-06-13,NVDA,129.61000061035156,260704500
2024-06-14,NVDA,131.8800048828125,309320400
2024-06-17,NVDA,130.97999572753906,288504400
2024-06-18,NVDA,135.5800018310547,294335100
2024-06-20,NVDA,130.77999877929688,517768400
2024-06-21,NVDA,126.56999969482422,649445800
2024-06-24,NVDA,118.11000061035156,476060900
2024-06-25,NVDA,126.08999633789062,414192600
2024-06-26,NVDA,126.4000015258789,362975900
2024-06-27,NVDA,123.98999786376953,252571700
2024-06-28,NVDA,123.54000091552734,315516700
2024-07-01,NVDA,124.30000305175781,284885500
2024-07-02,NVDA,122.66999816894531,218374000
2024-07-03,NVDA,128.27999877929688,215749000
2024-07-05,NVDA,125.83000183105469,214176700
2024-07-08,NVDA,128.1999969482422,237677300
2024-07-09,NVDA,131.3800048828125,285366600
2024-07-10,NVDA,134.91000366210938,248978600
2024-07-11,NVDA,127.4000015258789,374782700
2024-07-12,NVDA,129.24000549316406,252680500
2024-07-15,NVDA,128.44000244140625,208326200
2024-07-16,NVDA,126.36000061035156,214769500
2024-07-17,NVDA,117.98999786376953,390086200
2024-07-18,NVDA,121.08999633789062,320979500
2024-07-19,NVDA,117.93000030517578,217223800
2024-07-22,NVDA,123.54000091552734,258068900
2024-07-23,NVDA,122.58999633789062,173911000
2024-07-24,NVDA,114.25,327776900
2024-07-25,NVDA,112.27999877929688,460067000
2024-07-26,NVDA,113.05999755859375,293399100
2024-07-29,NVDA,111.58999633789062,248152100
2024-07-30,NVDA,103.7300033569336,486833300
2024-07-31,NVDA,117.0199966430664,473174200
2024-08-01,NVDA,109.20999908447266,523462300
2024-08-02,NVDA,107.2699966430664,482027500
2024-08-05,NVDA,100.44999694824219,552842400
2024-08-06,NVDA,104.25,409012100
2024-08-07,NVDA,98.91000366210938,411440400
2024-08-08,NVDA,104.97000122070312,391910000
2024-08-09,NVDA,104.75,290844200
2024-08-12,NVDA,109.0199966430664,325559900
2024-08-13,NVDA,116.13999938964844,312646700
2024-08-14,NVDA,118.08000183105469,339246400
2024-08-15,NVDA,122.86000061035156,318086700
2024-08-16,NVDA,124.58000183105469,302589900
2024-08-19,NVDA,130.0,318333600
2024-08-20,NVDA,127.25,300087400
2024-08-21,NVDA,128.5,257883600
2024-08-22,NVDA,123.73999786376953,376189100
2024-08-23,NVDA,129.3699951171875,323230300
2024-08-26,NVDA,126.45999908447266,331964700
2024-08-27,NVDA,128.3000030517578,303134600
2024-08-28,NVDA,125.61000061035156,448101100
2024-08-29,NVDA,117.58999633789062,453023300
2024-08-30,NVDA,119.37000274658203,333751600
2024-09-03,NVDA,108.0,477155100
2024-09-04,NVDA,106.20999908447266,372470300
2024-09-05,NVDA,107.20999908447266,306850700
2024-09-06,NVDA,102.83000183105469,413638100
2024-09-09,NVDA,106.47000122070312,273912000
2024-09-10,NVDA,108.0999984741211,268283700
2024-09-11,NVDA,116.91000366210938,441422400
2024-09-12,NVDA,119.13999938964844,366052700
2024-09-13,NVDA,119.0999984741211,238358300
2024-09-16,NVDA,116.77999877929688,248772300
2024-09-17,NVDA,115.58999633789062,231925900
2024-09-18,NVDA,113.37000274658203,310318900
2024-09-19,NVDA,117.87000274658203,293506400
2024-09-20,NVDA,116.0,382462400
2024-09-23,NVDA,116.26000213623047,206228500
2024-09-24,NVDA,120.87000274658203,354966800
2024-09-25,NVDA,123.51000213623047,284692900
2024-09-26,NVDA,124.04000091552734,302582900
2024-09-27,NVDA,121.4000015258789,271009200
2024-09-30,NVDA,121.44000244140625,226553700
2024-10-01,NVDA,117.0,302094500
2024-10-02,NVDA,118.8499984741211,221845900
2024-10-03,NVDA,122.8499984741211,277118000
2024-10-04,NVDA,124.91999816894531,243678100
2024-10-07,NVDA,127.72000122070312,346250200
2024-10-08,NVDA,132.88999938964844,285722500
2024-10-09,NVDA,132.64999389648438,246191600
2024-10-10,NVDA,134.80999755859375,242311300
2024-10-11,NVDA,134.8000030517578,170209500
2024-10-14,NVDA,138.07000732421875,232347700
2024-10-15,NVDA,131.60000610351562,377831000
2024-10-16,NVDA,135.72000122070312,264879700
2024-10-17,NVDA,136.92999267578125,306435900
2024-10-18,NVDA,138.0,176090200
2024-10-21,NVDA,143.7100067138672,264554500
2024-10-22,NVDA,143.58999633789062,226311600
2024-10-23,NVDA,139.55999755859375,285930000
2024-10-24,NVDA,140.41000366210938,172354900
2024-10-25,NVDA,141.5399932861328,205122100
2024-10-28,NVDA,140.52000427246094,173586700
2024-10-29,NVDA,141.25,157593600
2024-10-30,NVDA,139.33999633789062,179418100
2024-10-31,NVDA,132.75999450683594,270039600
2024-11-01,NVDA,135.39999389648438,207127800
2024-11-04,NVDA,136.0500030517578,187528200
2024-11-05,NVDA,139.91000366210938,160537400
2024-11-06,NVDA,145.61000061035156,242043900
2024-11-07,NVDA,148.8800048828125,207323300
2024-11-08,NVDA,147.6300048828125,175665800
2024-11-11,NVDA,145.25999450683594,182325600
2024-11-12,NVDA,148.2899932861328,198634700
2024-11-13,NVDA,146.27000427246094,191903300
2024-11-14,NVDA,146.75999450683594,194463300
2024-11-15,NVDA,141.97999572753906,250132900
2024-11-18,NVDA,140.14999389648438,221205300
2024-11-19,NVDA,147.00999450683594,227834900
2024-11-20,NVDA,145.88999938964844,309871700
2024-11-21,NVDA,146.6699981689453,400946600
2024-11-22,NVDA,141.9499969482422,236406200
2024-11-25,NVDA,136.02000427246094,344941900
2024-11-26,NVDA,136.9199981689453,190287700
2024-11-27,NVDA,135.33999633789062,226370900
2024-11-29,NVDA,138.25,141863200
2024-12-02,NVDA,138.6300048828125,171682800
2024-12-03,NVDA,140.25999450683594,164414000
2024-12-04,NVDA,145.13999938964844,231224300
2024-12-05,NVDA,145.05999755859375,172621200
2024-12-06,NVDA,142.44000244140625,188505600
2024-12-09,NVDA,138.80999755859375,189308600
2024-12-10,NVDA,135.07000732421875,210020900
2024-12-11,NVDA,139.30999755859375,184905200
2024-12-12,NVDA,137.33999633789062,159211400
2024-12-13,NVDA,134.25,231514900
2024-12-16,NVDA,132.0,237951100
2024-12-17,NVDA,130.38999938964844,259410300
2024-12-18,NVDA,128.91000366210938,277444500
2024-12-19,NVDA,130.67999267578125,209719200
2024-12-20,NVDA,134.6999969482422,306528600
2024-12-23,NVDA,139.6699981689453,176053500
2024-12-24,NVDA,140.22000122070312,105157000
2024-12-26,NVDA,139.92999267578125,116205600
2024-12-27,NVDA,137.00999450683594,170582600
2024-12-30,NVDA,137.49000549316406,167734700
2024-12-31,NVDA,134.2899932861328,155659200
2025-01-02,NVDA,138.30999755859375,198247200
2025-01-03,NVDA,144.47000122070312,229322500
2025-01-06,NVDA,149.42999267578125,265377400
2025-01-07,NVDA,140.13999938964844,351782200
2025-01-08,NVDA,140.11000061035156,227349900
2025-01-10,NVDA,135.91000366210938,207602500
2025-01-13,NVDA,133.22999572753906,204808900
2025-01-14,NVDA,131.75999450683594,195590500
2025-01-15,NVDA,136.24000549316406,185217300
2025-01-16,NVDA,133.57000732421875,209235600
2025-01-17,NVDA,137.7100067138672,201188800
2025-01-21,NVDA,140.8300018310547,197749000
2025-01-22,NVDA,147.07000732421875,237651400
2025-01-23,NVDA,147.22000122070312,155915500
2025-01-24,NVDA,142.6199951171875,234657600
2025-01-27,NVDA,118.41999816894531,818830900
2025-01-28,NVDA,128.99000549316406,579666400
2025-01-29,NVDA,123.69999694824219,467120600
2025-01-30,NVDA,124.6500015258789,392925500
2025-01-31,NVDA,120.06999969482422,388161100
2025-02-03,NVDA,116.66000366210938,371235700
2025-02-04,NVDA,118.6500015258789,256550000
2025-02-05,NVDA,124.83000183105469,262230800
2025-02-06,NVDA,128.67999267578125,251483600
2025-02-07,NVDA,129.83999633789062,228186300
2025-02-10,NVDA,133.57000732421875,216989100
2025-02-11,NVDA,132.8000030517578,178902400
2025-02-12,NVDA,131.13999938964844,160278600
2025-02-13,NVDA,135.2899932861328,197430000
2025-02-14,NVDA,138.85000610351562,195479600
2025-02-18,NVDA,139.39999389648438,219176600
2025-02-19,NVDA,139.22999572753906,167536000
2025-02-20,NVDA,140.11000061035156,143903600
2025-02-21,NVDA,134.42999267578125,228217600
2025-02-24,NVDA,130.27999877929688,251381100
2025-02-25,NVDA,126.62999725341797,271428700
2025-02-26,NVDA,131.27999877929688,322553800
2025-02-27,NVDA,120.1500015258789,443175800
2025-02-28,NVDA,124.91999816894531,389091100
2025-03-03,NVDA,114.05999755859375,411381400
2025-03-04,NVDA,115.98999786376953,398163300
2025-03-05,NVDA,117.30000305175781,284337900
2025-03-06,NVDA,110.56999969482422,321181900
2025-03-07,NVDA,112.69000244140625,341755500
2025-03-10,NVDA,106.9800033569336,366487400
2025-03-11,NVDA,108.76000213623047,354865700
2025-03-12,NVDA,115.73999786376953,323857500
2025-03-13,NVDA,115.58000183105469,299033100
2025-03-14,NVDA,121.66999816894531,277593500
2025-03-17,NVDA,119.52999877929688,255501500
2025-03-18,NVDA,115.43000030517578,299686900
2025-03-19,NVDA,117.5199966430664,273426200
2025-03-20,NVDA,118.52999877929688,248829700
2025-03-21,NVDA,117.69999694824219,266498500
2025-03-24,NVDA,121.41000366210938,228452500
2025-03-25,NVDA,120.69000244140625,167447200
2025-03-26,NVDA,113.76000213623047,293463300
2025-03-27,NVDA,111.43000030517578,236902100
2025-03-28,NVDA,109.66999816894531,229872500
2025-03-31,NVDA,108.37999725341797,299212700
2025-04-01,NVDA,110.1500015258789,222614000
2025-04-02,NVDA,110.41999816894531,220601200
2025-04-03,NVDA,101.80000305175781,338769400
2025-04-04,NVDA,94.30999755859375,532273800
2025-04-07,NVDA,97.63999938964844,611041300
2025-04-08,NVDA,96.30000305175781,476243400
2025-04-09,NVDA,114.33000183105469,612918300
2025-04-10,NVDA,107.56999969482422,437812400
2025-04-11,NVDA,110.93000030517578,313417300
2025-04-14,NVDA,110.70999908447266,264705000
2025-04-15,NVDA,112.19999694824219,228966900
2025-04-16,NVDA,104.48999786376953,397016900
2025-04-17,NVDA,101.48999786376953,292517500
2025-04-21,NVDA,96.91000366210938,288501100
2025-04-22,NVDA,98.88999938964844,241004800
2025-04-23,NVDA,102.70999908447266,247526000
2025-04-24,NVDA,106.43000030517578,220815000
2025-04-25,NVDA,111.01000213623047,251064700
2025-04-28,NVDA,108.7300033569336,207708500
2025-04-29,NVDA,109.0199966430664,170444300
2025-04-30,NVDA,108.91999816894531,235044600
2025-05-01,NVDA,111.61000061035156,236121500
2025-05-02,NVDA,114.5,190194800
2025-05-05,NVDA,113.81999969482422,133163200
2025-05-06,NVDA,113.54000091552734,158525600
2025-05-07,NVDA,117.05999755859375,206758800
2025-05-08,NVDA,117.37000274658203,198428100
2025-05-09,NVDA,116.6500015258789,132972200
2025-05-12,NVDA,123.0,225023300
2025-05-13,NVDA,129.92999267578125,330430100
2025-05-14,NVDA,135.33999633789062,281180800
2025-05-15,NVDA,134.8300018310547,226632600
2025-05-16,NVDA,135.39999389648438,226542500
2025-05-19,NVDA,135.57000732421875,193154600
2025-05-20,NVDA,134.3800048828125,161514200
2025-05-21,NVDA,131.8000030517578,270608700
2025-05-22,NVDA,132.8300018310547,187344000
2025-05-23,NVDA,131.2899932861328,198821300
2025-05-27,NVDA,135.5,192953600
2025-05-28,NVDA,134.80999755859375,304021100
2025-05-29,NVDA,139.19000244140625,369241900
2025-05-30,NVDA,135.1300048828125,333170900
2025-06-02,NVDA,137.3800048828125,197663100
2025-06-03,NVDA,141.22000122070312,225578800
2025-06-04,NVDA,141.9199981689453,167120800
2025-06-05,NVDA,139.99000549316406,231397900
2025-06-06,NVDA,141.72000122070312,153986200
2025-06-09,NVDA,142.6300048828125,185114500
2025-06-10,NVDA,143.9600067138672,155881900
2025-06-11,NVDA,142.8300018310547,167694000
2025-06-12,NVDA,145.0,162365000
2025-06-13,NVDA,141.97000122070312,180820600
2025-06-16,NVDA,144.69000244140625,183133700
2025-06-17,NVDA,144.1199951171875,139108000
2025-06-18,NVDA,145.47999572753906,161494100
2025-06-20,NVDA,143.85000610351562,242956200
2025-06-23,NVDA,144.1699981689453,154308900
2025-06-24,NVDA,147.89999389648438,187566100
2025-06-25,NVDA,154.30999755859375,269146500
2025-06-26,NVDA,155.02000427246094,198145700
2025-06-27,NVDA,157.75,263234500
2025-06-30,NVDA,157.99000549316406,194580300
2025-07-01,NVDA,153.3000030517578,213143600
2025-07-02,NVDA,157.25,171224100
2025-07-03,NVDA,159.33999633789062,143716100
2025-07-07,NVDA,158.24000549316406,140139000
2025-07-08,NVDA,160.0,138133000
2025-07-09,NVDA,162.8800048828125,183656400
2025-07-10,NVDA,164.10000610351562,167704100
2025-07-11,NVDA,164.9199981689453,193633300
2025-07-14,NVDA,164.07000732421875,136975800
2025-07-15,NVDA,170.6999969482422,230627400
2025-07-16,NVDA,171.3699951171875,158831500
2025-07-17,NVDA,173.0,160841100
2025-07-18,NVDA,172.41000366210938,146456400
2025-07-21,NVDA,171.3800048828125,123126100
2025-07-22,NVDA,167.02999877929688,193114300
2025-07-23,NVDA,170.77999877929688,154082200
2025-07-24,NVDA,173.74000549316406,128984600
2025-07-25,NVDA,173.5,122316800
2025-07-28,NVDA,176.75,140023500
2025-07-29,NVDA,175.50999450683594,154077500
2025-07-30,NVDA,179.27000427246094,174312200
2025-07-31,NVDA,177.8699951171875,221685400
2025-08-01,NVDA,173.72000122070312,204529000
2025-08-04,NVDA,180.0,148174600
2025-08-05,NVDA,178.25999450683594,156407600
2025-08-06,NVDA,179.4199981689453,137192300
2025-08-07,NVDA,180.77000427246094,151878400
2025-08-08,NVDA,182.6999969482422,123396700
2025-08-11,NVDA,182.05999755859375,138323200
2025-08-12,NVDA,183.16000366210938,145485700
2025-08-13,NVDA,181.58999633789062,179871700
2025-08-14,NVDA,182.02000427246094,129554000
2025-08-15,NVDA,180.4499969482422,156602200
2025-08-18,NVDA,182.00999450683594,132008000
2025-08-19,NVDA,175.63999938964844,185229200
2025-08-20,NVDA,175.39999389648438,215142700
2025-08-21,NVDA,174.97999572753906,140040900
2025-08-22,NVDA,177.99000549316406,172789400
2025-08-25,NVDA,179.80999755859375,163012800
2025-08-26,NVDA,181.77000427246094,168688200
2025-08-27,NVDA,181.60000610351562,235518900
2025-08-28,NVDA,180.1699981689453,281787800
2025-08-29,NVDA,174.17999267578125,243257900
2025-09-02,NVDA,170.77999877929688,231164900
2025-09-03,NVDA,170.6199951171875,164424900
2025-09-04,NVDA,171.66000366210938,141670100
2025-09-05,NVDA,167.02000427246094,224441400
2025-09-08,NVDA,168.30999755859375,163769100
2025-09-09,NVDA,170.75999450683594,157548400
2025-09-10,NVDA,177.3300018310547,226852000
2025-09-11,NVDA,177.1699981689453,151159300
2025-09-12,NVDA,177.82000732421875,124911000
2025-09-15,NVDA,177.75,147061600
2025-09-16,NVDA,174.8800048828125,140737800
2025-09-17,NVDA,170.2899932861328,211843800
2025-09-18,NVDA,176.24000549316406,191763300
2025-09-19,NVDA,176.6699981689453,237182100
2025-09-22,NVDA,183.61000061035156,269637000
2025-09-23,NVDA,178.42999267578125,192559600
2025-09-24,NVDA,176.97000122070312,143564100
2025-09-25,NVDA,177.69000244140625,191586700
2025-09-26,NVDA,178.19000244140625,148573700
2025-09-29,NVDA,181.85000610351562,193063500
2025-09-30,NVDA,186.5800018310547,236981000
2025-10-01,NVDA,187.24000549316406,173844900
2025-10-02,NVDA,188.88999938964844,136805800
2025-10-03,NVDA,187.6199951171875,137596900
2025-10-06,NVDA,185.5399932861328,157678100
2025-10-07,NVDA,185.0399932861328,140088000
2025-10-08,NVDA,189.11000061035156,130168900
2025-10-09,NVDA,192.57000732421875,182997200
2025-10-10,NVDA,183.16000366210938,268774400
2025-10-13,NVDA,188.32000732421875,153482800
2025-10-14,NVDA,180.02999877929688,205641400
2025-10-15,NVDA,179.8300018310547,214450500
2025-10-16,NVDA,181.80999755859375,179723300
2025-10-17,NVDA,183.22000122070312,173135200
2025-10-20,NVDA,182.63999938964844,128544700
2025-10-21,NVDA,181.16000366210938,124240200
2025-10-22,NVDA,180.27999877929688,162249600
2025-10-23,NVDA,182.16000366210938,111363700
2025-10-24,NVDA,186.25999450683594,131296700
2025-10-27,NVDA,191.49000549316406,153452700
2025-10-28,NVDA,201.02999877929688,297986200
2025-10-29,NVDA,207.0399932861328,308829600
2025-10-30,NVDA,202.88999938964844,178864400
2025-10-31,NVDA,202.49000549316406,179802200
2025-11-03,NVDA,206.8800048828125,180267300
2025-11-04,NVDA,198.69000244140625,188919300
2025-11-05,NVDA,195.2100067138672,171350300
2025-11-06,NVDA,188.0800018310547,223029800
2025-11-07,NVDA,188.14999389648438,264942300
2025-11-10,NVDA,199.0500030517578,198897100
2025-11-11,NVDA,193.16000366210938,176483300
2025-11-12,NVDA,193.8000030517578,154935300
2025-11-13,NVDA,186.86000061035156,207423100
2025-11-14,NVDA,190.1699981689453,186591900
2025-11-17,NVDA,186.60000610351562,173628900
2025-11-18,NVDA,181.36000061035156,213598900
2025-11-19,NVDA,186.52000427246094,247246400
2025-11-20,NVDA,180.63999938964844,343504800
2025-11-21,NVDA,178.8800048828125,346926200
2025-11-24,NVDA,182.5500030517578,256618300
2025-11-25,NVDA,177.82000732421875,320600300
2025-11-26,NVDA,180.25999450683594,183852000
2025-11-28,NVDA,177.0,121332800
2025-12-01,NVDA,179.9199981689453,188131000
2025-12-02,NVDA,181.4600067138672,182632200
2025-12-03,NVDA,179.58999633789062,165138000
2025-12-04,NVDA,183.3800048828125,167364900
2025-12-05,NVDA,182.41000366210938,143971100
2025-12-08,NVDA,185.5500030517578,204378100
2025-12-09,NVDA,184.97000122070312,144719700
2025-12-10,NVDA,183.77999877929688,162785400
2025-12-11,NVDA,180.92999267578125,182136600
2025-12-12,NVDA,175.02000427246094,204274900
2025-12-15,NVDA,176.2899932861328,164775600
2025-12-16,NVDA,177.72000122070312,148588100
2025-12-17,NVDA,170.94000244140625,222775500
2025-12-18,NVDA,174.13999938964844,176096000
2025-12-19,NVDA,180.99000549316406,324925900
2025-12-22,NVDA,183.69000244140625,129064400
2025-12-23,NVDA,189.2100067138672,174873600
2025-12-24,NVDA,188.61000061035156,65528500
2025-12-26,NVDA,190.52999877929688,139740300
2025-12-29,NVDA,188.22000122070312,120006100
2025-12-30,NVDA,187.5399932861328,97687300
2025-12-31,NVDA,186.5,120100500
2026-01-02,NVDA,188.85000610351562,148240500
2026-01-05,NVDA,188.1199951171875,183529700
2026-01-06,NVDA,187.24000549316406,176862600
2026-01-07,NVDA,189.11000061035156,153543200
2026-01-08,NVDA,185.0399932861328,172457000
2026-01-09,NVDA,184.86000061035156,131327500
2026-01-12,NVDA,184.94000244140625,137968500
2026-01-13,NVDA,185.80999755859375,160128900
2026-01-14,NVDA,183.13999938964844,159586100
2026-01-15,NVDA,187.0500030517578,206188600
2026-01-16,NVDA,186.22999572753906,187967200
2026-01-20,NVDA,178.07000732421875,223345300
2026-01-21,NVDA,183.32000732421875,200381000
2026-01-22,NVDA,184.83999633789062,139636600
2026-01-23,NVDA,187.6699981689453,142748100
2026-01-26,NVDA,186.47000122070312,124799600
2026-01-27,NVDA,188.52000427246094,143711600
2026-01-28,NVDA,191.52000427246094,148552700
2026-01-29,NVDA,192.50999450683594,171764400
2026-01-30,NVDA,191.1300048828125,179489500
2026-02-02,NVDA,185.61000061035156,165794100
2026-02-03,NVDA,180.33999633789062,204019600
2026-02-04,NVDA,174.19000244140625,207014100
2026-02-05,NVDA,171.8800048828125,206312900
2026-02-06,NVDA,185.41000366210938,231346200
2026-02-09,NVDA,190.0399932861328,196387400
2026-02-10,NVDA,188.5399932861328,136764800
2026-02-11,NVDA,190.0500030517578,144192700
2026-02-12,NVDA,186.94000244140625,189932500
2026-02-13,NVDA,182.80999755859375,161888000
2026-02-17,NVDA,184.97000122070312,162276900
2026-02-18,NVDA,187.97999572753906,164749100
2026-02-19,NVDA,187.89999389648438,126554500
2026-02-20,NVDA,189.82000732421875,178422300
2026-02-23,NVDA,191.5500030517578,171584800
2026-02-24,NVDA,192.85000610351562,175123600
2026-02-25,NVDA,195.55999755859375,250637100
2026-02-26,NVDA,184.88999938964844,360807900
2026-02-27,NVDA,177.19000244140625,311636500
2026-03-02,NVDA,182.47999572753906,209095300
2026-03-03,NVDA,180.0500030517578,178099400
2026-03-04,NVDA,183.0399932861328,177731200
2026-03-05,NVDA,183.33999633789062,198779700
2026-03-06,NVDA,177.82000732421875,189021900
2026-03-09,NVDA,182.64999389648438,177213600
2026-03-10,NVDA,184.77000427246094,179118500
2026-03-11,NVDA,186.02999877929688,145280400
2026-03-12,NVDA,183.13999938964844,155762700
2026-03-13,NVDA,180.25,160988400
2026-03-16,NVDA,183.22000122070312,217307400
2026-03-17,NVDA,181.92999267578125,182497800
2026-03-18,NVDA,180.39999389648438,156683100
2026-03-19,NVDA,178.55999755859375,170968500
2026-03-20,NVDA,172.6999969482422,241323500
2026-03-23,NVDA,175.63999938964844,182836300
2026-03-24,NVDA,175.1999969482422,147667800
2026-03-25,NVDA,178.67999267578125,162602100
2026-03-26,NVDA,171.24000549316406,186152200
2026-03-27,NVDA,167.52000427246094,196212700
2026-03-30,NVDA,165.1699981689453,185627000
2026-03-31,NVDA,174.39999389648438,226181300
2026-04-01,NVDA,175.75,168132000
2026-04-02,NVDA,177.38999938964844,143143200
2026-04-06,NVDA,177.63999938964844,107564300
2026-04-07,NVDA,178.10000610351562,132534900
2026-04-08,NVDA,182.0800018310547,147732700
2026-04-09,NVDA,183.91000366210938,116428500
2026-04-10,NVDA,188.6300048828125,160459500
2026-04-13,NVDA,189.30999755859375,133648200
2026-04-14,NVDA,196.50999450683594,161307000
2026-04-15,NVDA,198.8699951171875,185338400
2026-04-16,NVDA,198.35000610351562,134012900
2026-04-17,NVDA,201.67999267578125,160324400
2026-04-20,NVDA,202.05999755859375,119381400
2026-04-21,NVDA,199.8800048828125,107945300
2026-04-22,NVDA,202.5,107501000
2026-04-23,NVDA,199.63999938964844,113561800
2026-04-24,NVDA,208.27000427246094,214134400
2026-04-27,NVDA,216.61000061035156,187172400
2026-04-28,NVDA,213.1699981689453,180275400
2026-04-29,NVDA,209.25,123711800
2026-04-30,NVDA,199.57000732421875,225239200
2026-05-01,NVDA,198.4499969482422,128647000
2026-05-04,NVDA,198.47999572753906,125368100
2026-05-05,NVDA,196.5,113406600
2026-05-06,NVDA,207.8300018310547,188362800
2026-05-07,NVDA,211.5,168307900
2026-05-08,NVDA,215.1999969482422,136421400
2026-05-11,NVDA,219.44000244140625,160685800
2026-05-12,NVDA,220.77999877929688,159176600
2026-05-13,NVDA,225.8300018310547,150405400
2026-05-14,NVDA,235.74000549316406,180782900
2026-05-15,NVDA,225.32000732421875,180977600
2026-05-18,NVDA,222.32000732421875,146280900
2026-05-19,NVDA,220.61000061035156,140948200
2026-05-20,NVDA,223.47000122070312,184201600
2026-05-21,NVDA,219.50999450683594,203381800
2026-05-22,NVDA,215.3300018310547,169275700
2026-05-26,NVDA,214.86000061035156,187202600
2026-05-27,NVDA,212.60000610351562,167601200
2026-05-28,NVDA,214.25,143996000
2026-05-29,NVDA,211.13999938964844,289410600
2026-06-01,NVDA,224.36000061035156,212850700
2026-06-02,NVDA,222.82000732421875,193362900
2026-06-03,NVDA,214.75,160907000
2026-06-04,NVDA,218.66000366210938,169022200
2026-06-05,NVDA,205.10000610351562,219655500
2026-06-08,NVDA,208.63999938964844,138372800
2026-06-09,NVDA,208.19000244140625,180962500
2026-06-10,NVDA,200.4199981689453,161746600
2026-06-11,NVDA,204.8699951171875,158643200
2026-06-12,NVDA,205.19000244140625,112001800
2026-06-15,NVDA,212.4499969482422,149936700
2026-06-16,NVDA,207.41000366210938,125694100
2026-06-17,NVDA,204.64999389648438,128363500
2026-06-18,NVDA,210.69000244140625,241272000
2026-06-22,NVDA,208.64999389648438,122041400
2026-06-23,NVDA,200.0399932861328,153496200
2026-06-24,NVDA,199.0,151810700
2026-06-25,NVDA,195.74000549316406,149550000
2026-06-26,NVDA,192.52999877929688,179304100
2026-06-29,NVDA,194.97000122070312,148835700
2026-06-30,NVDA,200.08999633789062,166476700
2026-07-01,NVDA,197.5800018310547,146147600
2026-07-02,NVDA,194.8300018310547,142068700
2026-07-06,NVDA,195.5500030517578,108999000
2026-07-07,NVDA,196.92999267578125,124154600
2026-07-08,NVDA,204.1199951171875,147419100
2026-07-09,NVDA,202.77999877929688,132037400
2026-07-10,NVDA,210.9600067138672,148421000
2026-07-13,NVDA,203.52999877929688,121411000
2026-07-14,NVDA,211.8000030517578,124379600
2026-07-15,NVDA,212.5,124797200
2026-07-16,NVDA,207.39999389648438,122986100
2026-07-17,NVDA,202.80999755859375,144281900
2026-07-20,NVDA,203.27999877929688,88701500
2026-07-21,NVDA,207.2899932861328,108685600
2026-07-22,NVDA,212.05999755859375,137645600
2026-07-23,NVDA,208.75999450683594,110505300
2026-07-24,NVDA,206.83999633789062,114836800
2026-07-27,NVDA,196.50999450683594,154353700
2026-07-28,NVDA,197.00999450683594,134111500
2026-07-29,NVDA,190.00999450683594,147680800
2026-07-30,NVDA,195.0399932861328,129010200
2026-07-31,NVDA,200.75,139961200
2026-08-03,NVDA,206.63999938964844,128406900
2026-08-04,NVDA,211.94000244140625,134922000
2026-08-05,NVDA,219.22000122070312,156378175
2021-08-06,AMZN,167.2469940185547,52752000
2021-08-09,AMZN,167.093505859375,42964000
2021-08-10,AMZN,166.03399658203125,48252000
2021-08-11,AMZN,164.60549926757812,58944000
2021-08-12,AMZN,165.1750030517578,46282000
2021-08-13,AMZN,164.69850158691406,41134000
2021-08-16,AMZN,164.94949340820312,66394000
2021-08-17,AMZN,162.09800720214844,67758000
2021-08-18,AMZN,160.06100463867188,56086000
2021-08-19,AMZN,159.3874969482422,75658000
2021-08-20,AMZN,159.99749755859375,67168000
2021-08-23,AMZN,163.2935028076172,65362000
2021-08-24,AMZN,165.28900146484375,51036000
2021-08-25,AMZN,164.95899963378906,33606000
2021-08-26,AMZN,165.8000030517578,41976000
2021-08-27,AMZN,167.48150634765625,48048000
2021-08-30,AMZN,171.07850646972656,63844000
2021-08-31,AMZN,173.5395050048828,87128000
2021-09-01,AMZN,173.9499969482422,72598000
2021-09-02,AMZN,173.156005859375,58474000
2021-09-03,AMZN,173.90249633789062,51514000
2021-09-07,AMZN,175.46449279785156,54758000
2021-09-08,AMZN,176.27499389648438,61068000
2021-09-09,AMZN,174.20799255371094,54384000
2021-09-10,AMZN,173.45750427246094,47946000
2021-09-13,AMZN,172.85850524902344,51380000
2021-09-14,AMZN,172.5,38738000
2021-09-15,AMZN,173.7895050048828,59150000
2021-09-16,AMZN,174.41200256347656,51672000
2021-09-17,AMZN,173.12600708007812,92332000
2021-09-20,AMZN,167.7864990234375,93382000
2021-09-21,AMZN,167.18150329589844,55618000
2021-09-22,AMZN,169.00250244140625,48228000
2021-09-23,AMZN,170.8000030517578,47588000
2021-09-24,AMZN,171.2760009765625,42324000
2021-09-27,AMZN,170.2899932861328,72690000
2021-09-28,AMZN,165.79800415039062,88616000
2021-09-29,AMZN,165.05599975585938,51246000
2021-09-30,AMZN,164.2519989013672,56848000
2021-10-01,AMZN,164.16299438476562,56712000
2021-10-04,AMZN,159.48899841308594,90462000
2021-10-05,AMZN,161.0500030517578,65384000
2021-10-06,AMZN,163.10049438476562,50660000
2021-10-07,AMZN,165.1215057373047,48182000
2021-10-08,AMZN,164.43099975585938,39964000
2021-10-11,AMZN,162.31500244140625,40684000
2021-10-12,AMZN,162.3665008544922,36392000
2021-10-13,AMZN,164.21400451660156,48402000
2021-10-14,AMZN,164.9929962158203,42190000
2021-10-15,AMZN,170.4510040283203,103598000
2021-10-18,AMZN,172.33700561523438,63482000
2021-10-19,AMZN,172.20750427246094,47722000
2021-10-20,AMZN,170.7530059814453,42796000
2021-10-21,AMZN,171.75050354003906,37628000
2021-10-22,AMZN,166.77749633789062,62782000
2021-10-25,AMZN,166.01849365234375,44520000
2021-10-26,AMZN,168.80349731445312,53966000
2021-10-27,AMZN,169.62449645996094,54044000
2021-10-28,AMZN,172.32850646972656,114174000
2021-10-29,AMZN,168.6215057373047,129722000
2021-11-01,AMZN,165.90550231933594,72178000
2021-11-02,AMZN,165.6374969482422,52552000
2021-11-03,AMZN,169.1999969482422,67944000
2021-11-04,AMZN,173.85000610351562,107060000
2021-11-05,AMZN,175.94949340820312,99940000
2021-11-08,AMZN,174.44900512695312,61480000
2021-11-09,AMZN,178.81149291992188,85898000
2021-11-10,AMZN,174.1024932861328,80548000
2021-11-11,AMZN,173.625,45288000
2021-11-12,AMZN,176.25750732421875,53788000
2021-11-15,AMZN,177.28399658203125,58594000
2021-11-16,AMZN,177.03500366210938,44342000
2021-11-17,AMZN,177.4499969482422,51206000
2021-11-18,AMZN,184.80299377441406,114070000
2021-11-19,AMZN,183.82850646972656,98734000
2021-11-22,AMZN,178.6284942626953,96844000
2021-11-23,AMZN,179.0019989013672,73804000
2021-11-24,AMZN,179.02049255371094,46560000
2021-11-26,AMZN,175.22799682617188,59826000
2021-11-29,AMZN,178.07850646972656,65312000
2021-11-30,AMZN,175.35350036621094,80022000
2021-12-01,AMZN,172.18600463867188,74916000
2021-12-02,AMZN,171.8679962158203,64726000
2021-12-03,AMZN,169.489501953125,80712000
2021-12-06,AMZN,171.36849975585938,68860000
2021-12-07,AMZN,176.1645050048828,66410000
2021-12-08,AMZN,176.1580047607422,45254000
2021-12-09,AMZN,174.17100524902344,46062000
2021-12-10,AMZN,172.21200561523438,60690000
2021-12-13,AMZN,169.5675048828125,62170000
2021-12-14,AMZN,169.0915069580078,55976000
2021-12-15,AMZN,173.31500244140625,75794000
2021-12-16,AMZN,168.87100219726562,60876000
2021-12-17,AMZN,170.0175018310547,85542000
2021-12-20,AMZN,167.07899475097656,57372000
2021-12-21,AMZN,170.41700744628906,55956000
2021-12-22,AMZN,171.03700256347656,55036000
2021-12-23,AMZN,171.06849670410156,36788000
2021-12-27,AMZN,169.66949462890625,58688000
2021-12-28,AMZN,170.66099548339844,54638000
2021-12-29,AMZN,169.2010040283203,35754000
2021-12-30,AMZN,168.64450073242188,37584000
2021-12-31,AMZN,166.7169952392578,47830000
2022-01-03,AMZN,170.4044952392578,63520000
2022-01-04,AMZN,167.52200317382812,70726000
2022-01-05,AMZN,164.35699462890625,64302000
2022-01-06,AMZN,163.25399780273438,51958000
2022-01-07,AMZN,162.5540008544922,46606000
2022-01-10,AMZN,161.48599243164062,87798000
2022-01-11,AMZN,165.36199951171875,62806000
2022-01-12,AMZN,165.20700073242188,50030000
2022-01-13,AMZN,161.21400451660156,52188000
2022-01-14,AMZN,162.13800048828125,45974000
2022-01-18,AMZN,158.91749572753906,67292000
2022-01-19,AMZN,156.2989959716797,53242000
2022-01-20,AMZN,151.66749572753906,71974000
2022-01-21,AMZN,142.64300537109375,163972000
2022-01-24,AMZN,144.54400634765625,155624000
2022-01-25,AMZN,139.98599243164062,90824000
2022-01-26,AMZN,138.87249755859375,95602000
2022-01-27,AMZN,139.6374969482422,77516000
2022-01-28,AMZN,143.97799682617188,74392000
2022-01-31,AMZN,149.57350158691406,78308000
2022-02-01,AMZN,151.19349670410156,59220000
2022-02-02,AMZN,150.6125030517578,87330000
2022-02-03,AMZN,138.8455047607422,225532000
2022-02-04,AMZN,157.63949584960938,253456000
2022-02-07,AMZN,157.9355010986328,102624000
2022-02-08,AMZN,161.4134979248047,76040000
2022-02-09,AMZN,161.1894989013672,68786000
2022-02-10,AMZN,159.0034942626953,68268000
2022-02-11,AMZN,153.2935028076172,77100000
2022-02-14,AMZN,155.16700744628906,83230000
2022-02-15,AMZN,156.510498046875,56440000
2022-02-16,AMZN,158.10049438476562,52704000
2022-02-17,AMZN,154.65249633789062,64032000
2022-02-18,AMZN,152.60150146484375,63604000
2022-02-22,AMZN,150.19749450683594,66128000
2022-02-23,AMZN,144.82699584960938,64244000
2022-02-24,AMZN,151.35800170898438,100786000
2022-02-25,AMZN,153.7884979248047,62396000
2022-02-28,AMZN,153.56300354003906,57684000
2022-03-01,AMZN,151.14199829101562,44874000
2022-03-02,AMZN,152.05250549316406,47334000
2022-03-03,AMZN,147.89849853515625,65198000
2022-03-04,AMZN,145.64100646972656,60934000
2022-03-07,AMZN,137.4530029296875,86934000
2022-03-08,AMZN,136.01449584960938,91662000
2022-03-09,AMZN,139.2790069580078,82656000
2022-03-10,AMZN,146.8175048828125,135062000
2022-03-11,AMZN,145.52450561523438,68900000
2022-03-14,AMZN,141.85299682617188,74086000
2022-03-15,AMZN,147.3665008544922,75584000
2022-03-16,AMZN,153.10400390625,84958000
2022-03-17,AMZN,157.23899841308594,72934000
2022-03-18,AMZN,161.25050354003906,102962000
2022-03-21,AMZN,161.4915008544922,66538000
2022-03-22,AMZN,164.88900756835938,64086000
2022-03-23,AMZN,163.4080047607422,55812000
2022-03-24,AMZN,163.64950561523438,56798000
2022-03-25,AMZN,164.77349853515625,49032000
2022-03-28,AMZN,168.99049377441406,59854000
2022-03-29,AMZN,169.31500244140625,66154000
2022-03-30,AMZN,166.30099487304688,56168000
2022-03-31,AMZN,162.99749755859375,59966000
2022-04-01,AMZN,163.55999755859375,57090000
2022-04-04,AMZN,168.34649658203125,49882000
2022-04-05,AMZN,164.05499267578125,53728000
2022-04-06,AMZN,158.75599670410156,79056000
2022-04-07,AMZN,157.7845001220703,68136000
2022-04-08,AMZN,154.4604949951172,46002000
2022-04-11,AMZN,151.1219940185547,52112000
2022-04-12,AMZN,150.78750610351562,55178000
2022-04-13,AMZN,155.54100036621094,53390000
2022-04-14,AMZN,151.7064971923828,51598000
2022-04-18,AMZN,152.78500366210938,46514000
2022-04-19,AMZN,158.11549377441406,54926000
2022-04-20,AMZN,153.9980010986328,59630000
2022-04-21,AMZN,148.29600524902344,63970000
2022-04-22,AMZN,144.35000610351562,73078000
2022-04-25,AMZN,146.07400512695312,61874000
2022-04-26,AMZN,139.39100646972656,77530000
2022-04-27,AMZN,138.16700744628906,71336000
2022-04-28,AMZN,144.59649658203125,117316000
2022-04-29,AMZN,124.28150177001953,272662000
2022-05-02,AMZN,124.5,148788000
2022-05-03,AMZN,124.25350189208984,79134000
2022-05-04,AMZN,125.92849731445312,110746000
2022-05-05,AMZN,116.40699768066406,144392000
2022-05-06,AMZN,114.77249908447266,124260000
2022-05-09,AMZN,108.78900146484375,128124000
2022-05-10,AMZN,108.85900115966797,105434000
2022-05-11,AMZN,105.37200164794922,109704000
2022-05-12,AMZN,106.93049621582031,132026000
2022-05-13,AMZN,113.05500030517578,93684000
2022-05-16,AMZN,110.81050109863281,74566000
2022-05-17,AMZN,115.36849975585938,76448000
2022-05-18,AMZN,107.11250305175781,108380000
2022-05-19,AMZN,107.31900024414062,88142000
2022-05-20,AMZN,107.59100341796875,99500000
2022-05-23,AMZN,107.55699920654297,107798000
2022-05-24,AMZN,104.0999984741211,102934000
2022-05-25,AMZN,106.7750015258789,93120000
2022-05-26,AMZN,111.07749938964844,93002000
2022-05-27,AMZN,115.14649963378906,93660000
2022-05-31,AMZN,120.20950317382812,144634000
2022-06-01,AMZN,121.68399810791016,127528000
2022-06-02,AMZN,125.51100158691406,100560000
2022-06-03,AMZN,122.3499984741211,97604000
2022-06-06,AMZN,124.79000091552734,135269000
2022-06-07,AMZN,123.0,85156700
2022-06-08,AMZN,121.18000030517578,64926600
2022-06-09,AMZN,116.1500015258789,67029800
2022-06-10,AMZN,109.6500015258789,87266000
2022-06-13,AMZN,103.66999816894531,99277700
2022-06-14,AMZN,102.30999755859375,69728800
2022-06-15,AMZN,107.66999816894531,85011100
2022-06-16,AMZN,103.66000366210938,82186300
2022-06-17,AMZN,106.22000122070312,99772100
2022-06-21,AMZN,108.68000030517578,70901200
2022-06-22,AMZN,108.94999694824219,60040100
2022-06-23,AMZN,112.44000244140625,64345300
2022-06-24,AMZN,116.45999908447266,69867600
2022-06-27,AMZN,113.22000122070312,62133200
2022-06-28,AMZN,107.4000015258789,74942900
2022-06-29,AMZN,108.91999816894531,66375300
2022-06-30,AMZN,106.20999908447266,97679400
2022-07-01,AMZN,109.55999755859375,73021200
2022-07-05,AMZN,113.5,76583700
2022-07-06,AMZN,114.33000183105469,66958900
2022-07-07,AMZN,116.33000183105469,57872300
2022-07-08,AMZN,115.54000091552734,45719700
2022-07-11,AMZN,111.75,53487600
2022-07-12,AMZN,109.22000122070312,54280300
2022-07-13,AMZN,110.4000015258789,61353800
2022-07-14,AMZN,110.62999725341797,51163100
2022-07-15,AMZN,113.55000305175781,84317800
2022-07-18,AMZN,113.76000213623047,59115400
2022-07-19,AMZN,118.20999908447266,60990000
2022-07-20,AMZN,122.7699966430664,71268300
2022-07-21,AMZN,124.62999725341797,60239900
2022-07-22,AMZN,122.41999816894531,51463800
2022-07-25,AMZN,121.13999938964844,50221300
2022-07-26,AMZN,114.80999755859375,67075100
2022-07-27,AMZN,120.97000122070312,61582000
2022-07-28,AMZN,122.27999877929688,82245500
2022-07-29,AMZN,134.9499969482422,148892900
2022-08-01,AMZN,135.38999938964844,76846900
2022-08-02,AMZN,134.16000366210938,61922400
2022-08-03,AMZN,139.52000427246094,71827800
2022-08-04,AMZN,142.57000732421875,70585000
2022-08-05,AMZN,140.8000030517578,50686900
2022-08-08,AMZN,139.41000366210938,52229000
2022-08-09,AMZN,137.8300018310547,40434700
2022-08-10,AMZN,142.69000244140625,54773800
2022-08-11,AMZN,140.63999938964844,44867300
2022-08-12,AMZN,143.5500030517578,47643500
2022-08-15,AMZN,143.17999267578125,39014600
2022-08-16,AMZN,144.77999877929688,59102900
2022-08-17,AMZN,142.10000610351562,48149800
2022-08-18,AMZN,142.3000030517578,37458700
2022-08-19,AMZN,138.22999572753906,47792800
2022-08-22,AMZN,133.22000122070312,50461500
2022-08-23,AMZN,133.6199951171875,36252100
2022-08-24,AMZN,133.8000030517578,38627000
2022-08-25,AMZN,137.27999877929688,37496300
2022-08-26,AMZN,130.75,53322700
2022-08-29,AMZN,129.7899932861328,48101600
2022-08-30,AMZN,128.72999572753906,49203000
2022-08-31,AMZN,126.7699966430664,53648700
2022-09-01,AMZN,127.81999969482422,56636100
2022-09-02,AMZN,127.51000213623047,57429800
2022-09-06,AMZN,126.11000061035156,43888600
2022-09-07,AMZN,129.47999572753906,47900300
2022-09-08,AMZN,129.82000732421875,43988500
2022-09-09,AMZN,133.27000427246094,49387600
2022-09-12,AMZN,136.4499969482422,53826900
2022-09-13,AMZN,126.81999969482422,72694000
2022-09-14,AMZN,128.5500030517578,45316800
2022-09-15,AMZN,126.27999877929688,52887200
2022-09-16,AMZN,123.52999877929688,115667800
2022-09-19,AMZN,124.66000366210938,47279700
2022-09-20,AMZN,122.19000244140625,47698400
2022-09-21,AMZN,118.54000091552734,58498900
2022-09-22,AMZN,117.30999755859375,55229200
2022-09-23,AMZN,113.77999877929688,65126700
2022-09-26,AMZN,115.1500015258789,62723300
2022-09-27,AMZN,114.41000366210938,60094700
2022-09-28,AMZN,118.01000213623047,55763800
2022-09-29,AMZN,114.80000305175781,58969700
2022-09-30,AMZN,113.0,59479600
2022-10-03,AMZN,115.87999725341797,50941900
2022-10-04,AMZN,121.08999633789062,62812600
2022-10-05,AMZN,120.94999694824219,48217500
2022-10-06,AMZN,120.30000305175781,42253800
2022-10-07,AMZN,114.55999755859375,54678000
2022-10-10,AMZN,113.66999816894531,42339700
2022-10-11,AMZN,112.20999908447266,56432200
2022-10-12,AMZN,112.9000015258789,45728700
2022-10-13,AMZN,112.52999877929688,86868100
2022-10-14,AMZN,106.9000015258789,67737300
2022-10-17,AMZN,113.79000091552734,62782000
2022-10-18,AMZN,116.36000061035156,65607400
2022-10-19,AMZN,115.06999969482422,47198100
2022-10-20,AMZN,115.25,48795100
2022-10-21,AMZN,119.31999969482422,55660500
2022-10-24,AMZN,119.81999969482422,49531500
2022-10-25,AMZN,120.5999984741211,50934600
2022-10-26,AMZN,115.66000366210938,68802300
2022-10-27,AMZN,110.95999908447266,129605400
2022-10-28,AMZN,103.41000366210938,223133400
2022-10-31,AMZN,102.44000244140625,99251400
2022-11-01,AMZN,96.79000091552734,153370000
2022-11-02,AMZN,92.12000274658203,135761800
2022-11-03,AMZN,89.30000305175781,136683300
2022-11-04,AMZN,90.9800033569336,129101300
2022-11-07,AMZN,90.52999877929688,77495700
2022-11-08,AMZN,89.9800033569336,88703400
2022-11-09,AMZN,86.13999938964844,90796200
2022-11-10,AMZN,96.62999725341797,173414900
2022-11-11,AMZN,100.79000091552734,111590500
2022-11-14,AMZN,98.48999786376953,99533100
2022-11-15,AMZN,98.94000244140625,111336300
2022-11-16,AMZN,97.12000274658203,87958800
2022-11-17,AMZN,94.8499984741211,82617900
2022-11-18,AMZN,94.13999938964844,72428200
2022-11-21,AMZN,92.45999908447266,84330300
2022-11-22,AMZN,93.19999694824219,62192000
2022-11-23,AMZN,94.12999725341797,59414700
2022-11-25,AMZN,93.41000366210938,35088600
2022-11-28,AMZN,93.94999694824219,74943100
2022-11-29,AMZN,92.41999816894531,65567300
2022-11-30,AMZN,96.54000091552734,102805800
2022-12-01,AMZN,95.5,68488000
2022-12-02,AMZN,94.12999725341797,72496400
2022-12-05,AMZN,91.01000213623047,71535500
2022-12-06,AMZN,88.25,75503600
2022-12-07,AMZN,88.45999908447266,68086900
2022-12-08,AMZN,90.3499984741211,73305900
2022-12-09,AMZN,89.08999633789062,67398500
2022-12-12,AMZN,90.55000305175781,61999800
2022-12-13,AMZN,92.48999786376953,100212000
2022-12-14,AMZN,91.58000183105469,70298000
2022-12-15,AMZN,88.44999694824219,84802900
2022-12-16,AMZN,87.86000061035156,146144100
2022-12-19,AMZN,84.91999816894531,83531500
2022-12-20,AMZN,85.19000244140625,74348300
2022-12-21,AMZN,86.7699966430664,59267200
2022-12-22,AMZN,83.79000091552734,81431300
2022-12-23,AMZN,85.25,57433700
2022-12-27,AMZN,83.04000091552734,57284000
2022-12-28,AMZN,81.81999969482422,58228600
2022-12-29,AMZN,84.18000030517578,54995900
2022-12-30,AMZN,84.0,62401200
2023-01-03,AMZN,85.81999969482422,76706000
2023-01-04,AMZN,85.13999938964844,68885100
2023-01-05,AMZN,83.12000274658203,67930800
2023-01-06,AMZN,86.08000183105469,83303400
2023-01-09,AMZN,87.36000061035156,65266100
2023-01-10,AMZN,89.87000274658203,67756600
2023-01-11,AMZN,95.08999633789062,103126200
2023-01-12,AMZN,95.2699966430664,85254800
2023-01-13,AMZN,98.12000274658203,85549400
2023-01-17,AMZN,96.05000305175781,72755000
2023-01-18,AMZN,95.45999908447266,79570400
2023-01-19,AMZN,93.68000030517578,69002700
2023-01-20,AMZN,97.25,67481500
2023-01-23,AMZN,97.5199966430664,76501100
2023-01-24,AMZN,96.31999969482422,66929500
2023-01-25,AMZN,97.18000030517578,94261600
2023-01-26,AMZN,99.22000122070312,68523600
2023-01-27,AMZN,102.23999786376953,87775600
2023-01-30,AMZN,100.55000305175781,70691900
2023-01-31,AMZN,103.12999725341797,66527300
2023-02-01,AMZN,105.1500015258789,80450100
2023-02-02,AMZN,112.91000366210938,158154200
2023-02-03,AMZN,103.38999938964844,144374800
2023-02-06,AMZN,102.18000030517578,81945200
2023-02-07,AMZN,102.11000061035156,119501300
2023-02-08,AMZN,100.05000305175781,75878300
2023-02-09,AMZN,98.23999786376953,64622500
2023-02-10,AMZN,97.61000061035156,52740100
2023-02-13,AMZN,99.54000091552734,52841500
2023-02-14,AMZN,99.69999694824219,56202900
2023-02-15,AMZN,101.16000366210938,47957600
2023-02-16,AMZN,98.1500015258789,56339200
2023-02-17,AMZN,97.19999694824219,60029400
2023-02-21,AMZN,94.58000183105469,56580400
2023-02-22,AMZN,95.79000091552734,59534100
2023-02-23,AMZN,95.81999969482422,48467000
2023-02-24,AMZN,93.5,57053800
2023-02-27,AMZN,93.76000213623047,47470300
2023-02-28,AMZN,94.2300033569336,43959300
2023-03-01,AMZN,92.16999816894531,52299500
2023-03-02,AMZN,92.12999725341797,55509400
2023-03-03,AMZN,94.9000015258789,55759600
2023-03-06,AMZN,93.75,52112400
2023-03-07,AMZN,93.55000305175781,49100700
2023-03-08,AMZN,93.91999816894531,44899100
2023-03-09,AMZN,92.25,56218700
2023-03-10,AMZN,90.7300033569336,69827500
2023-03-13,AMZN,92.43000030517578,72397100
2023-03-14,AMZN,94.87999725341797,60912700
2023-03-15,AMZN,96.19999694824219,70731800
2023-03-16,AMZN,100.04000091552734,84446900
2023-03-17,AMZN,98.94999694824219,87300200
2023-03-20,AMZN,97.70999908447266,62388900
2023-03-21,AMZN,100.61000061035156,58597300
2023-03-22,AMZN,98.69999694824219,57475400
2023-03-23,AMZN,98.70999908447266,57559300
2023-03-24,AMZN,98.12999725341797,56095400
2023-03-27,AMZN,98.04000091552734,46721300
2023-03-28,AMZN,97.23999786376953,38720100
2023-03-29,AMZN,100.25,49783300
2023-03-30,AMZN,102.0,53633400
2023-03-31,AMZN,103.29000091552734,56750300
2023-04-03,AMZN,102.41000366210938,41135700
2023-04-04,AMZN,103.94999694824219,48662500
2023-04-05,AMZN,101.0999984741211,45175400
2023-04-06,AMZN,102.05999755859375,43808000
2023-04-10,AMZN,102.16999816894531,37261200
2023-04-11,AMZN,99.91999816894531,60417800
2023-04-12,AMZN,97.83000183105469,56735000
2023-04-13,AMZN,102.4000015258789,67925100
2023-04-14,AMZN,102.51000213623047,51450500
2023-04-17,AMZN,102.73999786376953,39919500
2023-04-18,AMZN,102.30000305175781,39790500
2023-04-19,AMZN,104.30000305175781,58398900
2023-04-20,AMZN,103.80999755859375,57696900
2023-04-21,AMZN,106.95999908447266,86774200
2023-04-24,AMZN,106.20999908447266,69575600
2023-04-25,AMZN,102.56999969482422,65026800
2023-04-26,AMZN,104.9800033569336,73803800
2023-04-27,AMZN,109.81999969482422,149961200
2023-04-28,AMZN,105.44999694824219,130715900
2023-05-01,AMZN,102.05000305175781,74728100
2023-05-02,AMZN,103.62999725341797,73469400
2023-05-03,AMZN,103.6500015258789,65051900
2023-05-04,AMZN,104.0,45345500
2023-05-05,AMZN,105.66000366210938,56951700
2023-05-08,AMZN,105.83000183105469,49430900
2023-05-09,AMZN,106.62000274658203,44089400
2023-05-10,AMZN,110.19000244140625,78627600
2023-05-11,AMZN,112.18000030517578,74924800
2023-05-12,AMZN,110.26000213623047,49852700
2023-05-15,AMZN,111.19999694824219,53011100
2023-05-16,AMZN,113.4000015258789,71472900
2023-05-17,AMZN,115.5,65655200
2023-05-18,AMZN,118.1500015258789,73174100
2023-05-19,AMZN,116.25,55056300
2023-05-22,AMZN,115.01000213623047,70741100
2023-05-23,AMZN,114.98999786376953,67576300
2023-05-24,AMZN,116.75,63487900
2023-05-25,AMZN,115.0,66496700
2023-05-26,AMZN,120.11000061035156,96779900
2023-05-30,AMZN,121.66000366210938,64314800
2023-05-31,AMZN,120.58000183105469,72800800
2023-06-01,AMZN,122.7699966430664,54375100
2023-06-02,AMZN,124.25,61264400
2023-06-05,AMZN,125.30000305175781,47950100
2023-06-06,AMZN,126.61000061035156,45695200
2023-06-07,AMZN,121.2300033569336,95663300
2023-06-08,AMZN,124.25,62159300
2023-06-09,AMZN,123.43000030517578,51396000
2023-06-12,AMZN,126.56999969482422,51338000
2023-06-13,AMZN,126.66000366210938,50564800
2023-06-14,AMZN,126.41999816894531,52422500
2023-06-15,AMZN,127.11000061035156,60458500
2023-06-16,AMZN,125.48999786376953,84247100
2023-06-20,AMZN,125.77999877929688,56930100
2023-06-21,AMZN,124.83000183105469,52137700
2023-06-22,AMZN,130.14999389648438,90354600
2023-06-23,AMZN,129.3300018310547,71927800
2023-06-26,AMZN,127.33000183105469,59989300
2023-06-27,AMZN,129.17999267578125,46801000
2023-06-28,AMZN,129.0399932861328,52149500
2023-06-29,AMZN,127.9000015258789,40761000
2023-06-30,AMZN,130.36000061035156,54350700
2023-07-03,AMZN,130.22000122070312,28264800
2023-07-05,AMZN,130.3800048828125,35895400
2023-07-06,AMZN,128.36000061035156,40639900
2023-07-07,AMZN,129.77999877929688,41992300
2023-07-10,AMZN,127.12999725341797,61889300
2023-07-11,AMZN,128.77999877929688,49951500
2023-07-12,AMZN,130.8000030517578,54022800
2023-07-13,AMZN,134.3000030517578,61170900
2023-07-14,AMZN,134.67999267578125,54487100
2023-07-17,AMZN,133.55999755859375,48450200
2023-07-18,AMZN,132.8300018310547,54882900
2023-07-19,AMZN,135.36000061035156,54531000
2023-07-20,AMZN,129.9600067138672,59820600
2023-07-21,AMZN,130.0,133307300
2023-07-24,AMZN,128.8000030517578,45591100
2023-07-25,AMZN,129.1300048828125,39236700
2023-07-26,AMZN,128.14999389648438,53910100
2023-07-27,AMZN,128.25,52610700
2023-07-28,AMZN,132.2100067138672,46317400
2023-07-31,AMZN,133.67999267578125,41901500
2023-08-01,AMZN,131.69000244140625,42098500
2023-08-02,AMZN,128.2100067138672,51027600
2023-08-03,AMZN,128.91000366210938,88585200
2023-08-04,AMZN,139.57000732421875,153128500
2023-08-07,AMZN,142.22000122070312,71213100
2023-08-08,AMZN,139.94000244140625,51710500
2023-08-09,AMZN,137.85000610351562,50017300
2023-08-10,AMZN,138.55999755859375,58928400
2023-08-11,AMZN,138.41000366210938,42905800
2023-08-14,AMZN,140.57000732421875,47148700
2023-08-15,AMZN,137.6699981689453,42781500
2023-08-16,AMZN,135.07000732421875,41675900
2023-08-17,AMZN,133.97999572753906,48354100
2023-08-18,AMZN,133.22000122070312,48497700
2023-08-21,AMZN,134.67999267578125,41442500
2023-08-22,AMZN,134.25,32905400
2023-08-23,AMZN,135.52000427246094,42801000
2023-08-24,AMZN,131.83999633789062,43646300
2023-08-25,AMZN,133.25999450683594,44147500
2023-08-28,AMZN,133.13999938964844,34108400
2023-08-29,AMZN,134.91000366210938,38646100
2023-08-30,AMZN,135.07000732421875,36137000
2023-08-31,AMZN,138.00999450683594,58781300
2023-09-01,AMZN,138.1199951171875,40991500
2023-09-05,AMZN,137.27000427246094,40636700
2023-09-06,AMZN,135.36000061035156,41785500
2023-09-07,AMZN,137.85000610351562,48498900
2023-09-08,AMZN,138.22999572753906,38348200
2023-09-11,AMZN,143.10000610351562,56764500
2023-09-12,AMZN,141.22999572753906,42668500
2023-09-13,AMZN,144.85000610351562,60465200
2023-09-14,AMZN,144.72000122070312,64033600
2023-09-15,AMZN,140.38999938964844,102909300
2023-09-18,AMZN,139.97999572753906,42823500
2023-09-19,AMZN,137.6300048828125,61482500
2023-09-20,AMZN,135.2899932861328,46263700
2023-09-21,AMZN,129.3300018310547,70343300
2023-09-22,AMZN,129.1199951171875,59904300
2023-09-25,AMZN,131.27000427246094,46017800
2023-09-26,AMZN,125.9800033569336,73048200
2023-09-27,AMZN,125.9800033569336,66553400
2023-09-28,AMZN,125.9800033569336,54555000
2023-09-29,AMZN,127.12000274658203,62411700
2023-10-02,AMZN,129.4600067138672,48029700
2023-10-03,AMZN,124.72000122070312,51565000
2023-10-04,AMZN,127.0,44203900
2023-10-05,AMZN,125.95999908447266,39660600
2023-10-06,AMZN,127.95999908447266,46836700
2023-10-09,AMZN,128.25999450683594,38773700
2023-10-10,AMZN,129.47999572753906,42178600
2023-10-11,AMZN,131.8300018310547,40741800
2023-10-12,AMZN,132.3300018310547,55528600
2023-10-13,AMZN,129.7899932861328,45786600
2023-10-16,AMZN,132.5500030517578,42832900
2023-10-17,AMZN,131.47000122070312,49344600
2023-10-18,AMZN,128.1300048828125,42699500
2023-10-19,AMZN,128.39999389648438,60961400
2023-10-20,AMZN,125.16999816894531,56406400
2023-10-23,AMZN,126.55999755859375,48260000
2023-10-24,AMZN,128.55999755859375,46477400
2023-10-25,AMZN,121.38999938964844,74577500
2023-10-26,AMZN,119.56999969482422,100419500
2023-10-27,AMZN,127.73999786376953,125309300
2023-10-30,AMZN,132.7100067138672,72485500
2023-10-31,AMZN,133.08999633789062,51589400
2023-11-01,AMZN,137.0,61529400
2023-11-02,AMZN,138.07000732421875,52236700
2023-11-03,AMZN,138.60000610351562,44059800
2023-11-06,AMZN,139.74000549316406,44970400
2023-11-07,AMZN,142.7100067138672,53553500
2023-11-08,AMZN,142.0800018310547,44521700
2023-11-09,AMZN,140.60000610351562,36235400
2023-11-10,AMZN,143.55999755859375,49287800
2023-11-13,AMZN,142.58999633789062,35680600
2023-11-14,AMZN,145.8000030517578,56674600
2023-11-15,AMZN,143.1999969482422,63875700
2023-11-16,AMZN,142.8300018310547,49653500
2023-11-17,AMZN,145.17999267578125,49636700
2023-11-20,AMZN,146.1300048828125,41951200
2023-11-21,AMZN,143.89999389648438,71226000
2023-11-22,AMZN,146.7100067138672,45669100
2023-11-24,AMZN,146.74000549316406,22378400
2023-11-27,AMZN,147.72999572753906,53762400
2023-11-28,AMZN,147.02999877929688,42711700
2023-11-29,AMZN,146.32000732421875,40610900
2023-11-30,AMZN,146.08999633789062,65814000
2023-12-01,AMZN,147.02999877929688,39951800
2023-12-04,AMZN,144.83999633789062,48294200
2023-12-05,AMZN,146.8800048828125,46822400
2023-12-06,AMZN,144.52000427246094,39679000
2023-12-07,AMZN,146.8800048828125,52352800
2023-12-08,AMZN,147.4199981689453,41906000
2023-12-11,AMZN,145.88999938964844,50907300
2023-12-12,AMZN,147.47999572753906,44944300
2023-12-13,AMZN,148.83999633789062,52766200
2023-12-14,AMZN,147.4199981689453,58400800
2023-12-15,AMZN,149.97000122070312,110089300
2023-12-18,AMZN,154.07000732421875,62512800
2023-12-19,AMZN,153.7899932861328,43171300
2023-12-20,AMZN,152.1199951171875,50322100
2023-12-21,AMZN,153.83999633789062,36305700
2023-12-22,AMZN,153.4199981689453,29514100
2023-12-26,AMZN,153.41000366210938,25067200
2023-12-27,AMZN,153.33999633789062,31434700
2023-12-28,AMZN,153.3800048828125,27057000
2023-12-29,AMZN,151.94000244140625,39823200
2024-01-02,AMZN,149.92999267578125,47339400
2024-01-03,AMZN,148.47000122070312,49425500
2024-01-04,AMZN,144.57000732421875,56039800
2024-01-05,AMZN,145.24000549316406,45153100
2024-01-08,AMZN,149.10000610351562,46757100
2024-01-09,AMZN,151.3699951171875,43812600
2024-01-10,AMZN,153.72999572753906,44421800
2024-01-11,AMZN,155.17999267578125,49072700
2024-01-12,AMZN,154.6199951171875,40484200
2024-01-16,AMZN,153.16000366210938,41384600
2024-01-17,AMZN,151.7100067138672,34953400
2024-01-18,AMZN,153.5,37850200
2024-01-19,AMZN,155.33999633789062,51651600
2024-01-22,AMZN,154.77999877929688,43687500
2024-01-23,AMZN,156.02000427246094,37986000
2024-01-24,AMZN,156.8699951171875,48547300
2024-01-25,AMZN,157.75,43638600
2024-01-26,AMZN,159.1199951171875,51047400
2024-01-29,AMZN,161.25999450683594,45270400
2024-01-30,AMZN,159.0,45207400
2024-01-31,AMZN,155.1999969482422,50284400
2024-02-01,AMZN,159.27999877929688,76542400
2024-02-02,AMZN,171.80999755859375,117218300
2024-02-05,AMZN,170.30999755859375,55081300
2024-02-06,AMZN,169.14999389648438,42505500
2024-02-07,AMZN,170.52999877929688,47174100
2024-02-08,AMZN,169.83999633789062,42316500
2024-02-09,AMZN,174.4499969482422,56986000
2024-02-12,AMZN,172.33999633789062,51050400
2024-02-13,AMZN,168.63999938964844,56345100
2024-02-14,AMZN,170.97999572753906,42815500
2024-02-15,AMZN,169.8000030517578,49855200
2024-02-16,AMZN,169.50999450683594,48107700
2024-02-20,AMZN,167.0800018310547,41980300
2024-02-21,AMZN,168.58999633789062,44420100
2024-02-22,AMZN,174.5800018310547,55392400
2024-02-23,AMZN,174.99000549316406,59715200
2024-02-26,AMZN,174.72999572753906,44368600
2024-02-27,AMZN,173.5399932861328,31141700
2024-02-28,AMZN,173.16000366210938,28180500
2024-02-29,AMZN,176.75999450683594,53805400
2024-03-01,AMZN,178.22000122070312,31981200
2024-03-04,AMZN,177.5800018310547,37381500
2024-03-05,AMZN,174.1199951171875,37228300
2024-03-06,AMZN,173.50999450683594,32090900
2024-03-07,AMZN,176.82000732421875,34063300
2024-03-08,AMZN,175.35000610351562,37893200
2024-03-11,AMZN,171.9600067138672,28484800
2024-03-12,AMZN,175.38999938964844,36610600
2024-03-13,AMZN,176.55999755859375,30772600
2024-03-14,AMZN,178.75,43705800
2024-03-15,AMZN,174.4199981689453,72147400
2024-03-18,AMZN,174.47999572753906,31250700
2024-03-19,AMZN,175.89999389648438,26880900
2024-03-20,AMZN,178.14999389648438,29947200
2024-03-21,AMZN,178.14999389648438,32824300
2024-03-22,AMZN,178.8699951171875,27995400
2024-03-25,AMZN,179.7100067138672,29815500
2024-03-26,AMZN,178.3000030517578,29659000
2024-03-27,AMZN,179.8300018310547,33272600
2024-03-28,AMZN,180.3800048828125,38051600
2024-04-01,AMZN,180.97000122070312,29174500
2024-04-02,AMZN,180.69000244140625,32611500
2024-04-03,AMZN,182.41000366210938,31046600
2024-04-04,AMZN,180.0,41624300
2024-04-05,AMZN,185.07000732421875,42374000
2024-04-08,AMZN,185.19000244140625,39221300
2024-04-09,AMZN,185.6699981689453,36520100
2024-04-10,AMZN,185.9499969482422,35879200
2024-04-11,AMZN,189.0500030517578,40020700
2024-04-12,AMZN,186.1300048828125,38608800
2024-04-15,AMZN,183.6199951171875,48052400
2024-04-16,AMZN,183.32000732421875,32891300
2024-04-17,AMZN,181.27999877929688,31359700
2024-04-18,AMZN,179.22000122070312,30723800
2024-04-19,AMZN,174.6300048828125,56000700
2024-04-22,AMZN,177.22999572753906,37924900
2024-04-23,AMZN,179.5399932861328,37046500
2024-04-24,AMZN,176.58999633789062,34185100
2024-04-25,AMZN,173.6699981689453,49249400
2024-04-26,AMZN,179.6199951171875,43919800
2024-04-29,AMZN,180.9600067138672,54063900
2024-04-30,AMZN,175.0,94639800
2024-05-01,AMZN,179.0,94645100
2024-05-02,AMZN,184.72000122070312,54303500
2024-05-03,AMZN,186.2100067138672,39172000
2024-05-06,AMZN,188.6999969482422,34725300
2024-05-07,AMZN,188.75999450683594,34048900
2024-05-08,AMZN,188.0,26136400
2024-05-09,AMZN,189.5,43368400
2024-05-10,AMZN,187.47999572753906,34141800
2024-05-13,AMZN,186.57000732421875,24898600
2024-05-14,AMZN,187.07000732421875,38698200
2024-05-15,AMZN,185.99000549316406,75459900
2024-05-16,AMZN,183.6300048828125,38834500
2024-05-17,AMZN,184.6999969482422,33175700
2024-05-20,AMZN,183.5399932861328,30511800
2024-05-21,AMZN,183.14999389648438,50839100
2024-05-22,AMZN,183.1300048828125,28148800
2024-05-23,AMZN,181.0500030517578,33670200
2024-05-24,AMZN,180.75,27471600
2024-05-28,AMZN,182.14999389648438,29927000
2024-05-29,AMZN,182.02000427246094,32009300
2024-05-30,AMZN,179.32000732421875,29184700
2024-05-31,AMZN,176.44000244140625,58903900
2024-06-03,AMZN,178.33999633789062,30786600
2024-06-04,AMZN,179.33999633789062,27198400
2024-06-05,AMZN,181.27999877929688,32116400
2024-06-06,AMZN,185.0,31371200
2024-06-07,AMZN,184.3000030517578,28021500
2024-06-10,AMZN,187.05999755859375,34445600
2024-06-11,AMZN,187.22999572753906,27265100
2024-06-12,AMZN,186.88999938964844,33984200
2024-06-13,AMZN,183.8300018310547,39721500
2024-06-14,AMZN,183.66000366210938,25456400
2024-06-17,AMZN,184.05999755859375,35601900
2024-06-18,AMZN,182.80999755859375,36659200
2024-06-20,AMZN,186.10000610351562,44726800
2024-06-21,AMZN,189.0800018310547,70792500
2024-06-24,AMZN,185.57000732421875,50610400
2024-06-25,AMZN,186.33999633789062,45366400
2024-06-26,AMZN,193.61000061035156,65103900
2024-06-27,AMZN,197.85000610351562,74397500
2024-06-28,AMZN,193.25,76930200
2024-07-01,AMZN,197.1999969482422,41192000
2024-07-02,AMZN,200.0,45600000
2024-07-03,AMZN,197.58999633789062,31597900
2024-07-05,AMZN,200.0,39858900
2024-07-08,AMZN,199.2899932861328,34767300
2024-07-09,AMZN,199.33999633789062,32700100
2024-07-10,AMZN,199.7899932861328,32883800
2024-07-11,AMZN,195.0500030517578,44565000
2024-07-12,AMZN,194.49000549316406,30598500
2024-07-15,AMZN,192.72000122070312,40683200
2024-07-16,AMZN,193.02000427246094,33994700
2024-07-17,AMZN,187.92999267578125,48076100
2024-07-18,AMZN,183.75,51043600
2024-07-19,AMZN,183.1300048828125,43081800
2024-07-22,AMZN,182.5500030517578,39931900
2024-07-23,AMZN,186.41000366210938,47537700
2024-07-24,AMZN,180.8300018310547,41532400
2024-07-25,AMZN,179.85000610351562,44464200
2024-07-26,AMZN,182.5,29506000
2024-07-29,AMZN,183.1999969482422,33270100
2024-07-30,AMZN,181.7100067138672,39508600
2024-07-31,AMZN,186.97999572753906,41667300
2024-08-01,AMZN,184.07000732421875,70435600
2024-08-02,AMZN,167.89999389648438,141448400
2024-08-05,AMZN,161.02000427246094,83149400
2024-08-06,AMZN,161.92999267578125,59950800
2024-08-07,AMZN,162.77000427246094,48408200
2024-08-08,AMZN,165.8000030517578,44616200
2024-08-09,AMZN,166.94000244140625,36401000
2024-08-12,AMZN,166.8000030517578,30072800
2024-08-13,AMZN,170.22999572753906,39237900
2024-08-14,AMZN,170.10000610351562,28843800
2024-08-15,AMZN,177.58999633789062,51698500
2024-08-16,AMZN,177.05999755859375,31489200
2024-08-19,AMZN,178.22000122070312,31129800
2024-08-20,AMZN,178.8800048828125,26255200
2024-08-21,AMZN,180.11000061035156,35599100
2024-08-22,AMZN,176.1300048828125,32047500
2024-08-23,AMZN,177.0399932861328,29150100
2024-08-26,AMZN,175.5,22366200
2024-08-27,AMZN,173.1199951171875,29842000
2024-08-28,AMZN,170.8000030517578,29045000
2024-08-29,AMZN,172.1199951171875,26407800
2024-08-30,AMZN,178.5,43429400
2024-09-03,AMZN,176.25,37817500
2024-09-04,AMZN,173.3300018310547,30309200
2024-09-05,AMZN,177.88999938964844,40170500
2024-09-06,AMZN,171.38999938964844,41466500
2024-09-09,AMZN,175.39999389648438,29037400
2024-09-10,AMZN,179.5500030517578,36233800
2024-09-11,AMZN,184.52000427246094,42564700
2024-09-12,AMZN,187.0,33544200
2024-09-13,AMZN,186.49000549316406,26495400
2024-09-16,AMZN,184.88999938964844,26065500
2024-09-17,AMZN,186.8800048828125,26091700
2024-09-18,AMZN,186.42999267578125,34448100
2024-09-19,AMZN,189.8699951171875,39543200
2024-09-20,AMZN,191.60000610351562,100378600
2024-09-23,AMZN,193.8800048828125,36993100
2024-09-24,AMZN,193.9600067138672,43478900
2024-09-25,AMZN,192.52999877929688,26391100
2024-09-26,AMZN,191.16000366210938,36334900
2024-09-27,AMZN,187.97000122070312,36002300
2024-09-30,AMZN,186.3300018310547,41583900
2024-10-01,AMZN,185.1300048828125,36044900
2024-10-02,AMZN,184.75999450683594,23704100
2024-10-03,AMZN,181.9600067138672,30204300
2024-10-04,AMZN,186.50999450683594,40890300
2024-10-07,AMZN,180.8000030517578,42364200
2024-10-08,AMZN,182.72000122070312,26372100
2024-10-09,AMZN,185.1699981689453,26343100
2024-10-10,AMZN,186.64999389648438,27785000
2024-10-11,AMZN,188.82000732421875,25751600
2024-10-14,AMZN,187.5399932861328,22614400
2024-10-15,AMZN,187.69000244140625,32178900
2024-10-16,AMZN,186.88999938964844,23456800
2024-10-17,AMZN,187.52999877929688,25039400
2024-10-18,AMZN,188.99000549316406,37417700
2024-10-21,AMZN,189.07000732421875,24639400
2024-10-22,AMZN,189.6999969482422,29650600
2024-10-23,AMZN,184.7100067138672,31937100
2024-10-24,AMZN,186.3800048828125,21647400
2024-10-25,AMZN,187.8300018310547,29362100
2024-10-28,AMZN,188.38999938964844,27930800
2024-10-29,AMZN,190.8300018310547,35690200
2024-10-30,AMZN,192.72999572753906,37707600
2024-10-31,AMZN,186.39999389648438,75146800
2024-11-01,AMZN,197.92999267578125,99687800
2024-11-04,AMZN,195.77999877929688,38492100
2024-11-05,AMZN,199.5,30564800
2024-11-06,AMZN,207.08999633789062,72292200
2024-11-07,AMZN,210.0500030517578,52878400
2024-11-08,AMZN,208.17999267578125,36075800
2024-11-11,AMZN,206.83999633789062,35456000
2024-11-12,AMZN,208.91000366210938,38942900
2024-11-13,AMZN,214.10000610351562,46212900
2024-11-14,AMZN,211.47999572753906,42620300
2024-11-15,AMZN,202.61000061035156,86591100
2024-11-18,AMZN,201.6999969482422,36409900
2024-11-19,AMZN,204.61000061035156,31197900
2024-11-20,AMZN,202.8800048828125,32769000
2024-11-21,AMZN,198.3800048828125,58800000
2024-11-22,AMZN,197.1199951171875,31530800
2024-11-25,AMZN,201.4499969482422,40685700
2024-11-26,AMZN,207.86000061035156,41673700
2024-11-27,AMZN,205.74000549316406,28061600
2024-11-29,AMZN,207.88999938964844,24892400
2024-12-02,AMZN,210.7100067138672,39523200
2024-12-03,AMZN,213.44000244140625,32214800
2024-12-04,AMZN,218.16000366210938,48745700
2024-12-05,AMZN,220.5500030517578,41140200
2024-12-06,AMZN,227.02999877929688,44178100
2024-12-09,AMZN,226.08999633789062,46819400
2024-12-10,AMZN,225.0399932861328,31199900
2024-12-11,AMZN,230.25999450683594,35385800
2024-12-12,AMZN,228.97000122070312,28204100
2024-12-13,AMZN,227.4600067138672,28768100
2024-12-16,AMZN,232.92999267578125,37552100
2024-12-17,AMZN,231.14999389648438,35948100
2024-12-18,AMZN,220.52000427246094,43281400
2024-12-19,AMZN,223.2899932861328,39918700
2024-12-20,AMZN,224.9199981689453,88279200
2024-12-23,AMZN,225.05999755859375,28070000
2024-12-24,AMZN,229.0500030517578,15007500
2024-12-26,AMZN,227.0500030517578,16146700
2024-12-27,AMZN,223.75,27367100
2024-12-30,AMZN,221.3000030517578,28321200
2024-12-31,AMZN,219.38999938964844,24819700
2025-01-02,AMZN,220.22000122070312,33956600
2025-01-03,AMZN,224.19000244140625,27515600
2025-01-06,AMZN,227.61000061035156,31849800
2025-01-07,AMZN,222.11000061035156,28084200
2025-01-08,AMZN,222.1300048828125,25033300
2025-01-10,AMZN,218.94000244140625,36811500
2025-01-13,AMZN,218.4600067138672,27262700
2025-01-14,AMZN,217.75999450683594,24711700
2025-01-15,AMZN,223.35000610351562,31291300
2025-01-16,AMZN,220.66000366210938,24757300
2025-01-17,AMZN,225.94000244140625,42370100
2025-01-21,AMZN,230.7100067138672,39951500
2025-01-22,AMZN,235.00999450683594,41448200
2025-01-23,AMZN,235.4199981689453,26404400
2025-01-24,AMZN,234.85000610351562,25890700
2025-01-27,AMZN,235.4199981689453,49428300
2025-01-28,AMZN,238.14999389648438,41587200
2025-01-29,AMZN,237.07000732421875,26091700
2025-01-30,AMZN,234.63999938964844,32020700
2025-01-31,AMZN,237.67999267578125,36110200
2025-02-03,AMZN,237.4199981689453,37285900
2025-02-04,AMZN,242.05999755859375,29713800
2025-02-05,AMZN,236.1699981689453,38727300
2025-02-06,AMZN,238.8300018310547,60897100
2025-02-07,AMZN,229.14999389648438,77539300
2025-02-10,AMZN,233.13999938964844,35419900
2025-02-11,AMZN,232.75999450683594,23713700
2025-02-12,AMZN,228.92999267578125,32285200
2025-02-13,AMZN,230.3699951171875,31346500
2025-02-14,AMZN,228.67999267578125,27031100
2025-02-18,AMZN,226.64999389648438,42975100
2025-02-19,AMZN,226.6300048828125,28566700
2025-02-20,AMZN,222.8800048828125,30001700
2025-02-21,AMZN,216.5800018310547,55323900
2025-02-24,AMZN,212.7100067138672,42387600
2025-02-25,AMZN,212.8000030517578,58958000
2025-02-26,AMZN,214.35000610351562,39120600
2025-02-27,AMZN,208.74000549316406,40548600
2025-02-28,AMZN,212.27999877929688,51771700
2025-03-03,AMZN,205.02000427246094,42948400
2025-03-04,AMZN,203.8000030517578,60853100
2025-03-05,AMZN,208.36000061035156,38610100
2025-03-06,AMZN,200.6999969482422,49863800
2025-03-07,AMZN,199.25,59802800
2025-03-10,AMZN,194.5399932861328,62350900
2025-03-11,AMZN,196.58999633789062,54002900
2025-03-12,AMZN,198.88999938964844,43679300
2025-03-13,AMZN,193.88999938964844,41270800
2025-03-14,AMZN,197.9499969482422,38096700
2025-03-17,AMZN,195.74000549316406,47341800
2025-03-18,AMZN,192.82000732421875,40414900
2025-03-19,AMZN,195.5399932861328,39442900
2025-03-20,AMZN,194.9499969482422,38921100
2025-03-21,AMZN,196.2100067138672,60056900
2025-03-24,AMZN,203.25999450683594,41625400
2025-03-25,AMZN,205.7100067138672,31171200
2025-03-26,AMZN,201.1300048828125,32855300
2025-03-27,AMZN,201.36000061035156,27317700
2025-03-28,AMZN,192.72000122070312,52548200
2025-03-31,AMZN,190.25999450683594,63547600
2025-04-01,AMZN,192.1699981689453,41267300
2025-04-02,AMZN,196.00999450683594,53679200
2025-04-03,AMZN,178.41000366210938,95553600
2025-04-04,AMZN,171.0,123159400
2025-04-07,AMZN,175.25999450683594,109327100
2025-04-08,AMZN,170.66000366210938,87710400
2025-04-09,AMZN,191.10000610351562,116804300
2025-04-10,AMZN,181.22000122070312,68302000
2025-04-11,AMZN,184.8699951171875,50594300
2025-04-14,AMZN,182.1199951171875,48002500
2025-04-15,AMZN,179.58999633789062,43642000
2025-04-16,AMZN,174.3300018310547,51875300
2025-04-17,AMZN,172.61000061035156,44726500
2025-04-21,AMZN,167.32000732421875,48126100
2025-04-22,AMZN,173.17999267578125,56607200
2025-04-23,AMZN,180.60000610351562,63470100
2025-04-24,AMZN,186.5399932861328,43763200
2025-04-25,AMZN,188.99000549316406,36414300
2025-04-28,AMZN,187.6999969482422,33224700
2025-04-29,AMZN,187.38999938964844,41667300
2025-04-30,AMZN,184.4199981689453,55176500
2025-05-01,AMZN,190.1999969482422,74266000
2025-05-02,AMZN,189.97999572753906,77903500
2025-05-05,AMZN,186.35000610351562,35217500
2025-05-06,AMZN,185.00999450683594,29314100
2025-05-07,AMZN,188.7100067138672,43948600
2025-05-08,AMZN,192.0800018310547,41043600
2025-05-09,AMZN,193.05999755859375,29663100
2025-05-12,AMZN,208.63999938964844,75205000
2025-05-13,AMZN,211.3699951171875,56193700
2025-05-14,AMZN,210.25,38492100
2025-05-15,AMZN,205.1699981689453,64347300
2025-05-16,AMZN,205.58999633789062,43318500
2025-05-19,AMZN,206.16000366210938,34314800
2025-05-20,AMZN,204.07000732421875,29470400
2025-05-21,AMZN,201.1199951171875,42460900
2025-05-22,AMZN,203.10000610351562,38938900
2025-05-23,AMZN,200.99000549316406,33393500
2025-05-27,AMZN,206.02000427246094,34892000
2025-05-28,AMZN,204.72000122070312,28549800
2025-05-29,AMZN,205.6999969482422,34650000
2025-05-30,AMZN,205.00999450683594,51679400
2025-06-02,AMZN,206.64999389648438,29113300
2025-06-03,AMZN,205.7100067138672,33139100
2025-06-04,AMZN,207.22999572753906,29915600
2025-06-05,AMZN,207.91000366210938,51864200
2025-06-06,AMZN,213.57000732421875,39832500
2025-06-09,AMZN,216.97999572753906,38102500
2025-06-10,AMZN,217.61000061035156,31303300
2025-06-11,AMZN,213.1999969482422,39326000
2025-06-12,AMZN,213.24000549316406,27640000
2025-06-13,AMZN,212.10000610351562,29337800
2025-06-16,AMZN,216.10000610351562,33284200
2025-06-17,AMZN,214.82000732421875,32086300
2025-06-18,AMZN,212.52000427246094,44360500
2025-06-20,AMZN,209.69000244140625,75350700
2025-06-23,AMZN,208.47000122070312,37311700
2025-06-24,AMZN,212.77000427246094,38378800
2025-06-25,AMZN,211.99000549316406,31755700
2025-06-26,AMZN,217.1199951171875,50480800
2025-06-27,AMZN,223.3000030517578,119217100
2025-06-30,AMZN,219.38999938964844,58887800
2025-07-01,AMZN,220.4600067138672,39256800
2025-07-02,AMZN,219.9199981689453,30894200
2025-07-03,AMZN,223.41000366210938,29632400
2025-07-07,AMZN,223.47000122070312,36604100
2025-07-08,AMZN,219.36000061035156,45692000
2025-07-09,AMZN,222.5399932861328,38155100
2025-07-10,AMZN,222.25999450683594,30370600
2025-07-11,AMZN,225.02000427246094,50518300
2025-07-14,AMZN,225.69000244140625,35702600
2025-07-15,AMZN,226.35000610351562,34907300
2025-07-16,AMZN,223.19000244140625,39535900
2025-07-17,AMZN,223.8800048828125,31855800
2025-07-18,AMZN,226.1300048828125,37833800
2025-07-21,AMZN,229.3000030517578,40297600
2025-07-22,AMZN,227.47000122070312,37483700
2025-07-23,AMZN,228.2899932861328,28294900
2025-07-24,AMZN,232.22999572753906,42902300
2025-07-25,AMZN,231.44000244140625,28712100
2025-07-28,AMZN,232.7899932861328,26300100
2025-07-29,AMZN,231.00999450683594,33716200
2025-07-30,AMZN,230.19000244140625,32993300
2025-07-31,AMZN,234.11000061035156,104357300
2025-08-01,AMZN,214.75,122258800
2025-08-04,AMZN,211.64999389648438,77890100
2025-08-05,AMZN,213.75,51505100
2025-08-06,AMZN,222.30999755859375,54823000
2025-08-07,AMZN,223.1300048828125,40603500
2025-08-08,AMZN,222.69000244140625,32970500
2025-08-11,AMZN,221.3000030517578,31646200
2025-08-12,AMZN,221.47000122070312,37185800
2025-08-13,AMZN,224.55999755859375,36508300
2025-08-14,AMZN,230.97999572753906,61545800
2025-08-15,AMZN,231.02999877929688,39649200
2025-08-18,AMZN,231.49000549316406,25248900
2025-08-19,AMZN,228.00999450683594,29891000
2025-08-20,AMZN,223.80999755859375,36604300
2025-08-21,AMZN,221.9499969482422,32140500
2025-08-22,AMZN,228.83999633789062,37315300
2025-08-25,AMZN,227.94000244140625,22633700
2025-08-26,AMZN,228.7100067138672,26105400
2025-08-27,AMZN,229.1199951171875,21254500
2025-08-28,AMZN,231.60000610351562,33679600
2025-08-29,AMZN,229.0,26199200
2025-09-02,AMZN,225.33999633789062,38843900
2025-09-03,AMZN,225.99000549316406,29223100
2025-09-04,AMZN,235.67999267578125,59391800
2025-09-05,AMZN,232.3300018310547,36721800
2025-09-08,AMZN,235.83999633789062,33947100
2025-09-09,AMZN,238.24000549316406,27033800
2025-09-10,AMZN,230.3300018310547,60907700
2025-09-11,AMZN,229.9499969482422,37485600
2025-09-12,AMZN,228.14999389648438,38496200
2025-09-15,AMZN,231.42999267578125,33243300
2025-09-16,AMZN,234.0500030517578,38203900
2025-09-17,AMZN,231.6199951171875,42815200
2025-09-18,AMZN,231.22999572753906,37931700
2025-09-19,AMZN,231.47999572753906,97943200
2025-09-22,AMZN,227.6300048828125,45914500
2025-09-23,AMZN,220.7100067138672,70956200
2025-09-24,AMZN,220.2100067138672,49509000
2025-09-25,AMZN,218.14999389648438,52226300
2025-09-26,AMZN,219.77999877929688,41650100
2025-09-29,AMZN,222.1699981689453,44259200
2025-09-30,AMZN,219.57000732421875,48396400
2025-10-01,AMZN,220.6300048828125,43933800
2025-10-02,AMZN,222.41000366210938,41258600
2025-10-03,AMZN,219.50999450683594,43639000
2025-10-06,AMZN,220.89999389648438,43690900
2025-10-07,AMZN,221.77999877929688,31194700
2025-10-08,AMZN,225.22000122070312,46686000
2025-10-09,AMZN,227.74000549316406,46412100
2025-10-10,AMZN,216.3699951171875,72367500
2025-10-13,AMZN,220.07000732421875,37809700
2025-10-14,AMZN,216.38999938964844,45665600
2025-10-15,AMZN,215.57000732421875,45909500
2025-10-16,AMZN,214.47000122070312,42414600
2025-10-17,AMZN,213.0399932861328,45986900
2025-10-20,AMZN,216.47999572753906,38882800
2025-10-21,AMZN,222.02999877929688,50494600
2025-10-22,AMZN,217.9499969482422,44308500
2025-10-23,AMZN,221.08999633789062,31540000
2025-10-24,AMZN,224.2100067138672,38685100
2025-10-27,AMZN,226.97000122070312,38267000
2025-10-28,AMZN,229.25,47100000
2025-10-29,AMZN,230.3000030517578,52036200
2025-10-30,AMZN,222.86000061035156,102252900
2025-10-31,AMZN,244.22000122070312,166340800
2025-11-03,AMZN,254.0,95997800
2025-11-04,AMZN,249.32000732421875,51546300
2025-11-05,AMZN,250.1999969482422,40610700
2025-11-06,AMZN,243.0399932861328,46004200
2025-11-07,AMZN,244.41000366210938,46374300
2025-11-10,AMZN,248.39999389648438,36476500
2025-11-11,AMZN,249.10000610351562,23564100
2025-11-12,AMZN,244.1999969482422,31190100
2025-11-13,AMZN,237.5800018310547,41401700
2025-11-14,AMZN,234.69000244140625,38956700
2025-11-17,AMZN,232.8699951171875,59919000
2025-11-18,AMZN,222.5500030517578,60608400
2025-11-19,AMZN,222.69000244140625,58335600
2025-11-20,AMZN,217.13999938964844,50309000
2025-11-21,AMZN,220.69000244140625,68490500
2025-11-24,AMZN,226.27999877929688,54318400
2025-11-25,AMZN,229.6699981689453,39379300
2025-11-26,AMZN,229.16000366210938,38497900
2025-11-28,AMZN,233.22000122070312,20292300
2025-12-01,AMZN,233.8800048828125,42904000
2025-12-02,AMZN,234.4199981689453,45785400
2025-12-03,AMZN,232.3800048828125,35495100
2025-12-04,AMZN,229.11000061035156,45683200
2025-12-05,AMZN,229.52999877929688,33117400
2025-12-08,AMZN,226.88999938964844,35019200
2025-12-09,AMZN,227.9199981689453,25841700
2025-12-10,AMZN,231.77999877929688,38790700
2025-12-11,AMZN,230.27999877929688,28249600
2025-12-12,AMZN,226.19000244140625,35639100
2025-12-15,AMZN,222.5399932861328,47286100
2025-12-16,AMZN,222.55999755859375,39298900
2025-12-17,AMZN,221.27000427246094,44034400
2025-12-18,AMZN,226.75999450683594,50272400
2025-12-19,AMZN,227.35000610351562,85544400
2025-12-22,AMZN,228.42999267578125,32261300
2025-12-23,AMZN,232.13999938964844,29230200
2025-12-24,AMZN,232.3800048828125,11420500
2025-12-26,AMZN,232.52000427246094,15994700
2025-12-29,AMZN,232.07000732421875,19797900
2025-12-30,AMZN,232.52999877929688,21910500
2025-12-31,AMZN,230.82000732421875,24383700
2026-01-02,AMZN,226.5,51456200
2026-01-05,AMZN,233.05999755859375,49733300
2026-01-06,AMZN,240.92999267578125,53764700
2026-01-07,AMZN,241.55999755859375,42236500
2026-01-08,AMZN,246.2899932861328,39509800
2026-01-09,AMZN,247.3800048828125,34560000
2026-01-12,AMZN,246.47000122070312,35867800
2026-01-13,AMZN,242.60000610351562,38371800
2026-01-14,AMZN,236.64999389648438,41410600
2026-01-15,AMZN,238.17999267578125,43003600
2026-01-16,AMZN,239.1199951171875,45888300
2026-01-20,AMZN,231.0,47737900
2026-01-21,AMZN,231.30999755859375,47276100
2026-01-22,AMZN,234.33999633789062,31913300
2026-01-23,AMZN,239.16000366210938,33778500
2026-01-26,AMZN,238.4199981689453,32825500
2026-01-27,AMZN,244.67999267578125,38029200
2026-01-28,AMZN,243.00999450683594,40882700
2026-01-29,AMZN,241.72999572753906,47229600
2026-01-30,AMZN,239.3000030517578,46585000
2026-02-02,AMZN,242.9600067138672,37546100
2026-02-03,AMZN,238.6199951171875,53831300
2026-02-04,AMZN,232.99000549316406,51299900
2026-02-05,AMZN,222.69000244140625,103509200
2026-02-06,AMZN,210.32000732421875,179210900
2026-02-09,AMZN,208.72000122070312,91178400
2026-02-10,AMZN,206.9600067138672,67175000
2026-02-11,AMZN,204.0800018310547,65545500
2026-02-12,AMZN,199.60000610351562,83975400
2026-02-13,AMZN,198.7899932861328,66321600
2026-02-17,AMZN,201.14999389648438,69879200
2026-02-18,AMZN,204.7899932861328,51003300
2026-02-19,AMZN,204.86000061035156,35669600
2026-02-20,AMZN,210.11000061035156,65881600
2026-02-23,AMZN,205.27000427246094,53581500
2026-02-24,AMZN,208.55999755859375,41137200
2026-02-25,AMZN,210.63999938964844,41346400
2026-02-26,AMZN,207.9199981689453,47756800
2026-02-27,AMZN,210.0,57422800
2026-03-02,AMZN,208.38999938964844,46001000
2026-03-03,AMZN,208.72999572753906,43184900
2026-03-04,AMZN,216.82000732421875,54731100
2026-03-05,AMZN,218.94000244140625,60943400
2026-03-06,AMZN,213.2100067138672,51152700
2026-03-09,AMZN,213.49000549316406,54642900
2026-03-10,AMZN,214.3300018310547,35678800
2026-03-11,AMZN,212.64999389648438,34199300
2026-03-12,AMZN,209.52999877929688,44349500
2026-03-13,AMZN,207.6699981689453,35662100
2026-03-16,AMZN,211.74000549316406,42209300
2026-03-17,AMZN,215.1999969482422,44969900
2026-03-18,AMZN,209.8699951171875,37846600
2026-03-19,AMZN,208.75999450683594,36440600
2026-03-20,AMZN,205.3699951171875,63694600
2026-03-23,AMZN,210.13999938964844,44277400
2026-03-24,AMZN,207.24000549316406,35351400
2026-03-25,AMZN,211.7100067138672,36388800
2026-03-26,AMZN,207.5399932861328,46746000
2026-03-27,AMZN,199.33999633789062,56009800
2026-03-30,AMZN,200.9499969482422,46373800
2026-03-31,AMZN,208.27000427246094,58470100
2026-04-01,AMZN,210.57000732421875,45955400
2026-04-02,AMZN,209.77000427246094,31453000
2026-04-06,AMZN,212.7899932861328,25385500
2026-04-07,AMZN,213.77000427246094,28154600
2026-04-08,AMZN,221.25,51092700
2026-04-09,AMZN,233.64999389648438,65964200
2026-04-10,AMZN,238.3800048828125,56912800
2026-04-13,AMZN,239.88999938964844,42166200
2026-04-14,AMZN,249.02000427246094,72685000
2026-04-15,AMZN,248.5,43045200
2026-04-16,AMZN,249.6999969482422,41895700
2026-04-17,AMZN,250.55999755859375,52029300
2026-04-20,AMZN,248.27999877929688,39463100
2026-04-21,AMZN,249.91000366210938,42922400
2026-04-22,AMZN,255.36000061035156,36065100
2026-04-23,AMZN,255.0800018310547,39091400
2026-04-24,AMZN,263.989990234375,53777400
2026-04-27,AMZN,261.1199951171875,44906800
2026-04-28,AMZN,259.70001220703125,42204400
2026-04-29,AMZN,263.0400085449219,72367900
2026-04-30,AMZN,265.05999755859375,100974900
2026-05-01,AMZN,268.260009765625,50825200
2026-05-04,AMZN,272.04998779296875,49083700
2026-05-05,AMZN,273.54998779296875,41908500
2026-05-06,AMZN,274.989990234375,44552000
2026-05-07,AMZN,271.1700134277344,35892900
2026-05-08,AMZN,272.67999267578125,34732700
2026-05-11,AMZN,268.989990234375,38176700
2026-05-12,AMZN,265.82000732421875,36776200
2026-05-13,AMZN,270.1300048828125,39670900
2026-05-14,AMZN,267.2200012207031,31338400
2026-05-15,AMZN,264.1400146484375,40770300
2026-05-18,AMZN,264.8599853515625,33690800
2026-05-19,AMZN,259.3399963378906,40340700
2026-05-20,AMZN,265.010009765625,34933200
2026-05-21,AMZN,268.4599914550781,36591700
2026-05-22,AMZN,266.32000732421875,27535500
2026-05-26,AMZN,265.2900085449219,38028100
2026-05-27,AMZN,271.8500061035156,40061900
2026-05-28,AMZN,274.0,40630400
2026-05-29,AMZN,270.6400146484375,54749600
2026-06-01,AMZN,261.260009765625,53604400
2026-06-02,AMZN,256.5199890136719,41811000
2026-06-03,AMZN,250.02000427246094,51394200
2026-06-04,AMZN,253.7899932861328,35609800
2026-06-05,AMZN,246.02999877929688,55607800
2026-06-08,AMZN,245.22000122070312,33899500
2026-06-09,AMZN,244.19000244140625,44425400
2026-06-10,AMZN,238.0,38590200
2026-06-11,AMZN,241.50999450683594,41335400
2026-06-12,AMZN,238.5500030517578,51186600
2026-06-15,AMZN,246.02000427246094,41711600
2026-06-16,AMZN,246.0,35187400
2026-06-17,AMZN,237.5,44780800
2026-06-18,AMZN,244.38999938964844,75624400
2026-06-22,AMZN,232.7899932861328,68388500
2026-06-23,AMZN,234.11000061035156,60492600
2026-06-24,AMZN,234.27000427246094,70282600
2026-06-25,AMZN,227.00999450683594,77674100
2026-06-26,AMZN,232.69000244140625,248372100
2026-06-29,AMZN,240.13999938964844,77619200
2026-06-30,AMZN,238.33999633789062,66228300
2026-07-01,AMZN,241.6999969482422,53829900
2026-07-02,AMZN,242.6699981689453,48246400
2026-07-06,AMZN,244.16000366210938,40044000
2026-07-07,AMZN,245.97999572753906,40579600
2026-07-08,AMZN,243.6199951171875,29653000
2026-07-09,AMZN,247.0399932861328,38091700
2026-07-10,AMZN,245.33999633789062,31654000
2026-07-13,AMZN,247.30999755859375,34636100
2026-07-14,AMZN,247.49000549316406,30108100
2026-07-15,AMZN,254.9600067138672,45240600
2026-07-16,AMZN,249.88999938964844,45343700
2026-07-17,AMZN,247.22999572753906,43572400
2026-07-20,AMZN,249.99000549316406,32406500
2026-07-21,AMZN,247.5500030517578,27732100
2026-07-22,AMZN,244.85000610351562,34112700
2026-07-23,AMZN,233.66000366210938,47465300
2026-07-24,AMZN,232.11000061035156,35017400
2026-07-27,AMZN,231.38999938964844,34999500
2026-07-28,AMZN,230.86000061035156,44521600
2026-07-29,AMZN,226.64999389648438,44957500
2026-07-30,AMZN,235.5,101839800
2026-07-31,AMZN,271.5799865722656,129054800
2026-08-03,AMZN,284.0199890136719,90830200
2026-08-04,AMZN,277.4200134277344,69748100
2026-08-05,AMZN,272.6499938964844,42366662
2021-08-06,TSLA,233.03334045410156,46869000
2021-08-09,TSLA,237.9199981689453,44145900
2021-08-10,TSLA,236.663330078125,40296900
2021-08-11,TSLA,235.94000244140625,29401800
2021-08-12,TSLA,240.75,52377300
2021-08-13,TSLA,239.05667114257812,50194500
2021-08-16,TSLA,228.72332763671875,68032200
2021-08-17,TSLA,221.90333557128906,71163900
2021-08-18,TSLA,229.663330078125,61048200
2021-08-19,TSLA,224.49000549316406,42940500
2021-08-20,TSLA,226.75332641601562,44525700
2021-08-23,TSLA,235.43333435058594,60794700
2021-08-24,TSLA,236.163330078125,39249300
2021-08-25,TSLA,237.06666564941406,37936800
2021-08-26,TSLA,233.72000122070312,39642900
2021-08-27,TSLA,237.30667114257812,41501400
2021-08-30,TSLA,243.6366729736328,55812600
2021-08-31,TSLA,245.24000549316406,62566200
2021-09-01,TSLA,244.69667053222656,39612900
2021-09-02,TSLA,244.1300048828125,38331900
2021-09-03,TSLA,244.52333068847656,45738300
2021-09-07,TSLA,250.97332763671875,60119400
2021-09-08,TSLA,251.2899932861328,56379000
2021-09-09,TSLA,251.6199951171875,42233100
2021-09-10,TSLA,245.42333984375,45552600
2021-09-13,TSLA,247.6666717529297,68857500
2021-09-14,TSLA,248.163330078125,55574700
2021-09-15,TSLA,251.94332885742188,46073100
2021-09-16,TSLA,252.3300018310547,41770200
2021-09-17,TSLA,253.163330078125,84612600
2021-09-20,TSLA,243.38999938964844,74273100
2021-09-21,TSLA,246.4600067138672,48992100
2021-09-22,TSLA,250.64666748046875,45378900
2021-09-23,TSLA,251.2133331298828,35842500
2021-09-24,TSLA,258.1300048828125,64119000
2021-09-27,TSLA,263.78668212890625,84212100
2021-09-28,TSLA,259.1866760253906,76144200
2021-09-29,TSLA,260.4366760253906,62828700
2021-09-30,TSLA,258.49334716796875,53868000
2021-10-01,TSLA,258.40667724609375,51094200
2021-10-04,TSLA,260.510009765625,91449900
2021-10-05,TSLA,260.1966552734375,55297800
2021-10-06,TSLA,260.9166564941406,43898400
2021-10-07,TSLA,264.53668212890625,57587400
2021-10-08,TSLA,261.8299865722656,50215800
2021-10-11,TSLA,263.9800109863281,42600900
2021-10-12,TSLA,268.5733337402344,66060000
2021-10-13,TSLA,270.3599853515625,42360300
2021-10-14,TSLA,272.7733459472656,36741600
2021-10-15,TSLA,281.010009765625,56773800
2021-10-18,TSLA,290.03668212890625,72621600
2021-10-19,TSLA,288.0899963378906,52143300
2021-10-20,TSLA,288.6000061035156,42096300
2021-10-21,TSLA,298.0,94444500
2021-10-22,TSLA,303.2266540527344,68642400
2021-10-25,TSLA,341.6199951171875,188556300
2021-10-26,TSLA,339.4766540527344,187245000
2021-10-27,TSLA,345.9533386230469,115579500
2021-10-28,TSLA,359.0133361816406,81639600
2021-10-29,TSLA,371.3333435058594,89755200
2021-11-01,TSLA,402.86334228515625,168146100
2021-11-02,TSLA,390.6666564941406,128213400
2021-11-03,TSLA,404.6199951171875,103885500
2021-11-04,TSLA,409.9700012207031,76192200
2021-11-05,TSLA,407.36334228515625,64886400
2021-11-08,TSLA,387.64666748046875,100337100
2021-11-09,TSLA,341.1666564941406,177317400
2021-11-10,TSLA,355.98333740234375,128408100
2021-11-11,TSLA,354.5033264160156,67189800
2021-11-12,TSLA,344.47332763671875,76719300
2021-11-15,TSLA,337.7966613769531,104326800
2021-11-16,TSLA,351.57666015625,79627200
2021-11-17,TSLA,363.0033264160156,94336200
2021-11-18,TSLA,365.4599914550781,62696700
2021-11-19,TSLA,379.0199890136719,64926900
2021-11-22,TSLA,385.6233215332031,99217500
2021-11-23,TSLA,369.6766662597656,108515100
2021-11-24,TSLA,372.0,67680600
2021-11-26,TSLA,360.6400146484375,35042700
2021-11-29,TSLA,378.9966735839844,58393500
2021-11-30,TSLA,381.586669921875,81276000
2021-12-01,TSLA,365.0,68450400
2021-12-02,TSLA,361.5333251953125,73114800
2021-12-03,TSLA,338.3233337402344,92322000
2021-12-06,TSLA,336.336669921875,81663000
2021-12-07,TSLA,350.5833435058594,56084700
2021-12-08,TSLA,356.32000732421875,41906400
2021-12-09,TSLA,334.6000061035156,59438400
2021-12-10,TSLA,339.010009765625,59664300
2021-12-13,TSLA,322.13665771484375,78595500
2021-12-14,TSLA,319.5033264160156,70806300
2021-12-15,TSLA,325.3299865722656,75169200
2021-12-16,TSLA,308.97332763671875,82771500
2021-12-17,TSLA,310.8566589355469,100437300
2021-12-20,TSLA,299.9800109863281,56480100
2021-12-21,TSLA,312.84332275390625,71517900
2021-12-22,TSLA,336.2900085449219,93634200
2021-12-23,TSLA,355.6666564941406,92713200
2021-12-27,TSLA,364.64666748046875,71145900
2021-12-28,TSLA,362.8233337402344,60324000
2021-12-29,TSLA,362.0633239746094,56154000
2021-12-30,TSLA,356.7799987792969,47040900
2021-12-31,TSLA,352.260009765625,40733700
2022-01-03,TSLA,399.9266662597656,103931400
2022-01-04,TSLA,383.1966552734375,100248300
2022-01-05,TSLA,362.7066650390625,80119800
2022-01-06,TSLA,354.8999938964844,90336600
2022-01-07,TSLA,342.32000732421875,84164700
2022-01-10,TSLA,352.7066650390625,91815000
2022-01-11,TSLA,354.79998779296875,66063300
2022-01-12,TSLA,368.739990234375,83739000
2022-01-13,TSLA,343.85333251953125,97209900
2022-01-14,TSLA,349.8699951171875,72924300
2022-01-18,TSLA,343.5033264160156,66743400
2022-01-19,TSLA,331.8833312988281,75442500
2022-01-20,TSLA,332.0899963378906,70488600
2022-01-21,TSLA,314.6333312988281,103416000
2022-01-24,TSLA,310.0,151565700
2022-01-25,TSLA,306.1333312988281,86595900
2022-01-26,TSLA,312.4700012207031,104867400
2022-01-27,TSLA,276.3666687011719,147109500
2022-01-28,TSLA,282.1166687011719,134789100
2022-01-31,TSLA,312.239990234375,104436000
2022-02-01,TSLA,310.4166564941406,73138200
2022-02-02,TSLA,301.88665771484375,66792900
2022-02-03,TSLA,297.0466613769531,78855600
2022-02-04,TSLA,307.7733459472656,73625400
2022-02-07,TSLA,302.4466552734375,60994500
2022-02-08,TSLA,307.3333435058594,50729100
2022-02-09,TSLA,310.6666564941406,52259400
2022-02-10,TSLA,301.51666259765625,66126900
2022-02-11,TSLA,286.6666564941406,79645800
2022-02-14,TSLA,291.9200134277344,67756500
2022-02-15,TSLA,307.4766540527344,57286200
2022-02-16,TSLA,307.7966613769531,51294300
2022-02-17,TSLA,292.1166687011719,55178400
2022-02-18,TSLA,285.6600036621094,68501700
2022-02-22,TSLA,273.84332275390625,83288100
2022-02-23,TSLA,254.67999267578125,95256900
2022-02-24,TSLA,266.92333984375,135322200
2022-02-25,TSLA,269.9566650390625,76067700
2022-02-28,TSLA,290.1433410644531,99006900
2022-03-01,TSLA,288.1233215332031,74766900
2022-03-02,TSLA,293.2966613769531,74643300
2022-03-03,TSLA,279.7633361816406,61623600
2022-03-04,TSLA,279.42999267578125,66999600
2022-03-07,TSLA,268.1933288574219,72494100
2022-03-08,TSLA,274.79998779296875,80399100
2022-03-09,TSLA,286.3233337402344,59184000
2022-03-10,TSLA,279.4333190917969,58648500
2022-03-11,TSLA,265.1166687011719,67037100
2022-03-14,TSLA,255.4566650390625,71152200
2022-03-15,TSLA,267.2966613769531,66841200
2022-03-16,TSLA,280.07666015625,84028800
2022-03-17,TSLA,290.5333251953125,66582900
2022-03-18,TSLA,301.7966613769531,100414200
2022-03-21,TSLA,307.0533447265625,81981600
2022-03-22,TSLA,331.32666015625,105868500
2022-03-23,TSLA,333.03668212890625,120676200
2022-03-24,TSLA,337.97332763671875,68920800
2022-03-25,TSLA,336.8800048828125,62031600
2022-03-28,TSLA,363.9466552734375,102506100
2022-03-29,TSLA,366.5233459472656,73614900
2022-03-30,TSLA,364.663330078125,59865000
2022-03-31,TSLA,359.20001220703125,48992700
2022-04-01,TSLA,361.5299987792969,54263100
2022-04-04,TSLA,381.8166809082031,82035900
2022-04-05,TSLA,363.7533264160156,80075100
2022-04-06,TSLA,348.586669921875,89348400
2022-04-07,TSLA,352.4200134277344,79447200
2022-04-08,TSLA,341.8299865722656,55013700
2022-04-11,TSLA,325.30999755859375,59357100
2022-04-12,TSLA,328.98333740234375,65976000
2022-04-13,TSLA,340.7900085449219,55121100
2022-04-14,TSLA,328.3333435058594,58422300
2022-04-18,TSLA,334.7633361816406,51715200
2022-04-19,TSLA,342.7166748046875,49847700
2022-04-20,TSLA,325.73333740234375,70711200
2022-04-21,TSLA,336.260009765625,105416400
2022-04-22,TSLA,335.01666259765625,69696600
2022-04-25,TSLA,332.67333984375,68341200
2022-04-26,TSLA,292.1400146484375,136133700
2022-04-27,TSLA,293.836669921875,76956300
2022-04-28,TSLA,292.5033264160156,124948500
2022-04-29,TSLA,290.2533264160156,88133100
2022-05-02,TSLA,300.9800109863281,75781500
2022-05-03,TSLA,303.0833435058594,63709500
2022-05-04,TSLA,317.5400085449219,81643800
2022-05-05,TSLA,291.09332275390625,92519100
2022-05-06,TSLA,288.54998779296875,72903000
2022-05-09,TSLA,262.3699951171875,90810300
2022-05-10,TSLA,266.67999267578125,84401700
2022-05-11,TSLA,244.6666717529297,97224600
2022-05-12,TSLA,242.6666717529297,140313000
2022-05-13,TSLA,256.5299987792969,92150700
2022-05-16,TSLA,241.4566650390625,86098500
2022-05-17,TSLA,253.8699951171875,80236200
2022-05-18,TSLA,236.60333251953125,87811800
2022-05-19,TSLA,236.47332763671875,90296700
2022-05-20,TSLA,221.3000030517578,144973200
2022-05-23,TSLA,224.96665954589844,88903500
2022-05-24,TSLA,209.3866729736328,89092500
2022-05-25,TSLA,219.60000610351562,92139300
2022-05-26,TSLA,235.91000366210938,106003200
2022-05-27,TSLA,253.2100067138672,89295000
2022-05-31,TSLA,252.75332641601562,101914500
2022-06-01,TSLA,246.7899932861328,77247900
2022-06-02,TSLA,258.3333435058594,93473100
2022-06-03,TSLA,234.51666259765625,112393800
2022-06-06,TSLA,238.27999877929688,84204600
2022-06-07,TSLA,238.8866729736328,72808500
2022-06-08,TSLA,241.86666870117188,76210500
2022-06-09,TSLA,239.7066650390625,96491400
2022-06-10,TSLA,232.22999572753906,97536600
2022-06-13,TSLA,215.73666381835938,102767400
2022-06-14,TSLA,220.88999938964844,97988700
2022-06-15,TSLA,233.0,119131800
2022-06-16,TSLA,213.10000610351562,107390700
2022-06-17,TSLA,216.75999450683594,92641800
2022-06-21,TSLA,237.0366668701172,122793000
2022-06-22,TSLA,236.086669921875,101107500
2022-06-23,TSLA,235.07000732421875,104202600
2022-06-24,TSLA,245.7066650390625,95770800
2022-06-27,TSLA,244.9199981689453,89178300
2022-06-28,TSLA,232.663330078125,90391200
2022-06-29,TSLA,228.49000549316406,82897200
2022-06-30,TSLA,224.47332763671875,94600500
2022-07-01,TSLA,227.26333618164062,74460300
2022-07-05,TSLA,233.06666564941406,84581100
2022-07-06,TSLA,231.73333740234375,71853600
2022-07-07,TSLA,244.5433349609375,81930600
2022-07-08,TSLA,250.76333618164062,101854200
2022-07-11,TSLA,234.3433380126953,99241200
2022-07-12,TSLA,233.07000732421875,87930900
2022-07-13,TSLA,237.0399932861328,97954500
2022-07-14,TSLA,238.31333923339844,78557400
2022-07-15,TSLA,240.06666564941406,69683100
2022-07-18,TSLA,240.54666137695312,82537500
2022-07-19,TSLA,245.52999877929688,80890200
2022-07-20,TSLA,247.5,88864200
2022-07-21,TSLA,271.7066650390625,142032300
2022-07-22,TSLA,272.24334716796875,103472700
2022-07-25,TSLA,268.4333190917969,64073400
2022-07-26,TSLA,258.8599853515625,66820800
2022-07-27,TSLA,274.82000732421875,88110000
2022-07-28,TSLA,280.8999938964844,84723000
2022-07-29,TSLA,297.1499938964844,95313000
2022-08-01,TSLA,297.27667236328125,117042900
2022-08-02,TSLA,300.586669921875,95577600
2022-08-03,TSLA,307.39666748046875,80091000
2022-08-04,TSLA,308.6333312988281,72256200
2022-08-05,TSLA,288.1700134277344,113172900
2022-08-08,TSLA,290.42333984375,98994000
2022-08-09,TSLA,283.3333435058594,86244600
2022-08-10,TSLA,294.3566589355469,94918800
2022-08-11,TSLA,286.6300048828125,70155000
2022-08-12,TSLA,300.0299987792969,79657200
2022-08-15,TSLA,309.32000732421875,89359200
2022-08-16,TSLA,306.5633239746094,88136400
2022-08-17,TSLA,303.9966735839844,68766000
2022-08-18,TSLA,302.8699951171875,47500500
2022-08-19,TSLA,296.6666564941406,61395300
2022-08-22,TSLA,289.913330078125,55843200
2022-08-23,TSLA,296.4533386230469,63984900
2022-08-24,TSLA,297.0966796875,57259800
2022-08-25,TSLA,296.07000732421875,53230000
2022-08-26,TSLA,288.0899963378906,57163900
2022-08-29,TSLA,284.82000732421875,41864700
2022-08-30,TSLA,277.70001220703125,50541800
2022-08-31,TSLA,275.6099853515625,52107300
2022-09-01,TSLA,277.1600036621094,54287000
2022-09-02,TSLA,270.2099914550781,50890100
2022-09-06,TSLA,274.4200134277344,55860000
2022-09-07,TSLA,283.70001220703125,50028900
2022-09-08,TSLA,289.260009765625,53713100
2022-09-09,TSLA,299.67999267578125,54338100
2022-09-12,TSLA,304.4200134277344,48674600
2022-09-13,TSLA,292.1300048828125,68229600
2022-09-14,TSLA,302.6099853515625,72628700
2022-09-15,TSLA,303.75,64795500
2022-09-16,TSLA,303.3500061035156,87087800
2022-09-19,TSLA,309.07000732421875,60231200
2022-09-20,TSLA,308.7300109863281,61642800
2022-09-21,TSLA,300.79998779296875,62555700
2022-09-22,TSLA,288.5899963378906,70545400
2022-09-23,TSLA,275.3299865722656,63748400
2022-09-26,TSLA,276.010009765625,58076900
2022-09-27,TSLA,282.94000244140625,61925200
2022-09-28,TSLA,287.80999755859375,54664800
2022-09-29,TSLA,268.2099914550781,77620600
2022-09-30,TSLA,265.25,67726600
2022-10-03,TSLA,242.39999389648438,98363500
2022-10-04,TSLA,249.44000244140625,109578500
2022-10-05,TSLA,240.80999755859375,86982700
2022-10-06,TSLA,238.1300048828125,69298400
2022-10-07,TSLA,223.07000732421875,83916800
2022-10-10,TSLA,222.9600067138672,67925000
2022-10-11,TSLA,216.5,77013200
2022-10-12,TSLA,217.24000549316406,66860700
2022-10-13,TSLA,221.72000122070312,91483000
2022-10-14,TSLA,204.99000549316406,94124500
2022-10-17,TSLA,219.35000610351562,79428800
2022-10-18,TSLA,220.19000244140625,75891900
2022-10-19,TSLA,222.0399932861328,66571500
2022-10-20,TSLA,207.27999877929688,117798100
2022-10-21,TSLA,214.44000244140625,75713800
2022-10-24,TSLA,211.25,100446800
2022-10-25,TSLA,222.4199981689453,96507900
2022-10-26,TSLA,224.63999938964844,85012500
2022-10-27,TSLA,225.08999633789062,61638800
2022-10-28,TSLA,228.52000427246094,69152400
2022-10-31,TSLA,227.5399932861328,61554300
2022-11-01,TSLA,227.82000732421875,62688800
2022-11-02,TSLA,214.97999572753906,63070300
2022-11-03,TSLA,215.30999755859375,56538800
2022-11-04,TSLA,207.47000122070312,98622200
2022-11-07,TSLA,197.0800018310547,93916500
2022-11-08,TSLA,191.3000030517578,128803400
2022-11-09,TSLA,177.58999633789062,127062700
2022-11-10,TSLA,190.72000122070312,132703000
2022-11-11,TSLA,195.97000122070312,114403600
2022-11-14,TSLA,190.9499969482422,92226600
2022-11-15,TSLA,194.4199981689453,91293800
2022-11-16,TSLA,186.9199981689453,66567600
2022-11-17,TSLA,183.1699981689453,64336000
2022-11-18,TSLA,180.19000244140625,76048900
2022-11-21,TSLA,167.8699951171875,92882700
2022-11-22,TSLA,169.91000366210938,78452300
2022-11-23,TSLA,183.1999969482422,109536700
2022-11-25,TSLA,182.86000061035156,50672700
2022-11-28,TSLA,182.9199981689453,92905200
2022-11-29,TSLA,180.8300018310547,83357100
2022-11-30,TSLA,194.6999969482422,109186400
2022-12-01,TSLA,194.6999969482422,80046200
2022-12-02,TSLA,194.86000061035156,73645900
2022-12-05,TSLA,182.4499969482422,93122700
2022-12-06,TSLA,179.82000732421875,92150800
2022-12-07,TSLA,174.0399932861328,84213300
2022-12-08,TSLA,173.44000244140625,97624500
2022-12-09,TSLA,179.0500030517578,104872300
2022-12-12,TSLA,167.82000732421875,109794500
2022-12-13,TSLA,160.9499969482422,175862700
2022-12-14,TSLA,156.8000030517578,140682300
2022-12-15,TSLA,157.6699981689453,122334500
2022-12-16,TSLA,150.22999572753906,139032200
2022-12-19,TSLA,149.8699951171875,139390600
2022-12-20,TSLA,137.8000030517578,159563300
2022-12-21,TSLA,137.57000732421875,145417400
2022-12-22,TSLA,125.3499984741211,210090300
2022-12-23,TSLA,123.1500015258789,166989700
2022-12-27,TSLA,109.0999984741211,208643400
2022-12-28,TSLA,112.70999908447266,221070500
2022-12-29,TSLA,121.81999969482422,221923300
2022-12-30,TSLA,123.18000030517578,157777300
2023-01-03,TSLA,108.0999984741211,231402800
2023-01-04,TSLA,113.63999938964844,180389000
2023-01-05,TSLA,110.33999633789062,157986300
2023-01-06,TSLA,113.05999755859375,220911100
2023-01-09,TSLA,119.7699966430664,190284000
2023-01-10,TSLA,118.8499984741211,167642500
2023-01-11,TSLA,123.22000122070312,183810800
2023-01-12,TSLA,123.55999755859375,169400900
2023-01-13,TSLA,122.4000015258789,180714100
2023-01-17,TSLA,131.49000549316406,186477000
2023-01-18,TSLA,128.77999877929688,195680300
2023-01-19,TSLA,127.16999816894531,170291900
2023-01-20,TSLA,133.4199981689453,138858100
2023-01-23,TSLA,143.75,203119200
2023-01-24,TSLA,143.88999938964844,158699100
2023-01-25,TSLA,144.42999267578125,192734300
2023-01-26,TSLA,160.27000427246094,234815100
2023-01-27,TSLA,177.89999389648438,306590600
2023-01-30,TSLA,166.66000366210938,230878800
2023-01-31,TSLA,173.22000122070312,196813500
2023-02-01,TSLA,181.41000366210938,213806300
2023-02-02,TSLA,188.27000427246094,217448300
2023-02-03,TSLA,189.97999572753906,232662000
2023-02-06,TSLA,194.75999450683594,186188100
2023-02-07,TSLA,196.80999755859375,186010300
2023-02-08,TSLA,201.2899932861328,180673600
2023-02-09,TSLA,207.32000732421875,215431400
2023-02-10,TSLA,196.88999938964844,204754100
2023-02-13,TSLA,194.63999938964844,172475500
2023-02-14,TSLA,209.25,216455700
2023-02-15,TSLA,214.24000549316406,181006400
2023-02-16,TSLA,202.0399932861328,229586500
2023-02-17,TSLA,208.30999755859375,213738500
2023-02-21,TSLA,197.3699951171875,180018600
2023-02-22,TSLA,200.86000061035156,191828500
2023-02-23,TSLA,202.07000732421875,146360000
2023-02-24,TSLA,196.8800048828125,142228100
2023-02-27,TSLA,207.6300048828125,161028300
2023-02-28,TSLA,205.7100067138672,153144900
2023-03-01,TSLA,202.77000427246094,156852800
2023-03-02,TSLA,190.89999389648438,181500700
2023-03-03,TSLA,197.7899932861328,154193300
2023-03-06,TSLA,193.80999755859375,128100100
2023-03-07,TSLA,187.7100067138672,148125800
2023-03-08,TSLA,182.0,151897800
2023-03-09,TSLA,172.9199981689453,170023800
2023-03-10,TSLA,173.44000244140625,191488900
2023-03-13,TSLA,174.47999572753906,167790300
2023-03-14,TSLA,183.25999450683594,143717900
2023-03-15,TSLA,180.4499969482422,145995600
2023-03-16,TSLA,184.1300048828125,121136800
2023-03-17,TSLA,180.1300048828125,133197100
2023-03-20,TSLA,183.25,129684400
2023-03-21,TSLA,197.5800018310547,153391400
2023-03-22,TSLA,191.14999389648438,150376400
2023-03-23,TSLA,192.22000122070312,144193900
2023-03-24,TSLA,190.41000366210938,116312400
2023-03-27,TSLA,191.80999755859375,120851600
2023-03-28,TSLA,189.19000244140625,98654600
2023-03-29,TSLA,193.8800048828125,123660000
2023-03-30,TSLA,195.27999877929688,110252200
2023-03-31,TSLA,207.4600067138672,170222100
2023-04-03,TSLA,194.77000427246094,169545900
2023-04-04,TSLA,192.5800018310547,126463800
2023-04-05,TSLA,185.52000427246094,133882500
2023-04-06,TSLA,185.05999755859375,123857900
2023-04-10,TSLA,184.50999450683594,142154600
2023-04-11,TSLA,186.7899932861328,115770900
2023-04-12,TSLA,180.5399932861328,150256300
2023-04-13,TSLA,185.89999389648438,112933000
2023-04-14,TSLA,185.0,96438700
2023-04-17,TSLA,187.0399932861328,116662200
2023-04-18,TSLA,184.30999755859375,92067000
2023-04-19,TSLA,180.58999633789062,125732700
2023-04-20,TSLA,162.99000549316406,210970800
2023-04-21,TSLA,165.0800018310547,123539000
2023-04-24,TSLA,162.5500030517578,140006600
2023-04-25,TSLA,160.6699981689453,121999300
2023-04-26,TSLA,153.75,153364100
2023-04-27,TSLA,160.19000244140625,127015200
2023-04-28,TSLA,164.30999755859375,122515800
2023-05-01,TSLA,161.8300018310547,109015000
2023-05-02,TSLA,160.30999755859375,128259700
2023-05-03,TSLA,160.61000061035156,119728000
2023-05-04,TSLA,161.1999969482422,95108500
2023-05-05,TSLA,170.05999755859375,107607300
2023-05-08,TSLA,171.7899932861328,112249400
2023-05-09,TSLA,169.14999389648438,88965000
2023-05-10,TSLA,168.5399932861328,119840700
2023-05-11,TSLA,172.0800018310547,103889900
2023-05-12,TSLA,167.97999572753906,157849600
2023-05-15,TSLA,166.35000610351562,105592500
2023-05-16,TSLA,166.52000427246094,98288800
2023-05-17,TSLA,173.86000061035156,125473600
2023-05-18,TSLA,176.88999938964844,109520300
2023-05-19,TSLA,180.13999938964844,136196700
2023-05-22,TSLA,188.8699951171875,132001400
2023-05-23,TSLA,185.77000427246094,156952100
2023-05-24,TSLA,182.89999389648438,137605100
2023-05-25,TSLA,184.47000122070312,96870700
2023-05-26,TSLA,193.1699981689453,162061500
2023-05-30,TSLA,201.16000366210938,128818700
2023-05-31,TSLA,203.92999267578125,150711700
2023-06-01,TSLA,207.52000427246094,148029900
2023-06-02,TSLA,213.97000122070312,164398400
2023-06-05,TSLA,217.61000061035156,151143100
2023-06-06,TSLA,221.30999755859375,146911600
2023-06-07,TSLA,224.57000732421875,185710800
2023-06-08,TSLA,234.86000061035156,164489700
2023-06-09,TSLA,244.39999389648438,200242400
2023-06-12,TSLA,249.8300018310547,150337900
2023-06-13,TSLA,258.7099914550781,162384300
2023-06-14,TSLA,256.7900085449219,170575500
2023-06-15,TSLA,255.89999389648438,160171200
2023-06-16,TSLA,260.5400085449219,167915600
2023-06-20,TSLA,274.45001220703125,165611200
2023-06-21,TSLA,259.4599914550781,211797100
2023-06-22,TSLA,264.6099853515625,166875900
2023-06-23,TSLA,256.6000061035156,177460800
2023-06-26,TSLA,241.0500030517578,179990600
2023-06-27,TSLA,250.2100067138672,164968200
2023-06-28,TSLA,256.239990234375,159770800
2023-06-29,TSLA,257.5,131283400
2023-06-30,TSLA,261.7699890136719,112620800
2023-07-03,TSLA,279.82000732421875,119685900
2023-07-05,TSLA,282.4800109863281,131530900
2023-07-06,TSLA,276.5400085449219,120332100
2023-07-07,TSLA,274.42999267578125,113879200
2023-07-10,TSLA,269.6099853515625,119425400
2023-07-11,TSLA,269.7900085449219,91972400
2023-07-12,TSLA,271.989990234375,95672100
2023-07-13,TSLA,277.8999938964844,112681500
2023-07-14,TSLA,281.3800048828125,120062400
2023-07-17,TSLA,290.3800048828125,131569600
2023-07-18,TSLA,293.3399963378906,112120300
2023-07-19,TSLA,291.260009765625,142355400
2023-07-20,TSLA,262.8999938964844,175158300
2023-07-21,TSLA,260.0199890136719,161796100
2023-07-24,TSLA,269.05999755859375,136508500
2023-07-25,TSLA,265.2799987792969,112757300
2023-07-26,TSLA,264.3500061035156,95856200
2023-07-27,TSLA,255.7100067138672,103697300
2023-07-28,TSLA,266.44000244140625,111446000
2023-07-31,TSLA,267.42999267578125,84582200
2023-08-01,TSLA,261.07000732421875,83166000
2023-08-02,TSLA,254.11000061035156,101752900
2023-08-03,TSLA,259.32000732421875,97569100
2023-08-04,TSLA,253.86000061035156,99539900
2023-08-07,TSLA,251.4499969482422,111097900
2023-08-08,TSLA,249.6999969482422,96642200
2023-08-09,TSLA,242.19000244140625,101596300
2023-08-10,TSLA,245.33999633789062,109498600
2023-08-11,TSLA,242.64999389648438,99038600
2023-08-14,TSLA,239.75999450683594,98595300
2023-08-15,TSLA,232.9600067138672,88197600
2023-08-16,TSLA,225.60000610351562,112484500
2023-08-17,TSLA,219.22000122070312,120718400
2023-08-18,TSLA,215.49000549316406,136276600
2023-08-21,TSLA,231.27999877929688,135702700
2023-08-22,TSLA,233.19000244140625,130442800
2023-08-23,TSLA,236.86000061035156,101077600
2023-08-24,TSLA,230.0399932861328,99777400
2023-08-25,TSLA,238.58999633789062,106612200
2023-08-28,TSLA,238.82000732421875,107673700
2023-08-29,TSLA,257.17999267578125,134047600
2023-08-30,TSLA,256.8999938964844,121988400
2023-08-31,TSLA,258.0799865722656,108861700
2023-09-01,TSLA,245.00999450683594,132541600
2023-09-05,TSLA,256.489990234375,129469600
2023-09-06,TSLA,251.9199981689453,116959800
2023-09-07,TSLA,251.49000549316406,115312900
2023-09-08,TSLA,248.5,118367700
2023-09-11,TSLA,273.5799865722656,174667900
2023-09-12,TSLA,267.4800109863281,135999900
2023-09-13,TSLA,271.29998779296875,111673700
2023-09-14,TSLA,276.0400085449219,107709800
2023-09-15,TSLA,274.3900146484375,133692300
2023-09-18,TSLA,265.2799987792969,101543300
2023-09-19,TSLA,266.5,103704000
2023-09-20,TSLA,262.5899963378906,122514600
2023-09-21,TSLA,255.6999969482422,119951500
2023-09-22,TSLA,244.8800048828125,127524100
2023-09-25,TSLA,246.99000549316406,104636600
2023-09-26,TSLA,244.1199951171875,101993600
2023-09-27,TSLA,240.5,136597200
2023-09-28,TSLA,246.3800048828125,117058900
2023-09-29,TSLA,250.22000122070312,128522700
2023-10-02,TSLA,251.60000610351562,123810400
2023-10-03,TSLA,246.52999877929688,101985300
2023-10-04,TSLA,261.1600036621094,129721600
2023-10-05,TSLA,260.04998779296875,119159200
2023-10-06,TSLA,260.5299987792969,118121800
2023-10-09,TSLA,259.6700134277344,101377900
2023-10-10,TSLA,263.6199951171875,122656000
2023-10-11,TSLA,262.989990234375,103706300
2023-10-12,TSLA,258.8699951171875,111508100
2023-10-13,TSLA,251.1199951171875,102073800
2023-10-16,TSLA,253.9199981689453,88917200
2023-10-17,TSLA,254.85000610351562,93562900
2023-10-18,TSLA,242.67999267578125,125147800
2023-10-19,TSLA,220.11000061035156,170772700
2023-10-20,TSLA,211.99000549316406,138010100
2023-10-23,TSLA,212.0800018310547,150683400
2023-10-24,TSLA,216.52000427246094,118231100
2023-10-25,TSLA,212.4199981689453,107065100
2023-10-26,TSLA,205.75999450683594,115112600
2023-10-27,TSLA,207.3000030517578,94881200
2023-10-30,TSLA,197.36000061035156,136448200
2023-10-31,TSLA,200.83999633789062,118068300
2023-11-01,TSLA,205.66000366210938,121661700
2023-11-02,TSLA,218.50999450683594,125987600
2023-11-03,TSLA,219.9600067138672,119534800
2023-11-06,TSLA,219.27000427246094,117335800
2023-11-07,TSLA,222.17999267578125,116900100
2023-11-08,TSLA,222.11000061035156,106584800
2023-11-09,TSLA,209.97999572753906,142110500
2023-11-10,TSLA,214.64999389648438,130994000
2023-11-13,TSLA,223.7100067138672,140447600
2023-11-14,TSLA,237.41000366210938,149771600
2023-11-15,TSLA,242.83999633789062,150354000
2023-11-16,TSLA,233.58999633789062,136816800
2023-11-17,TSLA,234.3000030517578,142532800
2023-11-20,TSLA,235.60000610351562,116320100
2023-11-21,TSLA,241.1999969482422,122288000
2023-11-22,TSLA,234.2100067138672,117950600
2023-11-24,TSLA,235.4499969482422,65125200
2023-11-27,TSLA,236.0800018310547,112031800
2023-11-28,TSLA,246.72000122070312,148549900
2023-11-29,TSLA,244.13999938964844,135401300
2023-11-30,TSLA,240.0800018310547,132353200
2023-12-01,TSLA,238.8300018310547,121331700
2023-12-04,TSLA,235.5800018310547,104099800
2023-12-05,TSLA,238.72000122070312,137971100
2023-12-06,TSLA,239.3699951171875,126436200
2023-12-07,TSLA,242.63999938964844,107142300
2023-12-08,TSLA,243.83999633789062,103126800
2023-12-11,TSLA,239.74000549316406,97913900
2023-12-12,TSLA,237.00999450683594,95328300
2023-12-13,TSLA,239.2899932861328,146286300
2023-12-14,TSLA,251.0500030517578,160829200
2023-12-15,TSLA,253.5,135932800
2023-12-18,TSLA,252.0800018310547,116416500
2023-12-19,TSLA,257.2200012207031,106737400
2023-12-20,TSLA,247.13999938964844,125097000
2023-12-21,TSLA,254.5,109594200
2023-12-22,TSLA,252.5399932861328,93370100
2023-12-26,TSLA,256.6099853515625,86892400
2023-12-27,TSLA,261.44000244140625,106494400
2023-12-28,TSLA,253.17999267578125,113619900
2023-12-29,TSLA,248.47999572753906,100891600
2024-01-02,TSLA,248.4199981689453,104654200
2024-01-03,TSLA,238.4499969482422,121082600
2024-01-04,TSLA,237.92999267578125,102629300
2024-01-05,TSLA,237.49000549316406,92488900
2024-01-08,TSLA,240.4499969482422,85166600
2024-01-09,TSLA,234.9600067138672,96705700
2024-01-10,TSLA,233.94000244140625,91628500
2024-01-11,TSLA,227.22000122070312,105873600
2024-01-12,TSLA,218.88999938964844,123043800
2024-01-16,TSLA,219.91000366210938,115355000
2024-01-17,TSLA,215.5500030517578,103164400
2024-01-18,TSLA,211.8800048828125,108595400
2024-01-19,TSLA,212.19000244140625,102260300
2024-01-22,TSLA,208.8000030517578,117952500
2024-01-23,TSLA,209.13999938964844,106605900
2024-01-24,TSLA,207.8300018310547,123369900
2024-01-25,TSLA,182.6300048828125,198076800
2024-01-26,TSLA,183.25,107343200
2024-01-29,TSLA,190.92999267578125,125013100
2024-01-30,TSLA,191.58999633789062,109982300
2024-01-31,TSLA,187.2899932861328,103221400
2024-02-01,TSLA,188.86000061035156,91843300
2024-02-02,TSLA,187.91000366210938,110612700
2024-02-05,TSLA,181.05999755859375,134294400
2024-02-06,TSLA,185.10000610351562,122676000
2024-02-07,TSLA,187.5800018310547,111535200
2024-02-08,TSLA,189.55999755859375,83034000
2024-02-09,TSLA,193.57000732421875,84476300
2024-02-12,TSLA,188.1300048828125,95498600
2024-02-13,TSLA,184.02000427246094,86759500
2024-02-14,TSLA,188.7100067138672,81203000
2024-02-15,TSLA,200.4499969482422,120831800
2024-02-16,TSLA,199.9499969482422,111346700
2024-02-20,TSLA,193.75999450683594,104545800
2024-02-21,TSLA,194.77000427246094,103500300
2024-02-22,TSLA,197.41000366210938,92739500
2024-02-23,TSLA,191.97000122070312,78841900
2024-02-26,TSLA,199.39999389648438,111747100
2024-02-27,TSLA,199.72999572753906,108645400
2024-02-28,TSLA,202.0399932861328,99806200
2024-02-29,TSLA,201.8800048828125,85907000
2024-03-01,TSLA,202.63999938964844,82243100
2024-03-04,TSLA,188.13999938964844,134334900
2024-03-05,TSLA,180.74000549316406,119660800
2024-03-06,TSLA,176.5399932861328,107920900
2024-03-07,TSLA,178.64999389648438,102129000
2024-03-08,TSLA,175.33999633789062,85544600
2024-03-11,TSLA,177.77000427246094,85391500
2024-03-12,TSLA,177.5399932861328,87391700
2024-03-13,TSLA,169.47999572753906,106524500
2024-03-14,TSLA,162.5,126325700
2024-03-15,TSLA,163.57000732421875,97146800
2024-03-18,TSLA,173.8000030517578,108214400
2024-03-19,TSLA,171.32000732421875,77271400
2024-03-20,TSLA,175.66000366210938,83846700
2024-03-21,TSLA,172.82000732421875,73178000
2024-03-22,TSLA,170.8300018310547,75580600
2024-03-25,TSLA,172.6300048828125,74228600
2024-03-26,TSLA,177.6699981689453,113186200
2024-03-27,TSLA,179.8300018310547,81804000
2024-03-28,TSLA,175.7899932861328,77654800
2024-04-01,TSLA,175.22000122070312,81562100
2024-04-02,TSLA,166.6300048828125,116650600
2024-04-03,TSLA,168.3800048828125,82950100
2024-04-04,TSLA,171.11000061035156,123162000
2024-04-05,TSLA,164.89999389648438,143157600
2024-04-08,TSLA,172.97999572753906,104423300
2024-04-09,TSLA,176.8800048828125,102951700
2024-04-10,TSLA,171.75999450683594,84532400
2024-04-11,TSLA,174.60000610351562,94516000
2024-04-12,TSLA,171.0500030517578,64722700
2024-04-15,TSLA,161.47999572753906,100245300
2024-04-16,TSLA,157.11000061035156,97000000
2024-04-17,TSLA,155.4499969482422,82439700
2024-04-18,TSLA,149.92999267578125,96098800
2024-04-19,TSLA,147.0500030517578,87074500
2024-04-22,TSLA,142.0500030517578,107097600
2024-04-23,TSLA,144.67999267578125,124545100
2024-04-24,TSLA,162.1300048828125,181178000
2024-04-25,TSLA,170.17999267578125,126427500
2024-04-26,TSLA,168.2899932861328,109815700
2024-04-29,TSLA,194.0500030517578,243869700
2024-04-30,TSLA,183.27999877929688,127031800
2024-05-01,TSLA,179.99000549316406,92829700
2024-05-02,TSLA,180.00999450683594,89148000
2024-05-03,TSLA,181.19000244140625,75491500
2024-05-06,TSLA,184.75999450683594,84390300
2024-05-07,TSLA,177.80999755859375,75045900
2024-05-08,TSLA,174.72000122070312,79969500
2024-05-09,TSLA,171.97000122070312,65950300
2024-05-10,TSLA,168.47000122070312,72627200
2024-05-13,TSLA,171.88999938964844,67018900
2024-05-14,TSLA,177.5500030517578,86407400
2024-05-15,TSLA,173.99000549316406,79663000
2024-05-16,TSLA,174.83999633789062,59812200
2024-05-17,TSLA,177.4600067138672,77445800
2024-05-20,TSLA,174.9499969482422,61727400
2024-05-21,TSLA,186.60000610351562,115266500
2024-05-22,TSLA,180.11000061035156,88313500
2024-05-23,TSLA,173.74000549316406,71975500
2024-05-24,TSLA,179.24000549316406,65584500
2024-05-28,TSLA,176.75,59736600
2024-05-29,TSLA,176.19000244140625,54782600
2024-05-30,TSLA,178.7899932861328,77618400
2024-05-31,TSLA,178.0800018310547,67314600
2024-06-03,TSLA,176.2899932861328,68568900
2024-06-04,TSLA,174.77000427246094,60056300
2024-06-05,TSLA,175.0,57953800
2024-06-06,TSLA,177.94000244140625,69887000
2024-06-07,TSLA,177.47999572753906,56244900
2024-06-10,TSLA,173.7899932861328,50774600
2024-06-11,TSLA,170.66000366210938,64761900
2024-06-12,TSLA,177.2899932861328,90389400
2024-06-13,TSLA,182.47000122070312,118984100
2024-06-14,TSLA,178.00999450683594,82038200
2024-06-17,TSLA,187.44000244140625,109786100
2024-06-18,TSLA,184.86000061035156,68982300
2024-06-20,TSLA,181.57000732421875,55893100
2024-06-21,TSLA,183.00999450683594,61937300
2024-06-24,TSLA,182.5800018310547,61992100
2024-06-25,TSLA,187.35000610351562,62905700
2024-06-26,TSLA,196.3699951171875,95737100
2024-06-27,TSLA,197.4199981689453,72746500
2024-06-28,TSLA,197.8800048828125,95438100
2024-07-01,TSLA,209.86000061035156,135691400
2024-07-02,TSLA,231.25999450683594,205047900
2024-07-03,TSLA,246.38999938964844,166561500
2024-07-05,TSLA,251.52000427246094,154501200
2024-07-08,TSLA,252.94000244140625,157219600
2024-07-09,TSLA,262.3299865722656,160210900
2024-07-10,TSLA,263.260009765625,128519400
2024-07-11,TSLA,241.02999877929688,221707300
2024-07-12,TSLA,248.22999572753906,155955800
2024-07-15,TSLA,252.63999938964844,146912900
2024-07-16,TSLA,256.55999755859375,126332500
2024-07-17,TSLA,248.5,115584800
2024-07-18,TSLA,249.22999572753906,110869000
2024-07-19,TSLA,239.1999969482422,87403900
2024-07-22,TSLA,251.50999450683594,101225400
2024-07-23,TSLA,246.3800048828125,111928200
2024-07-24,TSLA,215.99000549316406,167942900
2024-07-25,TSLA,220.25,100636500
2024-07-26,TSLA,219.8000030517578,94604100
2024-07-29,TSLA,232.10000610351562,129201800
2024-07-30,TSLA,222.6199951171875,100560300
2024-07-31,TSLA,232.07000732421875,67497000
2024-08-01,TSLA,216.86000061035156,83861900
2024-08-02,TSLA,207.6699981689453,82880100
2024-08-05,TSLA,198.8800048828125,100308800
2024-08-06,TSLA,200.63999938964844,73783900
2024-08-07,TSLA,191.75999450683594,71159800
2024-08-08,TSLA,198.83999633789062,65033900
2024-08-09,TSLA,200.0,58648300
2024-08-12,TSLA,197.49000549316406,64044900
2024-08-13,TSLA,207.8300018310547,76247400
2024-08-14,TSLA,201.3800048828125,70250000
2024-08-15,TSLA,214.13999938964844,89848500
2024-08-16,TSLA,216.1199951171875,88765100
2024-08-19,TSLA,222.72000122070312,76435200
2024-08-20,TSLA,221.10000610351562,74001200
2024-08-21,TSLA,223.27000427246094,70146000
2024-08-22,TSLA,210.66000366210938,79514500
2024-08-23,TSLA,220.32000732421875,81525200
2024-08-26,TSLA,213.2100067138672,59301200
2024-08-27,TSLA,209.2100067138672,62821400
2024-08-28,TSLA,205.75,64116400
2024-08-29,TSLA,206.27999877929688,62308800
2024-08-30,TSLA,214.11000061035156,63370600
2024-09-03,TSLA,210.60000610351562,76714200
2024-09-04,TSLA,219.41000366210938,80651800
2024-09-05,TSLA,230.1699981689453,119355000
2024-09-06,TSLA,210.72999572753906,112177000
2024-09-09,TSLA,216.27000427246094,67443500
2024-09-10,TSLA,226.1699981689453,78891100
2024-09-11,TSLA,228.1300048828125,83548600
2024-09-12,TSLA,229.80999755859375,71894900
2024-09-13,TSLA,230.2899932861328,59515100
2024-09-16,TSLA,226.77999877929688,54323000
2024-09-17,TSLA,227.8699951171875,66761600
2024-09-18,TSLA,227.1999969482422,78010200
2024-09-19,TSLA,243.9199981689453,102694600
2024-09-20,TSLA,238.25,99879100
2024-09-23,TSLA,250.0,86927200
2024-09-24,TSLA,254.27000427246094,88491000
2024-09-25,TSLA,257.0199890136719,65034300
2024-09-26,TSLA,254.22000122070312,67142200
2024-09-27,TSLA,260.4599914550781,70988100
2024-09-30,TSLA,261.6300048828125,80705700
2024-10-01,TSLA,258.0199890136719,87397600
2024-10-02,TSLA,249.02000427246094,93983900
2024-10-03,TSLA,240.66000366210938,80729200
2024-10-04,TSLA,250.0800018310547,86573200
2024-10-07,TSLA,240.8300018310547,68113300
2024-10-08,TSLA,244.5,56303200
2024-10-09,TSLA,241.0500030517578,66289500
2024-10-10,TSLA,238.77000427246094,83087100
2024-10-11,TSLA,217.8000030517578,142628900
2024-10-14,TSLA,219.16000366210938,86291900
2024-10-15,TSLA,219.57000732421875,62988800
2024-10-16,TSLA,221.3300018310547,49632800
2024-10-17,TSLA,220.88999938964844,50791800
2024-10-18,TSLA,220.6999969482422,49611900
2024-10-21,TSLA,218.85000610351562,47329000
2024-10-22,TSLA,217.97000122070312,43268700
2024-10-23,TSLA,213.64999389648438,80938900
2024-10-24,TSLA,260.4800109863281,204491900
2024-10-25,TSLA,269.19000244140625,161611900
2024-10-28,TSLA,262.510009765625,107653600
2024-10-29,TSLA,259.5199890136719,80521800
2024-10-30,TSLA,257.54998779296875,53993600
2024-10-31,TSLA,249.85000610351562,66575300
2024-11-01,TSLA,248.97999572753906,57544800
2024-11-04,TSLA,242.83999633789062,68802400
2024-11-05,TSLA,251.44000244140625,69282500
2024-11-06,TSLA,288.5299987792969,165228700
2024-11-07,TSLA,296.9100036621094,117309200
2024-11-08,TSLA,321.2200012207031,204782800
2024-11-11,TSLA,350.0,210521600
2024-11-12,TSLA,328.489990234375,155726000
2024-11-13,TSLA,330.239990234375,125405600
2024-11-14,TSLA,311.17999267578125,120726100
2024-11-15,TSLA,320.7200012207031,114440300
2024-11-18,TSLA,338.739990234375,126085600
2024-11-19,TSLA,346.0,88852500
2024-11-20,TSLA,342.0299987792969,66340700
2024-11-21,TSLA,339.6400146484375,58011700
2024-11-22,TSLA,352.55999755859375,89140700
2024-11-25,TSLA,338.5899963378906,95890900
2024-11-26,TSLA,338.2300109863281,62295900
2024-11-27,TSLA,332.8900146484375,57896400
2024-11-29,TSLA,345.1600036621094,37167600
2024-12-02,TSLA,357.0899963378906,77986500
2024-12-03,TSLA,351.4200134277344,58267200
2024-12-04,TSLA,357.92999267578125,50810900
2024-12-05,TSLA,369.489990234375,81403600
2024-12-06,TSLA,389.2200012207031,81455800
2024-12-09,TSLA,389.7900085449219,96359200
2024-12-10,TSLA,400.989990234375,97563600
2024-12-11,TSLA,424.7699890136719,104287600
2024-12-12,TSLA,418.1000061035156,87752200
2024-12-13,TSLA,436.2300109863281,89000200
2024-12-16,TSLA,463.0199890136719,114083800
2024-12-17,TSLA,479.8599853515625,131223000
2024-12-18,TSLA,440.1300048828125,149340800
2024-12-19,TSLA,436.1700134277344,118566100
2024-12-20,TSLA,421.05999755859375,132216200
2024-12-23,TSLA,430.6000061035156,72698100
2024-12-24,TSLA,462.2799987792969,59551800
2024-12-26,TSLA,454.1300048828125,76366400
2024-12-27,TSLA,431.6600036621094,82666800
2024-12-30,TSLA,417.4100036621094,64941000
2024-12-31,TSLA,403.8399963378906,76825100
2025-01-02,TSLA,379.2799987792969,109710700
2025-01-03,TSLA,410.44000244140625,95423300
2025-01-06,TSLA,411.04998779296875,85516500
2025-01-07,TSLA,394.3599853515625,75699500
2025-01-08,TSLA,394.94000244140625,73038800
2025-01-10,TSLA,394.739990234375,62287300
2025-01-13,TSLA,403.30999755859375,67580500
2025-01-14,TSLA,396.3599853515625,84565000
2025-01-15,TSLA,428.2200012207031,81375500
2025-01-16,TSLA,413.82000732421875,68335200
2025-01-17,TSLA,426.5,94991400
2025-01-21,TSLA,424.07000732421875,87320900
2025-01-22,TSLA,415.1099853515625,60963300
2025-01-23,TSLA,412.3800048828125,50690600
2025-01-24,TSLA,406.5799865722656,56427100
2025-01-27,TSLA,397.1499938964844,58125500
2025-01-28,TSLA,398.0899963378906,48910700
2025-01-29,TSLA,389.1000061035156,68033600
2025-01-30,TSLA,400.2799987792969,98092900
2025-01-31,TSLA,404.6000061035156,83283600
2025-02-03,TSLA,383.67999267578125,93732100
2025-02-04,TSLA,392.2099914550781,57072200
2025-02-05,TSLA,378.1700134277344,57223300
2025-02-06,TSLA,374.32000732421875,77918200
2025-02-07,TSLA,361.6199951171875,70298300
2025-02-10,TSLA,350.7300109863281,77514900
2025-02-11,TSLA,328.5,118543400
2025-02-12,TSLA,336.510009765625,105382700
2025-02-13,TSLA,355.94000244140625,89441500
2025-02-14,TSLA,355.8399963378906,68277300
2025-02-18,TSLA,354.1099853515625,51631700
2025-02-19,TSLA,360.55999755859375,67094400
2025-02-20,TSLA,354.3999938964844,45965400
2025-02-21,TSLA,337.79998779296875,74058600
2025-02-24,TSLA,330.5299987792969,76052300
2025-02-25,TSLA,302.79998779296875,134228800
2025-02-26,TSLA,290.79998779296875,100118300
2025-02-27,TSLA,281.95001220703125,101748200
2025-02-28,TSLA,292.9800109863281,115697000
2025-03-03,TSLA,284.6499938964844,115551400
2025-03-04,TSLA,272.0400085449219,126706600
2025-03-05,TSLA,279.1000061035156,94042900
2025-03-06,TSLA,263.45001220703125,98451600
2025-03-07,TSLA,262.6700134277344,102369600
2025-03-10,TSLA,222.14999389648438,189076900
2025-03-11,TSLA,230.5800018310547,174896400
2025-03-12,TSLA,248.08999633789062,142215700
2025-03-13,TSLA,240.67999267578125,114813500
2025-03-14,TSLA,249.97999572753906,100242300
2025-03-17,TSLA,238.00999450683594,111900600
2025-03-18,TSLA,225.30999755859375,111477600
2025-03-19,TSLA,235.86000061035156,111993800
2025-03-20,TSLA,236.25999450683594,99028300
2025-03-21,TSLA,248.7100067138672,132728700
2025-03-24,TSLA,278.3900146484375,169079900
2025-03-25,TSLA,288.1400146484375,150361500
2025-03-26,TSLA,272.05999755859375,153629800
2025-03-27,TSLA,273.1300048828125,162572100
2025-03-28,TSLA,263.54998779296875,123809400
2025-03-31,TSLA,259.1600036621094,134008900
2025-04-01,TSLA,268.4599914550781,146486900
2025-04-02,TSLA,282.760009765625,212787800
2025-04-03,TSLA,267.2799987792969,136174300
2025-04-04,TSLA,239.42999267578125,181229400
2025-04-07,TSLA,233.2899932861328,183453800
2025-04-08,TSLA,221.86000061035156,171603500
2025-04-09,TSLA,272.20001220703125,219433400
2025-04-10,TSLA,252.39999389648438,181722600
2025-04-11,TSLA,252.30999755859375,128948100
2025-04-14,TSLA,252.35000610351562,100135200
2025-04-15,TSLA,254.11000061035156,79594300
2025-04-16,TSLA,241.5500030517578,112378700
2025-04-17,TSLA,241.3699951171875,83404800
2025-04-21,TSLA,227.5,97768000
2025-04-22,TSLA,237.97000122070312,120858500
2025-04-23,TSLA,250.74000549316406,150381900
2025-04-24,TSLA,259.510009765625,94464200
2025-04-25,TSLA,284.95001220703125,167560700
2025-04-28,TSLA,285.8800048828125,151731800
2025-04-29,TSLA,292.0299987792969,108906600
2025-04-30,TSLA,282.1600036621094,128961100
2025-05-01,TSLA,280.5199890136719,99659000
2025-05-02,TSLA,287.2099914550781,114454700
2025-05-05,TSLA,280.260009765625,94618900
2025-05-06,TSLA,275.3500061035156,76715800
2025-05-07,TSLA,276.2200012207031,71592600
2025-05-08,TSLA,284.82000732421875,97539400
2025-05-09,TSLA,298.260009765625,132387800
2025-05-12,TSLA,318.3800048828125,112826700
2025-05-13,TSLA,334.07000732421875,136992600
2025-05-14,TSLA,347.67999267578125,136997300
2025-05-15,TSLA,342.82000732421875,97882600
2025-05-16,TSLA,349.9800109863281,95895700
2025-05-19,TSLA,342.0899963378906,88869900
2025-05-20,TSLA,343.82000732421875,131715500
2025-05-21,TSLA,334.6199951171875,102354800
2025-05-22,TSLA,341.0400085449219,97113400
2025-05-23,TSLA,339.3399963378906,84654800
2025-05-27,TSLA,362.8900146484375,120146400
2025-05-28,TSLA,356.8999938964844,91404300
2025-05-29,TSLA,358.42999267578125,88087800
2025-05-30,TSLA,346.4599914550781,123474900
2025-06-02,TSLA,342.69000244140625,81873800
2025-06-03,TSLA,344.2699890136719,99324500
2025-06-04,TSLA,332.04998779296875,98912100
2025-06-05,TSLA,284.70001220703125,287499800
2025-06-06,TSLA,295.1400146484375,164747700
2025-06-09,TSLA,308.5799865722656,140908900
2025-06-10,TSLA,326.0899963378906,151256500
2025-06-11,TSLA,326.42999267578125,122611400
2025-06-12,TSLA,319.1099853515625,105127500
2025-06-13,TSLA,325.30999755859375,128964300
2025-06-16,TSLA,329.1300048828125,83925900
2025-06-17,TSLA,316.3500061035156,88282700
2025-06-18,TSLA,322.04998779296875,95137700
2025-06-20,TSLA,322.1600036621094,108688000
2025-06-23,TSLA,348.67999267578125,190716800
2025-06-24,TSLA,340.4700012207031,114736200
2025-06-25,TSLA,327.54998779296875,119845100
2025-06-26,TSLA,325.7799987792969,80440900
2025-06-27,TSLA,323.6300048828125,89067000
2025-06-30,TSLA,317.6600036621094,76695100
2025-07-01,TSLA,300.7099914550781,145085700
2025-07-02,TSLA,315.6499938964844,119483700
2025-07-03,TSLA,315.3500061035156,58042300
2025-07-07,TSLA,293.94000244140625,131177900
2025-07-08,TSLA,297.80999755859375,103246700
2025-07-09,TSLA,295.8800048828125,75586800
2025-07-10,TSLA,309.8699951171875,104365300
2025-07-11,TSLA,313.510009765625,79236400
2025-07-14,TSLA,316.8999938964844,78043400
2025-07-15,TSLA,310.7799987792969,77556300
2025-07-16,TSLA,321.6700134277344,97284800
2025-07-17,TSLA,319.4100036621094,73922900
2025-07-18,TSLA,329.6499938964844,94255000
2025-07-21,TSLA,328.489990234375,75768800
2025-07-22,TSLA,332.1099853515625,77370400
2025-07-23,TSLA,332.55999755859375,92553800
2025-07-24,TSLA,305.29998779296875,156966000
2025-07-25,TSLA,316.05999755859375,148227000
2025-07-28,TSLA,325.5899963378906,112673800
2025-07-29,TSLA,321.20001220703125,87358900
2025-07-30,TSLA,319.0400085449219,83931900
2025-07-31,TSLA,308.2699890136719,85270900
2025-08-01,TSLA,302.6300048828125,89121400
2025-08-04,TSLA,309.260009765625,78683900
2025-08-05,TSLA,308.7200012207031,57961300
2025-08-06,TSLA,319.9100036621094,78523600
2025-08-07,TSLA,322.2699890136719,66658700
2025-08-08,TSLA,329.6499938964844,91200300
2025-08-11,TSLA,339.0299987792969,105320200
2025-08-12,TSLA,340.8399963378906,80522100
2025-08-13,TSLA,339.3800048828125,67838900
2025-08-14,TSLA,335.5799865722656,75000700
2025-08-15,TSLA,330.55999755859375,74319800
2025-08-18,TSLA,335.1600036621094,56956600
2025-08-19,TSLA,329.30999755859375,75956000
2025-08-20,TSLA,323.8999938964844,77481800
2025-08-21,TSLA,320.1099853515625,55744400
2025-08-22,TSLA,340.010009765625,94016300
2025-08-25,TSLA,346.6000061035156,86670000
2025-08-26,TSLA,351.6700134277344,76651600
2025-08-27,TSLA,349.6000061035156,65519000
2025-08-28,TSLA,345.9800109863281,67903200
2025-08-29,TSLA,333.8699951171875,81145700
2025-09-02,TSLA,329.3599853515625,58392000
2025-09-03,TSLA,334.0899963378906,88733300
2025-09-04,TSLA,338.5299987792969,60711000
2025-09-05,TSLA,350.8399963378906,108989800
2025-09-08,TSLA,346.3999938964844,75208300
2025-09-09,TSLA,346.9700012207031,53816000
2025-09-10,TSLA,347.7900085449219,72121700
2025-09-11,TSLA,368.80999755859375,103756000
2025-09-12,TSLA,395.94000244140625,168156400
2025-09-15,TSLA,410.0400085449219,163823700
2025-09-16,TSLA,421.6199951171875,104285700
2025-09-17,TSLA,425.8599853515625,106133500
2025-09-18,TSLA,416.8500061035156,90454500
2025-09-19,TSLA,426.07000732421875,93131000
2025-09-22,TSLA,434.2099914550781,97108800
2025-09-23,TSLA,425.8500061035156,83422700
2025-09-24,TSLA,442.7900085449219,93133600
2025-09-25,TSLA,423.3900146484375,96746400
2025-09-26,TSLA,440.3999938964844,101628200
2025-09-29,TSLA,443.2099914550781,79491500
2025-09-30,TSLA,444.7200012207031,74358000
2025-10-01,TSLA,459.4599914550781,98122300
2025-10-02,TSLA,436.0,137009000
2025-10-03,TSLA,429.8299865722656,133188200
2025-10-06,TSLA,453.25,85324900
2025-10-07,TSLA,433.0899963378906,102296100
2025-10-08,TSLA,438.69000244140625,71192100
2025-10-09,TSLA,435.5400085449219,69339900
2025-10-10,TSLA,413.489990234375,112107900
2025-10-13,TSLA,435.8999938964844,79552800
2025-10-14,TSLA,429.239990234375,72669400
2025-10-15,TSLA,435.1499938964844,71558200
2025-10-16,TSLA,428.75,77189900
2025-10-17,TSLA,439.30999755859375,89331600
2025-10-20,TSLA,447.42999267578125,63719000
2025-10-21,TSLA,442.6000061035156,54412200
2025-10-22,TSLA,438.9700012207031,84023500
2025-10-23,TSLA,448.9800109863281,126709800
2025-10-24,TSLA,433.7200012207031,94727800
2025-10-27,TSLA,452.4200134277344,105867500
2025-10-28,TSLA,460.54998779296875,80185700
2025-10-29,TSLA,461.510009765625,67983500
2025-10-30,TSLA,440.1000061035156,72447900
2025-10-31,TSLA,456.55999755859375,83135800
2025-11-03,TSLA,468.3699951171875,84595200
2025-11-04,TSLA,444.260009765625,87756600
2025-11-05,TSLA,462.07000732421875,85573000
2025-11-06,TSLA,445.9100036621094,109622900
2025-11-07,TSLA,429.5199890136719,103471500
2025-11-10,TSLA,445.2300109863281,76515900
2025-11-11,TSLA,439.6199951171875,60533200
2025-11-12,TSLA,430.6000061035156,58513500
2025-11-13,TSLA,401.989990234375,118948000
2025-11-14,TSLA,404.3500061035156,105506700
2025-11-17,TSLA,408.9200134277344,102214300
2025-11-18,TSLA,401.25,80688600
2025-11-19,TSLA,403.989990234375,72047700
2025-11-20,TSLA,395.2300109863281,113548800
2025-11-21,TSLA,391.0899963378906,100460600
2025-11-24,TSLA,417.7799987792969,96806400
2025-11-25,TSLA,419.3999938964844,71915600
2025-11-26,TSLA,426.5799865722656,63463000
2025-11-28,TSLA,430.1700134277344,36252900
2025-12-01,TSLA,430.1400146484375,57463600
2025-12-02,TSLA,429.239990234375,69336600
2025-12-03,TSLA,446.739990234375,87483000
2025-12-04,TSLA,454.5299987792969,71906500
2025-12-05,TSLA,455.0,56427500
2025-12-08,TSLA,439.5799865722656,69165800
2025-12-09,TSLA,445.1700134277344,62367400
2025-12-10,TSLA,451.45001220703125,63257500
2025-12-11,TSLA,446.8900146484375,55979500
2025-12-12,TSLA,458.9599914550781,95656700
2025-12-15,TSLA,475.30999755859375,114542200
2025-12-16,TSLA,489.8800048828125,107608100
2025-12-17,TSLA,467.260009765625,106490400
2025-12-18,TSLA,483.3699951171875,95168400
2025-12-19,TSLA,481.20001220703125,103305400
2025-12-22,TSLA,488.7300109863281,86916100
2025-12-23,TSLA,485.55999755859375,58223600
2025-12-24,TSLA,485.3999938964844,41285400
2025-12-26,TSLA,475.19000244140625,58780700
2025-12-29,TSLA,459.6400146484375,66263000
2025-12-30,TSLA,454.42999267578125,59238500
2025-12-31,TSLA,449.7200012207031,49078000
2026-01-02,TSLA,438.07000732421875,85535400
2026-01-05,TSLA,451.6700134277344,67940800
2026-01-06,TSLA,432.9599914550781,89093800
2026-01-07,TSLA,431.4100036621094,59828800
2026-01-08,TSLA,435.79998779296875,57041100
2026-01-09,TSLA,445.010009765625,67331500
2026-01-12,TSLA,448.9599914550781,61649600
2026-01-13,TSLA,447.20001220703125,53719200
2026-01-14,TSLA,439.20001220703125,57259500
2026-01-15,TSLA,438.57000732421875,49465800
2026-01-16,TSLA,437.5,60220600
2026-01-20,TSLA,419.25,63187300
2026-01-21,TSLA,431.44000244140625,68124000
2026-01-22,TSLA,449.3599853515625,71546700
2026-01-23,TSLA,449.05999755859375,56771400
2026-01-26,TSLA,435.20001220703125,49397400
2026-01-27,TSLA,430.8999938964844,37733100
2026-01-28,TSLA,431.4599914550781,54857400
2026-01-29,TSLA,416.55999755859375,81686100
2026-01-30,TSLA,430.4100036621094,82626100
2026-02-02,TSLA,421.80999755859375,58739500
2026-02-03,TSLA,421.9599914550781,56886500
2026-02-04,TSLA,406.010009765625,74606900
2026-02-05,TSLA,397.2099914550781,72819800
2026-02-06,TSLA,411.1099853515625,62677100
2026-02-09,TSLA,417.32000732421875,54484300
2026-02-10,TSLA,425.2099914550781,64450200
2026-02-11,TSLA,428.2699890136719,57362000
2026-02-12,TSLA,417.07000732421875,61933400
2026-02-13,TSLA,417.44000244140625,51434100
2026-02-17,TSLA,410.6300048828125,59678800
2026-02-18,TSLA,411.32000732421875,45921400
2026-02-19,TSLA,411.7099914550781,51019600
2026-02-20,TSLA,411.82000732421875,57912200
2026-02-23,TSLA,399.8299865722656,69680000
2026-02-24,TSLA,409.3800048828125,58579500
2026-02-25,TSLA,417.3999938964844,54809700
2026-02-26,TSLA,408.5799865722656,53602500
2026-02-27,TSLA,402.510009765625,56890100
2026-03-02,TSLA,403.32000732421875,55088300
2026-03-03,TSLA,392.42999267578125,62617300
2026-03-04,TSLA,405.94000244140625,68305500
2026-03-05,TSLA,405.54998779296875,51925900
2026-03-06,TSLA,396.7300109863281,64054600
2026-03-09,TSLA,398.67999267578125,67018900
2026-03-10,TSLA,399.239990234375,59258700
2026-03-11,TSLA,407.82000732421875,62559900
2026-03-12,TSLA,395.010009765625,60973800
2026-03-13,TSLA,391.20001220703125,58504100
2026-03-16,TSLA,395.55999755859375,58068300
2026-03-17,TSLA,399.2699890136719,46890500
2026-03-18,TSLA,392.7799987792969,50853100
2026-03-19,TSLA,380.29998779296875,67078300
2026-03-20,TSLA,367.9599914550781,78628600
2026-03-23,TSLA,380.8500061035156,74606000
2026-03-24,TSLA,383.0299987792969,60004900
2026-03-25,TSLA,385.95001220703125,55157300
2026-03-26,TSLA,372.1099853515625,55522900
2026-03-27,TSLA,361.8299865722656,62065700
2026-03-30,TSLA,355.2799987792969,67954400
2026-03-31,TSLA,371.75,75534900
2026-04-01,TSLA,381.260009765625,58683800
2026-04-02,TSLA,360.5899963378906,83031200
2026-04-06,TSLA,352.82000732421875,77697600
2026-04-07,TSLA,346.6499938964844,74515400
2026-04-08,TSLA,343.25,78838600
2026-04-09,TSLA,345.6199951171875,62164000
2026-04-10,TSLA,348.95001220703125,51336000
2026-04-13,TSLA,352.4200134277344,53617500
2026-04-14,TSLA,364.20001220703125,59979600
2026-04-15,TSLA,391.95001220703125,113810400
2026-04-16,TSLA,388.8999938964844,63515100
2026-04-17,TSLA,400.6199951171875,90640000
2026-04-20,TSLA,392.5,64603900
2026-04-21,TSLA,386.4200134277344,50530600
2026-04-22,TSLA,387.510009765625,62362800
2026-04-23,TSLA,373.7200012207031,93969500
2026-04-24,TSLA,376.29998779296875,62893300
2026-04-27,TSLA,378.6700134277344,66735800
2026-04-28,TSLA,376.0199890136719,50864400
2026-04-29,TSLA,372.79998779296875,45384800
2026-04-30,TSLA,381.6300048828125,51076000
2026-05-01,TSLA,390.82000732421875,65338300
2026-05-04,TSLA,392.510009765625,48765100
2026-05-05,TSLA,389.3699951171875,47780600
2026-05-06,TSLA,398.7300109863281,53465400
2026-05-07,TSLA,411.7900085449219,64294200
2026-05-08,TSLA,428.3500061035156,65050000
2026-05-11,TSLA,445.0,78376100
2026-05-12,TSLA,433.45001220703125,60569300
2026-05-13,TSLA,445.2699890136719,68283200
2026-05-14,TSLA,443.29998779296875,46070400
2026-05-15,TSLA,422.239990234375,52688700
2026-05-18,TSLA,409.989990234375,52474200
2026-05-19,TSLA,404.1099853515625,46500600
2026-05-20,TSLA,417.260009765625,45294700
2026-05-21,TSLA,417.8500061035156,42636900
2026-05-22,TSLA,426.010009765625,46104700
2026-05-26,TSLA,433.5899963378906,45658900
2026-05-27,TSLA,440.3599853515625,44656500
2026-05-28,TSLA,442.1000061035156,32435000
2026-05-29,TSLA,435.7900085449219,45176800
2026-06-01,TSLA,415.8800048828125,44937900
2026-06-02,TSLA,423.739990234375,37596000
2026-06-03,TSLA,423.70001220703125,44500700
2026-06-04,TSLA,418.45001220703125,35323300
2026-06-05,TSLA,391.0,63420200
2026-06-08,TSLA,408.95001220703125,50328800
2026-06-09,TSLA,396.67999267578125,59940200
2026-06-10,TSLA,381.5899963378906,49695600
2026-06-11,TSLA,399.1499938964844,45324300
2026-06-12,TSLA,406.42999267578125,63514500
2026-06-15,TSLA,411.1499938964844,45620500
2026-06-16,TSLA,404.6600036621094,40255500
2026-06-17,TSLA,396.3800048828125,43534300
2026-06-18,TSLA,400.489990234375,58384700
2026-06-22,TSLA,405.04998779296875,47819500
2026-06-23,TSLA,381.6099853515625,50420200
2026-06-24,TSLA,375.5299987792969,37081400
2026-06-25,TSLA,375.1199951171875,30138800
2026-06-26,TSLA,379.7099914550781,53434100
2026-06-29,TSLA,411.8399963378906,57645800
2026-06-30,TSLA,420.6000061035156,43385600
2026-07-01,TSLA,425.29998779296875,40127900
2026-07-02,TSLA,393.45001220703125,73717700
2026-07-06,TSLA,419.7699890136719,54727900
2026-07-07,TSLA,402.8999938964844,38149900
2026-07-08,TSLA,394.05999755859375,33844900
2026-07-09,TSLA,406.54998779296875,37835000
2026-07-10,TSLA,407.760009765625,33410000
2026-07-13,TSLA,394.760009765625,32809200
2026-07-14,TSLA,396.17999267578125,23385000
2026-07-15,TSLA,394.4599914550781,31549800
2026-07-16,TSLA,391.05999755859375,29269100
2026-07-17,TSLA,380.8399963378906,31394600
2026-07-20,TSLA,369.57000732421875,33901500
2026-07-21,TSLA,378.92999267578125,32735300
2026-07-22,TSLA,374.010009765625,30646100
2026-07-23,TSLA,319.69000244140625,115606400
2026-07-24,TSLA,313.0299987792969,62760000
2026-07-27,TSLA,309.2200012207031,44919400
2026-07-28,TSLA,307.44000244140625,39802400
2026-07-29,TSLA,298.32000732421875,39478000
2026-07-30,TSLA,308.8500061035156,38005400
2026-07-31,TSLA,311.2099914550781,36630600
2026-08-03,TSLA,322.0799865722656,38281400
2026-08-04,TSLA,327.3500061035156,33318300
2026-08-05,TSLA,321.54998779296875,27506311
2021-08-06,GOOGL,135.73849487304688,20488000
2021-08-09,GOOGL,136.91299438476562,17760000
2021-08-10,GOOGL,136.8070068359375,19414000
2021-08-11,GOOGL,136.2790069580078,15352000
2021-08-12,GOOGL,137.19400024414062,16506000
2021-08-13,GOOGL,137.7274932861328,15948000
2021-08-16,GOOGL,138.3094940185547,22384000
2021-08-17,GOOGL,136.6614990234375,21716000
2021-08-18,GOOGL,135.44900512695312,19258000
2021-08-19,GOOGL,135.67999267578125,21782000
2021-08-20,GOOGL,137.42950439453125,31194000
2021-08-23,GOOGL,140.04150390625,28454000
2021-08-24,GOOGL,141.26150512695312,19268000
2021-08-25,GOOGL,142.07899475097656,15848000
2021-08-26,GOOGL,141.4405059814453,20610000
2021-08-27,GOOGL,144.00399780273438,28780000
2021-08-30,GOOGL,144.5904998779297,24434000
2021-08-31,GOOGL,144.69749450683594,22448000
2021-09-01,GOOGL,145.2154998779297,21936000
2021-09-02,GOOGL,143.28700256347656,32342000
2021-09-03,GOOGL,143.739501953125,19850000
2021-09-07,GOOGL,144.28050231933594,20124000
2021-09-08,GOOGL,143.6909942626953,18344000
2021-09-09,GOOGL,143.54100036621094,15314000
2021-09-10,GOOGL,140.87600708007812,36840000
2021-09-13,GOOGL,142.33250427246094,22094000
2021-09-14,GOOGL,142.54449462890625,19674000
2021-09-15,GOOGL,144.42950439453125,27408000
2021-09-16,GOOGL,143.61000061035156,26190000
2021-09-17,GOOGL,140.8000030517578,53384000
2021-09-20,GOOGL,138.71949768066406,46518000
2021-09-21,GOOGL,139.0330047607422,25332000
2021-09-22,GOOGL,140.2834930419922,25056000
2021-09-23,GOOGL,141.21600341796875,20952000
2021-09-24,GOOGL,142.21499633789062,22984000
2021-09-27,GOOGL,141.07200622558594,21882000
2021-09-28,GOOGL,135.8300018310547,45772000
2021-09-29,GOOGL,134.35350036621094,30848000
2021-09-30,GOOGL,133.67599487304688,37996000
2021-10-01,GOOGL,136.54299926757812,35360000
2021-10-04,GOOGL,133.6595001220703,51202000
2021-10-05,GOOGL,136.0229949951172,32404000
2021-10-06,GOOGL,137.56500244140625,24364000
2021-10-07,GOOGL,139.22500610351562,25110000
2021-10-08,GOOGL,139.78550720214844,26526000
2021-10-11,GOOGL,138.91400146484375,17954000
2021-10-12,GOOGL,136.44900512695312,36332000
2021-10-13,GOOGL,137.58200073242188,19654000
2021-10-14,GOOGL,141.1510009765625,31894000
2021-10-15,GOOGL,141.3679962158203,30274000
2021-10-18,GOOGL,142.7779998779297,20396000
2021-10-19,GOOGL,143.23699951171875,20164000
2021-10-20,GOOGL,141.7689971923828,23288000
2021-10-21,GOOGL,141.88600158691406,26292000
2021-10-22,GOOGL,137.56649780273438,50588000
2021-10-25,GOOGL,137.44700622558594,34412000
2021-10-26,GOOGL,139.30850219726562,49236000
2021-10-27,GOOGL,146.21749877929688,85782000
2021-10-28,GOOGL,145.8489990234375,36206000
2021-10-29,GOOGL,148.04600524902344,43320000
2021-11-01,GOOGL,143.4969940185547,46924000
2021-11-02,GOOGL,145.4324951171875,33482000
2021-11-03,GOOGL,146.59800720214844,27494000
2021-11-04,GOOGL,148.2675018310547,38412000
2021-11-05,GOOGL,148.8520050048828,38354000
2021-11-08,GOOGL,149.031005859375,23052000
2021-11-09,GOOGL,148.9185028076172,19530000
2021-11-10,GOOGL,145.89349365234375,29970000
2021-11-11,GOOGL,145.76649475097656,16518000
2021-11-12,GOOGL,148.67799377441406,22360000
2021-11-15,GOOGL,148.45199584960938,23508000
2021-11-16,GOOGL,147.87600708007812,18904000
2021-11-17,GOOGL,148.0469970703125,19594000
2021-11-18,GOOGL,149.8385009765625,35608000
2021-11-19,GOOGL,148.92649841308594,33682000
2021-11-22,GOOGL,146.302001953125,30594000
2021-11-23,GOOGL,145.78199768066406,27218000
2021-11-24,GOOGL,146.1199951171875,18040000
2021-11-26,GOOGL,142.18299865722656,30470000
2021-11-29,GOOGL,145.53050231933594,32596000
2021-11-30,GOOGL,141.8975067138672,42068000
2021-12-01,GOOGL,141.05149841308594,34020000
2021-12-02,GOOGL,142.96600341796875,29194000
2021-12-03,GOOGL,142.00149536132812,41230000
2021-12-06,GOOGL,143.15499877929688,30618000
2021-12-07,GOOGL,147.26950073242188,32240000
2021-12-08,GOOGL,148.18649291992188,24270000
2021-12-09,GOOGL,147.6385040283203,23270000
2021-12-10,GOOGL,148.00149536132812,24458000
2021-12-13,GOOGL,145.82650756835938,27070000
2021-12-14,GOOGL,143.90699768066406,38446000
2021-12-15,GOOGL,146.4409942626953,36370000
2021-12-16,GOOGL,144.44500732421875,33650000
2021-12-17,GOOGL,141.72500610351562,50416000
2021-12-20,GOOGL,141.60699462890625,27192000
2021-12-21,GOOGL,143.47250366210938,28756000
2021-12-22,GOOGL,146.4149932861328,26322000
2021-12-23,GOOGL,146.91650390625,26384000
2021-12-27,GOOGL,147.906494140625,15976000
2021-12-28,GOOGL,146.68699645996094,18200000
2021-12-29,GOOGL,146.65499877929688,17788000
2021-12-30,GOOGL,146.20050048828125,15688000
2021-12-31,GOOGL,144.8520050048828,18136000
2022-01-03,GOOGL,144.9915008544922,28646000
2022-01-04,GOOGL,144.39950561523438,28400000
2022-01-05,GOOGL,137.77499389648438,54618000
2022-01-06,GOOGL,137.74749755859375,37348000
2022-01-07,GOOGL,137.01699829101562,29760000
2022-01-10,GOOGL,138.66949462890625,44408000
2022-01-11,GOOGL,139.73599243164062,28730000
2022-01-12,GOOGL,141.4304962158203,26108000
2022-01-13,GOOGL,138.58700561523438,31436000
2022-01-14,GOOGL,139.48049926757812,29662000
2022-01-18,GOOGL,135.9980010986328,34872000
2022-01-19,GOOGL,135.1165008544922,28648000
2022-01-20,GOOGL,133.3074951171875,29908000
2022-01-21,GOOGL,130.35150146484375,55652000
2022-01-24,GOOGL,130.8040008544922,76622000
2022-01-25,GOOGL,126.93499755859375,46960000
2022-01-26,GOOGL,129.23300170898438,49130000
2022-01-27,GOOGL,129.0050048828125,31950000
2022-01-28,GOOGL,133.3509979248047,34362000
2022-01-31,GOOGL,135.30349731445312,39986000
2022-02-01,GOOGL,137.6439971923828,68644000
2022-02-02,GOOGL,148.0,123200000
2022-02-03,GOOGL,143.08999633789062,71518000
2022-02-04,GOOGL,143.29299926757812,57998000
2022-02-07,GOOGL,139.2010040283203,54974000
2022-02-08,GOOGL,139.3990020751953,54284000
2022-02-09,GOOGL,141.5919952392578,40144000
2022-02-10,GOOGL,138.6199951171875,39330000
2022-02-11,GOOGL,134.28250122070312,39958000
2022-02-14,GOOGL,135.5260009765625,34302000
2022-02-15,GOOGL,136.60850524902344,26680000
2022-02-16,GOOGL,137.73800659179688,25022000
2022-02-17,GOOGL,132.53900146484375,38950000
2022-02-18,GOOGL,130.4029998779297,45620000
2022-02-22,GOOGL,129.81350708007812,44990000
2022-02-23,GOOGL,127.58799743652344,32786000
2022-02-24,GOOGL,132.6909942626953,54456000
2022-02-25,GOOGL,134.45950317382812,36406000
2022-02-28,GOOGL,135.0570068359375,38864000
2022-03-01,GOOGL,134.06149291992188,26496000
2022-03-02,GOOGL,134.57150268554688,23520000
2022-03-03,GOOGL,133.89950561523438,24604000
2022-03-04,GOOGL,131.906494140625,30430000
2022-03-07,GOOGL,126.37850189208984,45112000
2022-03-08,GOOGL,127.10449981689453,40428000
2022-03-09,GOOGL,133.4199981689453,37026000
2022-03-10,GOOGL,132.42950439453125,27102000
2022-03-11,GOOGL,129.87049865722656,31526000
2022-03-14,GOOGL,125.95099639892578,38812000
2022-03-15,GOOGL,129.197998046875,30920000
2022-03-16,GOOGL,133.28050231933594,35576000
2022-03-17,GOOGL,133.83900451660156,28264000
2022-03-18,GOOGL,136.12550354003906,44566000
2022-03-21,GOOGL,136.10150146484375,26832000
2022-03-22,GOOGL,139.8679962158203,35496000
2022-03-23,GOOGL,138.27549743652344,25154000
2022-03-24,GOOGL,141.57200622558594,26396000
2022-03-25,GOOGL,141.67300415039062,24126000
2022-03-28,GOOGL,141.45550537109375,35050000
2022-03-29,GOOGL,142.5054931640625,34318000
2022-03-30,GOOGL,141.93850708007812,19884000
2022-03-31,GOOGL,139.0675048828125,37524000
2022-04-01,GOOGL,140.15049743652344,25942000
2022-04-04,GOOGL,142.97149658203125,25942000
2022-04-05,GOOGL,140.59100341796875,21418000
2022-04-06,GOOGL,136.54800415039062,32468000
2022-04-07,GOOGL,135.8885040283203,26234000
2022-04-08,GOOGL,133.28750610351562,25142000
2022-04-11,GOOGL,128.82350158691406,36884000
2022-04-12,GOOGL,127.7145004272461,32710000
2022-04-13,GOOGL,129.8939971923828,27928000
2022-04-14,GOOGL,126.7300033569336,31598000
2022-04-18,GOOGL,127.67649841308594,20808000
2022-04-19,GOOGL,130.00900268554688,26490000
2022-04-20,GOOGL,128.0399932861328,31696000
2022-04-21,GOOGL,124.81449890136719,36446000
2022-04-22,GOOGL,119.635498046875,56884000
2022-04-25,GOOGL,123.0739974975586,46128000
2022-04-26,GOOGL,118.6500015258789,73054000
2022-04-27,GOOGL,114.29450225830078,91820000
2022-04-28,GOOGL,118.52249908447266,48884000
2022-04-29,GOOGL,114.1094970703125,42676000
2022-05-02,GOOGL,116.58300018310547,35534000
2022-05-03,GOOGL,117.33399963378906,24968000
2022-05-04,GOOGL,122.26100158691406,49916000
2022-05-05,GOOGL,116.50550079345703,45840000
2022-05-06,GOOGL,115.74649810791016,39710000
2022-05-09,GOOGL,112.51100158691406,40802000
2022-05-10,GOOGL,114.3949966430664,39900000
2022-05-11,GOOGL,113.60250091552734,37534000
2022-05-12,GOOGL,112.84400177001953,53836000
2022-05-13,GOOGL,116.05049896240234,35038000
2022-05-16,GOOGL,114.44499969482422,25990000
2022-05-17,GOOGL,116.4729995727539,23054000
2022-05-18,GOOGL,111.89949798583984,35126000
2022-05-19,GOOGL,110.38400268554688,34144000
2022-05-20,GOOGL,108.90799713134766,48962000
2022-05-23,GOOGL,111.48799896240234,37184000
2022-05-24,GOOGL,105.97000122070312,76780000
2022-05-25,GOOGL,105.80500030517578,40258000
2022-05-26,GOOGL,107.7925033569336,37948000
2022-05-27,GOOGL,112.31649780273438,37914000
2022-05-31,GOOGL,113.76200103759766,50012000
2022-06-01,GOOGL,113.89199829101562,36606000
2022-06-02,GOOGL,117.62249755859375,37992000
2022-06-03,GOOGL,114.54100036621094,26136000
2022-06-06,GOOGL,116.82050323486328,33542000
2022-06-07,GOOGL,117.14949798583984,31590000
2022-06-08,GOOGL,117.19400024414062,26108000
2022-06-09,GOOGL,114.83550262451172,25798000
2022-06-10,GOOGL,111.1614990234375,41452000
2022-06-13,GOOGL,106.39250183105469,47252000
2022-06-14,GOOGL,106.71549987792969,33706000
2022-06-15,GOOGL,109.7645034790039,39698000
2022-06-16,GOOGL,106.03350067138672,51684000
2022-06-17,GOOGL,107.14350128173828,51376000
2022-06-21,GOOGL,111.54399871826172,47416000
2022-06-22,GOOGL,111.48750305175781,30774000
2022-06-23,GOOGL,112.24199676513672,28362000
2022-06-24,GOOGL,117.9749984741211,41164000
2022-06-27,GOOGL,115.83350372314453,36420000
2022-06-28,GOOGL,112.00749969482422,35792000
2022-06-29,GOOGL,111.70149993896484,24716000
2022-06-30,GOOGL,108.96299743652344,43170000
2022-07-01,GOOGL,108.73750305175781,35476000
2022-07-05,GOOGL,113.26300048828125,39342000
2022-07-06,GOOGL,114.5719985961914,37432000
2022-07-07,GOOGL,118.78299713134766,40936000
2022-07-08,GOOGL,119.35350036621094,38238000
2022-07-11,GOOGL,115.67649841308594,31196000
2022-07-12,GOOGL,114.02050018310547,29960000
2022-07-13,GOOGL,111.35350036621094,43722000
2022-07-14,GOOGL,110.36750030517578,37004000
2022-07-15,GOOGL,111.77749633789062,46770000
2022-07-18,GOOGL,109.02999877929688,43164600
2022-07-19,GOOGL,113.80999755859375,36530900
2022-07-20,GOOGL,113.9000015258789,35600400
2022-07-21,GOOGL,114.33999633789062,32676200
2022-07-22,GOOGL,107.9000015258789,48901200
2022-07-25,GOOGL,107.51000213623047,34690900
2022-07-26,GOOGL,105.0199966430664,47991000
2022-07-27,GOOGL,113.05999755859375,59858500
2022-07-28,GOOGL,114.22000122070312,32816600
2022-07-29,GOOGL,116.31999969482422,37223400
2022-08-01,GOOGL,114.86000061035156,26034300
2022-08-02,GOOGL,115.12999725341797,20236000
2022-08-03,GOOGL,118.08000183105469,28499000
2022-08-04,GOOGL,118.19000244140625,21602900
2022-08-05,GOOGL,117.47000122070312,19159500
2022-08-08,GOOGL,117.30000305175781,19138300
2022-08-09,GOOGL,116.62999725341797,19086500
2022-08-10,GOOGL,119.69999694824219,30930400
2022-08-11,GOOGL,118.83999633789062,24293700
2022-08-12,GOOGL,121.68000030517578,19096300
2022-08-15,GOOGL,122.08000183105469,19494800
2022-08-16,GOOGL,121.69999694824219,19041200
2022-08-17,GOOGL,119.55000305175781,22847000
2022-08-18,GOOGL,120.16999816894531,17987700
2022-08-19,GOOGL,117.20999908447266,21809500
2022-08-22,GOOGL,114.23999786376953,21456600
2022-08-23,GOOGL,113.86000061035156,15870400
2022-08-24,GOOGL,113.69000244140625,17734600
2022-08-25,GOOGL,116.6500015258789,16956800
2022-08-26,GOOGL,110.33999633789062,37245700
2022-08-29,GOOGL,109.41999816894531,21191200
2022-08-30,GOOGL,108.94000244140625,27513300
2022-08-31,GOOGL,108.22000122070312,28627000
2022-09-01,GOOGL,109.73999786376953,28360900
2022-09-02,GOOGL,107.8499984741211,24160700
2022-09-06,GOOGL,106.80999755859375,25068300
2022-09-07,GOOGL,109.44999694824219,23167000
2022-09-08,GOOGL,108.37999725341797,24238300
2022-09-09,GOOGL,110.6500015258789,23197700
2022-09-12,GOOGL,110.86000061035156,22966800
2022-09-13,GOOGL,104.31999969482422,38172900
2022-09-14,GOOGL,105.0,26395100
2022-09-15,GOOGL,102.91000366210938,34188300
2022-09-16,GOOGL,102.80000305175781,42797200
2022-09-19,GOOGL,103.06999969482422,23036800
2022-09-20,GOOGL,101.13999938964844,26517100
2022-09-21,GOOGL,99.27999877929688,31487300
2022-09-22,GOOGL,100.13999938964844,34298600
2022-09-23,GOOGL,98.73999786376953,31625400
2022-09-26,GOOGL,98.16999816894531,27072700
2022-09-27,GOOGL,97.5,30072800
2022-09-28,GOOGL,100.05000305175781,32466300
2022-09-29,GOOGL,97.41999816894531,31047200
2022-09-30,GOOGL,95.6500015258789,32941500
2022-10-03,GOOGL,98.63999938964844,27982000
2022-10-04,GOOGL,101.63999938964844,28850800
2022-10-05,GOOGL,101.43000030517578,22176900
2022-10-06,GOOGL,101.41999816894531,22324000
2022-10-07,GOOGL,98.68000030517578,27502800
2022-10-10,GOOGL,97.86000061035156,18225100
2022-10-11,GOOGL,97.18000030517578,26507100
2022-10-12,GOOGL,97.55999755859375,21876400
2022-10-13,GOOGL,99.05999755859375,34574500
2022-10-14,GOOGL,96.55999755859375,25410700
2022-10-17,GOOGL,99.97000122070312,28419200
2022-10-18,GOOGL,100.7699966430664,24060700
2022-10-19,GOOGL,99.62999725341797,23811100
2022-10-20,GOOGL,99.97000122070312,25323200
2022-10-21,GOOGL,101.12999725341797,32458700
2022-10-24,GOOGL,102.5199966430664,27176400
2022-10-25,GOOGL,104.4800033569336,40611400
2022-10-26,GOOGL,94.93000030517578,88114100
2022-10-27,GOOGL,92.22000122070312,60710900
2022-10-28,GOOGL,96.29000091552734,43697300
2022-10-31,GOOGL,94.51000213623047,31675000
2022-11-01,GOOGL,90.47000122070312,47161400
2022-11-02,GOOGL,86.97000122070312,57038300
2022-11-03,GOOGL,83.43000030517578,61288000
2022-11-04,GOOGL,86.58000183105469,51124900
2022-11-07,GOOGL,88.48999786376953,34078900
2022-11-08,GOOGL,88.9000015258789,30429000
2022-11-09,GOOGL,87.31999969482422,31769100
2022-11-10,GOOGL,93.94000244140625,51620100
2022-11-11,GOOGL,96.41000366210938,33090500
2022-11-14,GOOGL,95.69999694824219,30179500
2022-11-15,GOOGL,98.44000244140625,41640800
2022-11-16,GOOGL,98.8499984741211,29105200
2022-11-17,GOOGL,98.36000061035156,26052600
2022-11-18,GOOGL,97.43000030517578,28342300
2022-11-21,GOOGL,95.5999984741211,21647400
2022-11-22,GOOGL,97.05000305175781,23438500
2022-11-23,GOOGL,98.45999908447266,18868100
2022-11-25,GOOGL,97.45999908447266,9701400
2022-11-28,GOOGL,96.05000305175781,26237500
2022-11-29,GOOGL,95.19000244140625,20061700
2022-11-30,GOOGL,100.98999786376953,43647500
2022-12-01,GOOGL,100.98999786376953,28687100
2022-12-02,GOOGL,100.44000244140625,21480700
2022-12-05,GOOGL,99.4800033569336,24405100
2022-12-06,GOOGL,96.9800033569336,24910700
2022-12-07,GOOGL,94.94000244140625,31045400
2022-12-08,GOOGL,93.70999908447266,32213300
2022-12-09,GOOGL,92.83000183105469,28225400
2022-12-12,GOOGL,93.30999755859375,29420000
2022-12-13,GOOGL,95.62999725341797,40593700
2022-12-14,GOOGL,95.06999969482422,28733600
2022-12-15,GOOGL,90.86000061035156,40107000
2022-12-16,GOOGL,90.26000213623047,58011800
2022-12-19,GOOGL,88.44000244140625,29493000
2022-12-20,GOOGL,89.0199966430664,23453800
2022-12-21,GOOGL,89.58000183105469,24745600
2022-12-22,GOOGL,87.76000213623047,27658300
2022-12-23,GOOGL,89.2300033569336,23003000
2022-12-27,GOOGL,87.38999938964844,20097300
2022-12-28,GOOGL,86.0199966430664,19523200
2022-12-29,GOOGL,88.44999694824219,23333500
2022-12-30,GOOGL,88.2300033569336,23986300
2023-01-03,GOOGL,89.12000274658203,28131200
2023-01-04,GOOGL,88.08000183105469,34854800
2023-01-05,GOOGL,86.19999694824219,27194400
2023-01-06,GOOGL,87.33999633789062,41381500
2023-01-09,GOOGL,88.0199966430664,29003900
2023-01-10,GOOGL,88.41999816894531,30467800
2023-01-11,GOOGL,91.5199966430664,26862000
2023-01-12,GOOGL,91.12999725341797,30258100
2023-01-13,GOOGL,92.12000274658203,26329200
2023-01-17,GOOGL,91.29000091552734,32602400
2023-01-18,GOOGL,91.12000274658203,29116700
2023-01-19,GOOGL,93.05000305175781,37000400
2023-01-20,GOOGL,98.0199966430664,63191100
2023-01-23,GOOGL,99.79000091552734,40005100
2023-01-24,GOOGL,97.69999694824219,33078500
2023-01-25,GOOGL,95.22000122070312,42330000
2023-01-26,GOOGL,97.5199966430664,30114000
2023-01-27,GOOGL,99.37000274658203,33879800
2023-01-30,GOOGL,96.94000244140625,27226200
2023-01-31,GOOGL,98.83999633789062,29870700
2023-02-01,GOOGL,100.43000030517578,35531100
2023-02-02,GOOGL,107.73999786376953,69883800
2023-02-03,GOOGL,104.77999877929688,65309300
2023-02-06,GOOGL,102.9000015258789,31999600
2023-02-07,GOOGL,107.63999938964844,49010200
2023-02-08,GOOGL,99.37000274658203,94743500
2023-02-09,GOOGL,95.01000213623047,119455000
2023-02-10,GOOGL,94.56999969482422,54980700
2023-02-13,GOOGL,94.61000061035156,50076100
2023-02-14,GOOGL,94.68000030517578,54726100
2023-02-15,GOOGL,96.94000244140625,50169000
2023-02-16,GOOGL,95.51000213623047,42462600
2023-02-17,GOOGL,94.3499984741211,34284100
2023-02-21,GOOGL,91.79000091552734,33629300
2023-02-22,GOOGL,91.6500015258789,30884000
2023-02-23,GOOGL,90.88999938964844,41206400
2023-02-24,GOOGL,89.12999725341797,36585100
2023-02-27,GOOGL,89.87000274658203,27502300
2023-02-28,GOOGL,90.05999755859375,30142000
2023-03-01,GOOGL,90.36000061035156,31111200
2023-03-02,GOOGL,92.0,32204400
2023-03-03,GOOGL,93.6500015258789,35160100
2023-03-06,GOOGL,95.12999725341797,32639300
2023-03-07,GOOGL,93.86000061035156,27835500
2023-03-08,GOOGL,94.25,34103300
2023-03-09,GOOGL,92.31999969482422,28813500
2023-03-10,GOOGL,90.62999725341797,35941000
2023-03-13,GOOGL,91.11000061035156,37335600
2023-03-14,GOOGL,93.97000122070312,36050200
2023-03-15,GOOGL,96.11000061035156,50622100
2023-03-16,GOOGL,100.31999969482422,65492000
2023-03-17,GOOGL,101.62000274658203,61028500
2023-03-20,GOOGL,101.22000122070312,32960400
2023-03-21,GOOGL,104.91999816894531,42110300
2023-03-22,GOOGL,103.37000274658203,43427400
2023-03-23,GOOGL,105.5999984741211,40797800
2023-03-24,GOOGL,105.44000244140625,30393300
2023-03-27,GOOGL,102.45999908447266,31120900
2023-03-28,GOOGL,101.02999877929688,32057900
2023-03-29,GOOGL,101.38999938964844,28779600
2023-03-30,GOOGL,100.88999938964844,33086200
2023-03-31,GOOGL,103.7300033569336,36863400
2023-04-03,GOOGL,104.36000061035156,25035400
2023-04-04,GOOGL,104.72000122070312,24420100
2023-04-05,GOOGL,104.47000122070312,28290500
2023-04-06,GOOGL,108.41999816894531,48711500
2023-04-10,GOOGL,106.44000244140625,27067400
2023-04-11,GOOGL,105.3499984741211,26311800
2023-04-12,GOOGL,104.63999938964844,24370300
2023-04-13,GOOGL,107.43000030517578,24843600
2023-04-14,GOOGL,108.87000274658203,26578000
2023-04-17,GOOGL,105.97000122070312,37571200
2023-04-18,GOOGL,104.5,26596400
2023-04-19,GOOGL,104.18000030517578,20905700
2023-04-20,GOOGL,105.29000091552734,27820800
2023-04-21,GOOGL,105.41000366210938,25800100
2023-04-24,GOOGL,105.97000122070312,23542800
2023-04-25,GOOGL,103.8499984741211,46664100
2023-04-26,GOOGL,103.70999908447266,53347600
2023-04-27,GOOGL,107.58999633789062,50089200
2023-04-28,GOOGL,107.33999633789062,36139800
2023-05-01,GOOGL,107.19999694824219,26681700
2023-05-02,GOOGL,105.31999969482422,30997200
2023-05-03,GOOGL,105.41000366210938,21795400
2023-05-04,GOOGL,104.69000244140625,23419500
2023-05-05,GOOGL,105.56999969482422,26639300
2023-05-08,GOOGL,107.7699966430664,26511400
2023-05-09,GOOGL,107.3499984741211,36360100
2023-05-10,GOOGL,111.75,63153400
2023-05-11,GOOGL,116.56999969482422,78900000
2023-05-12,GOOGL,117.51000213623047,41102300
2023-05-15,GOOGL,116.51000213623047,36266800
2023-05-16,GOOGL,119.51000213623047,45035600
2023-05-17,GOOGL,120.83999633789062,33323600
2023-05-18,GOOGL,122.83000183105469,35234200
2023-05-19,GOOGL,122.76000213623047,41353400
2023-05-22,GOOGL,125.05000305175781,35253000
2023-05-23,GOOGL,122.55999755859375,34046300
2023-05-24,GOOGL,120.9000015258789,34182600
2023-05-25,GOOGL,123.4800033569336,42317000
2023-05-26,GOOGL,124.61000061035156,35635900
2023-05-30,GOOGL,123.66999816894531,35076700
2023-05-31,GOOGL,122.87000274658203,37325800
2023-06-01,GOOGL,123.72000122070312,30772700
2023-06-02,GOOGL,124.66999816894531,26980100
2023-06-05,GOOGL,126.01000213623047,32305500
2023-06-06,GOOGL,127.30999755859375,26638300
2023-06-07,GOOGL,122.5,52539000
2023-06-08,GOOGL,122.13999938964844,29389200
2023-06-09,GOOGL,122.2300033569336,23778300
2023-06-12,GOOGL,123.63999938964844,28306400
2023-06-13,GOOGL,123.83000183105469,22278300
2023-06-14,GOOGL,123.66999816894531,30592300
2023-06-15,GOOGL,125.08999633789062,35246300
2023-06-16,GOOGL,123.52999877929688,45535600
2023-06-20,GOOGL,123.0999984741211,26097500
2023-06-21,GOOGL,120.55000305175781,30306300
2023-06-22,GOOGL,123.1500015258789,26952200
2023-06-23,GOOGL,122.33999633789062,34913600
2023-06-26,GOOGL,118.33999633789062,33969900
2023-06-27,GOOGL,118.33000183105469,39535900
2023-06-28,GOOGL,120.18000030517578,27091400
2023-06-29,GOOGL,119.0999984741211,24090900
2023-06-30,GOOGL,119.69999694824219,29532200
2023-07-03,GOOGL,119.9000015258789,14467900
2023-07-05,GOOGL,121.75,27584800
2023-07-06,GOOGL,120.11000061035156,24745200
2023-07-07,GOOGL,119.4800033569336,21709500
2023-07-10,GOOGL,116.44999694824219,35315200
2023-07-11,GOOGL,117.13999938964844,23078800
2023-07-12,GOOGL,118.93000030517578,30404400
2023-07-13,GOOGL,124.54000091552734,44297900
2023-07-14,GOOGL,125.41999816894531,33283100
2023-07-17,GOOGL,124.6500015258789,25716200
2023-07-18,GOOGL,123.76000213623047,26193600
2023-07-19,GOOGL,122.02999877929688,37224000
2023-07-20,GOOGL,119.19999694824219,37906800
2023-07-21,GOOGL,120.0199966430664,72937900
2023-07-24,GOOGL,121.52999877929688,29686100
2023-07-25,GOOGL,122.20999908447266,52509600
2023-07-26,GOOGL,129.27000427246094,61682100
2023-07-27,GOOGL,129.39999389648438,44952100
2023-07-28,GOOGL,132.5800018310547,36591200
2023-07-31,GOOGL,132.72000122070312,28055500
2023-08-01,GOOGL,131.5500030517578,23166800
2023-08-02,GOOGL,128.3800048828125,26273300
2023-08-03,GOOGL,128.4499969482422,20089500
2023-08-04,GOOGL,128.11000061035156,26147200
2023-08-07,GOOGL,131.52999877929688,22746300
2023-08-08,GOOGL,131.39999389648438,23535200
2023-08-09,GOOGL,129.66000366210938,24912900
2023-08-10,GOOGL,129.69000244140625,20857800
2023-08-11,GOOGL,129.55999755859375,19591100
2023-08-14,GOOGL,131.3300018310547,24695600
2023-08-15,GOOGL,129.77999877929688,19770700
2023-08-16,GOOGL,128.6999969482422,25216100
2023-08-17,GOOGL,129.9199981689453,33446300
2023-08-18,GOOGL,127.45999908447266,30504800
2023-08-21,GOOGL,128.3699951171875,25248700
2023-08-22,GOOGL,129.0800018310547,22054900
2023-08-23,GOOGL,132.3699951171875,27819700
2023-08-24,GOOGL,129.77999877929688,28500700
2023-08-25,GOOGL,129.8800048828125,26762900
2023-08-28,GOOGL,131.00999450683594,20543300
2023-08-29,GOOGL,134.57000732421875,43075600
2023-08-30,GOOGL,135.8800048828125,28315800
2023-08-31,GOOGL,136.1699981689453,30053800
2023-09-01,GOOGL,135.66000366210938,21543700
2023-09-05,GOOGL,135.77000427246094,19403100
2023-09-06,GOOGL,134.4600067138672,18684500
2023-09-07,GOOGL,135.25999450683594,18844300
2023-09-08,GOOGL,136.3800048828125,23558300
2023-09-11,GOOGL,136.9199981689453,20763400
2023-09-12,GOOGL,135.33999633789062,18405500
2023-09-13,GOOGL,136.7100067138672,20749500
2023-09-14,GOOGL,138.10000610351562,24751000
2023-09-15,GOOGL,137.39999389648438,38919600
2023-09-18,GOOGL,138.2100067138672,21861300
2023-09-19,GOOGL,138.0399932861328,20353700
2023-09-20,GOOGL,133.74000549316406,29927500
2023-09-21,GOOGL,130.44000244140625,31503900
2023-09-22,GOOGL,130.25,26397300
2023-09-25,GOOGL,131.11000061035156,20094600
2023-09-26,GOOGL,128.57000732421875,25718700
2023-09-27,GOOGL,130.5399932861328,22746500
2023-09-28,GOOGL,132.30999755859375,22513100
2023-09-29,GOOGL,130.86000061035156,30859800
2023-10-02,GOOGL,134.1699981689453,22288000
2023-10-03,GOOGL,132.42999267578125,22989400
2023-10-04,GOOGL,135.24000549316406,26752300
2023-10-05,GOOGL,135.07000732421875,19832600
2023-10-06,GOOGL,137.5800018310547,27597600
2023-10-09,GOOGL,138.4199981689453,19278100
2023-10-10,GOOGL,138.05999755859375,27786600
2023-10-11,GOOGL,140.5500030517578,25884300
2023-10-12,GOOGL,138.97000122070312,24765500
2023-10-13,GOOGL,137.36000061035156,23420500
2023-10-16,GOOGL,139.10000610351562,28501900
2023-10-17,GOOGL,139.72000122070312,23515800
2023-10-18,GOOGL,137.9600067138672,23375000
2023-10-19,GOOGL,137.75,26066000
2023-10-20,GOOGL,135.60000610351562,26335700
2023-10-23,GOOGL,136.5,26317900
2023-10-24,GOOGL,138.80999755859375,44814300
2023-10-25,GOOGL,125.61000061035156,84366200
2023-10-26,GOOGL,122.27999877929688,57061100
2023-10-27,GOOGL,122.16999816894531,44566500
2023-10-30,GOOGL,124.45999908447266,28940100
2023-10-31,GOOGL,124.08000183105469,26292300
2023-11-01,GOOGL,126.44999694824219,30082400
2023-11-02,GOOGL,127.48999786376953,27124600
2023-11-03,GOOGL,129.10000610351562,26393100
2023-11-06,GOOGL,130.25,19052700
2023-11-07,GOOGL,130.97000122070312,29757300
2023-11-08,GOOGL,131.83999633789062,26425800
2023-11-09,GOOGL,130.24000549316406,23747800
2023-11-10,GOOGL,132.58999633789062,26913300
2023-11-13,GOOGL,132.08999633789062,18324800
2023-11-14,GOOGL,133.6199951171875,32395200
2023-11-15,GOOGL,134.6199951171875,23861500
2023-11-16,GOOGL,136.92999267578125,28013200
2023-11-17,GOOGL,135.30999755859375,37240600
2023-11-20,GOOGL,136.25,27815500
2023-11-21,GOOGL,136.97000122070312,22635300
2023-11-22,GOOGL,138.49000549316406,17813900
2023-11-24,GOOGL,136.69000244140625,12514300
2023-11-27,GOOGL,136.41000366210938,23436500
2023-11-28,GOOGL,137.1999969482422,18730000
2023-11-29,GOOGL,134.99000549316406,23967200
2023-11-30,GOOGL,132.52999877929688,38988300
2023-12-01,GOOGL,131.86000061035156,31442300
2023-12-04,GOOGL,129.27000427246094,36669900
2023-12-05,GOOGL,130.99000549316406,27384800
2023-12-06,GOOGL,130.02000427246094,23576200
2023-12-07,GOOGL,136.92999267578125,56767100
2023-12-08,GOOGL,134.99000549316406,32260100
2023-12-11,GOOGL,133.2899932861328,31138000
2023-12-12,GOOGL,132.52000427246094,29032800
2023-12-13,GOOGL,132.57000732421875,30104800
2023-12-14,GOOGL,131.94000244140625,38722400
2023-12-15,GOOGL,132.60000610351562,50847100
2023-12-18,GOOGL,135.8000030517578,32258000
2023-12-19,GOOGL,136.64999389648438,25476800
2023-12-20,GOOGL,138.33999633789062,49107200
2023-12-21,GOOGL,140.4199981689453,27488300
2023-12-22,GOOGL,141.49000549316406,26532200
2023-12-26,GOOGL,141.52000427246094,16780300
2023-12-27,GOOGL,140.3699951171875,19628600
2023-12-28,GOOGL,140.22999572753906,16045700
2023-12-29,GOOGL,139.69000244140625,18733000
2024-01-02,GOOGL,138.1699981689453,23711200
2024-01-03,GOOGL,138.9199981689453,24212100
2024-01-04,GOOGL,136.38999938964844,27137700
2024-01-05,GOOGL,135.72999572753906,22513900
2024-01-08,GOOGL,138.83999633789062,21404000
2024-01-09,GOOGL,140.9499969482422,24759600
2024-01-10,GOOGL,142.27999877929688,21320200
2024-01-11,GOOGL,142.0800018310547,24008700
2024-01-12,GOOGL,142.64999389648438,18785500
2024-01-16,GOOGL,142.49000549316406,22670500
2024-01-17,GOOGL,141.47000122070312,20968600
2024-01-18,GOOGL,143.47999572753906,25746400
2024-01-19,GOOGL,146.3800048828125,34271900
2024-01-22,GOOGL,145.99000549316406,32200400
2024-01-23,GOOGL,147.0399932861328,21636100
2024-01-24,GOOGL,148.6999969482422,25233500
2024-01-25,GOOGL,151.8699951171875,29149100
2024-01-26,GOOGL,152.19000244140625,26115500
2024-01-29,GOOGL,153.50999450683594,27784300
2024-01-30,GOOGL,151.4600067138672,36331800
2024-01-31,GOOGL,140.10000610351562,71910000
2024-02-01,GOOGL,141.16000366210938,40466500
2024-02-02,GOOGL,142.3800048828125,62499600
2024-02-05,GOOGL,143.67999267578125,38505400
2024-02-06,GOOGL,144.10000610351562,29128200
2024-02-07,GOOGL,145.5399932861328,25208900
2024-02-08,GOOGL,145.91000366210938,22563800
2024-02-09,GOOGL,149.0,26829500
2024-02-12,GOOGL,147.52999877929688,21564100
2024-02-13,GOOGL,145.13999938964844,27837700
2024-02-14,GOOGL,145.94000244140625,22704200
2024-02-15,GOOGL,142.77000427246094,37590700
2024-02-16,GOOGL,140.52000427246094,31468900
2024-02-20,GOOGL,141.1199951171875,25144700
2024-02-21,GOOGL,142.5500030517578,23223300
2024-02-22,GOOGL,144.08999633789062,27191900
2024-02-23,GOOGL,143.9600067138672,19493800
2024-02-26,GOOGL,137.57000732421875,53641800
2024-02-27,GOOGL,138.8800048828125,33099200
2024-02-28,GOOGL,136.3800048828125,37328600
2024-02-29,GOOGL,138.4600067138672,42133000
2024-03-01,GOOGL,137.13999938964844,31151100
2024-03-04,GOOGL,133.35000610351562,55999400
2024-03-05,GOOGL,132.6699981689453,40194800
2024-03-06,GOOGL,131.39999389648438,35318600
2024-03-07,GOOGL,134.3800048828125,37738200
2024-03-08,GOOGL,135.41000366210938,39370400
2024-03-11,GOOGL,137.6699981689453,32437800
2024-03-12,GOOGL,138.5,27563400
2024-03-13,GOOGL,139.7899932861328,23347200
2024-03-14,GOOGL,143.10000610351562,42753400
2024-03-15,GOOGL,141.17999267578125,49475400
2024-03-18,GOOGL,147.67999267578125,69273700
2024-03-19,GOOGL,147.02999877929688,24070400
2024-03-20,GOOGL,148.74000549316406,21311500
2024-03-21,GOOGL,147.60000610351562,24755600
2024-03-22,GOOGL,150.77000427246094,29211800
2024-03-25,GOOGL,150.07000732421875,19229300
2024-03-26,GOOGL,150.6699981689453,22149100
2024-03-27,GOOGL,150.8699951171875,22879200
2024-03-28,GOOGL,150.92999267578125,24485400
2024-04-01,GOOGL,155.49000549316406,31730800
2024-04-02,GOOGL,154.55999755859375,24586000
2024-04-03,GOOGL,154.9199981689453,24705000
2024-04-04,GOOGL,150.52999877929688,34724700
2024-04-05,GOOGL,152.5,23459200
2024-04-08,GOOGL,154.85000610351562,20702000
2024-04-09,GOOGL,156.60000610351562,31079500
2024-04-10,GOOGL,156.13999938964844,22838600
2024-04-11,GOOGL,159.41000366210938,27166400
2024-04-12,GOOGL,157.72999572753906,25353700
2024-04-15,GOOGL,154.86000061035156,27136500
2024-04-16,GOOGL,154.39999389648438,20779500
2024-04-17,GOOGL,155.47000122070312,21763100
2024-04-18,GOOGL,156.00999450683594,19883000
2024-04-19,GOOGL,154.08999633789062,32615600
2024-04-22,GOOGL,156.27999877929688,26446200
2024-04-23,GOOGL,158.25999450683594,21151600
2024-04-24,GOOGL,159.1300048828125,22779100
2024-04-25,GOOGL,156.0,57109700
2024-04-26,GOOGL,171.9499969482422,64665300
2024-04-29,GOOGL,166.14999389648438,45610000
2024-04-30,GOOGL,162.77999877929688,33562900
2024-05-01,GOOGL,163.86000061035156,33493200
2024-05-02,GOOGL,166.6199951171875,24294500
2024-05-03,GOOGL,167.24000549316406,34662400
2024-05-06,GOOGL,168.10000610351562,21871300
2024-05-07,GOOGL,171.25,28039700
2024-05-08,GOOGL,169.3800048828125,19569100
2024-05-09,GOOGL,169.9600067138672,15346700
2024-05-10,GOOGL,168.64999389648438,29799900
2024-05-13,GOOGL,169.13999938964844,31327600
2024-05-14,GOOGL,170.33999633789062,25127100
2024-05-15,GOOGL,172.50999450683594,26948400
2024-05-16,GOOGL,174.17999267578125,27867900
2024-05-17,GOOGL,176.05999755859375,24479300
2024-05-20,GOOGL,176.9199981689453,22554400
2024-05-21,GOOGL,177.85000610351562,16989400
2024-05-22,GOOGL,176.3800048828125,17880000
2024-05-23,GOOGL,173.5500030517578,21024900
2024-05-24,GOOGL,174.99000549316406,16579400
2024-05-28,GOOGL,176.39999389648438,20572200
2024-05-29,GOOGL,175.89999389648438,23388700
2024-05-30,GOOGL,172.11000061035156,22931500
2024-05-31,GOOGL,172.5,37638900
2024-06-03,GOOGL,173.1699981689453,27459100
2024-06-04,GOOGL,173.7899932861328,26879600
2024-06-05,GOOGL,175.41000366210938,22068500
2024-06-06,GOOGL,176.72999572753906,23251000
2024-06-07,GOOGL,174.4600067138672,19661400
2024-06-10,GOOGL,175.00999450683594,23726700
2024-06-11,GOOGL,176.6199951171875,21540600
2024-06-12,GOOGL,177.7899932861328,27864700
2024-06-13,GOOGL,175.16000366210938,20913300
2024-06-14,GOOGL,176.7899932861328,18063600
2024-06-17,GOOGL,177.24000549316406,19618500
2024-06-18,GOOGL,175.08999633789062,21869900
2024-06-20,GOOGL,176.3000030517578,20160100
2024-06-21,GOOGL,179.6300048828125,57759000
2024-06-24,GOOGL,179.22000122070312,18298000
2024-06-25,GOOGL,184.02999877929688,23130200
2024-06-26,GOOGL,183.8800048828125,19839000
2024-06-27,GOOGL,185.41000366210938,18848900
2024-06-28,GOOGL,182.14999389648438,29156600
2024-07-01,GOOGL,182.99000549316406,16006100
2024-07-02,GOOGL,185.24000549316406,17372500
2024-07-03,GOOGL,185.82000732421875,10242100
2024-07-05,GOOGL,190.60000610351562,20967500
2024-07-08,GOOGL,189.02999877929688,21035900
2024-07-09,GOOGL,188.97999572753906,15121400
2024-07-10,GOOGL,191.17999267578125,15952500
2024-07-11,GOOGL,185.57000732421875,25625800
2024-07-12,GOOGL,185.07000732421875,22898400
2024-07-15,GOOGL,186.52999877929688,16474000
2024-07-16,GOOGL,183.9199981689453,18290700
2024-07-17,GOOGL,181.02000427246094,20734100
2024-07-18,GOOGL,177.69000244140625,25315700
2024-07-19,GOOGL,177.66000366210938,18881900
2024-07-22,GOOGL,181.6699981689453,24100300
2024-07-23,GOOGL,181.7899932861328,36352700
2024-07-24,GOOGL,172.6300048828125,49585200
2024-07-25,GOOGL,167.27999877929688,44852000
2024-07-26,GOOGL,167.0,41336900
2024-07-29,GOOGL,169.52999877929688,20293800
2024-07-30,GOOGL,170.2899932861328,18959700
2024-07-31,GOOGL,171.5399932861328,25729100
2024-08-01,GOOGL,170.75999450683594,24531400
2024-08-02,GOOGL,166.66000366210938,29130100
2024-08-05,GOOGL,159.25,53630700
2024-08-06,GOOGL,158.2899932861328,49004600
2024-08-07,GOOGL,158.94000244140625,25138600
2024-08-08,GOOGL,162.02999877929688,25578800
2024-08-09,GOOGL,163.6699981689453,28602300
2024-08-12,GOOGL,162.2899932861328,15895300
2024-08-13,GOOGL,164.16000366210938,18551700
2024-08-14,GOOGL,160.3699951171875,40591100
2024-08-15,GOOGL,161.3000030517578,31524300
2024-08-16,GOOGL,162.9600067138672,24208600
2024-08-19,GOOGL,166.6699981689453,22416200
2024-08-20,GOOGL,167.17999267578125,18341500
2024-08-21,GOOGL,165.85000610351562,22902000
2024-08-22,GOOGL,163.8000030517578,22493300
2024-08-23,GOOGL,165.6199951171875,13955700
2024-08-26,GOOGL,166.16000366210938,14190400
2024-08-27,GOOGL,164.67999267578125,11821900
2024-08-28,GOOGL,162.85000610351562,16407400
2024-08-29,GOOGL,161.77999877929688,19699800
2024-08-30,GOOGL,163.3800048828125,22123800
2024-09-03,GOOGL,157.36000061035156,38945300
2024-09-04,GOOGL,156.4499969482422,19353800
2024-09-05,GOOGL,157.24000549316406,18688700
2024-09-06,GOOGL,150.9199981689453,37912100
2024-09-09,GOOGL,148.7100067138672,39260500
2024-09-10,GOOGL,148.66000366210938,31118800
2024-09-11,GOOGL,151.16000366210938,29607700
2024-09-12,GOOGL,154.69000244140625,29621500
2024-09-13,GOOGL,157.4600067138672,29591200
2024-09-16,GOOGL,158.05999755859375,18379800
2024-09-17,GOOGL,159.32000732421875,20715600
2024-09-18,GOOGL,159.80999755859375,23677300
2024-09-19,GOOGL,162.13999938964844,26587700
2024-09-20,GOOGL,163.58999633789062,40896400
2024-09-23,GOOGL,161.85000610351562,24150900
2024-09-24,GOOGL,162.2899932861328,23332100
2024-09-25,GOOGL,161.49000549316406,18869200
2024-09-26,GOOGL,162.72999572753906,20319300
2024-09-27,GOOGL,163.9499969482422,21101300
2024-09-30,GOOGL,165.85000610351562,20413900
2024-10-01,GOOGL,166.99000549316406,28338100
2024-10-02,GOOGL,165.86000061035156,17760200
2024-10-03,GOOGL,165.86000061035156,15073100
2024-10-04,GOOGL,167.05999755859375,19047400
2024-10-07,GOOGL,162.97999572753906,22463100
2024-10-08,GOOGL,164.3800048828125,23072700
2024-10-09,GOOGL,161.86000061035156,31181800
2024-10-10,GOOGL,162.0800018310547,14144100
2024-10-11,GOOGL,163.24000549316406,15344300
2024-10-14,GOOGL,164.9600067138672,19016100
2024-10-15,GOOGL,165.4600067138672,20247200
2024-10-16,GOOGL,165.16000366210938,16406000
2024-10-17,GOOGL,162.92999267578125,21453400
2024-10-18,GOOGL,163.4199981689453,19757700
2024-10-21,GOOGL,164.07000732421875,20946500
2024-10-22,GOOGL,165.13999938964844,16568100
2024-10-23,GOOGL,162.77999877929688,18280500
2024-10-24,GOOGL,162.72000122070312,22412500
2024-10-25,GOOGL,165.27000427246094,19828900
2024-10-28,GOOGL,166.72000122070312,32138600
2024-10-29,GOOGL,169.67999267578125,42169000
2024-10-30,GOOGL,174.4600067138672,68890800
2024-10-31,GOOGL,171.11000061035156,44769000
2024-11-01,GOOGL,171.2899932861328,31796500
2024-11-04,GOOGL,169.24000549316406,21492700
2024-11-05,GOOGL,169.74000549316406,18242100
2024-11-06,GOOGL,176.50999450683594,33695500
2024-11-07,GOOGL,180.75,25352900
2024-11-08,GOOGL,178.35000610351562,22006200
2024-11-11,GOOGL,180.35000610351562,17450400
2024-11-12,GOOGL,181.6199951171875,25134900
2024-11-13,GOOGL,178.8800048828125,23184000
2024-11-14,GOOGL,175.5800018310547,31007500
2024-11-15,GOOGL,172.49000549316406,32504600
2024-11-18,GOOGL,175.3000030517578,20135300
2024-11-19,GOOGL,178.1199951171875,23434900
2024-11-20,GOOGL,175.97999572753906,18997100
2024-11-21,GOOGL,167.6300048828125,59734400
2024-11-22,GOOGL,164.75999450683594,38604600
2024-11-25,GOOGL,167.64999389648438,33135300
2024-11-26,GOOGL,169.1199951171875,20486700
2024-11-27,GOOGL,169.22999572753906,19266500
2024-11-29,GOOGL,168.9499969482422,14257200
2024-12-02,GOOGL,171.49000549316406,23789100
2024-12-03,GOOGL,171.33999633789062,22248700
2024-12-04,GOOGL,174.3699951171875,31615100
2024-12-05,GOOGL,172.63999938964844,21356200
2024-12-06,GOOGL,174.7100067138672,21462400
2024-12-09,GOOGL,175.3699951171875,25389600
2024-12-10,GOOGL,185.1699981689453,54813000
2024-12-11,GOOGL,195.39999389648438,67894100
2024-12-12,GOOGL,191.9600067138672,34817500
2024-12-13,GOOGL,189.82000732421875,25143500
2024-12-16,GOOGL,196.66000366210938,44934900
2024-12-17,GOOGL,195.4199981689453,43504000
2024-12-18,GOOGL,188.39999389648438,34166100
2024-12-19,GOOGL,188.50999450683594,32265200
2024-12-20,GOOGL,191.41000366210938,63462900
2024-12-23,GOOGL,194.6300048828125,25675000
2024-12-24,GOOGL,196.11000061035156,10403300
2024-12-26,GOOGL,195.60000610351562,12046600
2024-12-27,GOOGL,192.75999450683594,18891400
2024-12-30,GOOGL,191.24000549316406,14264700
2024-12-31,GOOGL,189.3000030517578,17466900
2025-01-02,GOOGL,189.42999267578125,20370800
2025-01-03,GOOGL,191.7899932861328,18596200
2025-01-06,GOOGL,196.8699951171875,29563600
2025-01-07,GOOGL,195.49000549316406,26487200
2025-01-08,GOOGL,193.9499969482422,24864800
2025-01-10,GOOGL,192.0399932861328,26665200
2025-01-13,GOOGL,191.00999450683594,21823700
2025-01-14,GOOGL,189.66000366210938,17174900
2025-01-15,GOOGL,195.5500030517578,21776000
2025-01-16,GOOGL,192.91000366210938,17815400
2025-01-17,GOOGL,196.0,27735100
2025-01-21,GOOGL,198.0500030517578,29971300
2025-01-22,GOOGL,198.3699951171875,26200600
2025-01-23,GOOGL,197.97999572753906,26951400
2025-01-24,GOOGL,200.2100067138672,23877500
2025-01-27,GOOGL,191.80999755859375,41728900
2025-01-28,GOOGL,195.3000030517578,24157900
2025-01-29,GOOGL,195.41000366210938,18218300
2025-01-30,GOOGL,200.8699951171875,24354700
2025-01-31,GOOGL,204.02000427246094,32001100
2025-02-03,GOOGL,201.22999572753906,27838300
2025-02-04,GOOGL,206.3800048828125,43856400
2025-02-05,GOOGL,191.3300018310547,70373900
2025-02-06,GOOGL,191.60000610351562,29297400
2025-02-07,GOOGL,185.33999633789062,49315000
2025-02-10,GOOGL,186.47000122070312,23105600
2025-02-11,GOOGL,185.32000732421875,21239500
2025-02-12,GOOGL,183.61000061035156,22072600
2025-02-13,GOOGL,186.13999938964844,21402500
2025-02-14,GOOGL,185.22999572753906,20448400
2025-02-18,GOOGL,183.77000427246094,29916700
2025-02-19,GOOGL,185.27000427246094,19549400
2025-02-20,GOOGL,184.55999755859375,20441500
2025-02-21,GOOGL,179.66000366210938,35199200
2025-02-24,GOOGL,179.25,29854200
2025-02-25,GOOGL,175.4199981689453,41913400
2025-02-26,GOOGL,172.72999572753906,35431300
2025-02-27,GOOGL,168.5,39991000
2025-02-28,GOOGL,170.27999877929688,48130600
2025-03-03,GOOGL,167.00999450683594,40770500
2025-03-04,GOOGL,170.9199981689453,45388000
2025-03-05,GOOGL,173.02000427246094,30954900
2025-03-06,GOOGL,172.35000610351562,28302000
2025-03-07,GOOGL,173.86000061035156,27385800
2025-03-10,GOOGL,165.8699951171875,43604000
2025-03-11,GOOGL,164.0399932861328,39587400
2025-03-12,GOOGL,167.11000061035156,28372400
2025-03-13,GOOGL,162.75999450683594,31756200
2025-03-14,GOOGL,165.49000549316406,31995900
2025-03-17,GOOGL,164.2899932861328,31184300
2025-03-18,GOOGL,160.6699981689453,42074800
2025-03-19,GOOGL,163.88999938964844,34275600
2025-03-20,GOOGL,162.8000030517578,28138500
2025-03-21,GOOGL,163.99000549316406,36625800
2025-03-24,GOOGL,167.67999267578125,30879100
2025-03-25,GOOGL,170.55999755859375,24174400
2025-03-26,GOOGL,165.05999755859375,28901600
2025-03-27,GOOGL,162.24000549316406,24508300
2025-03-28,GOOGL,154.3300018310547,48669300
2025-03-31,GOOGL,154.63999938964844,54603500
2025-04-01,GOOGL,157.07000732421875,30672900
2025-04-02,GOOGL,157.0399932861328,25041700
2025-04-03,GOOGL,150.72000122070312,46883400
2025-04-04,GOOGL,145.60000610351562,62259500
2025-04-07,GOOGL,146.75,76794100
2025-04-08,GOOGL,144.6999969482422,52200200
2025-04-09,GOOGL,158.7100067138672,70406200
2025-04-10,GOOGL,152.82000732421875,48022000
2025-04-11,GOOGL,157.13999938964844,33636200
2025-04-14,GOOGL,159.07000732421875,30333000
2025-04-15,GOOGL,156.30999755859375,27551500
2025-04-16,GOOGL,153.3300018310547,28187400
2025-04-17,GOOGL,151.16000366210938,33046600
2025-04-21,GOOGL,147.6699981689453,26049100
2025-04-22,GOOGL,151.47000122070312,26971800
2025-04-23,GOOGL,155.35000610351562,31128800
2025-04-24,GOOGL,159.27999877929688,45894000
2025-04-25,GOOGL,161.9600067138672,56034000
2025-04-28,GOOGL,160.61000061035156,29745800
2025-04-29,GOOGL,160.16000366210938,26809000
2025-04-30,GOOGL,158.8000030517578,34981100
2025-05-01,GOOGL,161.3000030517578,30203200
2025-05-02,GOOGL,164.02999877929688,25715000
2025-05-05,GOOGL,164.2100067138672,21341800
2025-05-06,GOOGL,163.22999572753906,21277200
2025-05-07,GOOGL,151.3800048828125,127490100
2025-05-08,GOOGL,154.27999877929688,57498700
2025-05-09,GOOGL,152.75,32435300
2025-05-12,GOOGL,158.4600067138672,44138800
2025-05-13,GOOGL,159.52999877929688,42382100
2025-05-14,GOOGL,165.3699951171875,48755900
2025-05-15,GOOGL,163.9600067138672,33146700
2025-05-16,GOOGL,166.19000244140625,42846900
2025-05-19,GOOGL,166.5399932861328,30426100
2025-05-20,GOOGL,163.97999572753906,46607700
2025-05-21,GOOGL,168.55999755859375,73416000
2025-05-22,GOOGL,170.8699951171875,74864400
2025-05-23,GOOGL,168.47000122070312,35211400
2025-05-27,GOOGL,172.89999389648438,37995700
2025-05-28,GOOGL,172.36000061035156,34784000
2025-05-29,GOOGL,171.86000061035156,29317300
2025-05-30,GOOGL,171.74000549316406,52639900
2025-06-02,GOOGL,169.02999877929688,38612300
2025-06-03,GOOGL,166.17999267578125,45084900
2025-06-04,GOOGL,168.0500030517578,26900800
2025-06-05,GOOGL,168.2100067138672,36379100
2025-06-06,GOOGL,173.67999267578125,35731800
2025-06-09,GOOGL,176.08999633789062,28935900
2025-06-10,GOOGL,178.60000610351562,61766100
2025-06-11,GOOGL,177.35000610351562,31646800
2025-06-12,GOOGL,175.6999969482422,20941900
2025-06-13,GOOGL,174.6699981689453,27663100
2025-06-16,GOOGL,176.77000427246094,27389200
2025-06-17,GOOGL,175.9499969482422,24973000
2025-06-18,GOOGL,173.32000732421875,28707500
2025-06-20,GOOGL,166.63999938964844,75659900
2025-06-23,GOOGL,165.19000244140625,57671000
2025-06-24,GOOGL,166.77000427246094,40524300
2025-06-25,GOOGL,170.67999267578125,35479000
2025-06-26,GOOGL,173.5399932861328,31796700
2025-06-27,GOOGL,178.52999877929688,108140200
2025-06-30,GOOGL,176.22999572753906,63378900
2025-07-01,GOOGL,175.83999633789062,35904500
2025-07-02,GOOGL,178.63999938964844,29128900
2025-07-03,GOOGL,179.52999877929688,21689700
2025-07-07,GOOGL,176.7899932861328,34175600
2025-07-08,GOOGL,174.36000061035156,40442500
2025-07-09,GOOGL,176.6199951171875,43025600
2025-07-10,GOOGL,177.6199951171875,29252400
2025-07-11,GOOGL,180.19000244140625,34282900
2025-07-14,GOOGL,181.55999755859375,32536600
2025-07-15,GOOGL,182.0,33448300
2025-07-16,GOOGL,182.97000122070312,33104200
2025-07-17,GOOGL,183.5800018310547,31992600
2025-07-18,GOOGL,185.05999755859375,34014500
2025-07-21,GOOGL,190.10000610351562,45803100
2025-07-22,GOOGL,191.33999633789062,44660200
2025-07-23,GOOGL,190.22999572753906,58681900
2025-07-24,GOOGL,192.1699981689453,74881700
2025-07-25,GOOGL,193.17999267578125,39785900
2025-07-28,GOOGL,192.5800018310547,38139500
2025-07-29,GOOGL,195.75,41389200
2025-07-30,GOOGL,196.52999877929688,32445400
2025-07-31,GOOGL,191.89999389648438,51329200
2025-08-01,GOOGL,189.1300048828125,34832200
2025-08-04,GOOGL,195.0399932861328,31547400
2025-08-05,GOOGL,194.6699981689453,31602300
2025-08-06,GOOGL,196.08999633789062,21562900
2025-08-07,GOOGL,196.52000427246094,26321800
2025-08-08,GOOGL,201.4199981689453,39161800
2025-08-11,GOOGL,201.0,25832400
2025-08-12,GOOGL,203.33999633789062,30397900
2025-08-13,GOOGL,201.9600067138672,28342900
2025-08-14,GOOGL,202.94000244140625,25230400
2025-08-15,GOOGL,203.89999389648438,34931400
2025-08-18,GOOGL,203.5,18526600
2025-08-19,GOOGL,201.57000732421875,24240200
2025-08-20,GOOGL,199.32000732421875,28955500
2025-08-21,GOOGL,199.75,19774600
2025-08-22,GOOGL,206.08999633789062,42827000
2025-08-25,GOOGL,208.49000549316406,29928900
2025-08-26,GOOGL,207.13999938964844,28464100
2025-08-27,GOOGL,207.47999572753906,23022900
2025-08-28,GOOGL,211.63999938964844,32339300
2025-08-29,GOOGL,212.91000366210938,39728400
2025-09-02,GOOGL,211.35000610351562,47523000
2025-09-03,GOOGL,230.66000366210938,103336100
2025-09-04,GOOGL,232.3000030517578,51684200
2025-09-05,GOOGL,235.0,46588900
2025-09-08,GOOGL,234.0399932861328,32474700
2025-09-09,GOOGL,239.6300048828125,38061000
2025-09-10,GOOGL,239.1699981689453,35141100
2025-09-11,GOOGL,240.3699951171875,30599300
2025-09-12,GOOGL,240.8000030517578,26771600
2025-09-15,GOOGL,251.61000061035156,58383800
2025-09-16,GOOGL,251.16000366210938,34109700
2025-09-17,GOOGL,249.52999877929688,34108000
2025-09-18,GOOGL,252.02999877929688,31239500
2025-09-19,GOOGL,254.72000122070312,55571400
2025-09-22,GOOGL,252.52999877929688,32290500
2025-09-23,GOOGL,251.66000366210938,26628000
2025-09-24,GOOGL,247.13999938964844,28201000
2025-09-25,GOOGL,245.7899932861328,31020400
2025-09-26,GOOGL,246.5399932861328,18503200
2025-09-29,GOOGL,244.0500030517578,32505800
2025-09-30,GOOGL,243.10000610351562,34724300
2025-10-01,GOOGL,244.89999389648438,31658200
2025-10-02,GOOGL,245.69000244140625,25483300
2025-10-03,GOOGL,245.35000610351562,30249600
2025-10-06,GOOGL,250.42999267578125,28894700
2025-10-07,GOOGL,245.75999450683594,23181300
2025-10-08,GOOGL,244.6199951171875,21307100
2025-10-09,GOOGL,241.52999877929688,27892100
2025-10-10,GOOGL,236.57000732421875,33180300
2025-10-13,GOOGL,244.14999389648438,24995000
2025-10-14,GOOGL,245.4499969482422,22111600
2025-10-15,GOOGL,251.02999877929688,27007700
2025-10-16,GOOGL,251.4600067138672,27997200
2025-10-17,GOOGL,253.3000030517578,29671600
2025-10-20,GOOGL,256.54998779296875,22350200
2025-10-21,GOOGL,250.4600067138672,47312100
2025-10-22,GOOGL,251.69000244140625,35029400
2025-10-23,GOOGL,253.0800018310547,19901400
2025-10-24,GOOGL,259.9200134277344,28655100
2025-10-27,GOOGL,269.2699890136719,35235200
2025-10-28,GOOGL,267.4700012207031,29738600
2025-10-29,GOOGL,274.57000732421875,43580300
2025-10-30,GOOGL,281.4800109863281,74876000
2025-10-31,GOOGL,281.19000244140625,39267900
2025-11-03,GOOGL,283.7200012207031,29786000
2025-11-04,GOOGL,277.5400085449219,30078400
2025-11-05,GOOGL,284.30999755859375,31010300
2025-11-06,GOOGL,284.75,37173600
2025-11-07,GOOGL,278.8299865722656,34479600
2025-11-10,GOOGL,290.1000061035156,29557300
2025-11-11,GOOGL,291.30999755859375,19842100
2025-11-12,GOOGL,286.7099914550781,24829900
2025-11-13,GOOGL,278.57000732421875,29494000
2025-11-14,GOOGL,276.4100036621094,31647200
2025-11-17,GOOGL,285.0199890136719,52670200
2025-11-18,GOOGL,284.2799987792969,49158700
2025-11-19,GOOGL,292.80999755859375,68198900
2025-11-20,GOOGL,289.45001220703125,62025200
2025-11-21,GOOGL,299.6600036621094,74137700
2025-11-24,GOOGL,318.5799865722656,85165100
2025-11-25,GOOGL,323.44000244140625,88632100
2025-11-26,GOOGL,319.95001220703125,51373400
2025-11-28,GOOGL,320.17999267578125,26018600
2025-12-01,GOOGL,314.8900146484375,41183000
2025-12-02,GOOGL,315.80999755859375,35854700
2025-12-03,GOOGL,319.6300048828125,41838300
2025-12-04,GOOGL,317.6199951171875,31240900
2025-12-05,GOOGL,321.2699890136719,28851700
2025-12-08,GOOGL,313.7200012207031,33909400
2025-12-09,GOOGL,317.0799865722656,30194000
2025-12-10,GOOGL,320.2099914550781,33428900
2025-12-11,GOOGL,312.42999267578125,42353700
2025-12-12,GOOGL,309.2900085449219,35940200
2025-12-15,GOOGL,308.2200012207031,29151900
2025-12-16,GOOGL,306.57000732421875,30585000
2025-12-17,GOOGL,296.7200012207031,43930400
2025-12-18,GOOGL,302.4599914550781,33518000
2025-12-19,GOOGL,307.1600036621094,59943200
2025-12-22,GOOGL,309.7799987792969,26429900
2025-12-23,GOOGL,314.3500061035156,25478700
2025-12-24,GOOGL,314.0899963378906,10097400
2025-12-26,GOOGL,313.510009765625,10899000
2025-12-29,GOOGL,313.55999755859375,19621800
2025-12-30,GOOGL,313.8500061035156,17380900
2025-12-31,GOOGL,313.0,16377700
2026-01-02,GOOGL,315.1499938964844,32009400
2026-01-05,GOOGL,316.5400085449219,30195600
2026-01-06,GOOGL,314.3399963378906,31212100
2026-01-07,GOOGL,321.9800109863281,35104400
2026-01-08,GOOGL,325.44000244140625,31896100
2026-01-09,GOOGL,328.57000732421875,26214200
2026-01-12,GOOGL,331.8599853515625,33923900
2026-01-13,GOOGL,335.9700012207031,33517600
2026-01-14,GOOGL,335.8399963378906,28525600
2026-01-15,GOOGL,332.7799987792969,28442400
2026-01-16,GOOGL,330.0,40341600
2026-01-20,GOOGL,322.0,35361000
2026-01-21,GOOGL,328.3800048828125,35386600
2026-01-22,GOOGL,330.5400085449219,26253600
2026-01-23,GOOGL,327.92999267578125,27280000
2026-01-26,GOOGL,333.260009765625,26042100
2026-01-27,GOOGL,334.54998779296875,21636200
2026-01-28,GOOGL,336.010009765625,27434400
2026-01-29,GOOGL,338.25,39785600
2026-01-30,GOOGL,338.0,31024000
2026-02-02,GOOGL,343.69000244140625,32006100
2026-02-03,GOOGL,339.7099914550781,36506700
2026-02-04,GOOGL,333.0400085449219,70618400
2026-02-05,GOOGL,331.25,88205800
2026-02-06,GOOGL,322.8599853515625,56380500
2026-02-09,GOOGL,324.32000732421875,39640100
2026-02-10,GOOGL,318.5799865722656,39170000
2026-02-11,GOOGL,310.9599914550781,45406400
2026-02-12,GOOGL,309.0,47761300
2026-02-13,GOOGL,305.7200012207031,38499700
2026-02-17,GOOGL,302.0199890136719,39247600
2026-02-18,GOOGL,303.3299865722656,28482100
2026-02-19,GOOGL,302.8500061035156,25834400
2026-02-20,GOOGL,314.9800109863281,53210800
2026-02-23,GOOGL,311.489990234375,31423000
2026-02-24,GOOGL,310.8999938964844,25615600
2026-02-25,GOOGL,312.8999938964844,29963600
2026-02-26,GOOGL,307.3800048828125,36431200
2026-02-27,GOOGL,311.760009765625,44640600
2026-03-02,GOOGL,306.5199890136719,34790200
2026-03-03,GOOGL,303.5799865722656,35497000
2026-03-04,GOOGL,303.1300048828125,29536200
2026-03-05,GOOGL,300.8800048828125,35752300
2026-03-06,GOOGL,298.5199890136719,25576900
2026-03-09,GOOGL,306.3599853515625,29312100
2026-03-10,GOOGL,307.0400085449219,23239700
2026-03-11,GOOGL,308.70001220703125,24125700
2026-03-12,GOOGL,303.54998779296875,24928300
2026-03-13,GOOGL,302.2799987792969,23693100
2026-03-16,GOOGL,305.55999755859375,23519700
2026-03-17,GOOGL,310.9200134277344,21955200
2026-03-18,GOOGL,307.69000244140625,20009800
2026-03-19,GOOGL,307.1300048828125,25075800
2026-03-20,GOOGL,301.0,44364100
2026-03-23,GOOGL,302.05999755859375,29326900
2026-03-24,GOOGL,290.44000244140625,36864300
2026-03-25,GOOGL,290.92999267578125,29460700
2026-03-26,GOOGL,280.9200134277344,39080600
2026-03-27,GOOGL,274.3399963378906,35890600
2026-03-30,GOOGL,273.5,35141200
2026-03-31,GOOGL,287.55999755859375,43875400
2026-04-01,GOOGL,297.3900146484375,37684500
2026-04-02,GOOGL,295.7699890136719,21666500
2026-04-06,GOOGL,299.989990234375,16945500
2026-04-07,GOOGL,305.4599914550781,23205400
2026-04-08,GOOGL,317.32000732421875,33547100
2026-04-09,GOOGL,318.489990234375,23739200
2026-04-10,GOOGL,317.239990234375,19152600
2026-04-13,GOOGL,321.30999755859375,18866400
2026-04-14,GOOGL,332.9100036621094,27721400
2026-04-15,GOOGL,337.1199951171875,24918800
2026-04-16,GOOGL,336.0199890136719,20541500
2026-04-17,GOOGL,341.67999267578125,25581900
2026-04-20,GOOGL,337.4200134277344,18784200
2026-04-21,GOOGL,332.2900085449219,23123800
2026-04-22,GOOGL,339.32000732421875,20293000
2026-04-23,GOOGL,338.8900146484375,18650300
2026-04-24,GOOGL,344.3999938964844,26426100
2026-04-27,GOOGL,350.3399963378906,28576900
2026-04-28,GOOGL,349.7799987792969,27824100
2026-04-29,GOOGL,349.94000244140625,35376300
2026-04-30,GOOGL,384.79998779296875,72040000
2026-05-01,GOOGL,385.69000244140625,30105200
2026-05-04,GOOGL,383.25,26298600
2026-05-05,GOOGL,388.42999267578125,23878600
2026-05-06,GOOGL,398.0400085449219,31308500
2026-05-07,GOOGL,397.989990234375,24433500
2026-05-08,GOOGL,400.79998779296875,21461800
2026-05-11,GOOGL,388.6400146484375,30753700
2026-05-12,GOOGL,387.3500061035156,26017500
2026-05-13,GOOGL,402.6199951171875,28144600
2026-05-14,GOOGL,401.07000732421875,21136700
2026-05-15,GOOGL,396.7799987792969,20309700
2026-05-18,GOOGL,396.94000244140625,26837200
2026-05-19,GOOGL,387.6600036621094,39545700
2026-05-20,GOOGL,388.9100036621094,31744400
2026-05-21,GOOGL,387.6600036621094,24852800
2026-05-22,GOOGL,382.9700012207031,20442100
2026-05-26,GOOGL,388.8800048828125,27747400
2026-05-27,GOOGL,388.8299865722656,23087300
2026-05-28,GOOGL,390.1300048828125,24357500
2026-05-29,GOOGL,380.3399963378906,44415800
2026-06-01,GOOGL,376.3699951171875,28672100
2026-06-02,GOOGL,361.8500061035156,50412300
2026-06-03,GOOGL,358.989990234375,55441600
2026-06-04,GOOGL,372.19000244140625,44055500
2026-06-05,GOOGL,368.5299987792969,37471200
2026-06-08,GOOGL,363.30999755859375,27942500
2026-06-09,GOOGL,364.260009765625,29535100
2026-06-10,GOOGL,356.3800048828125,32357100
2026-06-11,GOOGL,357.7699890136719,35538200
2026-06-12,GOOGL,359.67999267578125,24704600
2026-06-15,GOOGL,369.3500061035156,27727500
2026-06-16,GOOGL,373.25,24876100
2026-06-17,GOOGL,363.7900085449219,24543600
2026-06-18,GOOGL,368.0299987792969,44470100
2026-06-22,GOOGL,349.67999267578125,52814800
2026-06-23,GOOGL,346.1300048828125,34007700
2026-06-24,GOOGL,345.2900085449219,44997300
2026-06-25,GOOGL,343.7099914550781,44491400
2026-06-26,GOOGL,337.3900146484375,114706300
2026-06-29,GOOGL,353.6499938964844,34213900
2026-06-30,GOOGL,357.3699951171875,35237200
2026-07-01,GOOGL,361.2099914550781,26736400
2026-07-02,GOOGL,359.9100036621094,25974800
2026-07-06,GOOGL,366.4599914550781,26915800
2026-07-07,GOOGL,367.0299987792969,24045600
2026-07-08,GOOGL,361.9200134277344,22094800
2026-07-09,GOOGL,358.8900146484375,24729100
2026-07-10,GOOGL,357.17999267578125,18146100
2026-07-13,GOOGL,352.510009765625,15901700
2026-07-14,GOOGL,359.510009765625,18259400
2026-07-15,GOOGL,370.9200134277344,28284600
2026-07-16,GOOGL,354.4599914550781,41158500
2026-07-17,GOOGL,346.7699890136719,29959300
2026-07-20,GOOGL,351.989990234375,24736600
2026-07-21,GOOGL,347.1499938964844,23369800
2026-07-22,GOOGL,342.0899963378906,39334100
2026-07-23,GOOGL,317.69000244140625,69419700
2026-07-24,GOOGL,319.739990234375,31806600
2026-07-27,GOOGL,326.55999755859375,28471600
2026-07-28,GOOGL,333.7099914550781,29511900
2026-07-29,GOOGL,336.7099914550781,27501600
2026-07-30,GOOGL,333.6600036621094,30168000
2026-07-31,GOOGL,356.1300048828125,46498000
2026-08-03,GOOGL,373.510009765625,38669700
2026-08-04,GOOGL,377.6499938964844,35705700
2026-08-05,GOOGL,362.42999267578125,46331184
2021-08-06,META,363.510009765625,8925000
2021-08-09,META,361.6099853515625,7798900
2021-08-10,META,361.1300048828125,7469900
2021-08-11,META,359.9599914550781,8400300
2021-08-12,META,362.6499938964844,7170700
2021-08-13,META,363.17999267578125,7195700
2021-08-16,META,366.55999755859375,11222100
2021-08-17,META,358.45001220703125,12328700
2021-08-18,META,355.45001220703125,10042400
2021-08-19,META,355.1199951171875,12004500
2021-08-20,META,359.3699951171875,8697700
2021-08-23,META,363.3500061035156,10942000
2021-08-24,META,365.510009765625,9235100
2021-08-25,META,368.3900146484375,9684500
2021-08-26,META,364.3800048828125,7888700
2021-08-27,META,372.6300048828125,11219100
2021-08-30,META,380.6600036621094,13547300
2021-08-31,META,379.3800048828125,12345400
2021-09-01,META,382.04998779296875,11567200
2021-09-02,META,375.2799987792969,14832900
2021-09-03,META,376.260009765625,7509600
2021-09-07,META,382.17999267578125,10793800
2021-09-08,META,377.57000732421875,11067200
2021-09-09,META,378.0,9098900
2021-09-10,META,378.69000244140625,11549600
2021-09-13,META,376.510009765625,13026300
2021-09-14,META,376.5299987792969,8711600
2021-09-15,META,373.9200134277344,17940300
2021-09-16,META,373.05999755859375,11934200
2021-09-17,META,364.7200012207031,26299000
2021-09-20,META,355.70001220703125,19822800
2021-09-21,META,357.4800109863281,11751900
2021-09-22,META,343.2099914550781,43692900
2021-09-23,META,345.9599914550781,21806300
2021-09-24,META,352.9599914550781,18801900
2021-09-27,META,353.5799865722656,15205800
2021-09-28,META,340.6499938964844,21710300
2021-09-29,META,339.6099853515625,14452200
2021-09-30,META,339.3900146484375,16547100
2021-10-01,META,343.010009765625,14905300
2021-10-04,META,326.2300109863281,42885000
2021-10-05,META,332.9599914550781,35377900
2021-10-06,META,333.6400146484375,26443000
2021-10-07,META,329.2200012207031,28307500
2021-10-08,META,330.04998779296875,15946100
2021-10-11,META,325.45001220703125,14708200
2021-10-12,META,323.7699890136719,31658700
2021-10-13,META,324.5400085449219,14761500
2021-10-14,META,328.5299987792969,14302200
2021-10-15,META,324.760009765625,21596400
2021-10-18,META,335.3399963378906,21585000
2021-10-19,META,339.989990234375,18786300
2021-10-20,META,340.7799987792969,13639500
2021-10-21,META,341.8800048828125,16354400
2021-10-22,META,324.6099853515625,35224500
2021-10-25,META,328.69000244140625,38409000
2021-10-26,META,315.80999755859375,65654000
2021-10-27,META,312.2200012207031,29971800
2021-10-28,META,316.9200134277344,50806800
2021-10-29,META,323.57000732421875,37059400
2021-11-01,META,329.9800109863281,31518900
2021-11-02,META,328.0799865722656,28353000
2021-11-03,META,331.6199951171875,20786500
2021-11-04,META,335.8500061035156,22495300
2021-11-05,META,341.1300048828125,26872800
2021-11-08,META,338.6199951171875,18342500
2021-11-09,META,335.3699951171875,17556700
2021-11-10,META,327.6400146484375,21872600
2021-11-11,META,327.739990234375,12376600
2021-11-12,META,340.8900146484375,25414300
2021-11-15,META,347.55999755859375,25076600
2021-11-16,META,342.9599914550781,18181100
2021-11-17,META,340.7699890136719,13602800
2021-11-18,META,338.69000244140625,17487200
2021-11-19,META,345.29998779296875,26488500
2021-11-22,META,341.010009765625,27116800
2021-11-23,META,337.25,17225000
2021-11-24,META,341.05999755859375,13566200
2021-11-26,META,333.1199951171875,14750700
2021-11-29,META,338.0299987792969,16650900
2021-11-30,META,324.4599914550781,25390000
2021-12-01,META,310.6000061035156,30329600
2021-12-02,META,310.3900146484375,24396200
2021-12-03,META,306.8399963378906,27471000
2021-12-06,META,317.8699951171875,21758300
2021-12-07,META,322.80999755859375,18794000
2021-12-08,META,330.55999755859375,19937700
2021-12-09,META,329.82000732421875,16879200
2021-12-10,META,329.75,14528000
2021-12-13,META,334.489990234375,22948700
2021-12-14,META,333.739990234375,20461000
2021-12-15,META,341.6600036621094,24681300
2021-12-16,META,334.8999938964844,22635000
2021-12-17,META,333.7900085449219,40012600
2021-12-20,META,325.45001220703125,17901800
2021-12-21,META,334.20001220703125,16116800
2021-12-22,META,330.45001220703125,16764600
2021-12-23,META,335.239990234375,13987700
2021-12-27,META,346.17999267578125,17795000
2021-12-28,META,346.2200012207031,16637600
2021-12-29,META,342.94000244140625,10747000
2021-12-30,META,344.3599853515625,10593300
2021-12-31,META,336.3500061035156,12870500
2022-01-03,META,338.5400085449219,14537900
2022-01-04,META,336.5299987792969,15998000
2022-01-05,META,324.1700134277344,20564500
2022-01-06,META,332.4599914550781,27962800
2022-01-07,META,331.7900085449219,14722000
2022-01-10,META,328.07000732421875,24942400
2022-01-11,META,334.3699951171875,16226800
2022-01-12,META,333.260009765625,14104900
2022-01-13,META,326.4800109863281,14797100
2022-01-14,META,331.8999938964844,16868500
2022-01-18,META,318.1499938964844,22645600
2022-01-19,META,319.5899963378906,20814700
2022-01-20,META,316.55999755859375,16925000
2022-01-21,META,303.1700134277344,28710700
2022-01-24,META,308.7099914550781,38878100
2022-01-25,META,300.1499938964844,25108500
2022-01-26,META,294.6300048828125,28348800
2022-01-27,META,294.6400146484375,21629900
2022-01-28,META,301.7099914550781,21871600
2022-01-31,META,313.260009765625,21579500
2022-02-01,META,319.0,18023800
2022-02-02,META,323.0,58458300
2022-02-03,META,237.75999450683594,188119900
2022-02-04,META,237.08999633789062,89342200
2022-02-07,META,224.91000366210938,88613800
2022-02-08,META,220.17999267578125,94729700
2022-02-09,META,232.0,86563300
2022-02-10,META,228.07000732421875,49310400
2022-02-11,META,219.5500030517578,46156900
2022-02-14,META,217.6999969482422,38184000
2022-02-15,META,221.0,42685500
2022-02-16,META,216.5399932861328,45817500
2022-02-17,META,207.7100067138672,38747500
2022-02-18,META,206.16000366210938,37128400
2022-02-22,META,202.0800018310547,39852400
2022-02-23,META,198.4499969482422,44481400
2022-02-24,META,207.60000610351562,49957200
2022-02-25,META,210.47999572753906,37627600
2022-02-28,META,211.02999877929688,34239800
2022-03-01,META,203.49000549316406,27094900
2022-03-02,META,208.11000061035156,29452100
2022-03-03,META,202.97000122070312,27263500
2022-03-04,META,200.05999755859375,32130900
2022-03-07,META,187.47000122070312,38560600
2022-03-08,META,190.2899932861328,37508100
2022-03-09,META,198.5,31894700
2022-03-10,META,195.2100067138672,24853000
2022-03-11,META,187.61000061035156,34694500
2022-03-14,META,186.6300048828125,31010500
2022-03-15,META,192.02999877929688,31721700
2022-03-16,META,203.6300048828125,40640300
2022-03-17,META,207.83999633789062,29499700
2022-03-18,META,216.49000549316406,52128000
2022-03-21,META,211.49000549316406,30142300
2022-03-22,META,216.64999389648438,31998800
2022-03-23,META,213.4600067138672,23717300
2022-03-24,META,219.57000732421875,31502300
2022-03-25,META,221.82000732421875,40039000
2022-03-28,META,223.58999633789062,26224100
2022-03-29,META,229.86000061035156,31417900
2022-03-30,META,227.85000610351562,25588000
2022-03-31,META,222.36000061035156,24192300
2022-04-01,META,224.85000610351562,19544800
2022-04-04,META,233.88999938964844,28054800
2022-04-05,META,231.83999633789062,29727200
2022-04-06,META,223.3000030517578,28995100
2022-04-07,META,222.9499969482422,21037200
2022-04-08,META,222.3300018310547,18375700
2022-04-11,META,216.4600067138672,20516600
2022-04-12,META,214.13999938964844,20128800
2022-04-13,META,214.99000549316406,19231800
2022-04-14,META,210.17999267578125,18379500
2022-04-18,META,210.77000427246094,16580800
2022-04-19,META,217.30999755859375,20089900
2022-04-20,META,200.4199981689453,43036500
2022-04-21,META,188.07000732421875,49954100
2022-04-22,META,184.11000061035156,36426800
2022-04-25,META,186.99000549316406,29281100
2022-04-26,META,180.9499969482422,31747400
2022-04-27,META,174.9499969482422,71062900
2022-04-28,META,205.72999572753906,100890600
2022-04-29,META,200.47000122070312,49193400
2022-05-02,META,211.1300048828125,49915300
2022-05-03,META,212.02999877929688,41556300
2022-05-04,META,223.41000366210938,41375900
2022-05-05,META,208.27999877929688,41129200
2022-05-06,META,203.77000427246094,34747200
2022-05-09,META,196.2100067138672,36303200
2022-05-10,META,197.64999389648438,34452500
2022-05-11,META,188.74000549316406,31153400
2022-05-12,META,191.24000549316406,38262200
2022-05-13,META,198.6199951171875,24549800
2022-05-16,META,200.0399932861328,27112600
2022-05-17,META,202.6199951171875,24872700
2022-05-18,META,192.24000549316406,23960000
2022-05-19,META,191.2899932861328,24446900
2022-05-20,META,193.5399932861328,31465600
2022-05-23,META,196.22999572753906,25059200
2022-05-24,META,181.27999877929688,50406300
2022-05-25,META,183.8300018310547,28030200
2022-05-26,META,191.6300048828125,23056500
2022-05-27,META,195.1300048828125,22562700
2022-05-31,META,193.63999938964844,26131100
2022-06-01,META,188.63999938964844,36623500
2022-06-02,META,198.86000061035156,31951600
2022-06-03,META,190.77999877929688,19465000
2022-06-06,META,194.25,30574200
2022-06-07,META,195.64999389648438,18828700
2022-06-08,META,196.63999938964844,22267200
2022-06-09,META,184.0,23501600
2022-06-10,META,175.57000732421875,27450800
2022-06-13,META,164.25999450683594,31749300
2022-06-14,META,163.72999572753906,27244300
2022-06-15,META,169.35000610351562,30008300
2022-06-16,META,160.8699951171875,26944100
2022-06-17,META,163.74000549316406,31374200
2022-06-21,META,157.0500030517578,50724900
2022-06-22,META,155.85000610351562,47267800
2022-06-23,META,158.75,40499200
2022-06-24,META,170.16000366210938,68736000
2022-06-27,META,169.49000549316406,29174600
2022-06-28,META,160.67999267578125,27744500
2022-06-29,META,163.94000244140625,28595200
2022-06-30,META,161.25,35250600
2022-07-01,META,160.02999877929688,31423900
2022-07-05,META,168.19000244140625,28618600
2022-07-06,META,169.77000427246094,23085900
2022-07-07,META,172.19000244140625,24083400
2022-07-08,META,170.8800048828125,19249200
2022-07-11,META,162.8800048828125,21885600
2022-07-12,META,163.27000427246094,16639700
2022-07-13,META,163.49000549316406,16555100
2022-07-14,META,158.0500030517578,23765200
2022-07-15,META,164.6999969482422,23342800
2022-07-18,META,167.22999572753906,23574300
2022-07-19,META,175.77999877929688,25933700
2022-07-20,META,183.08999633789062,24784300
2022-07-21,META,183.1699981689453,27195800
2022-07-22,META,169.27000427246094,42583900
2022-07-25,META,166.64999389648438,26166300
2022-07-26,META,159.14999389648438,28468400
2022-07-27,META,169.5800018310547,43846600
2022-07-28,META,160.72000122070312,73214300
2022-07-29,META,159.10000610351562,42065400
2022-08-01,META,159.92999267578125,40596700
2022-08-02,META,160.19000244140625,27374500
2022-08-03,META,168.8000030517578,31721900
2022-08-04,META,170.57000732421875,23938200
2022-08-05,META,167.11000061035156,25832700
2022-08-08,META,170.25,27299100
2022-08-09,META,168.52999877929688,18655100
2022-08-10,META,178.33999633789062,30262100
2022-08-11,META,177.49000549316406,24079100
2022-08-12,META,180.5,21274000
2022-08-15,META,180.88999938964844,15878700
2022-08-16,META,179.47000122070312,21156700
2022-08-17,META,174.85000610351562,20118100
2022-08-18,META,174.66000366210938,18844500
2022-08-19,META,167.9600067138672,26240800
2022-08-22,META,163.0500030517578,19499700
2022-08-23,META,161.11000061035156,18111800
2022-08-24,META,163.25999450683594,20891500
2022-08-25,META,168.77999877929688,15550500
2022-08-26,META,161.77999877929688,24023600
2022-08-29,META,159.1699981689453,20052700
2022-08-30,META,157.16000366210938,19567900
2022-08-31,META,162.92999267578125,40953000
2022-09-01,META,165.36000061035156,30145700
2022-09-02,META,160.32000732421875,22634200
2022-09-06,META,158.5399932861328,19339800
2022-09-07,META,160.38999938964844,16831200
2022-09-08,META,162.05999755859375,22530800
2022-09-09,META,169.14999389648438,22086800
2022-09-12,META,168.9600067138672,23220400
2022-09-13,META,153.1300048828125,44444100
2022-09-14,META,151.47000122070312,43064200
2022-09-15,META,149.5500030517578,34606300
2022-09-16,META,146.2899932861328,40122800
2022-09-19,META,148.02000427246094,22169500
2022-09-20,META,146.08999633789062,23217400
2022-09-21,META,142.1199951171875,38338600
2022-09-22,META,142.82000732421875,34418500
2022-09-23,META,140.41000366210938,31710700
2022-09-26,META,136.3699951171875,30497000
2022-09-27,META,134.39999389648438,30826500
2022-09-28,META,141.61000061035156,32658500
2022-09-29,META,136.41000366210938,38985400
2022-09-30,META,135.67999267578125,33166400
2022-10-03,META,138.61000061035156,27723100
2022-10-04,META,140.27999877929688,34670700
2022-10-05,META,138.97999572753906,27979300
2022-10-06,META,139.07000732421875,36231100
2022-10-07,META,133.4499969482422,33214800
2022-10-10,META,133.7899932861328,24024000
2022-10-11,META,128.5399932861328,38481400
2022-10-12,META,127.5,34605200
2022-10-13,META,130.2899932861328,34325700
2022-10-14,META,126.76000213623047,23559400
2022-10-17,META,134.0399932861328,29612200
2022-10-18,META,132.8000030517578,25445000
2022-10-19,META,133.22999572753906,30691000
2022-10-20,META,131.52999877929688,26356300
2022-10-21,META,130.00999450683594,46348600
2022-10-24,META,129.72000122070312,63563400
2022-10-25,META,137.50999450683594,38433200
2022-10-26,META,129.82000732421875,82791500
2022-10-27,META,97.94000244140625,232316600
2022-10-28,META,99.19999694824219,95928300
2022-10-31,META,93.16000366210938,121361400
2022-11-01,META,95.19999694824219,110189600
2022-11-02,META,90.54000091552734,71821100
2022-11-03,META,88.91000366210938,60664000
2022-11-04,META,90.79000091552734,55638100
2022-11-07,META,96.72000122070312,81987300
2022-11-08,META,96.47000122070312,52088300
2022-11-09,META,101.47000122070312,107677300
2022-11-10,META,111.87000274658203,80671000
2022-11-11,META,113.0199966430664,59961700
2022-11-14,META,114.22000122070312,53395000
2022-11-15,META,117.08000183105469,50670500
2022-11-16,META,113.2300033569336,33287800
2022-11-17,META,111.44999694824219,35093800
2022-11-18,META,112.05000305175781,33357700
2022-11-21,META,109.86000061035156,24351100
2022-11-22,META,111.44000244140625,29029000
2022-11-23,META,112.23999786376953,21343100
2022-11-25,META,111.41000366210938,12007600
2022-11-28,META,108.77999877929688,23309400
2022-11-29,META,109.45999908447266,23899200
2022-11-30,META,118.0999984741211,43348600
2022-12-01,META,120.44000244140625,36551400
2022-12-02,META,123.48999786376953,39950500
2022-12-05,META,122.43000030517578,35474900
2022-12-06,META,114.12000274658203,43689200
2022-12-07,META,113.93000030517578,29461100
2022-12-08,META,115.33000183105469,30619400
2022-12-09,META,115.9000015258789,26033400
2022-12-12,META,114.70999908447266,24747100
2022-12-13,META,120.1500015258789,44701100
2022-12-14,META,121.58999633789062,36922000
2022-12-15,META,116.1500015258789,34531000
2022-12-16,META,119.43000030517578,67064000
2022-12-19,META,114.4800033569336,29769900
2022-12-20,META,117.08999633789062,28742500
2022-12-21,META,119.76000213623047,20392800
2022-12-22,META,117.12000274658203,23618100
2022-12-23,META,118.04000091552734,17796600
2022-12-27,META,116.87999725341797,21392300
2022-12-28,META,115.62000274658203,19612500
2022-12-29,META,120.26000213623047,22366200
2022-12-30,META,120.33999633789062,19583800
2023-01-03,META,124.73999786376953,35528500
2023-01-04,META,127.37000274658203,32397100
2023-01-05,META,126.94000244140625,25447100
2023-01-06,META,130.02000427246094,27584500
2023-01-09,META,129.47000122070312,26649100
2023-01-10,META,132.99000549316406,28684400
2023-01-11,META,132.88999938964844,25423000
2023-01-12,META,136.7100067138672,30757700
2023-01-13,META,136.97999572753906,22423800
2023-01-17,META,135.36000061035156,21147600
2023-01-18,META,133.02000427246094,20215500
2023-01-19,META,136.14999389648438,28625200
2023-01-20,META,139.3699951171875,28688600
2023-01-23,META,143.27000427246094,27470100
2023-01-24,META,143.13999938964844,21970200
2023-01-25,META,141.5,26622000
2023-01-26,META,147.3000030517578,25482100
2023-01-27,META,151.74000549316406,35771900
2023-01-30,META,147.05999755859375,28040100
2023-01-31,META,148.97000122070312,29842100
2023-02-01,META,153.1199951171875,55661000
2023-02-02,META,188.77000427246094,150475700
2023-02-03,META,186.52999877929688,76809700
2023-02-06,META,186.05999755859375,42483800
2023-02-07,META,191.6199951171875,47080700
2023-02-08,META,183.42999267578125,36139100
2023-02-09,META,177.9199981689453,37118800
2023-02-10,META,174.14999389648438,33433600
2023-02-13,META,179.42999267578125,31463200
2023-02-14,META,179.47999572753906,24034600
2023-02-15,META,177.16000366210938,25308900
2023-02-16,META,172.44000244140625,25827500
2023-02-17,META,172.8800048828125,24171300
2023-02-21,META,172.0800018310547,34592600
2023-02-22,META,171.1199951171875,22433200
2023-02-23,META,172.0399932861328,20017800
2023-02-24,META,170.38999938964844,19791300
2023-02-27,META,169.5399932861328,19277000
2023-02-28,META,174.94000244140625,46051100
2023-03-01,META,173.4199981689453,30998400
2023-03-02,META,174.52999877929688,17352000
2023-03-03,META,185.25,45877700
2023-03-06,META,184.89999389648438,33209400
2023-03-07,META,184.50999450683594,36701500
2023-03-08,META,184.97000122070312,19432400
2023-03-09,META,181.69000244140625,26582800
2023-03-10,META,179.50999450683594,25665000
2023-03-13,META,180.89999389648438,24728000
2023-03-14,META,194.02000427246094,41642600
2023-03-15,META,197.75,42123600
2023-03-16,META,204.92999267578125,50447100
2023-03-17,META,195.61000061035156,50141100
2023-03-20,META,197.80999755859375,25186300
2023-03-21,META,202.16000366210938,31827000
2023-03-22,META,199.80999755859375,28477800
2023-03-23,META,204.27999877929688,27389700
2023-03-24,META,206.00999450683594,27716400
2023-03-27,META,202.83999633789062,18527200
2023-03-28,META,200.67999267578125,19127300
2023-03-29,META,205.35000610351562,18851100
2023-03-30,META,207.83999633789062,22608300
2023-03-31,META,211.94000244140625,25440300
2023-04-03,META,213.07000732421875,17924600
2023-04-04,META,214.72000122070312,21026400
2023-04-05,META,211.47999572753906,19396600
2023-04-06,META,216.10000610351562,26104400
2023-04-10,META,214.75,16106100
2023-04-11,META,213.85000610351562,16710100
2023-04-12,META,214.0,18972200
2023-04-13,META,220.35000610351562,23310400
2023-04-14,META,221.49000549316406,21591200
2023-04-17,META,218.86000061035156,15481900
2023-04-18,META,217.88999938964844,12281000
2023-04-19,META,215.6999969482422,15898100
2023-04-20,META,213.07000732421875,16475400
2023-04-21,META,212.88999938964844,17717200
2023-04-24,META,212.7899932861328,15750900
2023-04-25,META,207.5500030517578,19198200
2023-04-26,META,209.39999389648438,41992700
2023-04-27,META,238.55999755859375,71196500
2023-04-28,META,240.32000732421875,39554000
2023-05-01,META,243.17999267578125,29143900
2023-05-02,META,239.24000549316406,24350100
2023-05-03,META,237.02999877929688,34463900
2023-05-04,META,233.52000427246094,17889400
2023-05-05,META,232.77999877929688,27000500
2023-05-08,META,233.27000427246094,16400500
2023-05-09,META,233.3699951171875,16865600
2023-05-10,META,233.0800018310547,19119000
2023-05-11,META,235.7899932861328,20449000
2023-05-12,META,233.80999755859375,16161400
2023-05-15,META,238.86000061035156,20653200
2023-05-16,META,238.82000732421875,18163800
2023-05-17,META,242.49000549316406,21193100
2023-05-18,META,246.85000610351562,22943300
2023-05-19,META,245.63999938964844,21733600
2023-05-22,META,248.32000732421875,27738500
2023-05-23,META,246.74000549316406,17748100
2023-05-24,META,249.2100067138672,17724300
2023-05-25,META,252.69000244140625,22371400
2023-05-26,META,262.0400085449219,25727200
2023-05-30,META,262.5199890136719,23816500
2023-05-31,META,264.7200012207031,25473700
2023-06-01,META,272.6099853515625,25609500
2023-06-02,META,272.6099853515625,19416900
2023-06-05,META,271.3900146484375,20742900
2023-06-06,META,271.1199951171875,19419000
2023-06-07,META,263.6000061035156,26163600
2023-06-08,META,264.5799865722656,20899400
2023-06-09,META,264.95001220703125,16949800
2023-06-12,META,271.04998779296875,15442500
2023-06-13,META,271.32000732421875,16164000
2023-06-14,META,273.3500061035156,19175100
2023-06-15,META,281.8299865722656,25973500
2023-06-16,META,281.0,43127700
2023-06-20,META,284.3299865722656,20701600
2023-06-21,META,281.6400146484375,20556200
2023-06-22,META,284.8800048828125,17563100
2023-06-23,META,288.7300109863281,51092000
2023-06-26,META,278.4700012207031,24232700
2023-06-27,META,287.04998779296875,26108300
2023-06-28,META,285.2900085449219,16722100
2023-06-29,META,281.5299987792969,15395700
2023-06-30,META,286.9800109863281,19694900
2023-07-03,META,286.0199890136719,8629300
2023-07-05,META,294.3699951171875,33865500
2023-07-06,META,291.989990234375,47600500
2023-07-07,META,290.5299987792969,25586000
2023-07-10,META,294.1000061035156,37058300
2023-07-11,META,298.2900085449219,27585900
2023-07-12,META,309.3399963378906,36677100
2023-07-13,META,313.4100036621094,30281000
2023-07-14,META,308.8699951171875,23054100
2023-07-17,META,310.6199951171875,25323100
2023-07-18,META,312.04998779296875,20731900
2023-07-19,META,316.010009765625,21763700
2023-07-20,META,302.5199890136719,23836900
2023-07-21,META,294.260009765625,42139300
2023-07-24,META,291.6099853515625,24915700
2023-07-25,META,294.4700012207031,19585600
2023-07-26,META,298.57000732421875,47256900
2023-07-27,META,311.7099914550781,64229200
2023-07-28,META,325.4800109863281,39220300
2023-07-31,META,318.6000061035156,25799600
2023-08-01,META,322.7099914550781,22817900
2023-08-02,META,314.30999755859375,20461100
2023-08-03,META,313.19000244140625,15180200
2023-08-04,META,310.7300109863281,17612800
2023-08-07,META,316.55999755859375,16236500
2023-08-08,META,312.6400146484375,15183500
2023-08-09,META,305.2099914550781,19955800
2023-08-10,META,305.739990234375,14358900
2023-08-11,META,301.6400146484375,14046300
2023-08-14,META,306.19000244140625,15641900
2023-08-15,META,301.95001220703125,11623600
2023-08-16,META,294.2900085449219,18547700
2023-08-17,META,285.0899963378906,23950100
2023-08-18,META,283.25,35347900
2023-08-21,META,289.8999938964844,20181500
2023-08-22,META,287.6000061035156,12980200
2023-08-23,META,294.239990234375,18287000
2023-08-24,META,286.75,18360900
2023-08-25,META,285.5,23701400
2023-08-28,META,290.260009765625,14239300
2023-08-29,META,297.989990234375,20844500
2023-08-30,META,295.1000061035156,17717000
2023-08-31,META,295.8900146484375,17229900
2023-09-01,META,296.3800048828125,12842300
2023-09-05,META,300.1499938964844,14956000
2023-09-06,META,299.1700134277344,15418100
2023-09-07,META,298.6700134277344,33748700
2023-09-08,META,297.8900146484375,17548000
2023-09-11,META,307.55999755859375,19489300
2023-09-12,META,301.6600036621094,13480400
2023-09-13,META,305.05999755859375,13210900
2023-09-14,META,311.7200012207031,19343100
2023-09-15,META,300.30999755859375,28131100
2023-09-18,META,302.54998779296875,14234200
2023-09-19,META,305.07000732421875,15924400
2023-09-20,META,299.6700134277344,19379500
2023-09-21,META,295.7300109863281,21319600
2023-09-22,META,299.0799865722656,25369600
2023-09-25,META,300.8299865722656,18987000
2023-09-26,META,298.9599914550781,19417200
2023-09-27,META,297.739990234375,36429800
2023-09-28,META,303.9599914550781,22167100
2023-09-29,META,300.2099914550781,25373700
2023-10-02,META,306.82000732421875,16265600
2023-10-03,META,300.94000244140625,17362300
2023-10-04,META,305.5799865722656,16880500
2023-10-05,META,304.7900085449219,19130000
2023-10-06,META,315.42999267578125,21803900
2023-10-09,META,318.3599853515625,22503700
2023-10-10,META,321.8399963378906,19038000
2023-10-11,META,327.82000732421875,22036300
2023-10-12,META,324.1600036621094,20530500
2023-10-13,META,314.69000244140625,21341000
2023-10-16,META,321.1499938964844,16536100
2023-10-17,META,324.0,16387800
2023-10-18,META,316.9700012207031,16851000
2023-10-19,META,312.80999755859375,18709200
2023-10-20,META,308.6499938964844,22312300
2023-10-23,META,314.010009765625,17796800
2023-10-24,META,312.54998779296875,19525500
2023-10-25,META,299.5299987792969,42192500
2023-10-26,META,288.3500061035156,66684100
2023-10-27,META,296.7300109863281,29596300
2023-10-30,META,302.6600036621094,28435100
2023-10-31,META,301.2699890136719,19434200
2023-11-01,META,311.8500061035156,20434600
2023-11-02,META,310.8699951171875,21631800
2023-11-03,META,314.6000061035156,16764300
2023-11-06,META,315.79998779296875,12887700
2023-11-07,META,318.82000732421875,14055600
2023-11-08,META,319.7799987792969,13609700
2023-11-09,META,320.54998779296875,16103100
2023-11-10,META,328.7699890136719,19096200
2023-11-13,META,329.19000244140625,16908900
2023-11-14,META,336.30999755859375,17179400
2023-11-15,META,332.7099914550781,14531200
2023-11-16,META,334.19000244140625,18932600
2023-11-17,META,335.0400085449219,14494400
2023-11-20,META,339.9700012207031,16960500
2023-11-21,META,336.9800109863281,12027900
2023-11-22,META,341.489990234375,10702700
2023-11-24,META,338.2300109863281,5467500
2023-11-27,META,334.70001220703125,15684500
2023-11-28,META,338.989990234375,12637200
2023-11-29,META,332.20001220703125,16024500
2023-11-30,META,327.1499938964844,23146400
2023-12-01,META,324.82000732421875,15276400
2023-12-04,META,320.0199890136719,19037100
2023-12-05,META,318.2900085449219,16952100
2023-12-06,META,317.45001220703125,11294300
2023-12-07,META,326.5899963378906,15905100
2023-12-08,META,332.75,14087400
2023-12-11,META,325.2799987792969,25802500
2023-12-12,META,334.2200012207031,18485500
2023-12-13,META,334.739990234375,16353300
2023-12-14,META,333.1700134277344,19607300
2023-12-15,META,334.9200134277344,31776900
2023-12-18,META,344.6199951171875,18993900
2023-12-19,META,350.3599853515625,17729400
2023-12-20,META,349.2799987792969,16369900
2023-12-21,META,354.0899963378906,15289600
2023-12-22,META,353.3900146484375,11772800
2023-12-26,META,354.8299865722656,9898600
2023-12-27,META,357.8299865722656,13207900
2023-12-28,META,358.32000732421875,11798800
2023-12-29,META,353.9599914550781,14987100
2024-01-02,META,346.2900085449219,19042200
2024-01-03,META,344.4700012207031,15451100
2024-01-04,META,347.1199951171875,12099900
2024-01-05,META,351.95001220703125,13920700
2024-01-08,META,358.6600036621094,13890200
2024-01-09,META,357.42999267578125,13463900
2024-01-10,META,370.4700012207031,22117200
2024-01-11,META,369.6700134277344,17205400
2024-01-12,META,374.489990234375,19310000
2024-01-16,META,367.4599914550781,15306900
2024-01-17,META,368.3699951171875,12724800
2024-01-18,META,376.1300048828125,16354300
2024-01-19,META,383.45001220703125,21670800
2024-01-22,META,381.7799987792969,17680500
2024-01-23,META,385.20001220703125,15506100
2024-01-24,META,390.70001220703125,15698500
2024-01-25,META,393.17999267578125,15091100
2024-01-26,META,394.1400146484375,13163700
2024-01-29,META,401.0199890136719,18742400
2024-01-30,META,400.05999755859375,18614700
2024-01-31,META,390.1400146484375,20180800
2024-02-01,META,394.7799987792969,29727100
2024-02-02,META,474.989990234375,84707600
2024-02-05,META,459.4100036621094,40832400
2024-02-06,META,454.7200012207031,21655200
2024-02-07,META,469.5899963378906,23066000
2024-02-08,META,470.0,18815100
2024-02-09,META,468.1099853515625,18413100
2024-02-12,META,468.8999938964844,19382000
2024-02-13,META,460.1199951171875,20916600
2024-02-14,META,473.2799987792969,16858400
2024-02-15,META,484.0299987792969,24212300
2024-02-16,META,473.32000732421875,23324600
2024-02-20,META,471.75,18015500
2024-02-21,META,468.0299987792969,12921800
2024-02-22,META,486.1300048828125,21625800
2024-02-23,META,484.0299987792969,18374300
2024-02-26,META,481.739990234375,12101400
2024-02-27,META,487.04998779296875,10809600
2024-02-28,META,484.0199890136719,12715500
2024-02-29,META,490.1300048828125,17732000
2024-03-01,META,502.29998779296875,16273600
2024-03-04,META,498.19000244140625,12324100
2024-03-05,META,490.2200012207031,15325300
2024-03-06,META,496.0899963378906,11757900
2024-03-07,META,512.1900024414062,18586400
2024-03-08,META,505.95001220703125,18597100
2024-03-11,META,483.5899963378906,20428300
2024-03-12,META,499.75,15448200
2024-03-13,META,495.57000732421875,12090700
2024-03-14,META,491.8299865722656,12620000
2024-03-15,META,484.1000061035156,29153600
2024-03-18,META,496.9800109863281,11755300
2024-03-19,META,496.239990234375,10903100
2024-03-20,META,505.5199890136719,11711100
2024-03-21,META,507.760009765625,9712500
2024-03-22,META,509.5799865722656,8120600
2024-03-25,META,503.0199890136719,8380600
2024-03-26,META,495.8900146484375,11205400
2024-03-27,META,493.8599853515625,9989700
2024-03-28,META,485.5799865722656,15212800
2024-04-01,META,491.3500061035156,9247000
2024-04-02,META,497.3699951171875,11081000
2024-04-03,META,506.739990234375,12099200
2024-04-04,META,510.9200134277344,26476300
2024-04-05,META,527.3400268554688,19263300
2024-04-08,META,519.25,13260600
2024-04-09,META,516.9000244140625,10863800
2024-04-10,META,519.8300170898438,11418500
2024-04-11,META,523.1599731445312,10369500
2024-04-12,META,511.8999938964844,11984500
2024-04-15,META,500.2300109863281,13512900
2024-04-16,META,499.760009765625,9847900
2024-04-17,META,494.1700134277344,12193700
2024-04-18,META,501.79998779296875,14808700
2024-04-19,META,481.07000732421875,25215400
2024-04-22,META,481.7300109863281,17271100
2024-04-23,META,496.1000061035156,15079200
2024-04-24,META,493.5,37772700
2024-04-25,META,441.3800048828125,82890700
2024-04-26,META,443.2900085449219,32691400
2024-04-29,META,432.6199951171875,21502600
2024-04-30,META,430.1700134277344,18429500
2024-05-01,META,439.19000244140625,20344900
2024-05-02,META,441.67999267578125,15221300
2024-05-03,META,451.9599914550781,16489100
2024-05-06,META,465.67999267578125,15094600
2024-05-07,META,468.239990234375,13406800
2024-05-08,META,472.6000061035156,11683900
2024-05-09,META,475.4200134277344,9437700
2024-05-10,META,476.20001220703125,10750000
2024-05-13,META,468.010009765625,14668800
2024-05-14,META,471.8500061035156,10478600
2024-05-15,META,481.5400085449219,13100500
2024-05-16,META,473.2300109863281,16608200
2024-05-17,META,471.9100036621094,10807300
2024-05-20,META,468.8399963378906,11745100
2024-05-21,META,464.6300048828125,11742200
2024-05-22,META,467.7799987792969,10078600
2024-05-23,META,465.7799987792969,11747900
2024-05-24,META,478.2200012207031,12024300
2024-05-28,META,479.9200134277344,10175800
2024-05-29,META,474.3599853515625,9226200
2024-05-30,META,467.04998779296875,10719600
2024-05-31,META,466.8299865722656,16919800
2024-06-03,META,477.489990234375,11279400
2024-06-04,META,476.989990234375,7088700
2024-06-05,META,495.05999755859375,15690500
2024-06-06,META,493.760009765625,10667300
2024-06-07,META,492.9599914550781,9380700
2024-06-10,META,502.6000061035156,11220900
2024-06-11,META,507.4700012207031,9673700
2024-06-12,META,508.8399963378906,11983200
2024-06-13,META,504.1000061035156,9954600
2024-06-14,META,504.1600036621094,10243300
2024-06-17,META,506.6300048828125,11266600
2024-06-18,META,499.489990234375,13060400
2024-06-20,META,501.70001220703125,11801200
2024-06-21,META,494.7799987792969,22359200
2024-06-24,META,498.9100036621094,13525300
2024-06-25,META,510.6000061035156,12063200
2024-06-26,META,513.1199951171875,8882300
2024-06-27,META,519.5599975585938,10121200
2024-06-28,META,504.2200012207031,15855100
2024-07-01,META,504.67999267578125,10328200
2024-07-02,META,509.5,7739500
2024-07-03,META,509.9599914550781,6005600
2024-07-05,META,539.9099731445312,21354100
2024-07-08,META,529.3200073242188,14917500
2024-07-09,META,530.0,8753200
2024-07-10,META,534.6900024414062,10983300
2024-07-11,META,512.7000122070312,16458300
2024-07-12,META,498.8699951171875,19750500
2024-07-15,META,496.1600036621094,12539200
2024-07-16,META,489.7900085449219,14075800
2024-07-17,META,461.989990234375,28076600
2024-07-18,META,475.8500061035156,19267200
2024-07-19,META,476.7900085449219,15149400
2024-07-22,META,487.3999938964844,12023100
2024-07-23,META,488.69000244140625,9455500
2024-07-24,META,461.2699890136719,17649700
2024-07-25,META,453.4100036621094,18240500
2024-07-26,META,465.70001220703125,14222400
2024-07-29,META,465.7099914550781,11339600
2024-07-30,META,463.19000244140625,11390400
2024-07-31,META,474.8299865722656,24285800
2024-08-01,META,497.739990234375,43083100
2024-08-02,META,488.1400146484375,24044700
2024-08-05,META,475.7300109863281,21396200
2024-08-06,META,494.0899963378906,20955000
2024-08-07,META,488.9200134277344,20105300
2024-08-08,META,509.6300048828125,16156800
2024-08-09,META,517.77001953125,13696600
2024-08-12,META,515.9500122070312,9767400
2024-08-13,META,528.5399780273438,13743800
2024-08-14,META,526.760009765625,11444200
2024-08-15,META,537.3300170898438,13482100
2024-08-16,META,527.4199829101562,14776700
2024-08-19,META,529.280029296875,9879700
2024-08-20,META,526.72998046875,7944400
2024-08-21,META,535.1599731445312,13423300
2024-08-22,META,531.9299926757812,15708300
2024-08-23,META,528.0,11323900
2024-08-26,META,521.1199951171875,9584000
2024-08-27,META,519.0999755859375,6282700
2024-08-28,META,516.780029296875,9106100
2024-08-29,META,518.219970703125,8317400
2024-08-30,META,521.3099975585938,9157500
2024-09-03,META,511.760009765625,12459100
2024-09-04,META,512.739990234375,8335200
2024-09-05,META,516.8599853515625,8640900
2024-09-06,META,500.2699890136719,14744500
2024-09-09,META,504.7900085449219,11047800
2024-09-10,META,504.7900085449219,9899000
2024-09-11,META,511.8299865722656,10782500
2024-09-12,META,525.5999755859375,11970500
2024-09-13,META,524.6199951171875,10321400
2024-09-16,META,533.280029296875,9527600
2024-09-17,META,536.3200073242188,11690800
2024-09-18,META,537.9500122070312,10323500
2024-09-19,META,559.0999755859375,15647000
2024-09-20,META,561.3499755859375,22066800
2024-09-23,META,564.4099731445312,12830700
2024-09-24,META,563.3300170898438,12993000
2024-09-25,META,568.3099975585938,16543400
2024-09-26,META,567.8400268554688,14400800
2024-09-27,META,567.3599853515625,9398400
2024-09-30,META,572.4400024414062,12792300
2024-10-01,META,576.469970703125,15259300
2024-10-02,META,572.8099975585938,6524700
2024-10-03,META,582.77001953125,11581000
2024-10-04,META,595.9400024414062,14169500
2024-10-07,META,584.780029296875,12014200
2024-10-08,META,592.8900146484375,7857400
2024-10-09,META,590.510009765625,9529700
2024-10-10,META,583.8300170898438,7740400
2024-10-11,META,589.9500122070312,8587100
2024-10-14,META,590.4199829101562,8252000
2024-10-15,META,586.27001953125,9564200
2024-10-16,META,576.7899780273438,11268400
2024-10-17,META,576.9299926757812,8701200
2024-10-18,META,576.469970703125,7694300
2024-10-21,META,575.1599731445312,8171900
2024-10-22,META,582.010009765625,8544500
2024-10-23,META,563.6900024414062,14248400
2024-10-24,META,567.780029296875,7184700
2024-10-25,META,573.25,11337900
2024-10-28,META,578.1599731445312,10925100
2024-10-29,META,593.280029296875,13019100
2024-10-30,META,591.7999877929688,26864900
2024-10-31,META,567.5800170898438,26838400
2024-11-01,META,567.1599731445312,15303200
2024-11-04,META,560.6799926757812,12064600
2024-11-05,META,572.4299926757812,9775400
2024-11-06,META,572.0499877929688,18305400
2024-11-07,META,591.7000122070312,14653700
2024-11-08,META,589.3400268554688,9415700
2024-11-11,META,583.1699829101562,10209100
2024-11-12,META,584.8200073242188,16287700
2024-11-13,META,580.0,10757600
2024-11-14,META,577.1599731445312,11053700
2024-11-15,META,554.0800170898438,17712900
2024-11-18,META,554.4000244140625,14327300
2024-11-19,META,561.0900268554688,9522400
2024-11-20,META,565.52001953125,9797300
2024-11-21,META,563.0900268554688,11154700
2024-11-22,META,559.1400146484375,9164000
2024-11-25,META,565.1099853515625,13599800
2024-11-26,META,573.5399780273438,10356600
2024-11-27,META,569.2000122070312,7200200
2024-11-29,META,574.3200073242188,7130500
2024-12-02,META,592.8300170898438,12522400
2024-12-03,META,613.6500244140625,14907200
2024-12-04,META,613.780029296875,14697000
2024-12-05,META,608.9299926757812,8081200
2024-12-06,META,623.77001953125,16935500
2024-12-09,META,613.5700073242188,11426000
2024-12-10,META,619.3200073242188,10938900
2024-12-11,META,632.6799926757812,10837200
2024-12-12,META,630.7899780273438,7474700
2024-12-13,META,620.3499755859375,8453300
2024-12-16,META,624.239990234375,10885600
2024-12-17,META,619.4400024414062,12897800
2024-12-18,META,597.1900024414062,17075500
2024-12-19,META,595.5700073242188,14958100
2024-12-20,META,585.25,48989400
2024-12-23,META,599.8499755859375,10205800
2024-12-24,META,607.75,4726100
2024-12-26,META,603.3499755859375,6081400
2024-12-27,META,599.8099975585938,8084200
2024-12-30,META,591.239990234375,7025900
2024-12-31,META,585.510009765625,6019500
2025-01-02,META,599.239990234375,12682300
2025-01-03,META,604.6300048828125,11436800
2025-01-06,META,630.2000122070312,14560800
2025-01-07,META,617.8900146484375,12071500
2025-01-08,META,610.719970703125,10085800
2025-01-10,META,615.8599853515625,19256600
2025-01-13,META,608.3300170898438,10785000
2025-01-14,META,594.25,13598000
2025-01-15,META,617.1199951171875,15524300
2025-01-16,META,611.2999877929688,8355300
2025-01-17,META,612.77001953125,17280600
2025-01-21,META,616.4600219726562,11674000
2025-01-22,META,623.5,12274000
2025-01-23,META,636.4500122070312,9910200
2025-01-24,META,647.489990234375,19065300
2025-01-27,META,659.8800048828125,28399200
2025-01-28,META,674.3300170898438,20950100
2025-01-29,META,676.489990234375,21377800
2025-01-30,META,687.0,29322900
2025-01-31,META,689.1799926757812,19303900
2025-02-03,META,697.4600219726562,21415700
2025-02-04,META,704.1900024414062,13826300
2025-02-05,META,704.8699951171875,17778200
2025-02-06,META,711.989990234375,13080700
2025-02-07,META,714.52001953125,16427100
2025-02-10,META,717.4000244140625,12904300
2025-02-11,META,719.7999877929688,12998000
2025-02-12,META,725.3800048828125,12016500
2025-02-13,META,728.5599975585938,12569100
2025-02-14,META,736.6699829101562,16901200
2025-02-18,META,716.3699951171875,21938700
2025-02-19,META,703.77001953125,17535500
2025-02-20,META,694.8400268554688,12587400
2025-02-21,META,683.5499877929688,15660400
2025-02-24,META,668.1300048828125,15677000
2025-02-25,META,657.5,20579700
2025-02-26,META,673.7000122070312,14488700
2025-02-27,META,658.239990234375,12500000
2025-02-28,META,668.2000122070312,17534200
2025-03-03,META,655.0499877929688,10843800
2025-03-04,META,640.0,21495200
2025-03-05,META,656.469970703125,13770000
2025-03-06,META,627.9299926757812,13446500
2025-03-07,META,625.6599731445312,21375700
2025-03-10,META,597.989990234375,21999900
2025-03-11,META,605.7100219726562,17401500
2025-03-12,META,619.5599975585938,15747000
2025-03-13,META,590.6400146484375,16480300
2025-03-14,META,607.5999755859375,12364500
2025-03-17,META,604.9000244140625,15473900
2025-03-18,META,582.3599853515625,20297700
2025-03-19,META,584.0599975585938,20537500
2025-03-20,META,586.0,24336500
2025-03-21,META,596.25,25015900
2025-03-24,META,618.8499755859375,15741300
2025-03-25,META,626.3099975585938,15312500
2025-03-26,META,610.97998046875,12609800
2025-03-27,META,602.5800170898438,10436500
2025-03-28,META,576.739990234375,17602800
2025-03-31,META,576.3599853515625,21124700
2025-04-01,META,586.0,12836600
2025-04-02,META,583.9299926757812,13470800
2025-04-03,META,531.6199951171875,34777500
2025-04-04,META,504.7300109863281,38589800
2025-04-07,META,516.25,36606100
2025-04-08,META,510.45001220703125,28034200
2025-04-09,META,585.77001953125,39216600
2025-04-10,META,546.2899780273438,28173500
2025-04-11,META,543.5700073242188,17642300
2025-04-14,META,531.47998046875,14130900
2025-04-15,META,521.52001953125,15558700
2025-04-16,META,502.30999755859375,18735100
2025-04-17,META,501.4800109863281,14593500
2025-04-21,META,484.6600036621094,16166000
2025-04-22,META,500.2799987792969,17399400
2025-04-23,META,520.27001953125,18173900
2025-04-24,META,533.1500244140625,13910000
2025-04-25,META,547.27001953125,17098900
2025-04-28,META,549.739990234375,15179000
2025-04-29,META,554.4400024414062,11835000
2025-04-30,META,549.0,29244000
2025-05-01,META,572.2100219726562,31159000
2025-05-02,META,597.02001953125,24739300
2025-05-05,META,599.27001953125,13887700
2025-05-06,META,587.3099975585938,10600700
2025-05-07,META,596.8099975585938,13139100
2025-05-08,META,598.010009765625,14622800
2025-05-09,META,592.489990234375,10427300
2025-05-12,META,639.4299926757812,21965100
2025-05-13,META,656.030029296875,18570800
2025-05-14,META,659.3599853515625,12348200
2025-05-15,META,643.8800048828125,14341800
2025-05-16,META,640.3400268554688,18519000
2025-05-19,META,640.4299926757812,9592400
2025-05-20,META,637.0999755859375,6743500
2025-05-21,META,635.5,11464600
2025-05-22,META,636.5700073242188,8228400
2025-05-23,META,627.0599975585938,8454100
2025-05-27,META,642.3200073242188,9508400
2025-05-28,META,643.5800170898438,9042900
2025-05-29,META,645.0499877929688,8858800
2025-05-30,META,647.489990234375,16241000
2025-06-02,META,670.9000244140625,15766300
2025-06-03,META,666.8499755859375,11585000
2025-06-04,META,687.9500122070312,14031900
2025-06-05,META,684.6199951171875,13083100
2025-06-06,META,697.7100219726562,11728000
2025-06-09,META,694.0599975585938,12773200
2025-06-10,META,702.4000244140625,10850100
2025-06-11,META,694.1400146484375,9582500
2025-06-12,META,693.3599853515625,7322700
2025-06-13,META,682.8699951171875,9274400
2025-06-16,META,702.1199951171875,13720300
2025-06-17,META,697.22998046875,10066100
2025-06-18,META,695.77001953125,10068300
2025-06-20,META,682.3499755859375,22538600
2025-06-23,META,698.530029296875,11080100
2025-06-24,META,712.2000122070312,13823200
2025-06-25,META,708.6799926757812,9320400
2025-06-26,META,726.0900268554688,13964800
2025-06-27,META,733.6300048828125,18775700
2025-06-30,META,738.0900268554688,15402100
2025-07-01,META,719.219970703125,13431200
2025-07-02,META,713.5700073242188,9336700
2025-07-03,META,719.010009765625,8601700
2025-07-07,META,718.3499755859375,9457100
2025-07-08,META,720.6699829101562,7770700
2025-07-09,META,732.780029296875,11418000
2025-07-10,META,727.239990234375,9913600
2025-07-11,META,717.510009765625,10873900
2025-07-14,META,720.9199829101562,8939400
2025-07-15,META,710.3900146484375,11529500
2025-07-16,META,702.9099731445312,13067600
2025-07-17,META,701.4099731445312,11803300
2025-07-18,META,704.280029296875,12779800
2025-07-21,META,712.969970703125,9404400
2025-07-22,META,704.8099975585938,8921100
2025-07-23,META,713.5800170898438,8771600
2025-07-24,META,714.7999877929688,10920800
2025-07-25,META,712.6799926757812,8271700
2025-07-28,META,717.6300048828125,8715700
2025-07-29,META,700.0,13267000
2025-07-30,META,695.2100219726562,27077300
2025-07-31,META,773.4400024414062,38831100
2025-08-01,META,750.010009765625,19028700
2025-08-04,META,776.3699951171875,15801700
2025-08-05,META,763.4600219726562,11640300
2025-08-06,META,771.989990234375,9733900
2025-08-07,META,761.8300170898438,9019700
2025-08-08,META,769.2999877929688,7320800
2025-08-11,META,765.8699951171875,7612000
2025-08-12,META,790.0,14563100
2025-08-13,META,780.0800170898438,8811800
2025-08-14,META,782.1300048828125,8116200
2025-08-15,META,785.22998046875,13375400
2025-08-18,META,767.3699951171875,16513700
2025-08-19,META,751.47998046875,12286700
2025-08-20,META,747.719970703125,11898200
2025-08-21,META,739.0999755859375,8876300
2025-08-22,META,754.7899780273438,10612700
2025-08-25,META,753.2999877929688,6861200
2025-08-26,META,754.0999755859375,7601800
2025-08-27,META,747.3800048828125,8315400
2025-08-28,META,751.1099853515625,7468000
2025-08-29,META,738.7000122070312,9070500
2025-09-02,META,735.1099853515625,9350900
2025-09-03,META,737.0499877929688,7699300
2025-09-04,META,748.6500244140625,11439100
2025-09-05,META,752.4500122070312,9663400
2025-09-08,META,752.2999877929688,13087800
2025-09-09,META,765.7000122070312,10999000
2025-09-10,META,751.97998046875,12478300
2025-09-11,META,750.9000244140625,7923300
2025-09-12,META,755.5900268554688,8248600
2025-09-15,META,764.7000122070312,10533800
2025-09-16,META,779.0,11782500
2025-09-17,META,775.719970703125,9400900
2025-09-18,META,780.25,10955000
2025-09-19,META,778.3800048828125,23696800
2025-09-22,META,765.1599731445312,11706900
2025-09-23,META,755.4000244140625,10872600
2025-09-24,META,760.6599731445312,8828200
2025-09-25,META,748.9099731445312,10591100
2025-09-26,META,743.75,9696300
2025-09-29,META,743.4000244140625,9246800
2025-09-30,META,734.3800048828125,16226800
2025-10-01,META,717.3400268554688,20419600
2025-10-02,META,727.0499877929688,11415300
2025-10-03,META,710.5599975585938,16154300
2025-10-06,META,715.6599731445312,21654700
2025-10-07,META,713.0800170898438,12062900
2025-10-08,META,717.8400268554688,10790600
2025-10-09,META,733.510009765625,12717200
2025-10-10,META,705.2999877929688,16980100
2025-10-13,META,715.7000122070312,9251800
2025-10-14,META,708.6500244140625,8829800
2025-10-15,META,717.5499877929688,10246800
2025-10-16,META,712.0700073242188,9017000
2025-10-17,META,716.9199829101562,12232400
2025-10-20,META,732.1699829101562,8900200
2025-10-21,META,733.27001953125,7647300
2025-10-22,META,733.4099731445312,8734500
2025-10-23,META,734.0,9856000
2025-10-24,META,738.3599853515625,9151300
2025-10-27,META,750.8200073242188,11321100
2025-10-28,META,751.4400024414062,12193800
2025-10-29,META,751.6699829101562,26818600
2025-10-30,META,666.469970703125,88440100
2025-10-31,META,648.3499755859375,56953200
2025-11-03,META,637.7100219726562,33003600
2025-11-04,META,627.3200073242188,27356600
2025-11-05,META,635.9500122070312,20219900
2025-11-06,META,618.9400024414062,23628800
2025-11-07,META,621.7100219726562,29946800
2025-11-10,META,631.760009765625,19245000
2025-11-11,META,627.0800170898438,13302200
2025-11-12,META,609.010009765625,24493300
2025-11-13,META,609.8900146484375,20973800
2025-11-14,META,609.4600219726562,20724100
2025-11-17,META,602.010009765625,16501300
2025-11-18,META,597.6900024414062,25500600
2025-11-19,META,590.3200073242188,24744700
2025-11-20,META,589.1500244140625,20603000
2025-11-21,META,594.25,21052600
2025-11-24,META,613.0499877929688,23554900
2025-11-25,META,636.219970703125,25213000
2025-11-26,META,633.6099853515625,15209500
2025-11-28,META,647.9500122070312,11033200
2025-12-01,META,640.8699951171875,13029900
2025-12-02,META,647.0999755859375,11640900
2025-12-03,META,639.5999755859375,11134300
2025-12-04,META,661.530029296875,29874600
2025-12-05,META,673.4199829101562,21207900
2025-12-08,META,666.7999877929688,13161000
2025-12-09,META,656.9600219726562,12997100
2025-12-10,META,650.1300048828125,16910900
2025-12-11,META,652.7100219726562,13056700
2025-12-12,META,644.22998046875,14016900
2025-12-15,META,647.510009765625,15549100
2025-12-16,META,657.1500244140625,14309100
2025-12-17,META,649.5,15598500
2025-12-18,META,664.4500122070312,20260300
2025-12-19,META,658.77001953125,49977100
2025-12-22,META,661.5,15659400
2025-12-23,META,664.9400024414062,8486800
2025-12-24,META,667.5499877929688,5627500
2025-12-26,META,663.2899780273438,7133800
2025-12-29,META,658.6900024414062,8506500
2025-12-30,META,665.9500122070312,9187500
2025-12-31,META,660.0900268554688,7940400
2026-01-02,META,650.4099731445312,13726500
2026-01-05,META,658.7899780273438,12213700
2026-01-06,META,660.6199951171875,11074400
2026-01-07,META,648.6900024414062,12846300
2026-01-08,META,646.0599975585938,11921700
2026-01-09,META,653.0599975585938,11634900
2026-01-12,META,641.969970703125,14797200
2026-01-13,META,631.0900268554688,18030400
2026-01-14,META,615.52001953125,15527900
2026-01-15,META,620.7999877929688,13076100
2026-01-16,META,620.25,17012500
2026-01-20,META,604.1199951171875,15169600
2026-01-21,META,612.9600219726562,14494700
2026-01-22,META,647.6300048828125,21394700
2026-01-23,META,658.760009765625,22797700
2026-01-26,META,672.3599853515625,16327400
2026-01-27,META,672.969970703125,13297400
2026-01-28,META,668.72998046875,25709600
2026-01-29,META,738.3099975585938,59852900
2026-01-30,META,716.5,23744600
2026-02-02,META,706.4099731445312,14365200
2026-02-03,META,691.7000122070312,13760700
2026-02-04,META,668.989990234375,16882800
2026-02-05,META,670.2100219726562,17131800
2026-02-06,META,661.4600219726562,18159300
2026-02-09,META,677.219970703125,14837500
2026-02-10,META,670.719970703125,10455800
2026-02-11,META,668.6900024414062,14323800
2026-02-12,META,649.8099975585938,14960100
2026-02-13,META,639.77001953125,12336400
2026-02-17,META,639.2899780273438,12674700
2026-02-18,META,643.219970703125,14649200
2026-02-19,META,644.780029296875,10035700
2026-02-20,META,655.6599731445312,14183500
2026-02-23,META,637.25,8605900
2026-02-24,META,639.2999877929688,10135600
2026-02-25,META,653.6900024414062,11330700
2026-02-26,META,657.010009765625,10637700
2026-02-27,META,648.1799926757812,15703000
2026-03-02,META,653.5599975585938,9816100
2026-03-03,META,655.0800170898438,12263800
2026-03-04,META,667.72998046875,10810100
2026-03-05,META,660.5700073242188,13341400
2026-03-06,META,644.8599853515625,13159400
2026-03-09,META,647.3900146484375,13489700
2026-03-10,META,654.0700073242188,9859300
2026-03-11,META,654.8599853515625,8977200
2026-03-12,META,638.1799926757812,11617500
2026-03-13,META,613.7100219726562,18957600
2026-03-16,META,627.4500122070312,15134900
2026-03-17,META,622.6599731445312,10348800
2026-03-18,META,615.6799926757812,11726300
2026-03-19,META,606.7000122070312,13247700
2026-03-20,META,593.6599731445312,21214900
2026-03-23,META,604.0599975585938,13638000
2026-03-24,META,592.9199829101562,10739700
2026-03-25,META,594.8900146484375,12585000
2026-03-26,META,547.5399780273438,35780100
2026-03-27,META,525.719970703125,30133000
2026-03-30,META,536.3800048828125,22795200
2026-03-31,META,572.1300048828125,32898300
2026-04-01,META,579.22998046875,23608100
2026-04-02,META,574.4600219726562,13518500
2026-04-06,META,573.02001953125,9515700
2026-04-07,META,575.0499877929688,9580800
2026-04-08,META,612.4199829101562,32036600
2026-04-09,META,628.3900146484375,19012900
2026-04-10,META,629.8599853515625,13294800
2026-04-13,META,634.530029296875,9538900
2026-04-14,META,662.489990234375,17818000
2026-04-15,META,671.5800170898438,14952600
2026-04-16,META,676.8699951171875,9544800
2026-04-17,META,688.5499877929688,16283500
2026-04-20,META,670.9099731445312,12534000
2026-04-21,META,668.8400268554688,8660100
2026-04-22,META,674.719970703125,9215600
2026-04-23,META,659.1500244140625,11667000
2026-04-24,META,675.030029296875,13348300
2026-04-27,META,678.6199951171875,12805200
2026-04-28,META,671.3400268554688,10606800
2026-04-29,META,669.1199951171875,18947500
2026-04-30,META,611.9099731445312,52765000
2026-05-01,META,608.75,21404000
2026-05-04,META,610.4099731445312,16203900
2026-05-05,META,604.9600219726562,17171300
2026-05-06,META,612.8800048828125,19915500
2026-05-07,META,616.8099975585938,12307400
2026-05-08,META,609.6300048828125,13557000
2026-05-11,META,598.8599853515625,15940600
2026-05-12,META,603.0,11351600
2026-05-13,META,616.6300048828125,14634400
2026-05-14,META,618.4299926757812,10651200
2026-05-15,META,614.22998046875,13272600
2026-05-18,META,611.2100219726562,13772400
2026-05-19,META,602.6099853515625,11749900
2026-05-20,META,605.0599975585938,11329700
2026-05-21,META,607.3800048828125,13476100
2026-05-22,META,610.260009765625,11688600
2026-05-26,META,612.3400268554688,12234200
2026-05-27,META,635.260009765625,23143600
2026-05-28,META,635.2899780273438,16772400
2026-05-29,META,632.510009765625,19806500
2026-06-01,META,600.469970703125,29138800
2026-06-02,META,597.6300048828125,18252000
2026-06-03,META,622.97998046875,23020100
2026-06-04,META,627.5700073242188,21469200
2026-06-05,META,593.0,30091600
2026-06-08,META,585.3900146484375,19512400
2026-06-09,META,584.5900268554688,16977400
2026-06-10,META,570.97998046875,17064000
2026-06-11,META,568.4299926757812,17628000
2026-06-12,META,566.97998046875,14326400
2026-06-15,META,593.47998046875,17653300
2026-06-16,META,600.2100219726562,11344400
2026-06-17,META,567.5800170898438,20478300
2026-06-18,META,577.219970703125,28824600
2026-06-22,META,563.8499755859375,15405500
2026-06-23,META,562.2000122070312,13103300
2026-06-24,META,557.6699829101562,13963600
2026-06-25,META,542.8699951171875,16968600
2026-06-26,META,550.25,18867700
2026-06-29,META,562.5999755859375,15011400
2026-06-30,META,563.2899780273438,18111100
2026-07-01,META,612.9099731445312,45536300
2026-07-02,META,582.9000244140625,21705900
2026-07-06,META,600.2899780273438,17674100
2026-07-07,META,615.5800170898438,18560800
2026-07-08,META,603.1199951171875,13606500
2026-07-09,META,631.47998046875,26579700
2026-07-10,META,669.2100219726562,40608900
2026-07-13,META,656.72998046875,19840700
2026-07-14,META,661.0399780273438,16748200
2026-07-15,META,681.3099975585938,19003400
2026-07-16,META,664.5399780273438,15816000
2026-07-17,META,646.010009765625,22267900
2026-07-20,META,645.8499755859375,10225200
2026-07-21,META,643.8099975585938,9140500
2026-07-22,META,627.1699829101562,11019600
2026-07-23,META,606.0999755859375,15494800
2026-07-24,META,595.1900024414062,11503500
2026-07-27,META,593.8699951171875,11195300
2026-07-28,META,593.4099731445312,12009300
2026-07-29,META,585.6099853515625,22371100
2026-07-30,META,539.030029296875,42271500
2026-07-31,META,556.7100219726562,24261500
2026-08-03,META,590.239990234375,25938100
2026-08-04,META,587.9400024414062,17959200
2026-08-05,META,588.77001953125,14756774
2021-08-06,JPM,157.5,13328800
2021-08-09,JPM,157.3300018310547,9516900
2021-08-10,JPM,159.25999450683594,8667000
2021-08-11,JPM,161.16000366210938,9156500
2021-08-12,JPM,161.7899932861328,8844200
2021-08-13,JPM,159.97999572753906,8980900
2021-08-16,JPM,158.92999267578125,8755800
2021-08-17,JPM,157.00999450683594,9347200
2021-08-18,JPM,155.5800018310547,8065500
2021-08-19,JPM,154.27999877929688,9517700
2021-08-20,JPM,154.72000122070312,6974100
2021-08-23,JPM,156.6999969482422,7934600
2021-08-24,JPM,157.6699981689453,7670900
2021-08-25,JPM,160.9199981689453,11335000
2021-08-26,JPM,161.75,11027500
2021-08-27,JPM,163.0500030517578,8780200
2021-08-30,JPM,160.44000244140625,7937600
2021-08-31,JPM,159.9499969482422,12340800
2021-09-01,JPM,159.72000122070312,8729900
2021-09-02,JPM,160.4600067138672,8813300
2021-09-03,JPM,159.49000549316406,7959700
2021-09-07,JPM,159.2100067138672,9285600
2021-09-08,JPM,158.5,7852700
2021-09-09,JPM,159.19000244140625,7904300
2021-09-10,JPM,157.36000061035156,8311600
2021-09-13,JPM,159.86000061035156,10052800
2021-09-14,JPM,157.07000732421875,11685600
2021-09-15,JPM,158.16000366210938,11691500
2021-09-16,JPM,158.08999633789062,10880900
2021-09-17,JPM,157.67999267578125,25581600
2021-09-20,JPM,152.9600067138672,15819900
2021-09-21,JPM,152.97999572753906,8999900
2021-09-22,JPM,155.91000366210938,11236200
2021-09-23,JPM,161.17999267578125,12336100
2021-09-24,JPM,163.0399932861328,10102400
2021-09-27,JPM,166.97999572753906,13220900
2021-09-28,JPM,166.0800018310547,13387900
2021-09-29,JPM,165.9499969482422,7777100
2021-09-30,JPM,163.69000244140625,13161200
2021-10-01,JPM,167.1300048828125,11285000
2021-10-04,JPM,166.9499969482422,14120000
2021-10-05,JPM,168.66000366210938,12292900
2021-10-06,JPM,169.02000427246094,8692600
2021-10-07,JPM,170.08999633789062,10195400
2021-10-08,JPM,170.22000122070312,8190100
2021-10-11,JPM,166.63999938964844,12154700
2021-10-12,JPM,165.36000061035156,13032600
2021-10-13,JPM,161.0,22753500
2021-10-14,JPM,163.47000122070312,15176800
2021-10-15,JPM,166.61000061035156,14267400
2021-10-18,JPM,166.5500030517578,12672900
2021-10-19,JPM,168.57000732421875,8053900
2021-10-20,JPM,170.83999633789062,8185600
2021-10-21,JPM,169.5,8415200
2021-10-22,JPM,171.77999877929688,8817900
2021-10-25,JPM,170.94000244140625,10159200
2021-10-26,JPM,171.39999389648438,8015100
2021-10-27,JPM,167.8300018310547,9847000
2021-10-28,JPM,170.36000061035156,7212900
2021-10-29,JPM,169.88999938964844,8140100
2021-11-01,JPM,169.8000030517578,7435500
2021-11-02,JPM,170.47000122070312,7173800
2021-11-03,JPM,170.52999877929688,8402700
2021-11-04,JPM,168.2899932861328,9574200
2021-11-05,JPM,168.0500030517578,7975600
2021-11-08,JPM,169.05999755859375,6413700
2021-11-09,JPM,167.77999877929688,7990300
2021-11-10,JPM,167.6199951171875,6999200
2021-11-11,JPM,167.61000061035156,5815300
2021-11-12,JPM,166.86000061035156,8113400
2021-11-15,JPM,166.55999755859375,6492500
2021-11-16,JPM,165.36000061035156,9706100
2021-11-17,JPM,164.47000122070312,9909600
2021-11-18,JPM,163.0500030517578,8122500
2021-11-19,JPM,160.9199981689453,12193600
2021-11-22,JPM,164.35000610351562,14549900
2021-11-23,JPM,168.27999877929688,12354400
2021-11-24,JPM,166.9600067138672,9629800
2021-11-26,JPM,161.92999267578125,13619300
2021-11-29,JPM,161.22999572753906,12104400
2021-11-30,JPM,158.8300018310547,18922600
2021-12-01,JPM,157.88999938964844,12253400
2021-12-02,JPM,161.2100067138672,12969900
2021-12-03,JPM,158.2899932861328,12681800
2021-12-06,JPM,160.16000366210938,11186500
2021-12-07,JPM,162.57000732421875,9851600
2021-12-08,JPM,160.7100067138672,11705700
2021-12-09,JPM,160.4600067138672,11189600
2021-12-10,JPM,159.82000732421875,10405400
2021-12-13,JPM,157.9199981689453,12069000
2021-12-14,JPM,159.1300048828125,12563600
2021-12-15,JPM,157.94000244140625,14014200
2021-12-16,JPM,160.41000366210938,19542800
2021-12-17,JPM,156.75999450683594,28082000
2021-12-20,JPM,153.94000244140625,15148000
2021-12-21,JPM,156.08999633789062,11291300
2021-12-22,JPM,156.6999969482422,7273000
2021-12-23,JPM,157.25999450683594,8055200
2021-12-27,JPM,158.16000366210938,6188100
2021-12-28,JPM,158.63999938964844,6342300
2021-12-29,JPM,158.55999755859375,6398900
2021-12-30,JPM,158.47999572753906,6948200
2021-12-31,JPM,158.35000610351562,5805900
2022-01-03,JPM,161.6999969482422,13120900
2022-01-04,JPM,167.8300018310547,20195800
2022-01-05,JPM,163.77999877929688,17539400
2022-01-06,JPM,165.52000427246094,14047500
2022-01-07,JPM,167.16000366210938,13913300
2022-01-10,JPM,167.32000732421875,12922500
2022-01-11,JPM,167.49000549316406,11854100
2022-01-12,JPM,168.44000244140625,12568000
2022-01-13,JPM,168.22999572753906,13623400
2022-01-14,JPM,157.88999938964844,40158400
2022-01-18,JPM,151.27000427246094,32324800
2022-01-19,JPM,148.92999267578125,22380000
2022-01-20,JPM,147.66000366210938,14860800
2022-01-21,JPM,145.0800018310547,20705400
2022-01-24,JPM,144.9499969482422,28471400
2022-01-25,JPM,146.52999877929688,18915900
2022-01-26,JPM,147.9199981689453,20709100
2022-01-27,JPM,145.30999755859375,17536800
2022-01-28,JPM,146.61000061035156,14117000
2022-01-31,JPM,148.60000610351562,13985700
2022-02-01,JPM,151.14999389648438,14584900
2022-02-02,JPM,149.94000244140625,12441100
2022-02-03,JPM,148.6999969482422,12474900
2022-02-04,JPM,152.55999755859375,16654400
2022-02-07,JPM,153.07000732421875,12572300
2022-02-08,JPM,155.9499969482422,20411400
2022-02-09,JPM,156.60000610351562,9131100
2022-02-10,JPM,155.9499969482422,16455600
2022-02-11,JPM,153.9199981689453,16830000
2022-02-14,JPM,152.49000549316406,17026500
2022-02-15,JPM,154.72000122070312,9500000
2022-02-16,JPM,155.0,9076500
2022-02-17,JPM,151.42999267578125,11367500
2022-02-18,JPM,152.13999938964844,11733300
2022-02-22,JPM,151.8699951171875,11333500
2022-02-23,JPM,148.69000244140625,11799000
2022-02-24,JPM,144.5500030517578,25655100
2022-02-25,JPM,147.97000122070312,18367700
2022-02-28,JPM,141.8000030517578,31315300
2022-03-01,JPM,136.4499969482422,36840400
2022-03-02,JPM,139.27999877929688,19405600
2022-03-03,JPM,138.2899932861328,16640800
2022-03-04,JPM,134.39999389648438,21016000
2022-03-07,JPM,129.2100067138672,27560100
2022-03-08,JPM,128.3000030517578,19207800
2022-03-09,JPM,133.44000244140625,17536200
2022-03-10,JPM,131.86000061035156,15604200
2022-03-11,JPM,128.88999938964844,20061800
2022-03-14,JPM,130.1699981689453,15786900
2022-03-15,JPM,132.47999572753906,15096600
2022-03-16,JPM,138.39999389648438,20354900
2022-03-17,JPM,140.14999389648438,17050500
2022-03-18,JPM,140.10000610351562,23656500
2022-03-21,JPM,139.64999389648438,12676100
2022-03-22,JPM,142.6199951171875,13548600
2022-03-23,JPM,139.77999877929688,12093200
2022-03-24,JPM,140.69000244140625,10017600
2022-03-25,JPM,141.9199981689453,8383500
2022-03-28,JPM,140.8699951171875,10818100
2022-03-29,JPM,141.17999267578125,11316500
2022-03-30,JPM,140.5399932861328,8771000
2022-03-31,JPM,136.32000732421875,17353900
2022-04-01,JPM,135.30999755859375,15721300
2022-04-04,JPM,135.91000366210938,17416400
2022-04-05,JPM,133.33999633789062,12110300
2022-04-06,JPM,131.49000549316406,12914700
2022-04-07,JPM,131.08999633789062,12994200
2022-04-08,JPM,133.49000549316406,13126900
2022-04-11,JPM,133.0,10466400
2022-04-12,JPM,131.5399932861328,12989900
2022-04-13,JPM,127.30000305175781,30838000
2022-04-14,JPM,126.12000274658203,18835200
2022-04-18,JPM,128.4600067138672,11834400
2022-04-19,JPM,131.1199951171875,15015400
2022-04-20,JPM,131.5800018310547,13430200
2022-04-21,JPM,130.55999755859375,12174200
2022-04-22,JPM,126.80999755859375,14318800
2022-04-25,JPM,126.7699966430664,17149000
2022-04-26,JPM,123.0199966430664,17209500
2022-04-27,JPM,121.41999816894531,17215200
2022-04-28,JPM,123.33999633789062,13015600
2022-04-29,JPM,119.36000061035156,14874800
2022-05-02,JPM,120.44999694824219,18545000
2022-05-03,JPM,123.02999877929688,15720900
2022-05-04,JPM,127.0999984741211,17128500
2022-05-05,JPM,123.91999816894531,15055400
2022-05-06,JPM,123.72000122070312,14417900
2022-05-09,JPM,121.86000061035156,14312300
2022-05-10,JPM,118.88999938964844,16382400
2022-05-11,JPM,118.13999938964844,14630300
2022-05-12,JPM,118.04000091552734,16318800
2022-05-13,JPM,119.08999633789062,10443200
2022-05-16,JPM,118.26000213623047,10269000
2022-05-17,JPM,122.18000030517578,11160200
2022-05-18,JPM,120.08999633789062,12664900
2022-05-19,JPM,118.30999755859375,12765800
2022-05-20,JPM,117.33999633789062,13150100
2022-05-23,JPM,124.5999984741211,24376700
2022-05-24,JPM,126.36000061035156,19324900
2022-05-25,JPM,127.23999786376953,12780400
2022-05-26,JPM,129.44000244140625,15990900
2022-05-27,JPM,131.27000427246094,11177800
2022-05-31,JPM,132.22999572753906,17015000
2022-06-01,JPM,129.91000366210938,10768000
2022-06-02,JPM,132.0,8374800
2022-06-03,JPM,130.16000366210938,8596000
2022-06-06,JPM,129.72999572753906,11323500
2022-06-07,JPM,130.07000732421875,6722200
2022-06-08,JPM,128.0,8422100
2022-06-09,JPM,125.30999755859375,13560100
2022-06-10,JPM,119.55000305175781,12945200
2022-06-13,JPM,115.98999786376953,16805600
2022-06-14,JPM,114.05999755859375,13357900
2022-06-15,JPM,115.41000366210938,14083500
2022-06-16,JPM,113.43000030517578,16724900
2022-06-17,JPM,113.02999877929688,30919900
2022-06-21,JPM,115.83000183105469,11680500
2022-06-22,JPM,115.18000030517578,9842700
2022-06-23,JPM,113.91999816894531,11851500
2022-06-24,JPM,117.31999969482422,14841100
2022-06-27,JPM,116.37999725341797,11280500
2022-06-28,JPM,115.81999969482422,11590900
2022-06-29,JPM,115.30000305175781,9338400
2022-06-30,JPM,112.61000061035156,15172600
2022-07-01,JPM,114.05000305175781,10573600
2022-07-05,JPM,112.62000274658203,12514200
2022-07-06,JPM,111.88999938964844,10656200
2022-07-07,JPM,114.72000122070312,10347400
2022-07-08,JPM,114.36000061035156,8807800
2022-07-11,JPM,112.86000061035156,7939500
2022-07-12,JPM,112.97000122070312,11250900
2022-07-13,JPM,111.91000366210938,12979900
2022-07-14,JPM,108.0,26204800
2022-07-15,JPM,112.94999694824219,18863900
2022-07-18,JPM,111.79000091552734,13977900
2022-07-19,JPM,114.55999755859375,11862300
2022-07-20,JPM,114.54000091552734,11667500
2022-07-21,JPM,115.31999969482422,11595900
2022-07-22,JPM,114.76000213623047,7645500
2022-07-25,JPM,115.22000122070312,9394000
2022-07-26,JPM,113.41999816894531,10675100
2022-07-27,JPM,115.23999786376953,9337400
2022-07-28,JPM,114.80999755859375,10384800
2022-07-29,JPM,115.36000061035156,12944500
2022-08-01,JPM,114.20999908447266,14740400
2022-08-02,JPM,112.43000030517578,14942900
2022-08-03,JPM,113.61000061035156,14394500
2022-08-04,JPM,112.36000061035156,18033900
2022-08-05,JPM,115.76000213623047,14174600
2022-08-08,JPM,114.3499984741211,10332500
2022-08-09,JPM,115.37999725341797,10233800
2022-08-10,JPM,118.38999938964844,12847300
2022-08-11,JPM,120.13999938964844,11684900
2022-08-12,JPM,122.12999725341797,9906700
2022-08-15,JPM,122.45999908447266,8456200
2022-08-16,JPM,123.62999725341797,9555000
2022-08-17,JPM,122.58999633789062,8149300
2022-08-18,JPM,121.63999938964844,9531800
2022-08-19,JPM,118.62999725341797,13464500
2022-08-22,JPM,116.66999816894531,8967600
2022-08-23,JPM,115.5199966430664,7607000
2022-08-24,JPM,115.80000305175781,9771300
2022-08-25,JPM,118.55000305175781,10758900
2022-08-26,JPM,114.66999816894531,11276200
2022-08-29,JPM,114.38999938964844,8117300
2022-08-30,JPM,114.41000366210938,10745400
2022-08-31,JPM,113.7300033569336,10738300
2022-09-01,JPM,114.51000213623047,9979800
2022-09-02,JPM,113.70999908447266,10666600
2022-09-06,JPM,113.73999786376953,9751900
2022-09-07,JPM,115.9000015258789,10647900
2022-09-08,JPM,118.5999984741211,11435000
2022-09-09,JPM,119.16999816894531,9299700
2022-09-12,JPM,120.58000183105469,8614600
2022-09-13,JPM,116.38999938964844,12904600
2022-09-14,JPM,116.12000274658203,9345700
2022-09-15,JPM,117.87000274658203,10821400
2022-09-16,JPM,117.08000183105469,14844100
2022-09-19,JPM,118.16000366210938,8201300
2022-09-20,JPM,115.83000183105469,9619000
2022-09-21,JPM,112.48999786376953,12606300
2022-09-22,JPM,111.20999908447266,11684500
2022-09-23,JPM,109.13999938964844,18138600
2022-09-26,JPM,106.79000091552734,15753600
2022-09-27,JPM,105.8499984741211,12793600
2022-09-28,JPM,107.98999786376953,12762600
2022-09-29,JPM,106.16000366210938,12713900
2022-09-30,JPM,104.5,15973400
2022-10-03,JPM,107.7300033569336,12248100
2022-10-04,JPM,112.7699966430664,16013600
2022-10-05,JPM,110.38999938964844,10943500
2022-10-06,JPM,108.13999938964844,11521400
2022-10-07,JPM,105.9800033569336,11681100
2022-10-10,JPM,104.98999786376953,8931700
2022-10-11,JPM,101.95999908447266,12739700
2022-10-12,JPM,103.61000061035156,13181000
2022-10-13,JPM,109.37000274658203,22398700
2022-10-14,JPM,111.19000244140625,33387100
2022-10-17,JPM,115.86000061035156,22276300
2022-10-18,JPM,118.83999633789062,21539700
2022-10-19,JPM,116.51000213623047,17072000
2022-10-20,JPM,116.12999725341797,12207400
2022-10-21,JPM,122.2300033569336,20593300
2022-10-24,JPM,122.37999725341797,12624200
2022-10-25,JPM,122.69999694824219,11289100
2022-10-26,JPM,124.11000061035156,11667000
2022-10-27,JPM,124.5999984741211,10727600
2022-10-28,JPM,126.08000183105469,11859500
2022-10-31,JPM,125.87999725341797,13295200
2022-11-01,JPM,128.14999389648438,13386900
2022-11-02,JPM,126.97000122070312,16546100
2022-11-03,JPM,127.19999694824219,12474400
2022-11-04,JPM,130.67999267578125,14953200
2022-11-07,JPM,131.3699951171875,12011200
2022-11-08,JPM,131.4499969482422,9884100
2022-11-09,JPM,129.74000549316406,9494000
2022-11-10,JPM,135.0800018310547,16351600
2022-11-11,JPM,135.3000030517578,10704700
2022-11-14,JPM,133.91000366210938,11085600
2022-11-15,JPM,132.94000244140625,14038300
2022-11-16,JPM,133.1199951171875,7893400
2022-11-17,JPM,132.5399932861328,8820200
2022-11-18,JPM,133.83999633789062,9468500
2022-11-21,JPM,133.0500030517578,7800500
2022-11-22,JPM,135.0399932861328,9185700
2022-11-23,JPM,136.47999572753906,7316200
2022-11-25,JPM,136.74000549316406,3220500
2022-11-28,JPM,134.35000610351562,9906900
2022-11-29,JPM,136.55999755859375,7925300
2022-11-30,JPM,138.17999267578125,14761200
2022-12-01,JPM,136.24000549316406,8858500
2022-12-02,JPM,135.16000366210938,8931900
2022-12-05,JPM,131.3699951171875,10154500
2022-12-06,JPM,131.58999633789062,13966700
2022-12-07,JPM,131.5,11739400
2022-12-08,JPM,132.8800048828125,8907300
2022-12-09,JPM,132.16000366210938,7957800
2022-12-12,JPM,134.2100067138672,8841600
2022-12-13,JPM,134.0800018310547,10025400
2022-12-14,JPM,133.41000366210938,9966100
2022-12-15,JPM,130.10000610351562,12087800
2022-12-16,JPM,129.2899932861328,21133700
2022-12-19,JPM,130.05999755859375,9017200
2022-12-20,JPM,130.69000244140625,8549900
2022-12-21,JPM,132.16000366210938,8051700
2022-12-22,JPM,130.66000366210938,8648200
2022-12-23,JPM,131.27999877929688,5091900
2022-12-27,JPM,131.74000549316406,5411000
2022-12-28,JPM,132.4600067138672,8827700
2022-12-29,JPM,133.22000122070312,6585200
2022-12-30,JPM,134.10000610351562,9292500
2023-01-03,JPM,135.1199951171875,11054800
2023-01-04,JPM,136.3800048828125,11687600
2023-01-05,JPM,135.35000610351562,8381300
2023-01-06,JPM,137.94000244140625,10029100
2023-01-09,JPM,137.3699951171875,8482300
2023-01-10,JPM,138.60000610351562,9048700
2023-01-11,JPM,139.6300048828125,8703700
2023-01-12,JPM,139.49000549316406,11001700
2023-01-13,JPM,143.00999450683594,20200000
2023-01-17,JPM,140.8000030517578,14292900
2023-01-18,JPM,136.57000732421875,13392600
2023-01-19,JPM,134.75,13303400
2023-01-20,JPM,135.0800018310547,13092500
2023-01-23,JPM,137.27000427246094,10487100
2023-01-24,JPM,138.4499969482422,6945000
2023-01-25,JPM,139.1199951171875,8967000
2023-01-26,JPM,139.97999572753906,7487600
2023-01-27,JPM,140.32000732421875,7489900
2023-01-30,JPM,139.1300048828125,6729300
2023-01-31,JPM,139.9600067138672,9188700
2023-02-01,JPM,139.58999633789062,8841800
2023-02-02,JPM,138.94000244140625,11822100
2023-02-03,JPM,141.08999633789062,11501200
2023-02-06,JPM,141.9199981689453,8406200
2023-02-07,JPM,143.64999389648438,10447900
2023-02-08,JPM,142.63999938964844,6958000
2023-02-09,JPM,140.4199981689453,6443100
2023-02-10,JPM,141.0399932861328,6582900
2023-02-13,JPM,142.57000732421875,7134600
2023-02-14,JPM,143.1999969482422,9249400
2023-02-15,JPM,143.8000030517578,6728300
2023-02-16,JPM,141.82000732421875,8165300
2023-02-17,JPM,142.24000549316406,7948800
2023-02-21,JPM,139.6300048828125,9996300
2023-02-22,JPM,138.55999755859375,11107500
2023-02-23,JPM,139.6699981689453,8068000
2023-02-24,JPM,140.92999267578125,9126900
2023-02-27,JPM,142.16000366210938,10014700
2023-02-28,JPM,143.35000610351562,11019800
2023-03-01,JPM,142.5500030517578,7139200
2023-03-02,JPM,141.07000732421875,11106800
2023-03-03,JPM,143.66000366210938,9513100
2023-03-06,JPM,142.82000732421875,9261300
2023-03-07,JPM,138.6199951171875,11747600
2023-03-08,JPM,137.8000030517578,10002500
2023-03-09,JPM,130.33999633789062,25888100
2023-03-10,JPM,133.64999389648438,37599700
2023-03-13,JPM,131.25,42901100
2023-03-14,JPM,134.6199951171875,29648100
2023-03-15,JPM,128.25999450683594,34280600
2023-03-16,JPM,130.75,24558500
2023-03-17,JPM,125.80999755859375,38396000
2023-03-20,JPM,127.13999938964844,22875500
2023-03-21,JPM,130.5500030517578,17807800
2023-03-22,JPM,127.18000030517578,17250200
2023-03-23,JPM,126.83999633789062,16677600
2023-03-24,JPM,124.91000366210938,22311100
2023-03-27,JPM,128.49000549316406,18853900
2023-03-28,JPM,128.8800048828125,10820500
2023-03-29,JPM,129.13999938964844,14595300
2023-03-30,JPM,128.75,12134700
2023-03-31,JPM,130.30999755859375,13105200
2023-04-03,JPM,130.16000366210938,11775400
2023-04-04,JPM,128.4199981689453,11579900
2023-04-05,JPM,127.61000061035156,9614700
2023-04-06,JPM,127.47000122070312,8760200
2023-04-10,JPM,127.88999938964844,9477300
2023-04-11,JPM,128.52000427246094,10516300
2023-04-12,JPM,128.5,11821000
2023-04-13,JPM,128.99000549316406,12450200
2023-04-14,JPM,138.72999572753906,43931300
2023-04-17,JPM,139.8300018310547,16050500
2023-04-18,JPM,141.39999389648438,13760100
2023-04-19,JPM,141.22000122070312,9158100
2023-04-20,JPM,140.80999755859375,10586200
2023-04-21,JPM,140.5399932861328,11842500
2023-04-24,JPM,140.72999572753906,7567500
2023-04-25,JPM,137.6699981689453,10629300
2023-04-26,JPM,135.22999572753906,14416100
2023-04-27,JPM,137.0500030517578,9041100
2023-04-28,JPM,138.24000549316406,9887300
2023-05-01,JPM,141.1999969482422,20415800
2023-05-02,JPM,138.9199981689453,14113400
2023-05-03,JPM,135.97999572753906,12930900
2023-05-04,JPM,134.1199951171875,17089200
2023-05-05,JPM,136.74000549316406,11261400
2023-05-08,JPM,137.07000732421875,7484900
2023-05-09,JPM,136.41000366210938,7343600
2023-05-10,JPM,136.47999572753906,8133400
2023-05-11,JPM,136.0500030517578,7057300
2023-05-12,JPM,134.10000610351562,9988600
2023-05-15,JPM,135.22999572753906,7639500
2023-05-16,JPM,134.32000732421875,6477200
2023-05-17,JPM,138.4499969482422,12711500
2023-05-18,JPM,139.5,10999600
2023-05-19,JPM,139.17999267578125,13492200
2023-05-22,JPM,138.02999877929688,11402500
2023-05-23,JPM,136.58999633789062,9514900
2023-05-24,JPM,135.33999633789062,8578000
2023-05-25,JPM,135.6699981689453,8472500
2023-05-26,JPM,136.94000244140625,8579900
2023-05-30,JPM,137.4600067138672,7399900
2023-05-31,JPM,135.7100067138672,14219900
2023-06-01,JPM,137.5800018310547,12248100
2023-06-02,JPM,140.47000122070312,12922500
2023-06-05,JPM,139.08999633789062,8511900
2023-06-06,JPM,139.33999633789062,9329500
2023-06-07,JPM,140.69000244140625,9281400
2023-06-08,JPM,140.72999572753906,7368100
2023-06-09,JPM,141.00999450683594,7249100
2023-06-12,JPM,141.0,7596600
2023-06-13,JPM,142.02000427246094,7701600
2023-06-14,JPM,141.49000549316406,9068700
2023-06-15,JPM,143.08999633789062,9343100
2023-06-16,JPM,143.25999450683594,13813500
2023-06-20,JPM,142.52999877929688,8428600
2023-06-21,JPM,142.32000732421875,9926500
2023-06-22,JPM,139.5800018310547,10075200
2023-06-23,JPM,138.85000610351562,9919500
2023-06-26,JPM,139.19000244140625,8429700
2023-06-27,JPM,139.1999969482422,8154000
2023-06-28,JPM,138.58999633789062,7558600
2023-06-29,JPM,143.42999267578125,15423200
2023-06-30,JPM,145.44000244140625,14212800
2023-07-03,JPM,146.61000061035156,8021600
2023-07-05,JPM,144.63999938964844,8934900
2023-07-06,JPM,143.2100067138672,9709500
2023-07-07,JPM,144.33999633789062,8981500
2023-07-10,JPM,145.14999389648438,9100100
2023-07-11,JPM,147.4199981689453,11260900
2023-07-12,JPM,148.14999389648438,11323200
2023-07-13,JPM,148.8699951171875,11234900
2023-07-14,JPM,149.77000427246094,27028400
2023-07-17,JPM,153.3800048828125,17262400
2023-07-18,JPM,153.66000366210938,13491700
2023-07-19,JPM,154.25,12510000
2023-07-20,JPM,156.14999389648438,9935900
2023-07-21,JPM,154.9499969482422,10636400
2023-07-24,JPM,158.0,14381400
2023-07-25,JPM,156.82000732421875,9944700
2023-07-26,JPM,157.75999450683594,8728600
2023-07-27,JPM,156.02000427246094,10778400
2023-07-28,JPM,156.91000366210938,9103800
2023-07-31,JPM,157.9600067138672,8892700
2023-08-01,JPM,157.17999267578125,6853900
2023-08-02,JPM,155.39999389648438,8299400
2023-08-03,JPM,156.35000610351562,6084000
2023-08-04,JPM,156.02000427246094,6209400
2023-08-07,JPM,156.75999450683594,7251800
2023-08-08,JPM,155.8800048828125,8623400
2023-08-09,JPM,153.7899932861328,6277800
2023-08-10,JPM,153.55999755859375,5995100
2023-08-11,JPM,154.4499969482422,5180700
2023-08-14,JPM,154.77000427246094,5044300
2023-08-15,JPM,150.8300018310547,10300300
2023-08-16,JPM,150.19000244140625,6978200
2023-08-17,JPM,148.6300048828125,9953900
2023-08-18,JPM,148.97000122070312,8517500
2023-08-21,JPM,149.47999572753906,8327000
2023-08-22,JPM,146.3800048828125,9673300
2023-08-23,JPM,147.3699951171875,7858000
2023-08-24,JPM,147.22999572753906,6534000
2023-08-25,JPM,147.0500030517578,6695500
2023-08-28,JPM,147.55999755859375,5094100
2023-08-29,JPM,148.75999450683594,6337000
2023-08-30,JPM,148.16000366210938,6277300
2023-08-31,JPM,146.3300018310547,10933900
2023-09-01,JPM,146.82000732421875,7903500
2023-09-05,JPM,145.1999969482422,7854700
2023-09-06,JPM,144.9600067138672,8629200
2023-09-07,JPM,143.72000122070312,8373700
2023-09-08,JPM,143.8300018310547,7107900
2023-09-11,JPM,144.4600067138672,6854200
2023-09-12,JPM,146.33999633789062,8363200
2023-09-13,JPM,146.41000366210938,8325900
2023-09-14,JPM,149.25,10034900
2023-09-15,JPM,148.80999755859375,19863400
2023-09-18,JPM,149.1199951171875,6512400
2023-09-19,JPM,148.92999267578125,7943400
2023-09-20,JPM,148.3000030517578,7332000
2023-09-21,JPM,147.13999938964844,8052400
2023-09-22,JPM,145.72999572753906,7071700
2023-09-25,JPM,146.4499969482422,7044700
2023-09-26,JPM,144.92999267578125,7468400
2023-09-27,JPM,145.77999877929688,6717800
2023-09-28,JPM,147.58999633789062,8868100
2023-09-29,JPM,145.02000427246094,11917800
2023-10-02,JPM,143.77000427246094,9170600
2023-10-03,JPM,142.7100067138672,9431100
2023-10-04,JPM,143.35000610351562,8128700
2023-10-05,JPM,142.89999389648438,8576200
2023-10-06,JPM,145.10000610351562,10270600
2023-10-09,JPM,144.77000427246094,6964900
2023-10-10,JPM,145.64999389648438,11288800
2023-10-11,JPM,146.14999389648438,8698200
2023-10-12,JPM,145.80999755859375,10484400
2023-10-13,JPM,148.0,29427000
2023-10-16,JPM,147.85000610351562,12663500
2023-10-17,JPM,147.52999877929688,11482700
2023-10-18,JPM,145.91000366210938,9620300
2023-10-19,JPM,145.2899932861328,11143600
2023-10-20,JPM,142.9499969482422,13332900
2023-10-23,JPM,141.0,10133400
2023-10-24,JPM,141.1699981689453,8881400
2023-10-25,JPM,140.39999389648438,8242600
2023-10-26,JPM,140.75999450683594,9109400
2023-10-27,JPM,135.69000244140625,17434700
2023-10-30,JPM,137.4199981689453,9855500
2023-10-31,JPM,139.05999755859375,9672500
2023-11-01,JPM,138.94000244140625,9432000
2023-11-02,JPM,141.4199981689453,10186200
2023-11-03,JPM,143.0,9538700
2023-11-06,JPM,144.0800018310547,7625100
2023-11-07,JPM,144.00999450683594,6297900
2023-11-08,JPM,144.72000122070312,7618200
2023-11-09,JPM,144.2899932861328,7992500
2023-11-10,JPM,146.42999267578125,7983300
2023-11-13,JPM,145.77999877929688,6676300
2023-11-14,JPM,148.44000244140625,9927700
2023-11-15,JPM,149.74000549316406,8365300
2023-11-16,JPM,151.4499969482422,8126200
2023-11-17,JPM,152.82000732421875,7812400
2023-11-20,JPM,153.2899932861328,7019000
2023-11-21,JPM,152.97000122070312,7083500
2023-11-22,JPM,153.3300018310547,5174500
2023-11-24,JPM,153.5399932861328,3496900
2023-11-27,JPM,153.19000244140625,6259100
2023-11-28,JPM,153.5399932861328,6582700
2023-11-29,JPM,154.32000732421875,9126100
2023-11-30,JPM,156.0800018310547,9869800
2023-12-01,JPM,156.83999633789062,8916000
2023-12-04,JPM,157.99000549316406,9607500
2023-12-05,JPM,157.97000122070312,9135600
2023-12-06,JPM,156.30999755859375,9366000
2023-12-07,JPM,156.7899932861328,8130900
2023-12-08,JPM,158.52000427246094,7369400
2023-12-11,JPM,159.10000610351562,8093900
2023-12-12,JPM,160.52000427246094,10223000
2023-12-13,JPM,161.05999755859375,12379100
2023-12-14,JPM,163.99000549316406,13643000
2023-12-15,JPM,165.22999572753906,20309300
2023-12-18,JPM,166.22999572753906,8469600
2023-12-19,JPM,168.4499969482422,10345700
2023-12-20,JPM,166.5500030517578,10734700
2023-12-21,JPM,167.5,7601700
2023-12-22,JPM,167.39999389648438,6576300
2023-12-26,JPM,168.38999938964844,4683600
2023-12-27,JPM,169.39999389648438,6428600
2023-12-28,JPM,170.3000030517578,6320100
2023-12-29,JPM,170.10000610351562,6435100
2024-01-02,JPM,172.0800018310547,9977400
2024-01-03,JPM,171.3300018310547,9852300
2024-01-04,JPM,171.41000366210938,11972500
2024-01-05,JPM,172.27000427246094,10066000
2024-01-08,JPM,172.02000427246094,11229900
2024-01-09,JPM,170.66000366210938,9923600
2024-01-10,JPM,171.02000427246094,9670200
2024-01-11,JPM,170.3000030517578,11919500
2024-01-12,JPM,169.0500030517578,19436500
2024-01-16,JPM,167.99000549316406,17206400
2024-01-17,JPM,167.08999633789062,11107500
2024-01-18,JPM,167.4199981689453,9382300
2024-01-19,JPM,170.30999755859375,13115700
2024-01-22,JPM,170.11000061035156,12837500
2024-01-23,JPM,168.99000549316406,8360800
2024-01-24,JPM,170.5,9967100
2024-01-25,JPM,172.94000244140625,8873500
2024-01-26,JPM,172.27999877929688,7443000
2024-01-29,JPM,172.72999572753906,6971200
2024-01-30,JPM,176.27000427246094,10822100
2024-01-31,JPM,174.36000061035156,11521800
2024-02-01,JPM,173.72999572753906,9354800
2024-02-02,JPM,174.72999572753906,8607600
2024-02-05,JPM,174.5,7820200
2024-02-06,JPM,175.10000610351562,6764800
2024-02-07,JPM,175.42999267578125,7225500
2024-02-08,JPM,174.8000030517578,6060300
2024-02-09,JPM,175.00999450683594,6296700
2024-02-12,JPM,175.7899932861328,8539300
2024-02-13,JPM,174.25999450683594,8397600
2024-02-14,JPM,176.02999877929688,7056700
2024-02-15,JPM,179.8699951171875,8723400
2024-02-16,JPM,179.02999877929688,8152600
2024-02-20,JPM,179.72999572753906,9668000
2024-02-21,JPM,180.89999389648438,7024000
2024-02-22,JPM,183.07000732421875,9296500
2024-02-23,JPM,183.99000549316406,7105800
2024-02-26,JPM,183.36000061035156,7145400
2024-02-27,JPM,183.4499969482422,5717100
2024-02-28,JPM,184.3800048828125,6131600
2024-02-29,JPM,186.05999755859375,9643000
2024-03-01,JPM,185.2899932861328,6311800
2024-03-04,JPM,186.67999267578125,7063600
2024-03-05,JPM,188.5500030517578,6617800
2024-03-06,JPM,189.52999877929688,7572900
2024-03-07,JPM,187.8699951171875,7618300
2024-03-08,JPM,188.22000122070312,6172200
2024-03-11,JPM,188.2899932861328,5762600
2024-03-12,JPM,189.83999633789062,5708400
2024-03-13,JPM,191.3800048828125,7795500
2024-03-14,JPM,187.97000122070312,10310900
2024-03-15,JPM,190.3000030517578,17214200
2024-03-18,JPM,192.66000366210938,9013800
2024-03-19,JPM,193.7899932861328,8478700
2024-03-20,JPM,196.3300018310547,9367000
2024-03-21,JPM,199.05999755859375,11203800
2024-03-22,JPM,196.6199951171875,8108800
2024-03-25,JPM,194.82000732421875,8620000
2024-03-26,JPM,195.72999572753906,5961500
2024-03-27,JPM,199.52000427246094,8725800
2024-03-28,JPM,200.3000030517578,8628300
2024-04-01,JPM,198.94000244140625,7309000
2024-04-02,JPM,198.86000061035156,7014700
2024-04-03,JPM,198.3000030517578,9353400
2024-04-04,JPM,195.64999389648438,9243800
2024-04-05,JPM,197.4499969482422,6532300
2024-04-08,JPM,198.47999572753906,8001000
2024-04-09,JPM,197.14999389648438,7351500
2024-04-10,JPM,195.47000122070312,7681400
2024-04-11,JPM,195.42999267578125,10137700
2024-04-12,JPM,182.7899932861328,31532300
2024-04-15,JPM,182.88999938964844,14766600
2024-04-16,JPM,180.8000030517578,16451800
2024-04-17,JPM,180.0800018310547,9017100
2024-04-18,JPM,181.25,9557700
2024-04-19,JPM,185.8000030517578,13402300
2024-04-22,JPM,189.41000366210938,11529700
2024-04-23,JPM,192.13999938964844,9144400
2024-04-24,JPM,193.0800018310547,6964900
2024-04-25,JPM,193.3699951171875,9802300
2024-04-26,JPM,193.49000549316406,6413700
2024-04-29,JPM,193.27999877929688,5387800
2024-04-30,JPM,191.74000549316406,8153700
2024-05-01,JPM,191.86000061035156,7445300
2024-05-02,JPM,191.66000366210938,6501700
2024-05-03,JPM,190.50999450683594,8922800
2024-05-06,JPM,192.0,7911100
2024-05-07,JPM,191.75,7688800
2024-05-08,JPM,195.64999389648438,9227600
2024-05-09,JPM,197.5,7977300
2024-05-10,JPM,198.77000427246094,7529800
2024-05-13,JPM,198.72999572753906,7049200
2024-05-14,JPM,201.50999450683594,8596200
2024-05-15,JPM,202.11000061035156,8370000
2024-05-16,JPM,202.47000122070312,8497900
2024-05-17,JPM,204.7899932861328,9260500
2024-05-20,JPM,195.5800018310547,17373300
2024-05-21,JPM,199.52000427246094,14420800
2024-05-22,JPM,198.30999755859375,9425300
2024-05-23,JPM,196.9199981689453,8069400
2024-05-24,JPM,200.7100067138672,7356200
2024-05-28,JPM,199.5,6910200
2024-05-29,JPM,198.11000061035156,6120000
2024-05-30,JPM,199.3300018310547,6829100
2024-05-31,JPM,202.6300048828125,14417900
2024-06-03,JPM,201.82000732421875,6444300
2024-06-04,JPM,199.16000366210938,6848300
2024-06-05,JPM,197.25999450683594,8351600
2024-06-06,JPM,196.91000366210938,7640300
2024-06-07,JPM,199.9499969482422,6964500
2024-06-10,JPM,199.61000061035156,6070800
2024-06-11,JPM,194.36000061035156,9235300
2024-06-12,JPM,191.52999877929688,12751300
2024-06-13,JPM,193.66000366210938,8587800
2024-06-14,JPM,193.77999877929688,6874000
2024-06-17,JPM,194.97999572753906,8725400
2024-06-18,JPM,197.0,9023000
2024-06-20,JPM,198.6699981689453,8731100
2024-06-21,JPM,196.3000030517578,20972100
2024-06-24,JPM,198.8800048828125,9785900
2024-06-25,JPM,198.07000732421875,6862500
2024-06-26,JPM,197.42999267578125,7758600
2024-06-27,JPM,199.1699981689453,7913500
2024-06-28,JPM,202.25999450683594,15307600
2024-07-01,JPM,205.4499969482422,10205800
2024-07-02,JPM,208.8300018310547,7802900
2024-07-03,JPM,208.69000244140625,5560900
2024-07-05,JPM,204.7899932861328,8093100
2024-07-08,JPM,205.1699981689453,8707000
2024-07-09,JPM,207.6300048828125,9058900
2024-07-10,JPM,207.8000030517578,8328500
2024-07-11,JPM,207.4499969482422,10658100
2024-07-12,JPM,204.94000244140625,15443400
2024-07-15,JPM,210.0500030517578,10719700
2024-07-16,JPM,213.6199951171875,11557000
2024-07-17,JPM,216.8699951171875,11572500
2024-07-18,JPM,209.97999572753906,12415100
2024-07-19,JPM,209.77999877929688,8095900
2024-07-22,JPM,210.27999877929688,7663200
2024-07-23,JPM,210.3300018310547,5557300
2024-07-24,JPM,208.58999633789062,7119000
2024-07-25,JPM,208.6699981689453,6403800
2024-07-26,JPM,212.24000549316406,8027800
2024-07-29,JPM,210.85000610351562,6533600
2024-07-30,JPM,215.19000244140625,8850700
2024-07-31,JPM,212.8000030517578,9071600
2024-08-01,JPM,207.9600067138672,10918600
2024-08-02,JPM,199.13999938964844,18041700
2024-08-05,JPM,194.89999389648438,13927000
2024-08-06,JPM,200.33999633789062,10605800
2024-08-07,JPM,200.39999389648438,9204400
2024-08-08,JPM,204.05999755859375,7761200
2024-08-09,JPM,205.8000030517578,5540200
2024-08-12,JPM,206.19000244140625,6936000
2024-08-13,JPM,207.94000244140625,6387800
2024-08-14,JPM,210.24000549316406,6999800
2024-08-15,JPM,211.5500030517578,7001000
2024-08-16,JPM,213.97000122070312,7931200
2024-08-19,JPM,215.4499969482422,6090800
2024-08-20,JPM,214.52000427246094,5640000
2024-08-21,JPM,214.60000610351562,5202300
2024-08-22,JPM,216.6300048828125,5247100
2024-08-23,JPM,218.30999755859375,7214000
2024-08-26,JPM,219.1699981689453,5105200
2024-08-27,JPM,220.17999267578125,5185200
2024-08-28,JPM,221.2899932861328,6506400
2024-08-29,JPM,222.2100067138672,6416100
2024-08-30,JPM,224.8000030517578,8574100
2024-09-03,JPM,220.3000030517578,8956100
2024-09-04,JPM,219.3300018310547,7389500
2024-09-05,JPM,217.6300048828125,8067900
2024-09-06,JPM,212.4600067138672,7777000
2024-09-09,JPM,216.80999755859375,8935100
2024-09-10,JPM,205.55999755859375,28406900
2024-09-11,JPM,207.22999572753906,13658700
2024-09-12,JPM,206.60000610351562,9054400
2024-09-13,JPM,204.32000732421875,10226700
2024-09-16,JPM,207.86000061035156,8634900
2024-09-17,JPM,209.25,7573300
2024-09-18,JPM,207.52999877929688,8259900
2024-09-19,JPM,210.47999572753906,11635200
2024-09-20,JPM,211.08999633789062,20885000
2024-09-23,JPM,211.44000244140625,7223500
2024-09-24,JPM,211.58999633789062,7323200
2024-09-25,JPM,210.19000244140625,8976500
2024-09-26,JPM,209.77999877929688,7807500
2024-09-27,JPM,210.5,7032500
2024-09-30,JPM,210.86000061035156,8663800
2024-10-01,JPM,207.0399932861328,8540100
2024-10-02,JPM,207.2899932861328,5810900
2024-10-03,JPM,205.22999572753906,7251300
2024-10-04,JPM,211.22000122070312,10211700
2024-10-07,JPM,210.92999267578125,6718900
2024-10-08,JPM,210.75,6021800
2024-10-09,JPM,213.4199981689453,7024000
2024-10-10,JPM,212.83999633789062,7927100
2024-10-11,JPM,222.2899932861328,18320700
2024-10-14,JPM,221.47999572753906,9048900
2024-10-15,JPM,222.38999938964844,9235800
2024-10-16,JPM,223.63999938964844,6382500
2024-10-17,JPM,224.4199981689453,6470200
2024-10-18,JPM,225.3699951171875,7000500
2024-10-21,JPM,223.0,5870000
2024-10-22,JPM,224.1199951171875,9586800
2024-10-23,JPM,223.41000366210938,6180500
2024-10-24,JPM,224.97999572753906,6002200
2024-10-25,JPM,222.30999755859375,6369700
2024-10-28,JPM,225.5,6843000
2024-10-29,JPM,222.89999389648438,6580000
2024-10-30,JPM,224.41000366210938,7110900
2024-10-31,JPM,221.9199981689453,7829900
2024-11-01,JPM,222.94000244140625,6923500
2024-11-04,JPM,219.77999877929688,8229600
2024-11-05,JPM,221.49000549316406,5600700
2024-11-06,JPM,247.05999755859375,23987800
2024-11-07,JPM,236.3800048828125,16451100
2024-11-08,JPM,236.97999572753906,9502100
2024-11-11,JPM,239.2899932861328,9017100
2024-11-12,JPM,239.55999755859375,6861000
2024-11-13,JPM,241.16000366210938,11472600
2024-11-14,JPM,241.8699951171875,10172200
2024-11-15,JPM,245.30999755859375,11518800
2024-11-18,JPM,245.02999877929688,9051400
2024-11-19,JPM,243.08999633789062,6792700
2024-11-20,JPM,240.77999877929688,9015300
2024-11-21,JPM,244.75999450683594,8783500
2024-11-22,JPM,248.5500030517578,7997300
2024-11-25,JPM,250.2899932861328,10295400
2024-11-26,JPM,249.97000122070312,6212100
2024-11-27,JPM,249.7899932861328,5472300
2024-11-29,JPM,249.72000122070312,5494800
2024-12-02,JPM,246.25,8899700
2024-12-03,JPM,244.82000732421875,6657700
2024-12-04,JPM,243.39999389648438,7346300
2024-12-05,JPM,245.47999572753906,6572500
2024-12-06,JPM,247.36000061035156,5519700
2024-12-09,JPM,243.80999755859375,7076500
2024-12-10,JPM,242.86000061035156,9108300
2024-12-11,JPM,243.52999877929688,7884400
2024-12-12,JPM,241.52999877929688,6113800
2024-12-13,JPM,239.94000244140625,10392700
2024-12-16,JPM,239.5800018310547,9032000
2024-12-17,JPM,238.36000061035156,8083600
2024-12-18,JPM,230.3699951171875,11322400
2024-12-19,JPM,232.9600067138672,11790800
2024-12-20,JPM,237.60000610351562,32348400
2024-12-23,JPM,238.38999938964844,8611500
2024-12-24,JPM,242.30999755859375,3729100
2024-12-26,JPM,243.13999938964844,4451800
2024-12-27,JPM,241.1699981689453,5730200
2024-12-30,JPM,239.32000732421875,5723800
2024-12-31,JPM,239.7100067138672,4871000
2025-01-02,JPM,240.0,9220900
2025-01-03,JPM,243.27999877929688,9491100
2025-01-06,JPM,240.85000610351562,9917800
2025-01-07,JPM,243.1699981689453,8753400
2025-01-08,JPM,243.1300048828125,8675300
2025-01-10,JPM,239.8699951171875,10256800
2025-01-13,JPM,244.2100067138672,10005300
2025-01-14,JPM,247.47000122070312,12407400
2025-01-15,JPM,252.35000610351562,18448500
2025-01-16,JPM,254.27000427246094,15292300
2025-01-17,JPM,259.1600036621094,17678100
2025-01-21,JPM,263.0299987792969,13712100
2025-01-22,JPM,262.8399963378906,9021900
2025-01-23,JPM,265.95001220703125,10749700
2025-01-24,JPM,264.8399963378906,7666300
2025-01-27,JPM,265.8500061035156,7522300
2025-01-28,JPM,267.1400146484375,7375400
2025-01-29,JPM,266.5799865722656,7684900
2025-01-30,JPM,268.2300109863281,8753500
2025-01-31,JPM,267.29998779296875,7193800
2025-02-03,JPM,266.80999755859375,8381400
2025-02-04,JPM,267.94000244140625,5626000
2025-02-05,JPM,270.42999267578125,5704400
2025-02-06,JPM,276.8999938964844,7264400
2025-02-07,JPM,275.79998779296875,6857900
2025-02-10,JPM,271.0400085449219,8627400
2025-02-11,JPM,274.989990234375,7196400
2025-02-12,JPM,275.45001220703125,6683900
2025-02-13,JPM,276.32000732421875,8398700
2025-02-14,JPM,276.5899963378906,5688600
2025-02-18,JPM,279.95001220703125,7919800
2025-02-19,JPM,279.25,7007200
2025-02-20,JPM,266.79998779296875,13846700
2025-02-21,JPM,264.239990234375,12835600
2025-02-24,JPM,261.3399963378906,10372800
2025-02-25,JPM,257.3999938964844,9608400
2025-02-26,JPM,258.7900085449219,5943600
2025-02-27,JPM,259.04998779296875,8204400
2025-02-28,JPM,264.6499938964844,10467100
2025-03-03,JPM,260.6199951171875,9058300
2025-03-04,JPM,250.25,13465600
2025-03-05,JPM,251.52999877929688,7861400
2025-03-06,JPM,246.5399932861328,9983200
2025-03-07,JPM,242.27999877929688,20498700
2025-03-10,JPM,232.22000122070312,18887200
2025-03-11,JPM,229.13999938964844,18143000
2025-03-12,JPM,227.89999389648438,16054000
2025-03-13,JPM,225.19000244140625,16467900
2025-03-14,JPM,232.44000244140625,11962100
2025-03-17,JPM,233.92999267578125,9586000
2025-03-18,JPM,234.97000122070312,10344900
2025-03-19,JPM,239.11000061035156,10120600
2025-03-20,JPM,239.00999450683594,8328500
2025-03-21,JPM,241.6300048828125,19326900
2025-03-24,JPM,248.05999755859375,9422700
2025-03-25,JPM,251.1300048828125,9287700
2025-03-26,JPM,251.02999877929688,12779300
2025-03-27,JPM,248.1199951171875,8022500
2025-03-28,JPM,242.85000610351562,11978400
2025-03-31,JPM,245.3000030517578,13603000
2025-04-01,JPM,243.66000366210938,8054700
2025-04-02,JPM,245.82000732421875,7758800
2025-04-03,JPM,228.69000244140625,17188500
2025-04-04,JPM,210.27999877929688,27170700
2025-04-07,JPM,214.44000244140625,22914400
2025-04-08,JPM,216.8699951171875,19485700
2025-04-09,JPM,234.33999633789062,24022400
2025-04-10,JPM,227.11000061035156,18896400
2025-04-11,JPM,236.1999969482422,20284500
2025-04-14,JPM,234.72000122070312,13017800
2025-04-15,JPM,233.1300048828125,10912900
2025-04-16,JPM,229.61000061035156,9322300
2025-04-17,JPM,231.9600067138672,9557900
2025-04-21,JPM,228.99000549316406,8716200
2025-04-22,JPM,235.58999633789062,10701400
2025-04-23,JPM,240.8800048828125,14126800
2025-04-24,JPM,244.63999938964844,9055200
2025-04-25,JPM,243.5500030517578,8588600
2025-04-28,JPM,243.22000122070312,7394300
2025-04-29,JPM,244.6199951171875,7216800
2025-04-30,JPM,244.6199951171875,12991700
2025-05-01,JPM,246.88999938964844,8689600
2025-05-02,JPM,252.50999450683594,7165000
2025-05-05,JPM,252.55999755859375,5450700
2025-05-06,JPM,249.25,6369900
2025-05-07,JPM,249.38999938964844,8724100
2025-05-08,JPM,253.47000122070312,8320100
2025-05-09,JPM,253.0800018310547,5087600
2025-05-12,JPM,260.04998779296875,9603900
2025-05-13,JPM,263.010009765625,8589000
2025-05-14,JPM,265.6400146484375,8643100
2025-05-15,JPM,267.489990234375,9214600
2025-05-16,JPM,267.55999755859375,8932900
2025-05-19,JPM,264.8800048828125,12145000
2025-05-20,JPM,265.67999267578125,8436300
2025-05-21,JPM,261.0400085449219,7464000
2025-05-22,JPM,260.6700134277344,6514100
2025-05-23,JPM,260.7099914550781,6671800
2025-05-27,JPM,265.2900085449219,7506600
2025-05-28,JPM,263.489990234375,5535400
2025-05-29,JPM,264.3699951171875,5081200
2025-05-30,JPM,264.0,10977700
2025-06-02,JPM,264.6600036621094,6011200
2025-06-03,JPM,266.2699890136719,6998400
2025-06-04,JPM,264.2200012207031,5915700
2025-06-05,JPM,261.95001220703125,8173800
2025-06-06,JPM,265.7300109863281,7738100
2025-06-09,JPM,266.739990234375,8285000
2025-06-10,JPM,268.6000061035156,7538100
2025-06-11,JPM,268.1499938964844,7434100
2025-06-12,JPM,268.239990234375,6618000
2025-06-13,JPM,264.95001220703125,7098300
2025-06-16,JPM,270.3599853515625,8566000
2025-06-17,JPM,269.5199890136719,6739300
2025-06-18,JPM,273.9599914550781,9586400
2025-06-20,JPM,275.0,13969700
2025-06-23,JPM,278.2699890136719,8094600
2025-06-24,JPM,281.260009765625,9267900
2025-06-25,JPM,284.05999755859375,6826900
2025-06-26,JPM,288.75,8942100
2025-06-27,JPM,287.1099853515625,17868600
2025-06-30,JPM,289.9100036621094,12689200
2025-07-01,JPM,290.4100036621094,9338300
2025-07-02,JPM,292.0,8158700
2025-07-03,JPM,296.0,6541600
2025-07-07,JPM,291.9700012207031,8825700
2025-07-08,JPM,282.7799987792969,15440900
2025-07-09,JPM,283.1600036621094,11273800
2025-07-10,JPM,288.19000244140625,8410900
2025-07-11,JPM,286.8599853515625,7384700
2025-07-14,JPM,288.70001220703125,9079900
2025-07-15,JPM,286.54998779296875,12526100
2025-07-16,JPM,285.82000732421875,9979800
2025-07-17,JPM,289.8999938964844,8509500
2025-07-18,JPM,291.2699890136719,12217000
2025-07-21,JPM,290.9700012207031,7898100
2025-07-22,JPM,291.42999267578125,6717500
2025-07-23,JPM,296.760009765625,7083500
2025-07-24,JPM,296.54998779296875,7001200
2025-07-25,JPM,298.6199951171875,5918500
2025-07-28,JPM,298.2799987792969,5840400
2025-07-29,JPM,297.0400085449219,7635700
2025-07-30,JPM,299.6300048828125,8061700
2025-07-31,JPM,296.239990234375,14749700
2025-08-01,JPM,289.3699951171875,12007100
2025-08-04,JPM,294.260009765625,6649500
2025-08-05,JPM,291.3699951171875,7182300
2025-08-06,JPM,291.3500061035156,6330200
2025-08-07,JPM,286.94000244140625,8057100
2025-08-08,JPM,288.760009765625,6634100
2025-08-11,JPM,289.55999755859375,5510100
2025-08-12,JPM,292.8500061035156,8570900
2025-08-13,JPM,290.5299987792969,8420400
2025-08-14,JPM,294.1600036621094,6322400
2025-08-15,JPM,290.489990234375,7340500
2025-08-18,JPM,291.5299987792969,5386900
2025-08-19,JPM,290.6600036621094,6031500
2025-08-20,JPM,292.239990234375,7374200
2025-08-21,JPM,291.4700012207031,6624000
2025-08-22,JPM,296.239990234375,8552800
2025-08-25,JPM,294.8999938964844,5856300
2025-08-26,JPM,298.57000732421875,6714700
2025-08-27,JPM,299.2799987792969,6056500
2025-08-28,JPM,301.07000732421875,6410500
2025-08-29,JPM,301.4200134277344,6796400
2025-09-02,JPM,299.70001220703125,7221900
2025-09-03,JPM,299.510009765625,6316900
2025-09-04,JPM,303.82000732421875,6605800
2025-09-05,JPM,294.3800048828125,9837700
2025-09-08,JPM,292.9100036621094,8188500
2025-09-09,JPM,297.8500061035156,7848200
2025-09-10,JPM,300.5400085449219,7787300
2025-09-11,JPM,305.55999755859375,7942500
2025-09-12,JPM,306.9100036621094,6846700
2025-09-15,JPM,308.8999938964844,7122000
2025-09-16,JPM,309.19000244140625,10525600
2025-09-17,JPM,311.75,8657800
2025-09-18,JPM,313.2300109863281,8050700
2025-09-19,JPM,314.7799987792969,23568600
2025-09-22,JPM,312.44000244140625,7520200
2025-09-23,JPM,312.739990234375,8584400
2025-09-24,JPM,313.4200134277344,7310500
2025-09-25,JPM,313.45001220703125,7083200
2025-09-26,JPM,316.05999755859375,7258100
2025-09-29,JPM,315.69000244140625,6462400
2025-09-30,JPM,315.42999267578125,11823300
2025-10-01,JPM,310.7099914550781,9235200
2025-10-02,JPM,307.54998779296875,7600000
2025-10-03,JPM,310.0299987792969,6029900
2025-10-06,JPM,309.17999267578125,7214500
2025-10-07,JPM,307.69000244140625,8454200
2025-10-08,JPM,304.0299987792969,6489900
2025-10-09,JPM,305.5299987792969,7060300
2025-10-10,JPM,300.8900146484375,8597400
2025-10-13,JPM,307.9700012207031,10788700
2025-10-14,JPM,302.0799865722656,16178800
2025-10-15,JPM,305.69000244140625,11354800
2025-10-16,JPM,298.5400085449219,10549400
2025-10-17,JPM,297.55999755859375,10153500
2025-10-20,JPM,302.3599853515625,6894900
2025-10-21,JPM,297.0899963378906,7372700
2025-10-22,JPM,294.1099853515625,8054100
2025-10-23,JPM,294.5400085449219,5438800
2025-10-24,JPM,300.44000244140625,7228300
2025-10-27,JPM,304.1499938964844,5642200
2025-10-28,JPM,305.3599853515625,6336000
2025-10-29,JPM,305.510009765625,7520300
2025-10-30,JPM,309.44000244140625,7514600
2025-10-31,JPM,311.1199951171875,7721300
2025-11-03,JPM,309.3500061035156,7770000
2025-11-04,JPM,309.25,7085200
2025-11-05,JPM,311.67999267578125,6865200
2025-11-06,JPM,313.4200134277344,7206100
2025-11-07,JPM,314.2099914550781,7302300
2025-11-10,JPM,316.8900146484375,5794100
2025-11-11,JPM,315.6199951171875,5030200
2025-11-12,JPM,320.4100036621094,10578300
2025-11-13,JPM,309.4800109863281,8973300
2025-11-14,JPM,303.6099853515625,10327000
2025-11-17,JPM,300.3699951171875,8344000
2025-11-18,JPM,299.4100036621094,8077300
2025-11-19,JPM,303.2699890136719,5546600
2025-11-20,JPM,298.3800048828125,7501600
2025-11-21,JPM,298.0199890136719,11766800
2025-11-24,JPM,298.0,10940200
2025-11-25,JPM,303.0,8877200
2025-11-26,JPM,307.6400146484375,7910900
2025-11-28,JPM,313.0799865722656,4322400
2025-12-01,JPM,308.9200134277344,7727300
2025-12-02,JPM,307.8800048828125,7249000
2025-12-03,JPM,312.1300048828125,8535300
2025-12-04,JPM,316.1000061035156,9627800
2025-12-05,JPM,315.0400085449219,6518900
2025-12-08,JPM,315.2099914550781,7417200
2025-12-09,JPM,300.510009765625,18049200
2025-12-10,JPM,310.1099853515625,18874100
2025-12-11,JPM,317.3800048828125,9721900
2025-12-12,JPM,318.5199890136719,8982900
2025-12-15,JPM,320.0199890136719,10864100
2025-12-16,JPM,315.54998779296875,8331300
2025-12-17,JPM,314.9800109863281,8718700
2025-12-18,JPM,313.0,11444900
2025-12-19,JPM,317.2099914550781,24494400
2025-12-22,JPM,323.0899963378906,8354600
2025-12-23,JPM,325.92999267578125,6668300
2025-12-24,JPM,329.1700134277344,4289300
2025-12-26,JPM,327.9100036621094,4158300
2025-12-29,JPM,323.75,8635300
2025-12-30,JPM,323.4200134277344,7904300
2025-12-31,JPM,322.2200012207031,5048500
2026-01-02,JPM,325.4800109863281,8054000
2026-01-05,JPM,334.0400085449219,10752600
2026-01-06,JPM,334.6099853515625,7660800
2026-01-07,JPM,326.989990234375,9815200
2026-01-08,JPM,329.7900085449219,11737100
2026-01-09,JPM,329.19000244140625,6738100
2026-01-12,JPM,324.489990234375,12805100
2026-01-13,JPM,310.8999938964844,19371200
2026-01-14,JPM,307.8699951171875,25951500
2026-01-15,JPM,309.260009765625,14751400
2026-01-16,JPM,312.4700012207031,14652500
2026-01-20,JPM,302.739990234375,12900600
2026-01-21,JPM,302.0400085449219,10270100
2026-01-22,JPM,303.6300048828125,10535800
2026-01-23,JPM,297.7200012207031,11107900
2026-01-26,JPM,301.0400085449219,11752700
2026-01-27,JPM,300.30999755859375,11527400
2026-01-28,JPM,300.7699890136719,9556700
2026-01-29,JPM,306.4200134277344,11580000
2026-01-30,JPM,305.8900146484375,11953200
2026-02-02,JPM,308.1400146484375,9839400
2026-02-03,JPM,314.8500061035156,12688000
2026-02-04,JPM,317.2699890136719,9848800
2026-02-05,JPM,310.1600036621094,9388000
2026-02-06,JPM,322.3999938964844,17797400
2026-02-09,JPM,322.1000061035156,11477500
2026-02-10,JPM,318.2799987792969,9902200
2026-02-11,JPM,310.82000732421875,8703500
2026-02-12,JPM,302.6400146484375,13443400
2026-02-13,JPM,302.54998779296875,9114500
2026-02-17,JPM,307.1300048828125,8896800
2026-02-18,JPM,308.7799987792969,7209600
2026-02-19,JPM,308.04998779296875,6737700
2026-02-20,JPM,310.7900085449219,7792700
2026-02-23,JPM,297.6700134277344,12955400
2026-02-24,JPM,297.29998779296875,13554100
2026-02-25,JPM,303.29998779296875,8095500
2026-02-26,JPM,306.1300048828125,7007800
2026-02-27,JPM,300.29998779296875,18620800
2026-03-02,JPM,297.55999755859375,8508900
2026-03-03,JPM,300.260009765625,10278200
2026-03-04,JPM,299.3900146484375,8055700
2026-03-05,JPM,293.54998779296875,12732500
2026-03-06,JPM,289.4800109863281,13496500
2026-03-09,JPM,289.9200134277344,12241100
2026-03-10,JPM,288.7300109863281,8344900
2026-03-11,JPM,287.5199890136719,10205000
2026-03-12,JPM,282.8900146484375,13760500
2026-03-13,JPM,283.44000244140625,9091200
2026-03-16,JPM,286.1600036621094,8149000
2026-03-17,JPM,286.8900146484375,8961200
2026-03-18,JPM,287.739990234375,10057000
2026-03-19,JPM,287.9700012207031,9846700
2026-03-20,JPM,286.55999755859375,22436500
2026-03-23,JPM,289.9100036621094,11470800
2026-03-24,JPM,292.3999938964844,11092300
2026-03-25,JPM,295.4200134277344,12188200
2026-03-26,JPM,291.6600036621094,8669200
2026-03-27,JPM,282.8399963378906,9873300
2026-03-30,JPM,283.7699890136719,11734400
2026-03-31,JPM,294.1600036621094,12956900
2026-04-01,JPM,295.3800048828125,11267200
2026-04-02,JPM,294.6000061035156,6669300
2026-04-06,JPM,295.45001220703125,7142600
2026-04-07,JPM,297.3999938964844,7849100
2026-04-08,JPM,307.9700012207031,10590200
2026-04-09,JPM,310.3299865722656,6586600
2026-04-10,JPM,309.8699951171875,6069700
2026-04-13,JPM,313.67999267578125,8318200
2026-04-14,JPM,311.1199951171875,11455500
2026-04-15,JPM,305.92999267578125,9885800
2026-04-16,JPM,309.95001220703125,8208600
2026-04-17,JPM,310.2900085449219,11082400
2026-04-20,JPM,316.989990234375,10772000
2026-04-21,JPM,313.0,7084300
2026-04-22,JPM,313.0199890136719,5545900
2026-04-23,JPM,311.69000244140625,6969700
2026-04-24,JPM,308.2799987792969,5215300
2026-04-27,JPM,311.6300048828125,7925300
2026-04-28,JPM,311.45001220703125,7398600
2026-04-29,JPM,309.25,8031800
2026-04-30,JPM,313.2300109863281,8865400
2026-05-01,JPM,312.4700012207031,6135400
2026-05-04,JPM,307.6499938964844,7338200
2026-05-05,JPM,309.3999938964844,6316800
2026-05-06,JPM,314.8999938964844,8629500
2026-05-07,JPM,306.2699890136719,8359600
2026-05-08,JPM,302.1000061035156,9464300
2026-05-11,JPM,300.0,9512000
2026-05-12,JPM,304.8800048828125,9498200
2026-05-13,JPM,300.25,7709500
2026-05-14,JPM,299.9100036621094,7364300
2026-05-15,JPM,297.80999755859375,8699300
2026-05-18,JPM,300.7300109863281,7546300
2026-05-19,JPM,295.70001220703125,8066900
2026-05-20,JPM,301.9800109863281,9327000
2026-05-21,JPM,303.0,7874400
2026-05-22,JPM,306.3800048828125,5973900
2026-05-26,JPM,306.739990234375,7725400
2026-05-27,JPM,299.2799987792969,11779200
2026-05-28,JPM,296.7300109863281,9757700
2026-05-29,JPM,299.30999755859375,13969000
2026-06-01,JPM,296.5799865722656,7930000
2026-06-02,JPM,300.9599914550781,8296200
2026-06-03,JPM,300.8500061035156,7003900
2026-06-04,JPM,310.8900146484375,10345200
2026-06-05,JPM,312.3699951171875,9118800
2026-06-08,JPM,311.1099853515625,6827000
2026-06-09,JPM,312.70001220703125,11594600
2026-06-10,JPM,309.1400146484375,7446200
2026-06-11,JPM,313.489990234375,9116600
2026-06-12,JPM,320.7200012207031,7426200
2026-06-15,JPM,319.3999938964844,7988900
2026-06-16,JPM,331.1400146484375,11094900
2026-06-17,JPM,333.4599914550781,12246400
2026-06-18,JPM,325.2200012207031,20111000
2026-06-22,JPM,331.4800109863281,10182500
2026-06-23,JPM,334.1400146484375,7582200
2026-06-24,JPM,333.45001220703125,7907400
2026-06-25,JPM,335.1199951171875,10043100
2026-06-26,JPM,329.04998779296875,17640900
2026-06-29,JPM,329.3900146484375,7981800
2026-06-30,JPM,327.3299865722656,8080100
2026-07-01,JPM,334.07000732421875,15210200
2026-07-02,JPM,334.4700012207031,8413900
2026-07-06,JPM,337.7200012207031,8673500
2026-07-07,JPM,339.2200012207031,7115800
2026-07-08,JPM,330.6199951171875,18505200
2026-07-09,JPM,335.4700012207031,15570600
2026-07-10,JPM,336.4700012207031,6299000
2026-07-13,JPM,334.5299987792969,7120300
2026-07-14,JPM,342.8900146484375,14537900
2026-07-15,JPM,346.9100036621094,10750000
2026-07-16,JPM,343.1499938964844,12432400
2026-07-17,JPM,341.1000061035156,9250900
2026-07-20,JPM,338.8699951171875,7723300
2026-07-21,JPM,345.2300109863281,6015300
2026-07-22,JPM,348.2099914550781,8040200
2026-07-23,JPM,349.8999938964844,10913000
2026-07-24,JPM,353.2099914550781,7520800
2026-07-27,JPM,356.20001220703125,7884900
2026-07-28,JPM,357.30999755859375,6533800
2026-07-29,JPM,344.7099914550781,8265300
2026-07-30,JPM,350.8500061035156,7606500
2026-07-31,JPM,351.7900085449219,6603400
2026-08-03,JPM,352.6400146484375,6436600
2026-08-04,JPM,357.5199890136719,8477200
2026-08-05,JPM,359.239990234375,3454252
2021-08-06,SPY,442.489990234375,46930000
2021-08-09,SPY,442.1300048828125,41222600
2021-08-10,SPY,442.67999267578125,43339300
2021-08-11,SPY,443.7799987792969,44034300
2021-08-12,SPY,445.1099853515625,38909400
2021-08-13,SPY,445.9200134277344,39470300
2021-08-16,SPY,446.9700012207031,73740000
2021-08-17,SPY,444.0400085449219,92673900
2021-08-18,SPY,439.17999267578125,89351900
2021-08-19,SPY,439.8599853515625,92812200
2021-08-20,SPY,443.3599853515625,72008700
2021-08-23,SPY,447.260009765625,54973000
2021-08-24,SPY,447.9700012207031,38744700
2021-08-25,SPY,448.9100036621094,40529700
2021-08-26,SPY,446.260009765625,57829600
2021-08-27,SPY,450.25,77235100
2021-08-30,SPY,452.2300109863281,48357400
2021-08-31,SPY,451.55999755859375,59300200
2021-09-01,SPY,451.79998779296875,48721400
2021-09-02,SPY,453.19000244140625,42501000
2021-09-03,SPY,453.0799865722656,47170500
2021-09-07,SPY,451.4599914550781,51671500
2021-09-08,SPY,450.9100036621094,56181900
2021-09-09,SPY,448.9800109863281,57970400
2021-09-10,SPY,445.44000244140625,89948200
2021-09-13,SPY,446.5799865722656,83738600
2021-09-14,SPY,444.1700134277344,78197100
2021-09-15,SPY,447.8800048828125,78792200
2021-09-16,SPY,447.1700134277344,77786700
2021-09-17,SPY,441.3999938964844,118425000
2021-09-20,SPY,434.0400085449219,166445500
2021-09-21,SPY,433.6300048828125,92526100
2021-09-22,SPY,437.8599853515625,102350100
2021-09-23,SPY,443.17999267578125,76396000
2021-09-24,SPY,443.9100036621094,62094800
2021-09-27,SPY,442.6400146484375,61371100
2021-09-28,SPY,433.7200012207031,130436300
2021-09-29,SPY,434.45001220703125,82329200
2021-09-30,SPY,429.1400146484375,140506000
2021-10-01,SPY,434.239990234375,129240100
2021-10-04,SPY,428.6400146484375,128570000
2021-10-05,SPY,433.1000061035156,90682500
2021-10-06,SPY,434.8999938964844,113032200
2021-10-07,SPY,438.6600036621094,72437500
2021-10-08,SPY,437.8599853515625,74557400
2021-10-11,SPY,434.69000244140625,65233300
2021-10-12,SPY,433.6199951171875,71181200
2021-10-13,SPY,435.17999267578125,72974000
2021-10-14,SPY,442.5,70236800
2021-10-15,SPY,445.8699951171875,66260200
2021-10-18,SPY,447.19000244140625,62213200
2021-10-19,SPY,450.6400146484375,46996800
2021-10-20,SPY,452.4100036621094,49571600
2021-10-21,SPY,453.5899963378906,41305400
2021-10-22,SPY,453.1199951171875,58845100
2021-10-25,SPY,455.54998779296875,45214500
2021-10-26,SPY,455.9599914550781,56075100
2021-10-27,SPY,453.94000244140625,72438000
2021-10-28,SPY,458.32000732421875,51437900
2021-10-29,SPY,459.25,70162400
2021-11-01,SPY,460.0400085449219,48433600
2021-11-02,SPY,461.8999938964844,48908400
2021-11-03,SPY,464.7200012207031,52509800
2021-11-04,SPY,466.9100036621094,52847100
2021-11-05,SPY,468.5299987792969,66390600
2021-11-08,SPY,468.92999267578125,50405200
2021-11-09,SPY,467.3800048828125,51149100
2021-11-10,SPY,463.6199951171875,69429700
2021-11-11,SPY,463.7699890136719,34848500
2021-11-12,SPY,467.2699890136719,53466700
2021-11-15,SPY,467.42999267578125,46980500
2021-11-16,SPY,469.2799987792969,48857500
2021-11-17,SPY,468.1400146484375,47858300
2021-11-18,SPY,469.7300109863281,50625600
2021-11-19,SPY,468.8900146484375,57315600
2021-11-22,SPY,467.57000732421875,72762000
2021-11-23,SPY,468.19000244140625,73206500
2021-11-24,SPY,469.44000244140625,61858800
2021-11-26,SPY,458.9700012207031,112669600
2021-11-29,SPY,464.6000061035156,86268800
2021-11-30,SPY,455.55999755859375,148559600
2021-12-01,SPY,450.5,131939200
2021-12-02,SPY,457.3999938964844,127637800
2021-12-03,SPY,453.4200134277344,137331600
2021-12-06,SPY,458.7900085449219,98977500
2021-12-07,SPY,468.2799987792969,95484700
2021-12-08,SPY,469.5199890136719,72238800
2021-12-09,SPY,466.3500061035156,61272600
2021-12-10,SPY,470.739990234375,77159800
2021-12-13,SPY,466.57000732421875,87724700
2021-12-14,SPY,463.3599853515625,97264100
2021-12-15,SPY,470.6000061035156,116899300
2021-12-16,SPY,466.45001220703125,116568600
2021-12-17,SPY,459.8699951171875,135511600
2021-12-20,SPY,454.9800109863281,107134800
2021-12-21,SPY,463.05999755859375,69806300
2021-12-22,SPY,467.69000244140625,58890200
2021-12-23,SPY,470.6000061035156,56439700
2021-12-27,SPY,477.260009765625,56808600
2021-12-28,SPY,476.8699951171875,47274600
2021-12-29,SPY,477.4800109863281,54503000
2021-12-30,SPY,476.1600036621094,55329000
2021-12-31,SPY,474.9599914550781,65237400
2022-01-03,SPY,477.7099914550781,72668200
2022-01-04,SPY,477.54998779296875,71178700
2022-01-05,SPY,468.3800048828125,104538900
2022-01-06,SPY,467.94000244140625,86858900
2022-01-07,SPY,466.0899963378906,85111600
2022-01-10,SPY,465.510009765625,119362000
2022-01-11,SPY,469.75,74303100
2022-01-12,SPY,471.0199890136719,67605400
2022-01-13,SPY,464.5299987792969,91173100
2022-01-14,SPY,464.7200012207031,95890900
2022-01-18,SPY,456.489990234375,109709100
2022-01-19,SPY,451.75,109357600
2022-01-20,SPY,446.75,122379700
2022-01-21,SPY,437.9800109863281,202271200
2022-01-24,SPY,439.8399963378906,251783900
2022-01-25,SPY,434.4700012207031,167997300
2022-01-26,SPY,433.3800048828125,186391100
2022-01-27,SPY,431.239990234375,149878300
2022-01-28,SPY,441.95001220703125,164457400
2022-01-31,SPY,449.9100036621094,152251400
2022-02-01,SPY,452.95001220703125,123155400
2022-02-02,SPY,457.3500061035156,117361000
2022-02-03,SPY,446.6000061035156,118024400
2022-02-04,SPY,448.70001220703125,118454400
2022-02-07,SPY,447.260009765625,84472900
2022-02-08,SPY,450.94000244140625,81012000
2022-02-09,SPY,457.5400085449219,92589900
2022-02-10,SPY,449.32000732421875,140103700
2022-02-11,SPY,440.4599914550781,153214600
2022-02-14,SPY,439.0199890136719,123006300
2022-02-15,SPY,446.1000061035156,88482700
2022-02-16,SPY,446.6000061035156,84863600
2022-02-17,SPY,437.05999755859375,102259100
2022-02-18,SPY,434.2300109863281,132642900
2022-02-22,SPY,429.57000732421875,124391800
2022-02-23,SPY,421.95001220703125,132578000
2022-02-24,SPY,428.29998779296875,213942900
2022-02-25,SPY,437.75,121804500
2022-02-28,SPY,436.6300048828125,145615000
2022-03-01,SPY,429.9800109863281,137785900
2022-03-02,SPY,437.8900146484375,117726500
2022-03-03,SPY,435.7099914550781,105501700
2022-03-04,SPY,432.1700134277344,113978200
2022-03-07,SPY,419.42999267578125,137896600
2022-03-08,SPY,416.25,164772700
2022-03-09,SPY,427.4100036621094,116990800
2022-03-10,SPY,425.4800109863281,93972700
2022-03-11,SPY,420.07000732421875,95636300
2022-03-14,SPY,417.0,95729200
2022-03-15,SPY,426.1700134277344,106219100
2022-03-16,SPY,435.6199951171875,144954800
2022-03-17,SPY,441.07000732421875,102676900
2022-03-18,SPY,444.5199890136719,106345500
2022-03-21,SPY,444.3900146484375,88349800
2022-03-22,SPY,449.5899963378906,74650400
2022-03-23,SPY,443.79998779296875,79426100
2022-03-24,SPY,450.489990234375,64736900
2022-03-25,SPY,452.69000244140625,77101300
2022-03-28,SPY,455.9100036621094,68529800
2022-03-29,SPY,461.54998779296875,86581500
2022-03-30,SPY,458.70001220703125,79666900
2022-03-31,SPY,451.6400146484375,121699900
2022-04-01,SPY,452.9200134277344,89048800
2022-04-04,SPY,456.79998779296875,59601000
2022-04-05,SPY,451.0299987792969,74214500
2022-04-06,SPY,446.5199890136719,106898000
2022-04-07,SPY,448.7699890136719,78097200
2022-04-08,SPY,447.57000732421875,79272700
2022-04-11,SPY,439.9200134277344,89770500
2022-04-12,SPY,438.2900085449219,84363600
2022-04-13,SPY,443.30999755859375,74070400
2022-04-14,SPY,437.7900085449219,97869500
2022-04-18,SPY,437.9700012207031,66002500
2022-04-19,SPY,445.0400085449219,77821000
2022-04-20,SPY,444.7099914550781,65224400
2022-04-21,SPY,438.05999755859375,85417300
2022-04-22,SPY,426.0400085449219,132471800
2022-04-25,SPY,428.510009765625,119647700
2022-04-26,SPY,416.1000061035156,103996300
2022-04-27,SPY,417.2699890136719,122030000
2022-04-28,SPY,427.80999755859375,105449100
2022-04-29,SPY,412.0,145491100
2022-05-02,SPY,414.4800109863281,158312500
2022-05-03,SPY,416.3800048828125,100028200
2022-05-04,SPY,429.05999755859375,144247900
2022-05-05,SPY,413.80999755859375,172929100
2022-05-06,SPY,411.3399963378906,151770800
2022-05-09,SPY,398.1700134277344,155586100
2022-05-10,SPY,399.0899963378906,132497200
2022-05-11,SPY,392.75,142361000
2022-05-12,SPY,392.3399963378906,125090800
2022-05-13,SPY,401.7200012207031,104174400
2022-05-16,SPY,400.0899963378906,78622400
2022-05-17,SPY,408.32000732421875,83029700
2022-05-18,SPY,391.8599853515625,117674500
2022-05-19,SPY,389.4599914550781,98510700
2022-05-20,SPY,389.6300048828125,131432200
2022-05-23,SPY,396.9200134277344,76414900
2022-05-24,SPY,393.8900146484375,91448800
2022-05-25,SPY,397.3699951171875,91472900
2022-05-26,SPY,405.30999755859375,82168300
2022-05-27,SPY,415.260009765625,84768700
2022-05-31,SPY,412.92999267578125,95937000
2022-06-01,SPY,409.5899963378906,86585800
2022-06-02,SPY,417.3900146484375,79609600
2022-06-03,SPY,410.5400085449219,71874300
2022-06-06,SPY,411.7900085449219,57508900
2022-06-07,SPY,415.739990234375,59272400
2022-06-08,SPY,411.2200012207031,64350000
2022-06-09,SPY,401.44000244140625,86289800
2022-06-10,SPY,389.79998779296875,132893900
2022-06-13,SPY,375.0,170004900
2022-06-14,SPY,373.8699951171875,104011800
2022-06-15,SPY,379.20001220703125,125666800
2022-06-16,SPY,366.6499938964844,134473300
2022-06-17,SPY,365.8599853515625,111113900
2022-06-21,SPY,375.07000732421875,76811900
2022-06-22,SPY,374.3900146484375,90059400
2022-06-23,SPY,378.05999755859375,79292100
2022-06-24,SPY,390.0799865722656,98050300
2022-06-27,SPY,388.5899963378906,66009600
2022-06-28,SPY,380.6499938964844,86548900
2022-06-29,SPY,380.3399963378906,65676000
2022-06-30,SPY,377.25,112508300
2022-07-01,SPY,381.239990234375,74839700
2022-07-05,SPY,381.9599914550781,81438000
2022-07-06,SPY,383.25,70426200
2022-07-07,SPY,388.989990234375,64525900
2022-07-08,SPY,388.6700134277344,72397800
2022-07-11,SPY,384.2300109863281,58366900
2022-07-12,SPY,380.8299865722656,62219200
2022-07-13,SPY,378.8299865722656,84224600
2022-07-14,SPY,377.9100036621094,89704800
2022-07-15,SPY,385.1300048828125,79060400
2022-07-18,SPY,381.95001220703125,63203600
2022-07-19,SPY,392.2699890136719,78506000
2022-07-20,SPY,394.7699890136719,71843800
2022-07-21,SPY,398.7900085449219,64903900
2022-07-22,SPY,395.0899963378906,72197300
2022-07-25,SPY,395.57000732421875,53631500
2022-07-26,SPY,390.8900146484375,52946400
2022-07-27,SPY,401.0400085449219,82342100
2022-07-28,SPY,406.07000732421875,73966600
2022-07-29,SPY,411.989990234375,87003700
2022-08-01,SPY,410.7699890136719,69997500
2022-08-02,SPY,408.05999755859375,63435400
2022-08-03,SPY,414.45001220703125,67820600
2022-08-04,SPY,414.1700134277344,45656600
2022-08-05,SPY,413.4700012207031,56814900
2022-08-08,SPY,412.989990234375,53886100
2022-08-09,SPY,411.3500061035156,44931800
2022-08-10,SPY,419.989990234375,68665700
2022-08-11,SPY,419.989990234375,59489700
2022-08-12,SPY,427.1000061035156,61694500
2022-08-15,SPY,428.8599853515625,54048300
2022-08-16,SPY,429.70001220703125,59289000
2022-08-17,SPY,426.6499938964844,63563400
2022-08-18,SPY,427.8900146484375,49023200
2022-08-19,SPY,422.1400146484375,68016900
2022-08-22,SPY,413.3500061035156,77695600
2022-08-23,SPY,412.3500061035156,49105200
2022-08-24,SPY,413.6700134277344,49177800
2022-08-25,SPY,419.510009765625,50942300
2022-08-26,SPY,405.30999755859375,103087000
2022-08-29,SPY,402.6300048828125,65370800
2022-08-30,SPY,398.2099914550781,85652400
2022-08-31,SPY,395.17999267578125,76029700
2022-09-01,SPY,396.4200134277344,78740100
2022-09-02,SPY,392.239990234375,99632100
2022-09-06,SPY,390.760009765625,76637400
2022-09-07,SPY,397.7799987792969,70964200
2022-09-08,SPY,400.3800048828125,80821700
2022-09-09,SPY,406.6000061035156,76706900
2022-09-12,SPY,410.9700012207031,69256300
2022-09-13,SPY,393.1000061035156,122947100
2022-09-14,SPY,394.6000061035156,85023700
2022-09-15,SPY,390.1199951171875,87633800
2022-09-16,SPY,385.55999755859375,103084800
2022-09-19,SPY,388.54998779296875,73278500
2022-09-20,SPY,384.0899963378906,77274900
2022-09-21,SPY,377.3900146484375,106746600
2022-09-22,SPY,374.2200012207031,89472600
2022-09-23,SPY,367.95001220703125,122346900
2022-09-26,SPY,364.30999755859375,92581200
2022-09-27,SPY,363.3800048828125,108294100
2022-09-28,SPY,370.5299987792969,110802200
2022-09-29,SPY,362.7900085449219,112952300
2022-09-30,SPY,357.17999267578125,153711200
2022-10-03,SPY,366.6099853515625,89756500
2022-10-04,SPY,377.9700012207031,103602800
2022-10-05,SPY,377.0899963378906,88065700
2022-10-06,SPY,373.20001220703125,82333500
2022-10-07,SPY,362.7900085449219,107789500
2022-10-10,SPY,360.0199890136719,76042800
2022-10-11,SPY,357.739990234375,92482800
2022-10-12,SPY,356.55999755859375,76991800
2022-10-13,SPY,365.9700012207031,147254500
2022-10-14,SPY,357.6300048828125,123737000
2022-10-17,SPY,366.82000732421875,93168200
2022-10-18,SPY,371.1300048828125,97162900
2022-10-19,SPY,368.5,79746900
2022-10-20,SPY,365.4100036621094,88283100
2022-10-21,SPY,374.2900085449219,131038400
2022-10-24,SPY,378.8699951171875,85436900
2022-10-25,SPY,384.9200134277344,78846300
2022-10-26,SPY,382.0199890136719,104087300
2022-10-27,SPY,379.9800109863281,81971800
2022-10-28,SPY,389.0199890136719,100302000
2022-10-31,SPY,386.2099914550781,96631300
2022-11-01,SPY,384.5199890136719,85407600
2022-11-02,SPY,374.8699951171875,126990400
2022-11-03,SPY,371.010009765625,87100100
2022-11-04,SPY,376.3500061035156,103505200
2022-11-07,SPY,379.95001220703125,68286900
2022-11-08,SPY,382.0,84641100
2022-11-09,SPY,374.1300048828125,78495500
2022-11-10,SPY,394.69000244140625,141455800
2022-11-11,SPY,398.510009765625,93839900
2022-11-14,SPY,395.1199951171875,71903500
2022-11-15,SPY,398.489990234375,93194500
2022-11-16,SPY,395.45001220703125,68508500
2022-11-17,SPY,394.239990234375,74496300
2022-11-18,SPY,396.0299987792969,92922500
2022-11-21,SPY,394.5899963378906,51243200
2022-11-22,SPY,399.8999938964844,60429000
2022-11-23,SPY,402.4200134277344,68261600
2022-11-25,SPY,402.3299865722656,30545400
2022-11-28,SPY,395.9100036621094,67881600
2022-11-29,SPY,395.2300109863281,52310000
2022-11-30,SPY,407.67999267578125,144566700
2022-12-01,SPY,407.3800048828125,76398200
2022-12-02,SPY,406.9100036621094,85342700
2022-12-05,SPY,399.5899963378906,77289800
2022-12-06,SPY,393.8299865722656,77972200
2022-12-07,SPY,393.1600036621094,65927900
2022-12-08,SPY,396.239990234375,60737900
2022-12-09,SPY,393.2799987792969,81447700
2022-12-12,SPY,398.95001220703125,75405800
2022-12-13,SPY,401.9700012207031,123782500
2022-12-14,SPY,399.3999938964844,108111300
2022-12-15,SPY,389.6300048828125,117705900
2022-12-16,SPY,383.2699890136719,119858000
2022-12-19,SPY,380.0199890136719,79878100
2022-12-20,SPY,380.5400085449219,74427200
2022-12-21,SPY,386.2300109863281,78167400
2022-12-22,SPY,380.7200012207031,100120900
2022-12-23,SPY,382.9100036621094,59857300
2022-12-27,SPY,381.3999938964844,51638200
2022-12-28,SPY,376.6600036621094,70911500
2022-12-29,SPY,383.44000244140625,66970900
2022-12-30,SPY,382.42999267578125,84022200
2023-01-03,SPY,380.82000732421875,74850700
2023-01-04,SPY,383.760009765625,85934100
2023-01-05,SPY,379.3800048828125,76970500
2023-01-06,SPY,388.0799865722656,104189600
2023-01-09,SPY,387.8599853515625,73978100
2023-01-10,SPY,390.5799865722656,65358100
2023-01-11,SPY,395.5199890136719,68881100
2023-01-12,SPY,396.9599914550781,90157700
2023-01-13,SPY,398.5,63903900
2023-01-17,SPY,397.7699890136719,62677300
2023-01-18,SPY,391.489990234375,99632300
2023-01-19,SPY,388.6400146484375,86958900
2023-01-20,SPY,395.8800048828125,91806400
2023-01-23,SPY,400.6300048828125,84178800
2023-01-24,SPY,400.20001220703125,59524900
2023-01-25,SPY,400.3500061035156,84800300
2023-01-26,SPY,404.75,72287400
2023-01-27,SPY,405.67999267578125,68346200
2023-01-30,SPY,400.5899963378906,74202000
2023-01-31,SPY,406.4800109863281,86811800
2023-02-01,SPY,410.79998779296875,101459200
2023-02-02,SPY,416.7799987792969,101654500
2023-02-03,SPY,412.3500061035156,94736800
2023-02-06,SPY,409.8299865722656,60295300
2023-02-07,SPY,415.19000244140625,90990700
2023-02-08,SPY,410.6499938964844,76227500
2023-02-09,SPY,407.0899963378906,78694900
2023-02-10,SPY,408.0400085449219,70769700
2023-02-13,SPY,412.8299865722656,64913500
2023-02-14,SPY,412.6400146484375,88389300
2023-02-15,SPY,413.9800109863281,61555700
2023-02-16,SPY,408.2799987792969,76431500
2023-02-17,SPY,407.260009765625,89257800
2023-02-21,SPY,399.0899963378906,82655900
2023-02-22,SPY,398.5400085449219,83742300
2023-02-23,SPY,400.6600036621094,96242400
2023-02-24,SPY,396.3800048828125,108194400
2023-02-27,SPY,397.7300109863281,80444700
2023-02-28,SPY,396.260009765625,96438600
2023-03-01,SPY,394.739990234375,99706800
2023-03-02,SPY,397.80999755859375,85127800
2023-03-03,SPY,404.19000244140625,90120000
2023-03-06,SPY,404.4700012207031,72795900
2023-03-07,SPY,398.2699890136719,108310600
2023-03-08,SPY,398.9200134277344,74746600
2023-03-09,SPY,391.55999755859375,111945300
2023-03-10,SPY,385.9100036621094,189253000
2023-03-13,SPY,385.3599853515625,157790000
2023-03-14,SPY,391.7300109863281,149752400
2023-03-15,SPY,389.2799987792969,172996900
2023-03-16,SPY,396.1099853515625,143254200
2023-03-17,SPY,389.989990234375,140553400
2023-03-20,SPY,393.739990234375,93055800
2023-03-21,SPY,398.9100036621094,91524200
2023-03-22,SPY,392.1099853515625,111746600
2023-03-23,SPY,393.1700134277344,119351300
2023-03-24,SPY,395.75,107682400
2023-03-27,SPY,396.489990234375,74010400
2023-03-28,SPY,395.6000061035156,62871700
2023-03-29,SPY,401.3500061035156,77497900
2023-03-30,SPY,403.70001220703125,69840000
2023-03-31,SPY,409.3900146484375,112062600
2023-04-03,SPY,410.95001220703125,67391100
2023-04-04,SPY,408.6700134277344,66601500
2023-04-05,SPY,407.6000061035156,65200200
2023-04-06,SPY,409.19000244140625,63743300
2023-04-10,SPY,409.6099853515625,63681000
2023-04-11,SPY,409.7200012207031,59297900
2023-04-12,SPY,408.04998779296875,86420400
2023-04-13,SPY,413.4700012207031,85814800
2023-04-14,SPY,412.4599914550781,78161500
2023-04-17,SPY,413.94000244140625,66436400
2023-04-18,SPY,414.2099914550781,63560000
2023-04-19,SPY,414.1400146484375,55227300
2023-04-20,SPY,411.8800048828125,75840400
2023-04-21,SPY,412.20001220703125,73457400
2023-04-24,SPY,412.6300048828125,64332100
2023-04-25,SPY,406.0799865722656,97766700
2023-04-26,SPY,404.3599853515625,80447000
2023-04-27,SPY,412.4100036621094,92968400
2023-04-28,SPY,415.92999267578125,89433100
2023-05-01,SPY,415.510009765625,62122300
2023-05-02,SPY,410.8399963378906,103998500
2023-05-03,SPY,408.0199890136719,91531800
2023-05-04,SPY,405.1300048828125,94901900
2023-05-05,SPY,412.6300048828125,87891800
2023-05-08,SPY,412.739990234375,50046800
2023-05-09,SPY,410.92999267578125,49220100
2023-05-10,SPY,412.8500061035156,96142900
2023-05-11,SPY,412.1300048828125,70157100
2023-05-12,SPY,411.5899963378906,70481500
2023-05-15,SPY,413.010009765625,54289400
2023-05-16,SPY,410.25,57705500
2023-05-17,SPY,415.2300109863281,87287000
2023-05-18,SPY,419.2300109863281,97177200
2023-05-19,SPY,418.6199951171875,103793300
2023-05-22,SPY,418.7900085449219,60745400
2023-05-23,SPY,414.0899963378906,86383500
2023-05-24,SPY,411.0899963378906,89213700
2023-05-25,SPY,414.6499938964844,90961600
2023-05-26,SPY,420.0199890136719,93830000
2023-05-30,SPY,420.17999267578125,72216000
2023-05-31,SPY,417.8500061035156,110811800
2023-06-01,SPY,421.82000732421875,88865000
2023-06-02,SPY,427.9200134277344,91426200
2023-06-05,SPY,427.1000061035156,65460200
2023-06-06,SPY,428.0299987792969,64022200
2023-06-07,SPY,426.54998779296875,85373300
2023-06-08,SPY,429.1300048828125,61952800
2023-06-09,SPY,429.8999938964844,85742800
2023-06-12,SPY,433.79998779296875,76104300
2023-06-13,SPY,436.6600036621094,95899700
2023-06-14,SPY,437.17999267578125,100612100
2023-06-15,SPY,442.6000061035156,110303100
2023-06-16,SPY,439.4599914550781,114165800
2023-06-20,SPY,437.17999267578125,76160400
2023-06-21,SPY,434.94000244140625,76982300
2023-06-22,SPY,436.510009765625,70637200
2023-06-23,SPY,433.2099914550781,92074500
2023-06-26,SPY,431.44000244140625,72823600
2023-06-27,SPY,436.1700134277344,72813700
2023-06-28,SPY,436.3900146484375,75636000
2023-06-29,SPY,438.1099853515625,67882300
2023-06-30,SPY,443.2799987792969,104964000
2023-07-03,SPY,443.7900085449219,32793400
2023-07-05,SPY,443.1300048828125,58418400
2023-07-06,SPY,439.6600036621094,80658300
2023-07-07,SPY,438.54998779296875,86134200
2023-07-10,SPY,439.6600036621094,62443500
2023-07-11,SPY,442.4599914550781,64463800
2023-07-12,SPY,446.0199890136719,91924500
2023-07-13,SPY,449.55999755859375,72425200
2023-07-14,SPY,449.2799987792969,69815800
2023-07-17,SPY,450.8399963378906,52680200
2023-07-18,SPY,454.19000244140625,80668200
2023-07-19,SPY,455.20001220703125,65891700
2023-07-20,SPY,452.17999267578125,70591600
2023-07-21,SPY,452.17999267578125,71275600
2023-07-24,SPY,454.20001220703125,54023400
2023-07-25,SPY,455.44000244140625,55191200
2023-07-26,SPY,455.510009765625,71052900
2023-07-27,SPY,452.489990234375,92194400
2023-07-28,SPY,456.9200134277344,80011800
2023-07-31,SPY,457.7900085449219,62040400
2023-08-01,SPY,456.4800109863281,55291500
2023-08-02,SPY,450.1300048828125,93933400
2023-08-03,SPY,448.8399963378906,64276100
2023-08-04,SPY,446.80999755859375,100128900
2023-08-07,SPY,450.7099914550781,58357500
2023-08-08,SPY,448.75,71361300
2023-08-09,SPY,445.75,78789600
2023-08-10,SPY,445.9100036621094,93005500
2023-08-11,SPY,445.6499938964844,68690900
2023-08-14,SPY,448.1099853515625,47867400
2023-08-15,SPY,442.8900146484375,75707500
2023-08-16,SPY,439.6400146484375,80107200
2023-08-17,SPY,436.2900085449219,95711300
2023-08-18,SPY,436.5,98852000
2023-08-21,SPY,439.3399963378906,68719000
2023-08-22,SPY,438.1499938964844,64994200
2023-08-23,SPY,443.0299987792969,68441000
2023-08-24,SPY,436.8900146484375,88517300
2023-08-25,SPY,439.9700012207031,102325100
2023-08-28,SPY,442.760009765625,61595400
2023-08-29,SPY,449.1600036621094,83081900
2023-08-30,SPY,451.010009765625,69053900
2023-08-31,SPY,450.3500061035156,66084600
2023-09-01,SPY,451.19000244140625,58944100
2023-09-05,SPY,449.239990234375,55166200
2023-09-06,SPY,446.2200012207031,70758500
2023-09-07,SPY,444.8500061035156,70355400
2023-09-08,SPY,445.5199890136719,61659700
2023-09-11,SPY,448.45001220703125,60180100
2023-09-12,SPY,445.989990234375,67565400
2023-09-13,SPY,446.510009765625,60199300
2023-09-14,SPY,450.3599853515625,83430800
2023-09-15,SPY,443.3699951171875,111848900
2023-09-18,SPY,443.6300048828125,55752200
2023-09-19,SPY,442.7099914550781,66514600
2023-09-20,SPY,438.6400146484375,82562600
2023-09-21,SPY,431.3900146484375,104095800
2023-09-22,SPY,430.4200134277344,100829700
2023-09-25,SPY,432.2300109863281,70874500
2023-09-26,SPY,425.8800048828125,96168400
2023-09-27,SPY,426.04998779296875,104705800
2023-09-28,SPY,428.5199890136719,92258300
2023-09-29,SPY,427.4800109863281,115111300
2023-10-02,SPY,427.30999755859375,83798600
2023-10-03,SPY,421.5899963378906,103760600
2023-10-04,SPY,424.6600036621094,87453000
2023-10-05,SPY,424.5,70142700
2023-10-06,SPY,429.5400085449219,113273300
2023-10-09,SPY,432.2900085449219,80374400
2023-10-10,SPY,434.5400085449219,78607300
2023-10-11,SPY,436.32000732421875,62451700
2023-10-12,SPY,433.6600036621094,81154200
2023-10-13,SPY,431.5,95143100
2023-10-16,SPY,436.0400085449219,75433200
2023-10-17,SPY,436.0199890136719,75324700
2023-10-18,SPY,430.2099914550781,93559800
2023-10-19,SPY,426.42999267578125,121323000
2023-10-20,SPY,421.19000244140625,123919900
2023-10-23,SPY,420.4599914550781,92035100
2023-10-24,SPY,423.6300048828125,78564200
2023-10-25,SPY,417.54998779296875,94223200
2023-10-26,SPY,412.54998779296875,115156800
2023-10-27,SPY,410.67999267578125,107367700
2023-10-30,SPY,415.5899963378906,86562700
2023-10-31,SPY,418.20001220703125,79665200
2023-11-01,SPY,422.6600036621094,98068100
2023-11-02,SPY,430.760009765625,94938900
2023-11-03,SPY,434.69000244140625,100167800
2023-11-06,SPY,435.69000244140625,67831700
2023-11-07,SPY,436.92999267578125,64256100
2023-11-08,SPY,437.25,61746000
2023-11-09,SPY,433.8399963378906,83174400
2023-11-10,SPY,440.6099853515625,89462200
2023-11-13,SPY,440.19000244140625,52236100
2023-11-14,SPY,448.7300109863281,97176900
2023-11-15,SPY,449.67999267578125,77327600
2023-11-16,SPY,450.2300109863281,66665800
2023-11-17,SPY,450.7900085449219,83133200
2023-11-20,SPY,454.260009765625,69936200
2023-11-21,SPY,453.2699890136719,49244600
2023-11-22,SPY,455.0199890136719,59394900
2023-11-24,SPY,455.29998779296875,29737400
2023-11-27,SPY,454.4800109863281,50506000
2023-11-28,SPY,454.92999267578125,62115000
2023-11-29,SPY,454.6099853515625,63146000
2023-11-30,SPY,456.3999938964844,79752700
2023-12-01,SPY,459.1000061035156,89183400
2023-12-04,SPY,456.69000244140625,72430900
2023-12-05,SPY,456.6000061035156,69793500
2023-12-06,SPY,454.760009765625,69124700
2023-12-07,SPY,458.2300109863281,66995400
2023-12-08,SPY,460.20001220703125,83194400
2023-12-11,SPY,461.989990234375,65002200
2023-12-12,SPY,464.1000061035156,68327600
2023-12-13,SPY,470.5,93278000
2023-12-14,SPY,472.010009765625,119026000
2023-12-15,SPY,469.3299865722656,141553700
2023-12-18,SPY,471.9700012207031,70375300
2023-12-19,SPY,474.8399963378906,55761800
2023-12-20,SPY,468.260009765625,102921000
2023-12-21,SPY,472.70001220703125,86667500
2023-12-22,SPY,473.6499938964844,67160400
2023-12-26,SPY,475.6499938964844,55387000
2023-12-27,SPY,476.510009765625,68000300
2023-12-28,SPY,476.69000244140625,77158100
2023-12-29,SPY,475.30999755859375,122283100
2024-01-02,SPY,472.6499938964844,123623700
2024-01-03,SPY,468.7900085449219,103585900
2024-01-04,SPY,467.2799987792969,84232200
2024-01-05,SPY,467.9200134277344,86118900
2024-01-08,SPY,474.6000061035156,74879100
2024-01-09,SPY,473.8800048828125,65931400
2024-01-10,SPY,476.55999755859375,67310600
2024-01-11,SPY,476.3500061035156,77940700
2024-01-12,SPY,476.67999267578125,58026400
2024-01-16,SPY,474.92999267578125,85014900
2024-01-17,SPY,472.2900085449219,68843900
2024-01-18,SPY,476.489990234375,91856200
2024-01-19,SPY,482.42999267578125,110834500
2024-01-22,SPY,483.45001220703125,75844900
2024-01-23,SPY,484.8599853515625,49945300
2024-01-24,SPY,485.3900146484375,81765000
2024-01-25,SPY,488.0299987792969,72525000
2024-01-26,SPY,487.4100036621094,76641600
2024-01-29,SPY,491.2699890136719,61322800
2024-01-30,SPY,490.8900146484375,58618400
2024-01-31,SPY,482.8800048828125,126011100
2024-02-01,SPY,489.20001220703125,91891600
2024-02-02,SPY,494.3500061035156,99228200
2024-02-05,SPY,492.54998779296875,75757100
2024-02-06,SPY,493.9800109863281,55918600
2024-02-07,SPY,498.1000061035156,70556500
2024-02-08,SPY,498.32000732421875,52343600
2024-02-09,SPY,501.20001220703125,63979400
2024-02-12,SPY,500.9800109863281,56502300
2024-02-13,SPY,494.0799865722656,113099200
2024-02-14,SPY,498.57000732421875,68387800
2024-02-15,SPY,502.010009765625,61683000
2024-02-16,SPY,499.510009765625,75532900
2024-02-20,SPY,496.760009765625,71736700
2024-02-21,SPY,497.2099914550781,59293400
2024-02-22,SPY,507.5,76402500
2024-02-23,SPY,507.8500061035156,61321800
2024-02-26,SPY,505.989990234375,50386700
2024-02-27,SPY,506.92999267578125,48854500
2024-02-28,SPY,506.260009765625,56506600
2024-02-29,SPY,508.0799865722656,83924800
2024-03-01,SPY,512.8499755859375,76844800
2024-03-04,SPY,512.2999877929688,49799300
2024-03-05,SPY,507.17999267578125,72855600
2024-03-06,SPY,509.75,68382400
2024-03-07,SPY,514.8099975585938,58652100
2024-03-08,SPY,511.7200012207031,86532500
2024-03-11,SPY,511.2799987792969,62557200
2024-03-12,SPY,516.780029296875,73114400
2024-03-13,SPY,515.969970703125,55104100
2024-03-14,SPY,514.9500122070312,110171800
2024-03-15,SPY,509.8299865722656,107646300
2024-03-18,SPY,512.8599853515625,88893300
2024-03-19,SPY,515.7100219726562,60755300
2024-03-20,SPY,520.47998046875,69594600
2024-03-21,SPY,522.2000122070312,60256100
2024-03-22,SPY,521.2100219726562,79070800
2024-03-25,SPY,519.77001953125,48512100
2024-03-26,SPY,518.8099975585938,65463700
2024-03-27,SPY,523.1699829101562,82999800
2024-03-28,SPY,523.0700073242188,96294900
2024-04-01,SPY,522.1599731445312,62477500
2024-04-02,SPY,518.8400268554688,74230300
2024-04-03,SPY,519.4099731445312,59155800
2024-04-04,SPY,513.0700073242188,96858100
2024-04-05,SPY,518.4299926757812,74546500
2024-04-08,SPY,518.719970703125,48401800
2024-04-09,SPY,519.3200073242188,68049200
2024-04-10,SPY,514.1199951171875,82652800
2024-04-11,SPY,518.0,70099000
2024-04-12,SPY,510.8500061035156,92561100
2024-04-15,SPY,504.45001220703125,92101400
2024-04-16,SPY,503.5299987792969,73484000
2024-04-17,SPY,500.54998779296875,75910300
2024-04-18,SPY,499.5199890136719,74548100
2024-04-19,SPY,495.1600036621094,102212600
2024-04-22,SPY,499.7200012207031,67961000
2024-04-23,SPY,505.6499938964844,64633600
2024-04-24,SPY,505.4100036621094,55928100
2024-04-25,SPY,503.489990234375,69122400
2024-04-26,SPY,508.260009765625,64306100
2024-04-29,SPY,510.05999755859375,46415400
2024-04-30,SPY,501.9800109863281,77483600
2024-05-01,SPY,500.3500061035156,80242800
2024-05-02,SPY,505.0299987792969,62550200
2024-05-03,SPY,511.2900085449219,72756700
2024-05-06,SPY,516.5700073242188,47264700
2024-05-07,SPY,517.1400146484375,52561300
2024-05-08,SPY,517.1900024414062,42047200
2024-05-09,SPY,520.1699829101562,43643700
2024-05-10,SPY,520.8400268554688,52233200
2024-05-13,SPY,520.9099731445312,36716400
2024-05-14,SPY,523.2999877929688,57535900
2024-05-15,SPY,529.780029296875,59504900
2024-05-16,SPY,528.6900024414062,50244800
2024-05-17,SPY,529.4500122070312,59187600
2024-05-20,SPY,530.0599975585938,37764200
2024-05-21,SPY,531.3599853515625,33437000
2024-05-22,SPY,529.8300170898438,48390000
2024-05-23,SPY,525.9600219726562,57211200
2024-05-24,SPY,529.4400024414062,41291100
2024-05-28,SPY,529.8099975585938,36269600
2024-05-29,SPY,526.0999755859375,45190300
2024-05-30,SPY,522.6099853515625,46377600
2024-05-31,SPY,527.3699951171875,90785800
2024-06-03,SPY,527.7999877929688,46835700
2024-06-04,SPY,528.3900146484375,34632700
2024-06-05,SPY,534.6699829101562,47610400
2024-06-06,SPY,534.6599731445312,30808500
2024-06-07,SPY,534.010009765625,43224500
2024-06-10,SPY,535.6599731445312,35686100
2024-06-11,SPY,536.9500122070312,36383400
2024-06-12,SPY,541.3599853515625,63251300
2024-06-13,SPY,542.4500122070312,44760900
2024-06-14,SPY,542.780029296875,40089900
2024-06-17,SPY,547.0999755859375,55839500
2024-06-18,SPY,548.489990234375,41376400
2024-06-20,SPY,547.0,70328200
2024-06-21,SPY,544.510009765625,64338600
2024-06-24,SPY,542.739990234375,45528700
2024-06-25,SPY,544.8300170898438,37936200
2024-06-26,SPY,545.510009765625,38550600
2024-06-27,SPY,546.3699951171875,35041500
2024-06-28,SPY,544.219970703125,76144500
2024-07-01,SPY,545.3400268554688,40297800
2024-07-02,SPY,549.010009765625,40434800
2024-07-03,SPY,551.4600219726562,32789900
2024-07-05,SPY,554.6400146484375,41488400
2024-07-08,SPY,555.280029296875,36110500
2024-07-09,SPY,555.8200073242188,27289700
2024-07-10,SPY,561.3200073242188,38701200
2024-07-11,SPY,556.47998046875,53054200
2024-07-12,SPY,559.989990234375,53084400
2024-07-15,SPY,561.530029296875,40584300
2024-07-16,SPY,564.8599853515625,36475300
2024-07-17,SPY,556.9400024414062,57119000
2024-07-18,SPY,552.6599731445312,56270400
2024-07-19,SPY,548.989990234375,65509100
2024-07-22,SPY,554.6500244140625,43346700
2024-07-23,SPY,553.780029296875,34439600
2024-07-24,SPY,541.22998046875,74515300
2024-07-25,SPY,538.4099731445312,61158300
2024-07-26,SPY,544.4400024414062,53763800
2024-07-29,SPY,544.760009765625,39515800
2024-07-30,SPY,542.0,46853600
2024-07-31,SPY,550.8099975585938,65663400
2024-08-01,SPY,543.010009765625,76428700
2024-08-02,SPY,532.9000244140625,82789100
2024-08-05,SPY,517.3800048828125,146267400
2024-08-06,SPY,522.1500244140625,84826300
2024-08-07,SPY,518.6599731445312,70698300
2024-08-08,SPY,530.6500244140625,63276600
2024-08-09,SPY,532.989990234375,45619600
2024-08-12,SPY,533.27001953125,42542100
2024-08-13,SPY,542.0399780273438,52333100
2024-08-14,SPY,543.75,42446900
2024-08-15,SPY,553.0700073242188,60846800
2024-08-16,SPY,554.3099975585938,44430700
2024-08-19,SPY,559.6099853515625,39121800
2024-08-20,SPY,558.7000122070312,33732300
2024-08-21,SPY,560.6199951171875,41514600
2024-08-22,SPY,556.219970703125,56121500
2024-08-23,SPY,562.1300048828125,50639400
2024-08-26,SPY,560.7899780273438,35788600
2024-08-27,SPY,561.5599975585938,32693900
2024-08-28,SPY,558.2999877929688,41066000
2024-08-29,SPY,558.3499755859375,38715200
2024-08-30,SPY,563.6799926757812,62700100
2024-09-03,SPY,552.0800170898438,60600100
2024-09-04,SPY,550.9500122070312,47224900
2024-09-05,SPY,549.6099853515625,44264300
2024-09-06,SPY,540.3599853515625,68493800
2024-09-09,SPY,546.4099731445312,40445800
2024-09-10,SPY,548.7899780273438,36394600
2024-09-11,SPY,554.4199829101562,75248600
2024-09-12,SPY,559.0900268554688,51819600
2024-09-13,SPY,562.010009765625,39310500
2024-09-16,SPY,562.8400268554688,36656100
2024-09-17,SPY,563.0700073242188,49321000
2024-09-18,SPY,561.4000244140625,59044900
2024-09-19,SPY,570.97998046875,75315500
2024-09-20,SPY,568.25,77503100
2024-09-23,SPY,569.6699829101562,44116900
2024-09-24,SPY,571.2999877929688,46805700
2024-09-25,SPY,570.0399780273438,38428600
2024-09-26,SPY,572.2999877929688,48336000
2024-09-27,SPY,571.469970703125,42100900
2024-09-30,SPY,573.760009765625,63557400
2024-10-01,SPY,568.6199951171875,72668800
2024-10-02,SPY,568.8599853515625,38097800
2024-10-03,SPY,567.8200073242188,40846500
2024-10-04,SPY,572.97998046875,42939100
2024-10-07,SPY,567.7999877929688,49964700
2024-10-08,SPY,573.1699829101562,37398700
2024-10-09,SPY,577.1400146484375,37912200
2024-10-10,SPY,576.1300048828125,44138100
2024-10-11,SPY,579.5800170898438,42268000
2024-10-14,SPY,584.3200073242188,36217200
2024-10-15,SPY,579.780029296875,54203600
2024-10-16,SPY,582.2999877929688,30725400
2024-10-17,SPY,582.3499755859375,34393700
2024-10-18,SPY,584.5900268554688,37416800
2024-10-21,SPY,583.6300048828125,36439000
2024-10-22,SPY,583.3200073242188,34183800
2024-10-23,SPY,577.989990234375,49314600
2024-10-24,SPY,579.239990234375,34979900
2024-10-25,SPY,579.0399780273438,47268200
2024-10-28,SPY,580.8300170898438,30174700
2024-10-29,SPY,581.77001953125,42899700
2024-10-30,SPY,580.010009765625,41435800
2024-10-31,SPY,568.6400146484375,60182500
2024-11-01,SPY,571.0399780273438,45667500
2024-11-04,SPY,569.8099975585938,38217000
2024-11-05,SPY,576.7000122070312,39478300
2024-11-06,SPY,591.0399780273438,68182000
2024-11-07,SPY,595.6099853515625,47233200
2024-11-08,SPY,598.1900024414062,46444900
2024-11-11,SPY,598.760009765625,37586800
2024-11-12,SPY,596.9000244140625,43006100
2024-11-13,SPY,597.1900024414062,47388600
2024-11-14,SPY,593.3499755859375,38904100
2024-11-15,SPY,585.75,75988800
2024-11-18,SPY,588.1500244140625,37001700
2024-11-19,SPY,590.2999877929688,49412000
2024-11-20,SPY,590.5,50032600
2024-11-21,SPY,593.6699829101562,46750300
2024-11-22,SPY,595.510009765625,38226400
2024-11-25,SPY,597.530029296875,42441400
2024-11-26,SPY,600.6500244140625,45621300
2024-11-27,SPY,598.8300170898438,34000200
2024-11-29,SPY,602.5499877929688,30177400
2024-12-02,SPY,603.6300048828125,31746000
2024-12-03,SPY,603.9099731445312,26906600
2024-12-04,SPY,607.6599731445312,42787600
2024-12-05,SPY,606.6599731445312,28762200
2024-12-06,SPY,607.8099975585938,31241500
2024-12-09,SPY,604.6799926757812,34742700
2024-12-10,SPY,602.7999877929688,37234500
2024-12-11,SPY,607.4600219726562,28677700
2024-12-12,SPY,604.3300170898438,31543800
2024-12-13,SPY,604.2100219726562,35904700
2024-12-16,SPY,606.7899780273438,43695200
2024-12-17,SPY,604.2899780273438,55773500
2024-12-18,SPY,586.280029296875,108248700
2024-12-19,SPY,586.0999755859375,85919500
2024-12-20,SPY,591.1500244140625,125716700
2024-12-23,SPY,594.6900024414062,57635800
2024-12-24,SPY,601.2999877929688,33160100
2024-12-26,SPY,601.3400268554688,41219100
2024-12-27,SPY,595.010009765625,64969300
2024-12-30,SPY,588.219970703125,56578800
2024-12-31,SPY,586.0800170898438,57052700
2025-01-02,SPY,584.6400146484375,50204000
2025-01-03,SPY,591.9500122070312,37888500
2025-01-06,SPY,595.3599853515625,47679400
2025-01-07,SPY,588.6300048828125,60393100
2025-01-08,SPY,589.489990234375,47304700
2025-01-10,SPY,580.489990234375,73105000
2025-01-13,SPY,581.3900146484375,47910100
2025-01-14,SPY,582.1900024414062,48420600
2025-01-15,SPY,592.780029296875,56900200
2025-01-16,SPY,591.6400146484375,43319700
2025-01-17,SPY,597.5800170898438,58070600
2025-01-21,SPY,603.0499877929688,42532900
2025-01-22,SPY,606.4400024414062,48196000
2025-01-23,SPY,609.75,41152100
2025-01-24,SPY,607.969970703125,34604700
2025-01-27,SPY,599.3699951171875,70361100
2025-01-28,SPY,604.52001953125,44433300
2025-01-29,SPY,601.8099975585938,37177400
2025-01-30,SPY,605.0399780273438,39281300
2025-01-31,SPY,601.8200073242188,66566900
2025-02-03,SPY,597.77001953125,65857200
2025-02-04,SPY,601.780029296875,33457800
2025-02-05,SPY,604.219970703125,30653100
2025-02-06,SPY,606.3200073242188,35771500
2025-02-07,SPY,600.77001953125,50788500
2025-02-10,SPY,604.8499755859375,26048700
2025-02-11,SPY,605.3099975585938,30056700
2025-02-12,SPY,603.3599853515625,45076100
2025-02-13,SPY,609.72998046875,40921300
2025-02-14,SPY,609.7000122070312,26910400
2025-02-18,SPY,611.489990234375,26749000
2025-02-19,SPY,612.9299926757812,31011100
2025-02-20,SPY,610.3800048828125,36554000
2025-02-21,SPY,599.9400024414062,76519800
2025-02-24,SPY,597.2100219726562,50737200
2025-02-25,SPY,594.239990234375,58266500
2025-02-26,SPY,594.5399780273438,43321600
2025-02-27,SPY,585.0499877929688,74196700
2025-02-28,SPY,594.1799926757812,88744100
2025-03-03,SPY,583.77001953125,74249200
2025-03-04,SPY,576.8599853515625,109648200
2025-03-05,SPY,583.0599975585938,71230500
2025-03-06,SPY,572.7100219726562,80094900
2025-03-07,SPY,575.9199829101562,81158800
2025-03-10,SPY,560.5800170898438,99326600
2025-03-11,SPY,555.9199829101562,88102100
2025-03-12,SPY,558.8699951171875,69588200
2025-03-13,SPY,551.4199829101562,74079400
2025-03-14,SPY,562.8099975585938,62660300
2025-03-17,SPY,567.1500244140625,49008700
2025-03-18,SPY,561.02001953125,66041400
2025-03-19,SPY,567.1300048828125,66556000
2025-03-20,SPY,565.489990234375,62958200
2025-03-21,SPY,563.97998046875,83763000
2025-03-24,SPY,574.0800170898438,58766800
2025-03-25,SPY,575.4600219726562,38355700
2025-03-26,SPY,568.5900268554688,51848300
2025-03-27,SPY,567.0800170898438,42164200
2025-03-28,SPY,555.6599731445312,71662700
2025-03-31,SPY,559.3900146484375,95328200
2025-04-01,SPY,560.969970703125,54609600
2025-04-02,SPY,564.52001953125,76014500
2025-04-03,SPY,536.7000122070312,125986000
2025-04-04,SPY,505.2799987792969,217965100
2025-04-07,SPY,504.3800048828125,256611400
2025-04-08,SPY,496.4800109863281,165816600
2025-04-09,SPY,548.6199951171875,241867300
2025-04-10,SPY,524.5800170898438,162331200
2025-04-11,SPY,533.9400024414062,97866300
2025-04-14,SPY,539.1199951171875,68034000
2025-04-15,SPY,537.6099853515625,56892900
2025-04-16,SPY,525.6599731445312,83484800
2025-04-17,SPY,526.4099731445312,79868100
2025-04-21,SPY,513.8800048828125,69368100
2025-04-22,SPY,527.25,75948100
2025-04-23,SPY,535.4199829101562,90590700
2025-04-24,SPY,546.6900024414062,64150400
2025-04-25,SPY,550.6400146484375,61119600
2025-04-28,SPY,550.8499755859375,47613800
2025-04-29,SPY,554.3200073242188,47775100
2025-04-30,SPY,554.5399780273438,93101500
2025-05-01,SPY,558.469970703125,63186100
2025-05-02,SPY,566.760009765625,60717300
2025-05-05,SPY,563.510009765625,38659200
2025-05-06,SPY,558.7999877929688,48264700
2025-05-07,SPY,561.1500244140625,55588000
2025-05-08,SPY,565.0599975585938,65130800
2025-05-09,SPY,564.3400268554688,37603400
2025-05-12,SPY,582.989990234375,78993600
2025-05-13,SPY,586.8400268554688,67947200
2025-05-14,SPY,587.5900268554688,66283500
2025-05-15,SPY,590.4600219726562,71268100
2025-05-16,SPY,594.2000122070312,76052100
2025-05-19,SPY,594.8499755859375,68168500
2025-05-20,SPY,592.8499755859375,60614500
2025-05-21,SPY,582.8599853515625,95197700
2025-05-22,SPY,583.0900268554688,70860400
2025-05-23,SPY,579.1099853515625,76029000
2025-05-27,SPY,591.1500244140625,72588500
2025-05-28,SPY,587.72998046875,68445500
2025-05-29,SPY,590.0499877929688,69973300
2025-05-30,SPY,589.3900146484375,90601200
2025-06-02,SPY,592.7100219726562,61630500
2025-06-03,SPY,596.0900268554688,63606200
2025-06-04,SPY,595.9299926757812,57314200
2025-06-05,SPY,593.0499877929688,92278700
2025-06-06,SPY,599.1400146484375,66588700
2025-06-09,SPY,599.6799926757812,53016400
2025-06-10,SPY,603.0800170898438,66247000
2025-06-11,SPY,601.3599853515625,73658200
2025-06-12,SPY,603.75,64129000
2025-06-13,SPY,597.0,89506000
2025-06-16,SPY,602.6799926757812,79984100
2025-06-17,SPY,597.530029296875,82209400
2025-06-18,SPY,597.4400024414062,76605000
2025-06-20,SPY,594.280029296875,94051400
2025-06-23,SPY,600.1500244140625,87426000
2025-06-24,SPY,606.780029296875,67735300
2025-06-25,SPY,607.1199951171875,62114800
2025-06-26,SPY,611.8699951171875,78548400
2025-06-27,SPY,614.9099731445312,86258400
2025-06-30,SPY,617.8499755859375,92502500
2025-07-01,SPY,617.6500244140625,70030100
2025-07-02,SPY,620.4500122070312,66510400
2025-07-03,SPY,625.3400268554688,51065800
2025-07-07,SPY,620.6799926757812,74814500
2025-07-08,SPY,620.3400268554688,59024600
2025-07-09,SPY,624.0599975585938,66113300
2025-07-10,SPY,625.8200073242188,57529000
2025-07-11,SPY,623.6199951171875,63670200
2025-07-14,SPY,624.8099975585938,51898500
2025-07-15,SPY,622.1400146484375,74317300
2025-07-16,SPY,624.219970703125,88987500
2025-07-17,SPY,628.0399780273438,68885700
2025-07-18,SPY,627.5800170898438,65621600
2025-07-21,SPY,628.77001953125,63375000
2025-07-22,SPY,628.8599853515625,60046300
2025-07-23,SPY,634.2100219726562,70511000
2025-07-24,SPY,634.4199829101562,71307100
2025-07-25,SPY,637.0999755859375,56865400
2025-07-28,SPY,636.9400024414062,54917100
2025-07-29,SPY,635.260009765625,60556300
2025-07-30,SPY,634.4600219726562,80418900
2025-07-31,SPY,632.0800170898438,103385200
2025-08-01,SPY,621.719970703125,140103600
2025-08-04,SPY,631.1699829101562,73218000
2025-08-05,SPY,627.969970703125,68051400
2025-08-06,SPY,632.780029296875,64357500
2025-08-07,SPY,632.25,74205800
2025-08-08,SPY,637.1799926757812,64051600
2025-08-11,SPY,635.9199829101562,58742300
2025-08-12,SPY,642.6900024414062,64730800
2025-08-13,SPY,644.8900146484375,60092800
2025-08-14,SPY,644.9500122070312,59327500
2025-08-15,SPY,643.4400024414062,68592500
2025-08-18,SPY,643.2999877929688,43804900
2025-08-19,SPY,639.8099975585938,69750700
2025-08-20,SPY,638.1099853515625,88890300
2025-08-21,SPY,635.5499877929688,54805800
2025-08-22,SPY,645.3099975585938,84083200
2025-08-25,SPY,642.469970703125,51274300
2025-08-26,SPY,645.1599731445312,51581600
2025-08-27,SPY,646.6300048828125,48341100
2025-08-28,SPY,648.9199829101562,61519500
2025-08-29,SPY,645.0499877929688,74522200
2025-09-02,SPY,640.27001953125,81983500
2025-09-03,SPY,643.739990234375,70820900
2025-09-04,SPY,649.1199951171875,65219200
2025-09-05,SPY,647.239990234375,85178900
2025-09-08,SPY,648.8300170898438,63133100
2025-09-09,SPY,650.3300170898438,66133900
2025-09-10,SPY,652.2100219726562,78034500
2025-09-11,SPY,657.6300048828125,69934400
2025-09-12,SPY,657.4099731445312,72780100
2025-09-15,SPY,660.9099731445312,63772400
2025-09-16,SPY,660.0,61169000
2025-09-17,SPY,659.1799926757812,101952200
2025-09-18,SPY,662.260009765625,90459200
2025-09-19,SPY,663.7000122070312,97945600
2025-09-22,SPY,666.8400268554688,69452200
2025-09-23,SPY,663.2100219726562,81708900
2025-09-24,SPY,661.0999755859375,68082200
2025-09-25,SPY,658.0499877929688,89622100
2025-09-26,SPY,661.8200073242188,69179200
2025-09-29,SPY,663.6799926757812,73499000
2025-09-30,SPY,666.1799926757812,86288000
2025-10-01,SPY,668.4500122070312,72545400
2025-10-02,SPY,669.219970703125,56896000
2025-10-03,SPY,669.2100219726562,70494400
2025-10-06,SPY,671.6099853515625,54623300
2025-10-07,SPY,669.1199951171875,72020100
2025-10-08,SPY,673.1099853515625,60702200
2025-10-09,SPY,671.1599731445312,66501900
2025-10-10,SPY,653.02001953125,159422600
2025-10-13,SPY,663.0399780273438,79560500
2025-10-14,SPY,662.22998046875,88779600
2025-10-15,SPY,665.1699829101562,81702600
2025-10-16,SPY,660.6400146484375,110563300
2025-10-17,SPY,664.3900146484375,96500900
2025-10-20,SPY,671.2999877929688,60493400
2025-10-21,SPY,671.2899780273438,56249000
2025-10-22,SPY,667.7999877929688,80564000
2025-10-23,SPY,671.760009765625,65604500
2025-10-24,SPY,677.25,74356500
2025-10-27,SPY,685.239990234375,63339800
2025-10-28,SPY,687.0599975585938,61738100
2025-10-29,SPY,687.3900146484375,85657100
2025-10-30,SPY,679.8300170898438,76335800
2025-10-31,SPY,682.0599975585938,87164100
2025-11-03,SPY,683.3400268554688,57315000
2025-11-04,SPY,675.239990234375,78427000
2025-11-05,SPY,677.5800170898438,74402400
2025-11-06,SPY,670.3099975585938,85035300
2025-11-07,SPY,670.969970703125,100592400
2025-11-10,SPY,681.4400024414062,75842900
2025-11-11,SPY,683.0,58953400
2025-11-12,SPY,683.3800048828125,62312500
2025-11-13,SPY,672.0399780273438,103457800
2025-11-14,SPY,671.9299926757812,96846700
2025-11-17,SPY,665.6699829101562,90456100
2025-11-18,SPY,660.0800170898438,114467500
2025-11-19,SPY,662.6300048828125,94703000
2025-11-20,SPY,652.530029296875,165293500
2025-11-21,SPY,659.030029296875,123956200
2025-11-24,SPY,668.72998046875,80437900
2025-11-25,SPY,675.02001953125,81077100
2025-11-26,SPY,679.6799926757812,71879600
2025-11-28,SPY,683.3900146484375,49212000
2025-12-01,SPY,680.27001953125,61201200
2025-12-02,SPY,681.530029296875,62953800
2025-12-03,SPY,683.8900146484375,57238500
2025-12-04,SPY,684.3900146484375,61970300
2025-12-05,SPY,685.6900024414062,79241000
2025-12-08,SPY,683.6300048828125,55231500
2025-12-09,SPY,683.0399780273438,58310100
2025-12-10,SPY,687.5700073242188,85671300
2025-12-11,SPY,689.1699829101562,86173700
2025-12-12,SPY,681.760009765625,113160300
2025-12-15,SPY,680.72998046875,90811000
2025-12-16,SPY,678.8699951171875,122030600
2025-12-17,SPY,671.4000244140625,110625200
2025-12-18,SPY,676.469970703125,108650100
2025-12-19,SPY,680.5900268554688,103599500
2025-12-22,SPY,684.8300170898438,69556700
2025-12-23,SPY,687.9600219726562,64840000
2025-12-24,SPY,690.3800048828125,39445600
2025-12-26,SPY,690.3099975585938,41613300
2025-12-29,SPY,687.8499755859375,62559500
2025-12-30,SPY,687.010009765625,47160700
2025-12-31,SPY,681.9199829101562,74144800
2026-01-02,SPY,683.1699829101562,89377200
2026-01-05,SPY,687.719970703125,71927200
2026-01-06,SPY,691.8099975585938,69273800
2026-01-07,SPY,689.5800170898438,75588300
2026-01-08,SPY,689.510009765625,64019200
2026-01-09,SPY,694.0700073242188,80125500
2026-01-12,SPY,695.1599731445312,63976000
2026-01-13,SPY,693.77001953125,78309700
2026-01-14,SPY,690.3599853515625,94676700
2026-01-15,SPY,692.239990234375,77862000
2026-01-16,SPY,691.6599731445312,79289200
2026-01-20,SPY,677.5800170898438,111623300
2026-01-21,SPY,685.4000244140625,127844500
2026-01-22,SPY,688.97998046875,77112200
2026-01-23,SPY,689.22998046875,63059600
2026-01-26,SPY,692.72998046875,60473800
2026-01-27,SPY,695.489990234375,55506100
2026-01-28,SPY,695.4199829101562,61172200
2026-01-29,SPY,694.0399780273438,97486200
2026-01-30,SPY,691.969970703125,101835100
2026-02-02,SPY,695.4099731445312,79286500
2026-02-03,SPY,689.530029296875,107904600
2026-02-04,SPY,686.1900024414062,105204600
2026-02-05,SPY,677.6199951171875,113610800
2026-02-06,SPY,690.6199951171875,89127600
2026-02-09,SPY,693.9500122070312,73885200
2026-02-10,SPY,692.1199951171875,65185700
2026-02-11,SPY,691.9600219726562,76353900
2026-02-12,SPY,681.27001953125,118829000
2026-02-13,SPY,681.75,96267500
2026-02-17,SPY,682.8499755859375,81354700
2026-02-18,SPY,686.2899780273438,73570300
2026-02-19,SPY,684.47998046875,58649400
2026-02-20,SPY,689.4299926757812,100034000
2026-02-23,SPY,682.3900146484375,90558100
2026-02-24,SPY,687.3499755859375,73798700
2026-02-25,SPY,693.1500244140625,56369500
2026-02-26,SPY,689.2999877929688,71671000
2026-02-27,SPY,685.989990234375,83308900
2026-03-02,SPY,686.3800048828125,87477200
2026-03-03,SPY,680.3300170898438,105003100
2026-03-04,SPY,685.1300048828125,79182200
2026-03-05,SPY,681.3099975585938,106606500
2026-03-06,SPY,672.3800048828125,100687000
2026-03-09,SPY,678.27001953125,102667700
2026-03-10,SPY,677.1799926757812,81505300
2026-03-11,SPY,676.3300170898438,68441700
2026-03-12,SPY,666.0599975585938,108882200
2026-03-13,SPY,662.2899780273438,97200200
2026-03-16,SPY,669.030029296875,82023100
2026-03-17,SPY,670.7899780273438,87128000
2026-03-18,SPY,661.4299926757812,82062600
2026-03-19,SPY,659.7999877929688,111272500
2026-03-20,SPY,648.5700073242188,163617500
2026-03-23,SPY,655.3800048828125,134802700
2026-03-24,SPY,653.1799926757812,96457500
2026-03-25,SPY,656.8200073242188,90653800
2026-03-26,SPY,645.0900268554688,96494400
2026-03-27,SPY,634.0900268554688,103649400
2026-03-30,SPY,631.969970703125,99275900
2026-03-31,SPY,650.3400268554688,152534100
2026-04-01,SPY,655.239990234375,97841500
2026-04-02,SPY,655.8300170898438,68358700
2026-04-06,SPY,658.9299926757812,39105800
2026-04-07,SPY,659.219970703125,69980400
2026-04-08,SPY,676.010009765625,93606100
2026-04-09,SPY,679.9099731445312,57134400
2026-04-10,SPY,679.4600219726562,42253500
2026-04-13,SPY,686.0999755859375,54185800
2026-04-14,SPY,694.4600219726562,63480500
2026-04-15,SPY,699.9400024414062,58240400
2026-04-16,SPY,701.6599731445312,49972400
2026-04-17,SPY,710.1400146484375,70661900
2026-04-20,SPY,708.719970703125,43546800
2026-04-21,SPY,704.0800170898438,58941400
2026-04-22,SPY,711.2100219726562,42518500
2026-04-23,SPY,708.4500122070312,56174000
2026-04-24,SPY,713.9400024414062,45182000
2026-04-27,SPY,715.1699829101562,33135900
2026-04-28,SPY,711.6900024414062,43117400
2026-04-29,SPY,711.5800170898438,41859200
2026-04-30,SPY,718.6599731445312,67240900
2026-05-01,SPY,720.6500244140625,43049800
2026-05-04,SPY,718.010009765625,51950600
2026-05-05,SPY,723.77001953125,36933200
2026-05-06,SPY,733.8300170898438,53288900
2026-05-07,SPY,731.5800170898438,51724600
2026-05-08,SPY,737.6199951171875,47227100
2026-05-11,SPY,739.2999877929688,44024000
2026-05-12,SPY,738.1799926757812,54185300
2026-05-13,SPY,742.3099975585938,44200200
2026-05-14,SPY,748.1699829101562,45307600
2026-05-15,SPY,739.1699829101562,60410800
2026-05-18,SPY,738.6500244140625,47843900
2026-05-19,SPY,733.72998046875,54255900
2026-05-20,SPY,741.25,45768000
2026-05-21,SPY,742.719970703125,43332200
2026-05-22,SPY,745.6400146484375,41762000
2026-05-26,SPY,750.5900268554688,41123600
2026-05-27,SPY,750.4600219726562,42106300
2026-05-28,SPY,754.5999755859375,41562600
2026-05-29,SPY,756.47998046875,55075700
2026-06-01,SPY,758.5399780273438,43634900
2026-06-02,SPY,759.5700073242188,31581900
2026-06-03,SPY,754.239990234375,51402500
2026-06-04,SPY,757.0900268554688,49923000
2026-06-05,SPY,737.5499877929688,93989400
2026-06-08,SPY,739.219970703125,49319100
2026-06-09,SPY,737.0499877929688,87683500
2026-06-10,SPY,725.4299926757812,60341300
2026-06-11,SPY,737.760009765625,86330500
2026-06-12,SPY,741.75,57079500
2026-06-15,SPY,754.8300170898438,60176400
2026-06-16,SPY,750.3300170898438,67093100
2026-06-17,SPY,740.9600219726562,85945200
2026-06-18,SPY,746.739990234375,80875700
2026-06-22,SPY,744.3900146484375,46628100
2026-06-23,SPY,733.5800170898438,66846800
2026-06-24,SPY,733.239990234375,57439500
2026-06-25,SPY,734.2999877929688,53934400
2026-06-26,SPY,728.989990234375,71034000
2026-06-29,SPY,741.0,58035200
2026-06-30,SPY,746.77001953125,55626000
2026-07-01,SPY,745.760009765625,47100900
2026-07-02,SPY,744.780029296875,57447800
2026-07-06,SPY,751.280029296875,50673300
2026-07-07,SPY,747.7100219726562,43721500
2026-07-08,SPY,745.4000244140625,43767400
2026-07-09,SPY,751.7100219726562,41441700
2026-07-10,SPY,754.9500122070312,42191300
2026-07-13,SPY,749.1699829101562,44013600
2026-07-14,SPY,751.8300170898438,35143100
2026-07-15,SPY,754.8099975585938,43844800
2026-07-16,SPY,750.719970703125,46409800
2026-07-17,SPY,743.2899780273438,62651000
2026-07-20,SPY,742.0900268554688,50422300
2026-07-21,SPY,748.280029296875,34324300
2026-07-22,SPY,747.4099731445312,32836200
2026-07-23,SPY,738.1799926757812,55437300
2026-07-24,SPY,738.9299926757812,44782000
2026-07-27,SPY,739.0900268554688,41461200
2026-07-28,SPY,740.8599853515625,47322200
2026-07-29,SPY,729.4600219726562,70697200
2026-07-30,SPY,741.6900024414062,66811300
2026-07-31,SPY,747.030029296875,62445900
2026-08-03,SPY,757.6699829101562,59927500
2026-08-04,SPY,771.3300170898438,69154800
2026-08-05,SPY,769.7899780273438,44246082
