date,AAPL,MSFT,NVDA,AMZN,TSLA,GOOGL,META,JPM,SPY
2021-08-09,-0.0003422171096524703,-0.003911477756655406,-0.0034922514887064915,-0.0009181548153357011,0.02075293960905606,0.008615443691585279,-0.005240591282395531,-0.0010799363750498225,-0.000813875728381726
2021-08-10,-0.003359667394599102,-0.006576512270574471,-0.017847370114077984,-0.006361004973165342,-0.005295892009324611,-0.0007744231598162486,-0.0013282246611501353,0.012192530446860342,0.0012431773269283135
2021-08-11,0.0017840840582546884,0.0017789284329800183,-0.011959341111101897,-0.008640868502137664,-0.003061037245157465,-0.003866917448668735,-0.003245127405583308,0.01185963070908675,0.0024817965361683763
2021-08-12,0.02056051242752377,0.009917500328336805,0.010403148123482307,0.0034538388189029033,0.020181504916966016,0.006691678347574492,0.007445274551885337,0.0039014734732420397,0.002992468333533074
2021-08-13,0.0014094885382967708,0.01043502595424361,0.014117363924580911,-0.0028889970825907705,-0.0070584091033222,0.0038810622246571195,0.0014603939856385507,-0.011250375805370633,0.0018181841249573095
2021-08-16,0.01345692817601405,0.005957971368932962,-0.011859173294542084,0.0015227871766333222,-0.04418754471286682,0.004216837754382171,0.009263653080127545,-0.006584973090286858,0.0023518871523535295
2021-08-17,-0.006173015409483821,-0.005172961270678794,-0.024970875614922644,-0.017438191452478862,-0.03027123516946714,-0.011986826023941683,-0.022372997690940487,-0.012154345022817587,-0.0065768132903881865
2021-08-18,-0.025831831151727186,-0.008050524272492242,-0.021716228515890848,-0.012646113476257194,0.03437259258571844,-0.00891183473441404,-0.008404587635964345,-0.009149382053507573,-0.011005332567218418
2021-08-19,0.0023203200250105777,0.020562351794360088,0.039038862005900773,-0.004216696494284563,-0.022783267048393844,0.0017038945047174049,-0.0009288799419362179,-0.008390955120075039,0.0015471260202363857
2021-08-20,0.01010558633070086,0.02525377218197132,0.050140981583579394,0.0038198497898503034,0.010031571629142592,0.012811972258918785,0.011896738048177515,0.0028479141669713027,0.007925586914016684
2021-08-23,0.010204883630635656,0.0009523934803204961,0.05340962511431851,0.02039103748353467,0.03756503320848795,0.018827744827036075,0.011014089036337462,0.012716090292072704,0.008758054757839811
2021-08-24,-0.0006014204980604613,-0.0066856797716897415,-0.007542762445888017,0.012146253464241655,0.0030958501857263057,0.008673983787733354,0.005927091453946759,0.006171099749367662,0.0015861657791226762
2021-08-25,-0.008456957074120227,-0.0020177151434192975,0.0190888898319217,-0.0019985098458953207,0.0038177489873267097,0.005770385050687303,0.00784853405339121,0.020403106066741724,0.0020961617618364863
2021-08-26,-0.005542476784628126,-0.009715642546299162,-0.006549042172191357,0.005085305152845157,-0.014217568331421088,-0.004504027745963657,-0.010944906830009565,0.005144597678086915,-0.005920666684245556
2021-08-27,0.0071588934063623435,0.002104190370343738,0.025412913759027357,0.010090674197310714,0.015229452832627683,0.01796188546917945,0.022388690789990683,0.008004987571017213,0.008901220366445443
2021-08-30,0.029963722458732828,0.012829385270985242,0.0022945931195311998,0.021249618004886027,0.026324794631827943,0.004064546533997036,0.021320614552198375,-0.016136864833232702,0.0043879402073269185
2021-08-31,-0.008460409861850555,-0.005648491248559066,-0.013445036326122194,0.014282714711431692,0.0065592749200010505,0.0007397101563961962,-0.003368243710976088,-0.0030588088027163314,-0.0014826752766506047
2021-09-01,0.004468645695709045,-0.00016570310701918942,0.002498540343773186,0.0023626160329893353,-0.002217981262751364,0.0035735267640623373,0.007013103973095449,-0.0014389574782881966,0.0005313280284991321
2021-09-02,0.007447117203288173,-0.0022554412619592745,-0.0020072748627469423,-0.004574927931495782,-0.00231847373209337,-0.013369215326448003,-0.01787904737475516,0.004622442329095012,0.0030718919689984346
2021-09-03,0.00422153029420156,-3.313768419273644e-05,0.01976237531059525,0.004301820154126882,0.0016098361025145228,0.0031530172817177274,0.0026080089700207484,-0.00606347339016341,-0.00024278828829097984
2021-09-07,0.0153705675502451,-0.0031930512094311076,-0.00795520079818082,0.008941925919554996,0.026035942688487673,0.00375669046895823,0.015611262911464053,-0.001757131098925497,-0.0035819242678236233
2021-09-08,-0.010134800125821606,9.993097857975518e-05,-0.014355480608791235,0.004608538783881409,0.0012609548743898497,-0.004094216872932999,-0.012135681288048933,-0.004469534360460785,-0.0012189852589251802
2021-09-09,-0.006727454439682726,-0.009908665736434018,-0.007278343452335401,-0.011795296134862758,0.001312369553312357,-0.0010444094872682761,0.0011381942587288735,0.004343879386138768,-0.004289403379351001
2021-09-10,-0.03366214054614631,-0.005194320121724196,0.013481363756996285,-0.004317307606338972,-0.024935356375548032,-0.0187405901442665,0.0018237392602707425,-0.011562294743974848,-0.007915804602961613
2021-09-13,0.0038858538964379463,0.004319219871014409,-0.014609276451343509,-0.0034592661286029646,0.009099139444443169,0.010285778676070318,-0.00577330163043939,0.015762258056411668,0.002555962345060828
2021-09-14,-0.00960808240206405,0.009383822724650928,0.004054614310295672,-0.0020761346389200496,0.002003341828722264,0.0014882942209660664,5.308884906436069e-05,-0.01760682353068685,-0.005411123266716993
2021-09-15,0.006124896689548475,0.01663920444088331,0.004441118172773132,0.007447589064120205,0.015117058319369686,0.013137335668388397,-0.006955815397221712,0.0069155895315969615,0.008317948028820436
2021-09-16,-0.0016117490532148273,0.0013113695764334196,-0.004441118172773133,0.003575505609499879,0.0015335851645735571,-0.0056902333266680045,-0.002302648629117498,-0.00044273407343730866,-0.0015864847538577863
2021-09-17,-0.018518391239625225,-0.017683800938400416,-0.01549580006223147,-0.007400637151307249,0.003297091966914553,-0.019760830924232416,-0.02260931881999854,-0.002596851548810653,-0.012987385545187127
2021-09-20,-0.02159250060510209,-0.01874941736251224,-0.03659761370275634,-0.03132736193754281,-0.03936976129858423,-0.01488657347516195,-0.02504222597940312,-0.030391123198522677,-0.016814764556054212
2021-09-21,0.0034220813695887402,0.0016975051461042595,0.006279650302553013,-0.0036122637458179565,0.012534643183807646,0.002257457343940396,0.004991733973155244,0.0001306727694372655,-0.0009450682547066522
2021-09-22,0.016731677920266697,0.012740739746120456,0.03218837596082367,0.010833453848678572,0.016844512360145867,0.008953976193774792,-0.04073696742450857,0.018971775211583556,0.009707543940329367
2021-09-23,0.0066967292837967676,0.003276864577730981,0.024357972685600242,0.010579777062858911,0.002258262820491851,0.006625331830059864,0.00798065691776005,0.03324276627805514,0.012076800409973613
2021-09-24,0.0006127410431074638,-0.0007012454706026328,-0.01799752274407363,0.0027829969154169873,0.027160841972020323,0.007049313996546407,0.020031575116667092,0.011473820840023687,0.0016458558976701042
2021-09-27,-0.01060602563915607,-0.017455600594517798,-0.019250247377734276,-0.005773469524888403,0.021677401377557137,-0.008069528812290313,0.001755018245549773,0.02387849088404148,-0.002865015749021722
2021-09-28,-0.02408910319706919,-0.036875248499102994,-0.045381873352337926,-0.026732621677354657,-0.017592195347548873,-0.03786632516033991,-0.037254190798952244,-0.005404408176531026,-0.020357664264720066
2021-09-29,0.006462045042051413,0.001691609494237049,-0.008831540723464698,-0.004485396155336227,0.0048111864344248965,-0.010929728508598718,-0.003057682024337358,-0.0007830912262991114,0.0016817239644042515
2021-09-30,-0.009355407611063273,-0.007350847783801212,0.009652508958462341,-0.004882981617736262,-0.0074897880450971975,-0.005055465522682902,-0.0006479255105167962,-0.013712109705282013,-0.012297651231544271
2021-10-01,0.008094317789565837,0.025149279757021373,0.0012543287113075847,-0.0005420246980202862,-0.00033534501293734615,0.021220654684537345,0.010609697962725125,0.020797571845409674,0.01181411400616329
2021-10-04,-0.024913418763963115,-0.02093720717422804,-0.049918956964695595,-0.02888485808454832,0.008106673348889567,-0.021344055813877102,-0.05015694197782759,-0.0010776338062973248,-0.01297991418698259
2021-10-05,0.014059116286134297,0.019760464129936702,0.03579009033693116,0.009739950346903852,-0.0012035741082394261,0.017528430135680572,0.020419649229357666,0.010190527749272723,0.010351222342687637
2021-10-06,0.006287325206231323,0.014951988117246075,0.012101945633939386,0.012651646071788683,0.002763320999873195,0.011272598136362598,0.0020402742965148035,0.0021322005347140446,0.004147443256090675
2021-10-07,0.009043444272150338,0.005918857939541129,0.0179538029607776,0.012315060502089633,0.01377889392912291,0.011994822888643753,-0.013336387271526657,0.006310610801400219,0.008608528312384057
2021-10-08,-0.0027254596493859855,0.0,-0.01164530831996199,-0.004190573462060326,-0.010284539562274665,0.004017783028936108,0.002517897142575797,0.0007640380245622405,-0.0018254427571049513
2021-10-11,-0.0006299838546685544,-0.0021049613910737197,-0.006550121314774502,-0.012952121105274618,0.008177997401230774,-0.00625410918114341,-0.014035243622821825,-0.0212559319301199,-0.0072660521488330685
2021-10-12,-0.00914471122328127,-0.00459882627215069,-0.0011603815206291633,0.0003172241904451794,0.01725061613832015,-0.017904091152947537,-0.005175524291604715,-0.007710874225461195,-0.0024645757133769123
2021-10-13,-0.004248932450066441,0.011643209865082858,0.01288168052527347,0.011314351840536129,0.006630349593761303,0.008269152302595088,0.0023754682057710538,-0.026720554080097055,0.0035911585106904727
2021-10-14,0.020023789568637086,0.021501187084420965,0.03781643644853965,0.004732543058962019,0.008886865672994949,0.025610137942282327,0.012219332799401806,0.015225129746097882,0.0166807426749286
2021-10-15,0.0074844553489682285,0.004810841872585591,0.00532010162941541,0.03254486320029431,0.02974907491710917,0.0015361464827880816,-0.011541676175597636,0.019026260873771288,0.0075869543117504275
2021-10-18,0.011737028367291425,0.010073730618119526,0.01633284711809427,0.01100400576947037,0.03161711443997285,0.00992458281969366,0.03205845352454757,-0.0003601726412705968,0.002956146931003544
2021-10-19,0.014967544149611583,0.0030543382582232893,0.0030553938161970704,-0.0007517249304827118,-0.006734486474692475,0.003209622074417004,0.013771245100619636,0.012055554278277467,0.007685261401572693
2021-10-20,0.0033554827700701876,-0.0026639197896083946,-0.008424813559260657,-0.00848206698962188,0.0017687488821671587,-0.010301645009573656,0.002320927515312407,0.013376287296025226,0.003920029332475949
2021-10-21,0.0014728611345378611,0.01083856811467215,0.026299039672425858,0.005824760045406363,0.03205181901693134,0.0008249768322134511,0.0032227083750503527,-0.007874497716859321,0.0026048418167514496
2021-10-22,-0.0052989579065551035,-0.005161987423170496,0.0014972215257516167,-0.02938229613638815,0.017387072543931938,-0.030916508870712244,-0.05183539595310729,0.013361654411373254,-0.0010367179522190301
2021-10-25,-0.0003363471692817738,-0.0033371663916019205,0.01917606620812569,-0.004561377086082201,0.11921843486746743,-0.0008689870345823379,0.012490648130120149,-0.004901949211765483,0.0053484730742988295
2021-10-26,0.0045644321375810735,0.006405238319817663,0.06480552540821588,0.016636110939323188,-0.006293814959297077,0.013452480530521201,-0.03997430555634497,0.002687338533790067,0.0008996142644518357
2021-10-27,-0.0031525746306128154,0.0412515160943786,-0.010820104109701523,0.004851848967382222,0.018898727534898532,0.048404316766742984,-0.011432687762452057,-0.021048397323639757,-0.004440031532488743
2021-10-28,0.024684426664481847,0.0036446563701299883,0.019841911450427123,0.01581542696620515,0.03705562944417333,-0.0025233976109407786,0.014941347028242674,0.014962275407466105,0.009602609985319628
2021-10-29,-0.018322463675404244,0.022166521872359356,0.024789400280356238,-0.021745984346714802,0.03374062327713504,0.014951238503362994,0.020766078010175288,-0.0027626834365337286,0.002027078014334198
2021-11-01,-0.005623232854966935,-0.006807996259059594,0.010118007998585794,-0.01623822909338356,0.08149724419582528,-0.03120898436422499,0.01961658338052734,-0.0005298733512876901,0.00171873670344748
2021-11-02,0.00709078842039845,0.011351094755663451,0.021981409620891398,-0.0016167159617979095,-0.030742747979580244,0.013397940493939556,-0.005774639701648092,0.003938043473735036,0.004034943423944309
2021-11-03,0.009751005410368259,0.0026081741309897134,0.0074341559608300115,0.021279781969291613,0.03509368755165895,0.007982168054925078,0.010732280193536097,0.0003518918428906205,0.0060866720883999866
2021-11-04,-0.0035047068963619497,0.007278841374123499,0.11370596103631894,0.02711146442608225,0.01313564628546233,0.01132389118248928,0.012674929537104432,-0.013222585336181591,0.004701451142290312
2021-11-05,0.0021174707462662673,-0.0011301261658206764,-0.0016455861595331433,0.012004091021206855,-0.006378469186125081,0.003934470234312247,0.015599000732170978,-0.0014270694994168642,0.0034636037212191872
2021-11-08,-0.005568066450464244,0.0027635191576084045,0.03474819561198729,-0.008564519878774466,-0.04961124617557869,0.0012018199730031306,-0.007385130338037224,0.005992094728782846,0.0008533567819509025
2021-11-09,0.0024564003533966788,-0.003090851640595921,-0.004783571557076651,0.024699674045048896,-0.12772318728902374,-0.0007551820280412226,-0.009644134889480363,-0.0076000769171867405,-0.0033108462216263693
2021-11-10,-0.019349175483783353,-0.015448449454025548,-0.03986155416371869,-0.026687971077505174,0.04251283809069096,-0.020522335319904796,-0.023318896034523386,-0.0009541066020211003,-0.00807740109324133
2021-11-11,-0.0003380983357727339,0.004915363335989611,0.031114133148882697,-0.0027463665972794556,-0.0041661953768667185,-0.0008708696046305076,0.0003050919648697526,-5.962775984413389e-05,0.00032347534555880655
2021-11-12,0.014235185466388535,0.012822438503612067,0.0,0.015048234458080111,-0.028701065279561472,0.019776861396788345,0.0393393062479717,-0.004484714648870871,0.0075185095590189445
2021-11-15,6.663226545294235e-05,-0.001932234695699944,-0.012083231583763739,0.005806911669058077,-0.01957254315692035,-0.0015212060463628515,0.01937741737740579,-0.0017995509229546097,0.00034236368205134573
2021-11-16,0.006644542718668511,0.010183937017947961,0.005910872632474999,-0.001405473377029005,0.03998366090579434,-0.0038875130884338384,-0.013323507572081457,-0.007230671144280169,0.0039500133996668236
2021-11-17,0.01635561729880842,-0.0011494177639380506,-0.031685667486416075,0.0023413880700420314,0.031984216103858806,0.0011556385064085204,-0.006406066702783972,-0.005396728889341135,-0.0024321748554379046
2021-11-18,0.028136424500577562,0.006319908002008838,0.07927214171368,0.040601497259703,0.006744812791821567,0.012028282796229214,-0.006122488728563515,-0.008671269223191664,0.0033906571651105342
2021-11-19,0.01683356092935839,0.005377132120200505,0.04052522905803055,-0.005287066211290259,0.03643213445735007,-0.006105168932777119,0.01932832710082803,-0.013149585249104326,-0.0017898543376422005
2021-11-22,0.00292316786189403,-0.009605599712679902,-0.03169299413619371,-0.02869509488188082,0.017272096909531555,-0.01777989316974779,-0.01250173803990255,0.021091001544607045,-0.002819144795260718
2021-11-23,0.0024191270678687498,-0.006346773271008991,-0.0065931947601090505,0.002088774763957146,-0.04223229344871564,-0.0035606525691787333,-0.011087335916219868,0.023630914220790163,0.0013251158447456824
2021-11-24,0.003278176860529383,0.0006809188900427427,0.028812905783859564,0.00010331000315118602,0.006265105659810634,0.0023158292572261073,0.011233912638613387,-0.007874948486946374,0.0026662985058638765
2021-11-26,-0.032191045510220735,-0.024657133860048374,-0.03649686044021974,-0.021412317856405228,-0.031013582803841335,-0.027313217661804293,-0.023555636957693086,-0.030590205126766325,-0.022555649048239746
2021-11-29,0.021637859814676315,0.020861954035451324,0.05775427473385255,0.016136535670027943,0.04964715675134432,0.02327075172534521,0.014631874560751093,-0.004332207378127849,0.012191982366394495
2021-11-30,0.03108929765049663,-0.01810549303179864,-0.021196239039937878,-0.015420562086679022,0.006810578672784683,-0.02528068928933584,-0.04097240968310946,-0.014997431101022763,-0.01964940742643132
2021-12-01,-0.003211435289726031,-0.0015439171753704067,-0.03871891847424149,-0.018228623739821467,-0.044440653310942796,-0.005979952617208539,-0.04365630528111428,-0.0059358752073353825,-0.011169348998625553
2021-12-02,-0.006148680190145027,-0.0017890338129429764,0.02174374919100605,-0.001848596514633391,-0.009543130353379798,0.013481802992164197,-0.0006763118764066286,0.020809320366501582,0.015200191196353595
2021-12-03,-0.011793737577514169,-0.019862662100823738,-0.045631012620450516,-0.013935728778151546,-0.0663521763056877,-0.006769275400395024,-0.011503191332725976,-0.018279153251956802,-0.00873939036972244
2021-12-06,0.021274863715286012,0.009796728433449826,-0.021604664507621833,0.011025217696555534,-0.005889394805839068,0.00809036254439405,0.0353160516479567,0.011744587149562334,0.011773729778026496
2021-12-07,0.03483255771999909,0.02641169626621196,0.0765613747853891,0.027602038798318594,0.04148581070093519,0.02833629577726455,0.015421428483161963,0.014935384866611114,0.020473797351641076
2021-12-08,0.022527431114270496,0.0001492417918417096,-0.018707779193869865,-3.689939734869626e-05,0.016230761245708623,0.006207321236137549,0.02372427125830717,-0.011507182961574103,0.002644467846324264
2021-12-09,-0.0029745146823804036,-0.005598215697428576,-0.042884819006830395,-0.011343741238858878,-0.06289341727027524,-0.0037048222702554747,-0.0022411052382673795,-0.001556808170380451,-0.0067744345903001085
2021-12-10,0.0276280924887399,0.02794570062697914,-0.009623057986975847,-0.011311296797986634,0.013093827482800639,0.0024556319588974534,-0.00021228170991478292,-0.003996504392645724,0.009369465607831392
2021-12-13,-0.02089093926241109,-0.009209129333112043,-0.06983767840813328,-0.015475202151186945,-0.051053775924629424,-0.01480476671720571,0.014272162962198671,-0.011959663683892374,-0.00889782554948822
2021-12-14,-0.00805559606652528,-0.03312968910390819,0.006230350346331341,-0.0028110767563395457,-0.008208173270999982,-0.013250369303048515,-0.0022447371020428183,0.007632944816169949,-0.00690382017527565
2021-12-15,0.028110332372981155,0.019035545595180337,0.07221313751951526,0.024670732493370397,0.018072325435531507,0.01745533630019403,0.023453883779909524,-0.007506279379273552,0.01550423111912541
2021-12-16,-0.0400554661592568,-0.02956776741892018,-0.07045024171279106,-0.02597563931621664,-0.051585055672323236,-0.013723714819977605,-0.019984139662220655,0.015517830931188999,-0.008857629685864326
2021-12-17,-0.0065230000487095435,-0.0033914203449856464,-0.020859250573217417,0.006766260845510533,0.006076947341899706,-0.019010259689518787,-0.0033198832553097985,-0.023017122168875418,-0.01420702934872906
2021-12-20,-0.00815516498471573,-0.012086285861355545,-0.0029539189975320147,-0.01743466066061881,-0.03561605979548491,-0.0008330261398546226,-0.02530320079340163,-0.01815300632391923,-0.010690344140578838
2021-12-21,0.018907054674308973,0.022806936456131084,0.047760630964545095,0.01978169533389277,0.04198665654283043,0.013087827592575452,0.026530775160861178,0.013869808543159388,0.01760314396298361
2021-12-22,0.015202621105387719,0.017896292789419118,0.011115936724353345,0.003631503982249459,0.07227140942458773,0.020301604710992984,-0.011284253830327131,0.003900389378016466,0.00994905844539419
2021-12-23,0.003637190830487573,0.0044617906347935495,0.008130118466252778,0.00018411946479317587,0.05602002567418564,0.00341941532752242,0.014391265243363744,0.003567321746096486,0.006202800766794267
2021-12-27,0.02271488282410102,0.022920959726856024,0.04308664549371993,-0.008211646321395375,0.02493491640225287,0.006715852982061562,0.03211218574054188,0.005706750383911307,0.014052946964016847
2021-12-28,-0.005783946712725312,-0.003510350790915037,-0.020337887063632404,0.005826710732445391,-0.0050128185500081576,-0.008279236884154197,0.00011556483338847202,0.0030302783473192597,-0.0008175294103820851
2021-12-29,0.0005019187499866792,0.0020492167432277094,-0.010642842135806626,-0.008591725101779567,-0.002096907250306926,-0.0002181595633101595,-0.009518902804632228,-0.0005044251798279948,0.0012783904192747832
2021-12-30,-0.006599989999108213,-0.007720926717873721,-0.01392940470340145,-0.0032944277273429614,-0.014699782732613053,-0.0031039106798303666,0.004132067381849356,-0.0005046797530084895,-0.002768357340223805
2021-12-31,-0.00354155929356373,-0.008880527058407998,-0.005932561264004396,-0.011495217795266778,-0.012749774874751605,-0.009266404563586381,-0.02353527663366518,-0.0008205639021933606,-0.002523367923998611
2022-01-03,0.024696661824073523,-0.004679124894833722,0.02385388237425141,0.021877258953900566,0.1269116289226746,0.0009625598473650655,0.006489976383522371,0.020934936180989475,0.0057732639583171685
2022-01-04,-0.012772823634754954,-0.01729580944920659,-0.02797642043987773,-0.017060289689663746,-0.04273287830059682,-0.004091323170403011,-0.005954984471834774,0.03720882552016298,-0.00033499501095328297
2022-01-05,-0.02696006073023417,-0.03914413691826291,-0.05928549902197395,-0.019073846316683307,-0.054953895352910696,-0.04696192726695671,-0.037419183559760996,-0.02442751684153084,-0.01938889823036019
2022-01-06,-0.016834239263311807,-0.007933275388236734,0.020580820686111178,-0.006733601858714689,-0.021758379841487693,-0.00019959414446852394,0.02525141543534382,0.010568002860909717,-0.0009398549007887172
2022-01-07,0.0009878733397725046,0.0005096307241394646,-0.03359809997581361,-0.004296997177475961,-0.03609004895021842,-0.005317288075879577,-0.002017261986768768,0.00985940023788168,-0.003961347119826814
2022-01-10,0.00011618232342896318,0.0007320605430898899,0.00559958568647121,-0.006591854785116594,0.029890740749494566,0.011988372095311497,-0.011275241844641973,0.0009567308601925998,-0.0012451409261460564
2022-01-11,0.016644490304428706,0.0022567255430755114,0.015104324823602439,0.023718602439306714,0.005917481776156395,0.0076615086205884045,0.019021127090622408,0.0010154904396294329,0.009067038551736909
2022-01-12,0.002566938732786523,0.010390864994515499,0.006521490575488862,-0.0009377696670975312,0.03853754612843837,0.01205352962327603,-0.0033251542506207298,0.005655937000600444,0.002699894341785254
2022-01-13,-0.019211429037215406,-0.04324426085722078,-0.052197861933935295,-0.024466534551061184,-0.06987655465675016,-0.020310075806793754,-0.020554270665403305,-0.0012475524534232428,-0.013874393518961387
2022-01-14,0.005097646779653606,0.017561506331394056,0.013715433384241176,0.005715124523055335,0.017346435457551865,0.0064264735125587,0.01646497558791106,-0.06343348116640125,0.0004089371946281227
2022-01-18,-0.01907488740640033,-0.024640287923784372,-0.039327598920230036,-0.02006265472349509,-0.018364847454341894,-0.025284613469419837,-0.04231074984190169,-0.04283223635007303,-0.017868303713834164
2022-01-19,-0.02124894600464516,0.0022442753328888224,-0.03280656985197703,-0.016614359071245203,-0.03441330009854252,-0.006502812236819751,0.004515962338037734,-0.015590000099208072,-0.01043784312485474
2022-01-20,-0.010401020604998803,-0.005719621132752217,-0.037267853246227854,-0.030080217077818206,0.000622510083264904,-0.013478922547322848,-0.009526123467575419,-0.00856398928686365,-0.011129775432800469
2022-01-21,-0.012847300505206391,-0.018640859954790194,-0.032660047290596204,-0.06134555364691525,-0.0539980722931419,-0.022423794008919126,-0.04321904079191416,-0.017627031396274997,-0.019825881722007412
2022-01-24,-0.00487615414144106,0.0011478608329668746,-8.560341867258537e-05,0.01323896043083007,-0.014835635717323473,0.0034653670970722352,0.018108548640987588,-0.000896492721902917,0.004237743773401898
2022-01-25,-0.01145000917961982,-0.0269482677975745,-0.04587640732436348,-0.03204163984338447,-0.012551567227813773,-0.030024900946393297,-0.028119967850973163,0.010841343005396452,-0.012284115838726838
2022-01-26,-0.0005634102728104682,0.028094812556574842,0.019869376676876684,-0.007986135126473034,0.02048773822340817,0.017941864734115298,-0.018561980952481995,0.009441397380991815,-0.0025119476945792865
2022-01-27,-0.0029475498139838008,0.010493784828413632,-0.03703791818505504,0.005493528624727967,-0.12277997465910719,-0.001765788765351162,3.397344271458755e-05,-0.017802200168946937,-0.004950195532161598
2022-01-28,0.06745084129532589,0.02769462756189297,0.04001962670761735,0.030610731040560255,0.02059221036289143,0.0331335329503705,0.02371194094965905,0.008906629582029498,0.02453202410233454
2022-01-31,0.025790290592643553,0.008785022359350124,0.06958813667583863,0.038127433338896885,0.10145138741776683,0.01453564933372505,0.037567285021841194,0.013482169243844763,0.01785078977354817
2022-02-01,-0.0009731141856222916,-0.007164329047572494,0.006188458213620971,0.01077253018259915,-0.005856643341232021,0.01715023799437472,0.018157554960144595,0.017014507487831686,0.006734200164012838
2022-02-02,0.0070195507993890734,0.0151074252557315,0.024219310449438727,-0.0038501180924552735,-0.02786380690498853,0.07254165233539586,0.012461220437812033,-0.008037450487475492,0.009667204382406813
2022-02-03,-0.016861112440536424,-0.039731248161049705,-0.05262448565582321,-0.08134849507057183,-0.016162405874435497,-0.0337384964385207,-0.30639058479708176,-0.008304397414278722,-0.023785622375082246
2022-02-04,-0.002954009022042268,0.01544852747027107,0.015373136719002586,0.1269489157684572,0.035474386816493036,0.0014177026346085084,-0.0028219379866539496,0.02562711234604652,0.004691187114582219
2022-02-07,-0.004243550742781456,-0.016444833719697932,0.01667828287593675,0.001875974577811346,-0.017458706575610557,-0.02897251923876731,-0.052739461973285856,0.003337435663195389,-0.0032144373543599647
2022-02-08,0.018298286059323026,0.011923925502629084,0.015250281808290304,0.02178265381683596,0.016028052271245364,0.0014213788648398966,-0.021254978088065257,0.018640042532556102,0.00819419553949726
2022-02-09,0.00825954936608848,0.02159979394889335,0.06166429837997259,-0.0013886979453967615,0.010787525285489406,0.015609309279216329,0.05229201128874021,0.0041593990469075805,0.014530032891025087
2022-02-10,-0.023881753447243893,-0.028783377306970594,-0.03354654189145436,-0.013654506185153747,-0.0298952129692807,-0.021213307600098343,-0.01708474017434496,-0.004159399046907603,-0.018128986189386964
2022-02-11,-0.020425617868005615,-0.024573551369851277,-0.07537772455992682,-0.03657177570139793,-0.050505215210130634,-0.03179054242278474,-0.03807262058418028,-0.013102448463738972,-0.019915729123292567
2022-02-14,0.0014221707192360556,-0.00013561299031856109,0.013190866394727855,0.012147601490993105,0.018159773032297852,0.009217712194705801,-0.008462056685463204,-0.009333918871220677,-0.003274670851420668
2022-02-15,0.022888513016406736,0.01837256310373259,0.08783865674172198,0.008621083638872947,0.05191932445845771,0.00795569806313378,0.01504474729543134,0.014517983444710367,0.015998210716834927
2022-02-16,-0.001389878239147457,-0.0032335018880483464,0.0006036614972372911,0.010107783346743868,0.0010402120327626255,0.008234168657835871,-0.02038744464020657,0.0018080773245060036,0.0011201972565205234
2022-02-17,-0.021498634777259173,-0.029719378352169753,-0.07860093933454136,-0.022050230393006458,-0.05228610180162916,-0.03847642496660304,-0.041632348466256006,-0.023301693317709656,-0.021592873216653145
2022-02-18,-0.009399806218967926,-0.009677669603230691,-0.035933990064063934,-0.013350682834785058,-0.022350967561475237,-0.016247298364896957,-0.007490324303747672,0.004677721955842372,-0.006496106913848236
2022-02-22,-0.01797283548086231,-0.0007295803582707017,-0.010716245216982724,-0.01587889987657254,-0.04224617718140919,-0.004530794861350095,-0.019988916444322987,-0.0017762859664654563,-0.010789647538041604
2022-02-23,-0.02620452543819213,-0.02623440418219126,-0.0438281601065079,-0.03641116014436802,-0.07254830168258311,-0.017292557056127134,-0.018126503812113576,-0.02116124146234397,-0.017897872870124194
2022-02-24,0.016542603707790798,0.0498311616302625,0.05901788795934049,0.04410800497645022,0.04695367409397792,0.03921677113550535,0.045076016840991454,-0.02823812855408903,0.014937003586184076
2022-02-25,0.012882137519657203,0.009190810594670532,0.017075893762238958,0.01593036537376894,0.011299945777284081,0.013239988415490877,0.01377743574128457,0.023384069189628393,0.02182411504576
2022-02-28,0.001636446179498877,0.004965656810326033,0.009394022431582036,-0.0014673390183547882,0.07211363413565586,0.004433900104829886,0.0026096812463390334,-0.04259192314451802,-0.002561805447203176
2022-03-01,-0.011696028891390823,-0.012935122259035436,-0.03794701061229415,-0.015891148369833387,-0.006986492144572377,-0.007398365090243299,-0.03638340705886182,-0.03845941083063642,-0.015347444189967911
2022-03-02,0.020379166378330118,0.017609723815622452,0.03115752183869954,0.006006111112644554,0.01779600470296842,0.0037970791878639445,0.02244989837729188,0.020528061906596964,0.018229049206145667
2022-03-03,-0.0019832443635776787,-0.014326422751058797,-0.021113089139985598,-0.02769967430173762,-0.04724057511561311,-0.005006115766361221,-0.025008598114411237,-0.007133405768173642,-0.004990905914229309
2022-03-04,-0.018579754964044178,-0.02069119564231005,-0.03335785612859281,-0.015381483821486462,-0.0011922300504741562,-0.014996266650609267,-0.014440881530075509,-0.028532498251392494,-0.008157804395691868
2022-03-07,-0.024003354807916127,-0.03850883499216704,-0.07156238599142423,-0.05786267214586164,-0.04104369101185902,-0.04281190656590782,-0.06499847023310582,-0.03938134298096335,-0.029922431219487004
2022-03-08,-0.011744787262459548,-0.011031900421300029,0.007558504658224627,-0.010520594620232346,0.024335419149005895,0.005728194040955407,0.014930349911065146,-0.0070677442873224175,-0.007610587910874293
2022-03-09,0.03439893774454232,0.044837824103502524,0.0673988405763622,0.023717698424230754,0.04107819387010212,0.048492452236548654,0.0422399110956214,0.03928066149864699,0.026457707170737758
2022-03-10,-0.027562591280962515,-0.010137882924292648,-0.015589691544642346,0.05271118653269622,-0.024358017786858904,-0.007451572021256303,-0.01671316355919386,-0.011911198592408181,-0.004525779260906256
2022-03-11,-0.0241991603852047,-0.019517604948018723,-0.02493540641975584,-0.008845856240147519,-0.05259370365966602,-0.019512671757011785,-0.03971059325923201,-0.02278143563269559,-0.012796587712040324
2022-03-14,-0.026921558634101297,-0.0130457900210539,-0.03546309687835894,-0.025553208143987614,-0.03711720154932235,-0.0306448759444899,-0.005237269950718199,0.009881951730484865,-0.007335159693643303
2022-03-15,0.029245493703443242,0.03801089800002057,0.07420506580586288,0.03813139923769891,0.04530634609366675,0.025453182400603666,0.028523530107085117,0.017590383975365206,0.021752137407685203
2022-03-16,0.028602433505549644,0.024900762590312337,0.06419025603832236,0.03819476755459102,0.046704219074345354,0.031109851078785507,0.058653042076083475,0.043716340695928786,0.021931933271714867
2022-03-17,0.006433292896427292,0.0028153765986219255,0.010961924232102679,0.02664947618554765,0.03665493442277862,0.0041816714752825595,0.020463889761170754,0.012565234977894921,0.012433317136645932
2022-03-18,0.02070314675272604,0.01749391212496296,0.06589776498402322,0.025192147663773066,0.03803519751155836,0.016939661557368285,0.04077584707065245,-0.0003567371525343587,0.0077914139875613605
2022-03-21,0.008501442705563926,-0.004236197803933016,0.01056659561514094,0.001493436589994942,0.017268009913468576,-0.00017633867923633155,-0.023366640354799777,-0.00321724822300228,-0.0002924353773164843
2022-03-22,0.0205872161215274,0.016246482758559264,-0.007886145747146696,0.020820051155123028,0.0760832835953988,0.02729815197426984,0.02410537799538562,0.021044467678256722,0.011633459968707478
2022-03-23,0.008199906324137448,-0.015144046914406096,-0.034130364169045704,-0.009022396175222974,0.005147863044765912,-0.011451040323754609,-0.014833627075282923,-0.020113967047685262,-0.012962065201010127
2022-03-24,0.022424550976409316,0.015275619345143673,0.09362771536869549,0.0014768099843156708,0.014714339594958641,0.023560412250227567,0.028221628699950464,0.006489156426260273,0.014961874573180461
2022-03-25,0.003727140302264343,-0.0013821234507202281,-0.016403798606262187,0.0068448147304497955,-0.003240181703986614,0.000713148866778581,0.01019515355699703,0.00870459991703739,0.004871712340952904
2022-03-28,0.005024016415912028,0.022853364384454095,0.0188519626410494,0.02527066880086216,0.07728050710253655,-0.001536396475568967,0.007947725987687197,-0.007426061048867942,0.007087859739227372
2022-03-29,0.018953638738817526,0.015045535719598241,0.015367345041525161,0.0019184362663260243,0.007054913567225325,0.007395329526089097,0.027656429412900828,0.0021981754783577446,0.012294934342103209
2022-03-30,-0.006671750729656784,-0.004926411468712941,-0.03429149364079767,-0.017961531171231216,-0.005087674440050588,-0.003986632408731346,-0.008782886098611473,-0.004543522096619443,-0.006193935772894751
2022-03-31,-0.017935684938688707,-0.017841217552271877,-0.014697632053181343,-0.020064520292900095,-0.01509517416561853,-0.02043445319526754,-0.024389851667170923,-0.030486981182984794,-0.015510993469158118
2022-04-01,-0.0017196098088923953,0.003593858300969387,-0.021260825773991267,0.0034450322821231614,0.006465651918934319,0.007757365038217152,0.011135847531399666,-0.007436692576640485,0.0028301043466709796
2022-04-04,0.0234171147213519,0.01777777938318949,0.023969216419801598,0.02884445449723015,0.05459557817973847,0.01992845887125349,0.039417376391687076,0.004424504679867539,0.008530092526005388
2022-04-05,-0.019123665583828355,-0.013070398735024852,-0.05364296030228309,-0.025822642256601212,-0.048464637280470575,-0.01679029553155766,-0.008803453976711664,-0.0190906991868952,-0.012711778187951285
2022-04-06,-0.01862313174332769,-0.037292583780047926,-0.060569195238766166,-0.03283328123701215,-0.042589069768463106,-0.029178758701405905,-0.03753129026378517,-0.013971384850352198,-0.010049685888730729
2022-04-07,0.0018024690608060298,0.006224311979856486,-0.008186794911630027,-0.0061382328144399005,0.01093679078037125,-0.004841505382019824,-0.001568655127335264,-0.0030467626012376492,0.005026315031306618
2022-04-08,-0.011980408480080076,-0.014707601825008146,-0.046028396776607264,-0.021291810941382654,-0.030510186068030958,-0.01932623103955025,-0.0027847445182749954,0.018142527544142393,-0.0026775161462258518
2022-04-11,-0.025847058129606793,-0.040230048380957055,-0.053392184788147216,-0.021850949776512304,-0.049534931817513166,-0.03406523237408931,-0.026756968983464573,-0.0036774815962651256,-0.01724004370458936
2022-04-12,0.011457511986214218,-0.011281273720928627,-0.01902363218635084,-0.0022158166719546393,0.01122853693277581,-0.008645955447851876,-0.010775800003785845,-0.011038191389048739,-0.0037121114853793627
2022-04-13,0.016210437524274854,0.019520341873157,0.031988424164783945,0.031037763445815297,0.03525937358618668,0.016921404304204597,0.003961537088966456,-0.032764407296384426,0.011388482839123713
2022-04-14,-0.030447112265913557,-0.027457919540706824,-0.04349410718816693,-0.024961650159491106,-0.03723709338922126,-0.02465984603583323,-0.022627269378758075,-0.009312673081931205,-0.012529931210354926
2022-04-18,-0.0013317955807180728,0.0024627565636393517,0.024396624661289282,0.007084013688019548,0.01939443951963136,0.0074408430330591335,0.0028032402295948616,0.018383767639518347,0.0004110548011065768
2022-04-19,0.014016450864878151,0.016896230928247224,0.018872300170961195,0.034294010908479985,0.023480261839117743,0.0181039908692022,0.03055738247729273,0.02049527310240033,0.016013767300200717
2022-04-20,-0.0010160367500883375,0.003708493941256231,-0.03278680115471511,-0.026386116801539967,-0.05082502163771964,-0.015261036819136953,-0.0809097388028793,0.0035021483774481336,-0.0007418198482218364
2022-04-21,-0.004855382374947397,-0.01957143401505935,-0.06237469762209826,-0.03772931062801116,0.03180563608534794,-0.025514036384379966,-0.06360088259599918,-0.00778217305745568,-0.015066483396335524
2022-04-22,-0.02821554594984485,-0.02444069036795691,-0.033657324534233986,-0.026969363430673157,-0.003704429607069112,-0.04237902239135936,-0.02128086451383447,-0.029142988521966402,-0.02782262309124242
2022-04-25,0.00671460682030509,0.02412015063238855,0.019636881303909396,0.011872429325306142,-0.007019222592886596,0.028336176261260268,0.015521760481386815,-0.0003154895242036596,0.0057808391465373225
2022-04-26,-0.038042635961083655,-0.038121289074177056,-0.057601876810624154,-0.046830397470919216,-0.1299278575282087,-0.0366077844093718,-0.032834435721096275,-0.03002747797761433,-0.02938846712083878
2022-04-27,-0.0014678862764217597,0.04698753855574587,-0.020052774236422845,-0.008819827903123646,0.005790878918745771,-0.03739952532561347,-0.033720531774455095,-0.01309132187056636,0.0028078373008030367
2022-04-28,0.04416564822872782,0.022380278060381762,0.07160681287785751,0.045483928748159326,-0.004548029513557434,0.036324337828233653,0.16206440734872113,0.01568914525022295,0.024945698119335478
2022-04-29,-0.03729154205589352,-0.042711300091407396,-0.06446431386698895,-0.15139791287665294,-0.007721957937068309,-0.037944320219013554,-0.025899993013227297,-0.03280059830318657,-0.037655816727894316
2022-05-02,0.0019645316465775583,0.02473484106885473,0.051797292731706746,0.0017565476902947816,0.03628977282780161,0.021444979233147497,0.05180946492144323,0.009090562155590193,0.006001399663298588
2022-05-03,0.009576616801167188,-0.009501183849813263,0.0035261739047734533,-0.001981867083020741,0.006963974902024329,0.006421098352066648,0.0042536877102063815,0.021193514425505704,0.004573567561620414
2022-05-04,0.04018979303829941,0.028685372678533487,0.03666277858241824,0.013390415419768674,0.04659599279666411,0.041133551225961275,0.05228089644530093,0.0325459480399849,0.029998447023786144
2022-05-05,-0.057328498428013956,-0.04453172446376036,-0.07609979029307418,-0.07862161321968106,-0.08695990905101429,-0.048219627834609154,-0.07012534234871842,-0.025337984857556683,-0.03618983821471714
2022-05-06,0.0032478583040279896,-0.009491431332674416,-0.009008863384749564,-0.014140750847553027,-0.008775573655860788,-0.0065360504209395895,-0.02189139465390263,-0.0016152236489816577,-0.005986811165077935
2022-05-09,-0.03375248489277417,-0.03764522489201398,-0.09691781132772644,-0.05354166033985861,-0.0951126361970946,-0.028351429834501264,-0.03780637933014814,-0.015148107854550823,-0.03254103072846203
2022-05-10,0.015983619865422374,0.018424778065950637,0.0373468529108764,0.0006432376717789796,0.016293707630266798,0.01660633360489442,0.007312210412498813,-0.024674159092274488,0.0023078626978000794
2022-05-11,-0.0532333551530453,-0.03377365584484161,-0.056406489008703715,-0.032556515700991426,-0.08615264955046516,-0.006951821205539963,-0.04612732316468645,-0.0063283340239552914,-0.01601366905204431
2022-05-12,-0.027262481860087676,-0.02015955750800964,-0.02774144952066276,0.01468209351950851,-0.008207980246495447,-0.006699171532591165,0.013158776784246073,-0.0008467988819320853,-0.0010444756685108931
2022-05-13,0.03141766381403283,0.022344876080044904,0.09043673663647107,0.05569537333818603,0.05555683158900242,0.028019082644366103,0.03786421440969157,0.008855921198316793,0.02362653009661004
2022-05-16,-0.010729693622863048,0.001454230428731944,-0.02528012487523831,-0.020052883582188433,-0.06055559591829793,-0.013931076679930127,0.007123886096556772,-0.006993870572602451,-0.004065818917765487
2022-05-17,0.025104868372337663,0.020140017695718618,0.05153365616895105,0.04030980601090871,0.050132289582274676,0.017565127242444727,0.012814966539078225,0.03260976126284649,0.020361686007753992
2022-05-18,-0.05807325405834499,-0.04892511593531843,-0.07059745886542593,-0.07425163860523774,-0.07043726926027942,-0.040058353787558426,-0.052587659524432825,-0.017253938541492108,-0.04114660289301177
2022-05-19,-0.024950074123233013,-0.0037064923121980283,0.010921418077539387,0.0019259973748420684,-0.0005496144580126333,-0.013635908900042173,-0.004954053936009986,-0.01493315354798427,-0.0061434534278095535
2022-05-20,0.0017457648446596189,-0.0022938583700822046,-0.025431632308444627,0.0025313230136676168,-0.06631616117599509,-0.013461757340662267,0.011693608696264464,-0.008232605341572989,0.00043644105618661204
2022-05-23,0.03933534776407291,0.03152965321449841,0.01214592611836208,-0.0003161006497306091,0.016432950581559483,0.023413489690950542,0.013803244105531628,0.06003292181880643,0.018537199486682282
2022-05-24,-0.01940301452420988,-0.003959483140283663,-0.04502765871289575,-0.03266897126205679,-0.07176955888757142,-0.050760905777100705,-0.07924462832261345,0.014026386657010241,-0.007663063186207389
2022-05-25,0.0011393027387857839,0.01110822309871894,0.049574040458738394,0.025371870055026394,0.04762508488803113,-0.001558266535014439,0.013968636909470275,0.0069400693278144744,0.008796104601187101
2022-05-26,0.022934487263377056,0.012793047538765994,0.050317823745563595,0.03950431937060653,0.07164265445291097,0.01861033374219917,0.0415550275054543,0.017142422079519992,0.01978437609715666
2022-05-27,0.039948060335496326,0.027230218828750628,0.05238232925092351,0.0359770770988458,0.0707688185938516,0.0411126453469105,0.018099573169467368,0.014038831190961254,0.0242526532107174
2022-05-31,-0.005360526527060401,-0.005026501214410313,-0.007416725971795631,0.043030852834664374,-0.0018051917677216725,0.012787796633008617,-0.007665266210786375,0.007286494895462474,-0.0056267842656148054
2022-06-01,-0.0008737330261121389,0.002021049400617034,-0.01903178035397691,0.012191424649069088,-0.023876273341224673,0.0011420600378730101,-0.026160328365977977,-0.017700867060672736,-0.008121418909250052
2022-06-02,0.01667149767755052,0.007897566256890377,0.06712792877464091,0.030965911805553418,0.04571303469577831,0.03222970700721746,0.05276062906765565,0.015959991389141705,0.018864421193364102
2022-06-03,-0.03931860588248595,-0.0167466189246358,-0.045528836992894395,-0.0255076393596147,-0.09672413884722543,-0.026547482238990353,-0.041480137302603866,-0.014037431540145029,-0.01654768451432691
2022-06-06,0.005214024543548508,-0.004714410200136371,0.0035194398395004484,0.01974655443905197,0.01591980642197778,0.019705755683640674,0.018025063929180705,-0.0033091563967897262,0.003040144313791592
2022-06-07,0.01743308366138678,0.013857034661426279,0.007424795320010992,-0.014447976483889591,0.002542820180630796,0.0028122833362677984,0.007181328212570939,0.002617488736035405,0.009546509960919805
2022-06-08,-0.005056133507489779,-0.007699274826992525,-0.014797729337811252,-0.014907309337206952,0.012397350726358317,0.0003798036572115345,0.005047325253493373,-0.01604255946585422,-0.010931687318656349
2022-06-09,-0.03661804306456349,-0.021002248006436634,-0.03270404627568494,-0.042394573681651705,-0.008970671737446728,-0.02032999098972825,-0.06643888510483562,-0.021239616225356025,-0.024070265359213208
2022-06-10,-0.03939455265697863,-0.04558710730224074,-0.061352077532203286,-0.057588983573757455,-0.0316877053198606,-0.03251660232587468,-0.04689789211106833,-0.04705592826288626,-0.029424332942413724
2022-06-13,-0.03903696139074914,-0.0433384770536368,-0.08140359107217256,-0.05608072910711982,-0.07366972655880115,-0.04384898714912645,-0.0665873606277568,-0.03023075735495784,-0.0387077297869094
2022-06-14,0.006650490246930823,0.009162923836861549,0.012006631875550943,-0.013205363644664271,0.023606322357198544,0.003031310805941814,-0.003231801313311524,-0.016779357752603245,-0.003017895623606632
2022-06-15,0.0199119021109421,0.029301800186247434,0.042709575823234855,0.05106358079343476,0.0533736162801124,0.028170779656987985,0.033748911747767424,0.011766432839799416,0.014155672225600201
2022-06-16,-0.04045898391644375,-0.0273404718863824,-0.05766042900368972,-0.03795462873180644,-0.08927688581957327,-0.034582105124249814,-0.05137106025493655,-0.017305127902229406,-0.03365610467930433
2022-06-17,0.011467139093875003,0.010880675337795331,0.01772545901919711,0.02439607839682275,0.017029157609637507,0.010413981169515474,0.017683282446710486,-0.0035326498585595157,-0.0021569913683171533
2022-06-21,0.032235507535350164,0.0242937079727282,0.04229193822938514,0.022895360879700146,0.08942411634475682,0.04025005098198204,-0.04171559207997563,0.024470355349551436,0.02486198821984487
2022-06-22,-0.0038344491442217498,-0.002406932319366426,-0.01251303277282861,0.0024812460138330314,-0.004015858661335937,-0.000506616036424439,-0.007670200040312794,-0.005627490024294175,-0.0018146207734581258
2022-06-23,0.021344265145307816,0.022384108384152664,-0.008286082380768363,0.03153073437129849,-0.0043156097521520964,0.0067447214089676535,0.018436592396699075,-0.010999693137578778,0.009754832753127888
2022-06-24,0.02422151987694386,0.03357967769994585,0.05404445842761781,0.03512809079637085,0.044255032608287656,0.049815498904146736,0.06940855464074469,0.0294088099175218,0.03129890514558157
2022-06-27,0.0,-0.01055229535480239,-0.015120157305397681,-0.02821501915746544,-0.003206786761701394,-0.01831887735170267,-0.003945231973623628,-0.00804456587962172,-0.0038270180837005926
2022-06-28,-0.030242370177498323,-0.032263969074901415,-0.054014476312120425,-0.0527726431080026,-0.05133914578061633,-0.03358801671263119,-0.05337919653148275,-0.0048234164656736685,-0.02064449206841294
2022-06-29,0.012939735235462362,0.014630437174913595,-0.02791708590576628,0.01405345471235067,-0.018100003611393488,-0.002735696348407956,0.02008575820851678,-0.004499805419738795,-0.0008147218221505732
2022-06-30,-0.018192163499015368,-0.01326683373125905,-0.02495158385668364,-0.025195393281078386,-0.0177355774717728,-0.024821782730088983,-0.016544566441074396,-0.02360692661400874,-0.00815748224765673
2022-07-01,0.016035108706173376,0.010650553390992391,-0.04286085780865498,0.03105406439766482,0.012352524133575146,-0.0020716026366774227,-0.00759466564594726,0.01270644835948415,0.010520974806040478
2022-07-05,0.018753481788822482,0.012518661955066623,0.02991371632047214,0.035330514810317494,0.025215114905161356,0.04077580347423224,0.04973301722517021,-0.01261763127394535,0.0018867962567546738
2022-07-06,0.009561382112642335,0.012701888411071236,0.011032235703254317,0.007286182647943523,-0.00573722846648063,0.01149088170404555,0.009350297733608614,-0.006503103849815991,0.003371649041169943
2022-07-07,0.023716034499354572,0.00819294346009977,0.04699455697731972,0.017341975999450154,0.05380522947187794,0.03609484081833783,0.014153927487941118,0.024978147127323116,0.014866093490139646
2022-07-08,0.004703558104416488,-0.002760850306982063,-0.0012619577663387604,-0.006814197291832153,0.02511707828484195,0.004791406040698366,-0.007636948130313402,-0.0031430147008097028,-0.0008229221592758011
2022-07-11,-0.014867858098461903,-0.01183843736344686,-0.04427956993402479,-0.03335256478334072,-0.06772231414560198,-0.03129219258043994,-0.047947821006208875,-0.0132032548421826,-0.011489328872573118
2022-07-12,0.006810506891817098,-0.041844892193274176,-0.004630599530573676,-0.022900025593117632,-0.005448427397798375,-0.014419229960599265,0.0023915349660114586,0.0009741895953531222,-0.008888314142629599
2022-07-13,-0.002539868256993273,-0.003752041169363093,0.005422203362322769,0.0107459397638012,0.016890005886123306,-0.023668429476891177,0.0013465616805656705,-0.009427297990752419,-0.0052655258712118085
2022-07-14,0.020275532370192015,0.005367023941288848,0.01362348735498711,0.0020811275557193875,0.005357484236889209,-0.008894119707790296,-0.0338404020162702,-0.03556378242941658,-0.0024314384736241856
2022-07-15,0.011385047645188537,0.010336816291221771,0.02505432942806904,0.026052020207380396,0.007330299130864308,0.01269454625780352,0.041214160683964184,0.04481398877113065,0.018924870585949317
2022-07-18,-0.0208592597858532,-0.00966796662793021,0.021279386182322144,0.0018476894058662332,0.0019974306168187386,-0.02488719294616162,0.015244466190216037,-0.010323096423409171,-0.008291210361567363
2022-07-19,0.026371123101800502,0.02055426322820874,0.05386130774527821,0.0383717111840348,0.020505045463666282,0.042907307319940746,0.049863121347386116,0.024476562429236008,0.026660608249491968
2022-07-20,0.013419444447056636,0.010502167429984527,0.04684891467699418,0.037849962832112935,0.007991447618970264,0.0007905140075893411,0.04074460903081801,-0.00017456694238652116,0.0063529388038422304
2022-07-21,0.014981393865878377,0.00975139064215302,0.01355404865031354,0.015036666950921374,0.09331246499887616,0.0038555499577906578,0.0004368581528252721,0.006786755165071927,0.01013169497427413
2022-07-22,-0.008143851600139225,-0.01706062378707356,-0.041341463667176254,-0.017891585334626356,0.0019732780255828208,-0.0579715474018898,-0.0789195749341342,-0.004867860395933474,-0.00932140619483879
2022-07-25,-0.007425772883457637,-0.005893808782887877,-0.01718005582495031,-0.010510843951367622,-0.014093787954092982,-0.003621000038491874,-0.01559933031252266,0.004000345170849876,0.0012142034327721227
2022-07-26,-0.00886553717533471,-0.027139264530405445,-0.029265682227829798,-0.05366832967343516,-0.0363152186530825,-0.02343311012219438,-0.04604865275160155,-0.015745628456916655,-0.011901553256690168
2022-07-27,0.03366177408266899,0.06471217398005255,0.07327811234995577,0.05226402422174665,0.05982904612856656,0.07376785340824026,0.06347768729605299,0.015919165237234426,0.025634966306172267
2022-07-28,0.0035653747482409463,0.028140950829255888,0.010845878995734897,0.0107708959770675,0.021882347827174065,0.010207794270769167,-0.05366107457154818,-0.003738324838129111,0.012464382307969491
2022-07-29,0.03226684223607261,0.015543655382922147,0.009904131511517056,0.09859082981024253,0.056238328890716484,0.018218587237606707,-0.010130754395391392,0.004779111986513423,0.014473476936627391
2022-08-01,-0.006172478296782795,-0.00977181992728673,0.015189882117517131,0.003255181148895761,0.0004262206792024022,-0.012631010411596573,0.005203199999871456,-0.010018827781140497,-0.002965633102317808
2022-08-02,-0.009330747288474453,-0.011540754838998064,0.004598654824137294,-0.009126353187385704,0.011072869479979633,0.0023479000791944422,0.0016244522477075237,-0.01570804257030994,-0.006619203971790231
2022-08-03,0.03753436483924966,0.027455990024111872,0.019616363925722982,0.03917484597170419,0.022402858626649376,0.02530047552984293,0.052353974286907835,0.010440727478122455,0.015538153058459486
2022-08-04,-0.0019281040007409198,0.0041687076760987185,0.01689976744248522,0.0216251677554199,0.004014952135593356,0.0009311433217100638,0.010431212351455743,-0.011063528286003153,-0.0006758195102500098
2022-08-05,-0.002778063448656489,-0.002612223448015005,-0.011831350939862666,-0.012492693140300751,-0.0686033118290163,-0.006110527453361347,-0.020493530724760886,0.02981109310903861,-0.001691586587316715
2022-08-08,-0.002907221383555376,-0.00919700493070072,-0.06505480065681238,-0.009921207364734218,0.007789020718917544,-0.0014482105512904106,0.018615663161936486,-0.012255193652333197,-0.0011616074468590203
2022-08-09,0.0003032417790651366,0.007038458142009622,-0.040545639733105446,-0.011398203042398835,-0.0247155543645267,-0.005728274522694838,-0.010154176784932545,0.008967097899224345,-0.003978907493970385
2022-08-10,0.025857361573686677,0.02400988877864412,0.057486744795289514,0.03465340706112098,0.03816806100817755,0.025982079915449232,0.05657805192761892,0.02575324924403316,0.020786429765404738
2022-08-11,-0.004441424857093237,-0.00742831933117999,-0.008601883752988176,-0.014471032455294032,-0.026599955270312264,-0.007210567289928909,-0.004777519922906599,0.01467347007356621,0.0
2022-08-12,0.021199305229821584,0.016893686660679887,0.04186037025881948,0.020479998229218345,0.045690263130780645,0.0236166306801112,0.01681647752353414,0.01642830435231371,0.01678731391991028
2022-08-15,0.006313533155214912,0.005329875426417754,0.017117079424342724,-0.0025808990121560286,0.030493897831355556,0.003281932075899695,0.002158330566449299,0.0026984098796814654,0.0041122990463738915
2022-08-16,-0.0009242890239517587,-0.002593094957142516,-0.00807157349725242,0.011112811619446402,-0.008952025876518947,-0.0031176076175460977,-0.007881038496488616,0.00950877322901571,0.0019568280048181492
2022-08-17,0.008746268220925823,-0.004759984104314804,-0.029238426266347456,-0.018684262378250237,-0.008407578354357605,-0.01782425548603548,-0.026079571426359506,-0.008447787568610868,-0.007123328512293311
2022-08-18,-0.002294289270071773,-0.003955340090872437,0.023607953954089104,0.0014064484864398943,-0.0037131047703819653,0.005172672254630309,-0.0010872504638748824,-0.00777956644260348,0.0029021967606395493
2022-08-19,-0.015217058972706312,-0.013950876874996871,-0.05047216914888912,-0.02901859297383289,-0.02069451464936621,-0.024940201761916674,-0.03911535216365771,-0.02505647527097238,-0.01352914016466342
2022-08-22,-0.023298684670795895,-0.029794699005594845,-0.04673616638589266,-0.03691702741982209,-0.023027123255798403,-0.0256657100323109,-0.029668974836977047,-0.01665996137904416,-0.02104234080823713
2022-08-23,-0.002031133276425555,-0.004727620464950415,0.008592737860630896,0.002998007806707862,0.02230781558771273,-0.003331851008297638,-0.011969555660716802,-0.009905775056271954,-0.0024221883835108577
2022-08-24,0.0017923475743469117,-0.002354070527580328,0.00238353549210802,0.001346256547678855,0.0021677745650455194,-0.0014941612682258772,0.013256623085175608,0.002420945407401401,0.0031960689006255184
2022-08-25,0.014812452471088687,0.011034287196521657,0.03933906883374023,0.025676456345101635,-0.0034616690754643124,0.0257025439330156,0.03325209612082393,0.023470246761193844,0.014018799822279613
2022-08-26,-0.03842824864689697,-0.03935129335256732,-0.09681859399972066,-0.04873552390255167,-0.02732301898385137,-0.05561153689330374,-0.04235870445295483,-0.03327641617160595,-0.03443518641605107
2022-08-29,-0.013784773566182934,-0.010725315863450362,-0.02863491172027444,-0.00736939497405998,-0.011415491099770154,-0.008372802753472729,-0.016264578106359735,-0.0024447648803022242,-0.006634162182883885
2022-08-30,-0.01542383540725122,-0.008557453635326074,-0.021299806095899248,-0.00820055348874808,-0.02531598923616216,-0.00439637753540646,-0.012708383945946268,0.0001748625196249732,-0.011038555340141412
2022-08-31,-0.01069192113981396,-0.005720403033297305,-0.02447609561544546,-0.01534276001209404,-0.007554668468041173,-0.006631090871668253,0.03605619776965115,-0.005961272008453067,-0.007638144093185962
2022-09-01,0.004695772792128747,-0.004100671943675628,-0.07975011091992147,0.008248627364462172,0.005608200169827373,0.01394770867012247,0.01480430330285972,0.006834926367606594,0.003132950370552341
2022-09-02,-0.013704578361899616,-0.016807104411889477,-0.021027453667353303,-0.002428212185707223,-0.025395567131662106,-0.017372553477534258,-0.030953055483063915,-0.007010834495445159,-0.01060041669643158
2022-09-06,-0.008249056213992514,-0.01103463935473162,-0.013426002581395535,-0.011040262841267292,0.015460425583855752,-0.009689826442871665,-0.011164978520583483,0.00026378351174618895,-0.0037802866698074516
2022-09-07,0.00921136281689767,0.01893120398330086,0.018323452907810945,0.026371849253352748,0.03325755641840769,0.024416263842070476,0.01160146048295245,0.018812640414229854,0.017805499790206458
2022-09-08,-0.009664400555222502,0.0016646707855857783,0.019925581813441662,0.002622535962612139,0.019408586563541073,-0.009824251290385883,0.010358276423884627,0.023028710186682882,0.006515022772704955
2022-09-09,0.018664482977356994,0.0227169609201676,0.027982254571170803,0.02622824562673727,0.035389242849343666,0.020728535491378323,0.042819237175516764,0.004794556039783736,0.015415807866336319
2022-09-12,0.03778502970415525,0.0082469353391496,0.00816839857495185,0.023581047138634757,0.015693156705112052,0.0018960692100674994,-0.0011238188889408135,0.011762418509001862,0.01069030589635327
2022-09-13,-0.060471641813472615,-0.05654748817349394,-0.09951761170448718,-0.07318946892343868,-0.041209445573060305,-0.06080505424430382,-0.09837477454049595,-0.0353668325367881,-0.04445617414726737
2022-09-14,0.009510026386489658,0.0009123013840603985,-0.00022844021159857455,0.013549201586232946,0.035245873940170286,0.006497254904561898,-0.010899672115853513,-0.002322452900472724,0.0038085611016787993
2022-09-15,-0.019111362426848168,-0.027493678105543377,-0.015274530945913444,-0.017816303428596674,0.0037601953268899466,-0.020105494723969563,-0.012756788115748437,0.014958182730876584,-0.011418237468483304
2022-09-16,-0.011020656053602453,-0.00261160425960103,0.02059245689167319,-0.02201762235626526,-0.0013177201460770078,-0.0010694727261294757,-0.022039898386466,-0.0067248680772366886,-0.011757555003970535
2022-09-19,0.024773525081309505,-0.0008993223690456236,0.013845218587332933,0.009106029090597056,0.018680537647816527,0.0026229833804176685,0.011756521537637012,0.00918219175289347,0.00772501365470151
2022-09-20,0.015544010375103367,-0.008501631669175506,-0.015513552419541577,-0.020012830448643673,-0.001100668054834369,-0.01890267647072481,-0.013124583556464635,-0.01991605446354912,-0.011544939646675469
2022-09-21,-0.020475847200587767,-0.01454117871156351,0.006430406871191835,-0.03032676622578613,-0.026021592607865372,-0.01856156101632467,-0.027551108281077753,-0.029259304938044777,-0.017597716278495924
2022-09-22,-0.006395608213339059,0.008459612512971114,-0.05423060715225266,-0.010430481377003758,-0.041438568478665415,0.008625072206023581,0.0049134106079711,-0.011444012215999675,-0.008435311285113283
2022-09-23,-0.015239354403206042,-0.01277944974985429,-0.0035889560313180336,-0.030553234112175698,-0.04703665354268194,-0.01407908961100392,-0.01701840719573442,-0.0187888414326182,-0.01689677047968388
2022-09-26,0.0022577141072532394,-0.0019774128728324535,-0.02327943090068035,0.011968890924047326,0.0024668028538151034,-0.005789460143258509,-0.02919499614397177,-0.021767158409103222,-0.009941945708146676
2022-09-27,0.006544764301935322,-0.004389460830711042,0.015015940691092208,-0.00644711979642255,0.024797737333229056,-0.006848273048752176,-0.014551361388135665,-0.00884131459121919,-0.0025560147287469804
2022-09-28,-0.012732255734667894,0.019519776817803945,0.025688314755738264,0.030980865018271533,0.017065662059063912,0.025817713528267415,0.05225642186907005,0.020015627297534058,0.019485277712052225
2022-09-29,-0.05036642470068572,-0.014919754655315375,-0.04135865829912679,-0.027577874271049258,-0.07053030781738932,-0.026638581949142443,-0.03741172119368585,-0.017091185942841276,-0.0211102318049051
2022-09-30,-0.030499719743629777,-0.01955847279099442,-0.006650570707588858,-0.015803691756381338,-0.011097446407076914,-0.018335797743931674,-0.005365965289343087,-0.015760353115217823,-0.015584342130975551
2022-10-03,0.03028915026917049,0.0331083850857157,0.030264785622738422,0.02516733048685826,-0.09008354847845335,0.030781140829426328,0.021365120566608484,0.03044105666185495,0.026058736876293866
2022-10-04,0.025300321012384868,0.03325333643910796,0.051025494957430834,0.043978891324203705,0.02862918608137619,0.02996029977850937,0.011976177941438106,0.04572218840950868,0.03051625785631023
2022-10-05,0.0020511993035892623,0.0012849024585536832,0.0031847022495620574,-0.0011568286989317087,-0.035210184423729626,-0.0020682440502929945,-0.009310409425444519,-0.021330771975016566,-0.0023309545840216068
2022-10-06,-0.006647739009414897,-0.009718029300100548,-0.00599869068668381,-0.005388563475942462,-0.011191467132615623,-9.861608394192796e-05,0.0006474490115885988,-0.020592866191440906,-0.010369374353980875
2022-10-07,-0.03740977376021187,-0.052191491143024044,-0.08367966749621555,-0.04888996644735092,-0.06533110715825653,-0.02738799755895953,-0.04125060317385803,-0.020176249569995017,-0.02829032366362611
2022-10-10,0.0023528714823570222,-0.021533143087380018,-0.03419857669839911,-0.007799184311071454,-0.0004932430962923407,-0.008344402655771185,0.002544503321037579,-0.00938534155991695,-0.007664623071973914
2022-10-11,-0.010307911404631696,-0.01689212869626843,-0.007223941968578305,-0.01292739007238406,-0.02940186584357689,-0.006972959979893008,-0.04003126859199255,-0.02928451665122475,-0.006353116679683497
2022-10-12,-0.004615610443994246,0.0015072098567890122,-0.007450475498295035,0.006130377153208065,0.003412211010253521,0.0039026162049834033,-0.008123723112923108,0.01605328562588111,-0.003303916475803451
2022-10-13,0.033060339460541974,0.036918061926859425,0.0392207163428276,-0.0032826427568259783,0.02041257160441261,0.015258154191304099,0.021646319086177708,0.054102798305373054,0.02604884437309545
2022-10-14,-0.03277117680497568,-0.024547506983123128,-0.06324613916910035,-0.05132600960921381,-0.07845410579918498,-0.025561151008909367,-0.027467132009379072,0.016503817212335063,-0.023052420113011996
2022-10-17,0.028706687590389787,0.038495178907017424,0.05720783628433285,0.06246082010978991,0.06770743117966126,0.03470560168433403,0.05584266110529415,0.04114209926426314,0.025372338438406875
2022-10-18,0.00936543273086938,0.0040753841805474195,0.006623413401650943,0.022334186457693587,0.003822165646732409,0.007970505789699612,-0.00929395275813655,0.025395448842458184,0.011681134209780814
2022-10-19,0.0007649290044276629,-0.00850569063546094,0.006994752061004059,-0.011148202689094493,0.008366694500343838,-0.011377362490540104,0.003232665881372957,-0.01980089521192754,-0.007111707070068097
2022-10-20,-0.0032724222115235483,-0.001396449196736034,0.01179643321707801,0.0015630456934787908,-0.06878698522005931,0.003406856700840431,-0.01284197270391915,-0.0032668949602777417,-0.008420690769296463
2022-10-21,0.026699479278780944,0.0249662803603763,0.022060859054816175,0.03470527521216521,0.03395945997966481,0.011536637565370529,-0.011623624877672578,0.05119431364650337,0.024010899985540957
2022-10-24,0.014694202560876541,0.020966519646246334,0.010612537350012502,0.0041816570199037775,-0.014987724107085643,0.013651077996532982,-0.00223303747280882,0.0012263923380877644,0.01216220459272166
2022-10-25,0.019152972595567083,0.013697483290422006,0.05120992861995497,0.00648865753186242,0.051525211920993325,0.018937828906348764,0.0583183109380643,0.0026113912538322822,0.015842429934322933
2022-10-26,-0.019822255376275157,-0.08029538884051364,-0.027910193866820997,-0.04182438724790477,0.009931639962148882,-0.09585591654958366,-0.05754766976389104,0.011425947214093683,-0.007562620874207404
2022-10-27,-0.030939084502022027,-0.019953975957483935,0.021479786995629094,-0.04148511663717591,0.0020011878357876823,-0.028962741093034237,-0.28179386082184127,0.00394032004787637,-0.0053542858291678735
2022-10-28,0.07283448439292384,0.03943269609925105,0.04873233804599947,-0.07046806314523207,0.015123446596271723,0.043187440744795184,0.01278291232539756,0.011808046525394524,0.02351207926820392
2022-10-31,-0.01553033117175072,-0.015983204500323034,-0.02466188439848617,-0.009424419446504203,-0.004297734947231046,-0.01865880915002749,-0.06281949920110931,-0.0015875902553723314,-0.007249487083864056
2022-11-01,-0.017698429186696122,-0.017206623461653373,0.003402405702165034,-0.056733592543971104,0.0012298580156588981,-0.043687354079630716,0.021661425415009917,0.01787235480502143,-0.0043854662275687375
2022-11-02,-0.0380186159065104,-0.03600894086945723,-0.02421464680177117,-0.04945158785215439,-0.05801089494975556,-0.03945507189297115,-0.05018815762137218,-0.009250557486370405,-0.025416488450460573
2022-11-03,-0.043330323084718216,-0.026938458785174375,0.015165430962223005,-0.031090582711074642,0.0015338580999043428,-0.04155528506573471,-0.01816708879767254,0.0018097792184081248,-0.010350243431810614
2022-11-04,-0.0036067267143389315,0.0327822919013378,0.05331796301362092,0.018638216982674413,-0.03709208198225607,0.03706090259068765,0.02092449414568169,0.02699090377167767,0.01429053495439394
2022-11-07,0.0038946553390313667,0.028849420096725226,0.010190867632578806,-0.004958465035960488,-0.05137700982212229,0.021820663975796205,0.06327106145986051,0.0052662016271250965,0.009520119545588271
2022-11-08,0.004166386566188452,0.004378865959858751,0.020829082014155315,-0.006093813282808144,-0.029766854567743133,0.004622632545517604,-0.0025881270913679713,0.000608795646761244,0.005380911362788072
2022-11-09,-0.033753285936499205,-0.019233910283034165,-0.05823057248424598,-0.043613588180190316,-0.07436539035358274,-0.017932631497020585,0.05053110848500966,-0.01309403783508258,-0.020817264954697857
2022-11-10,0.08523649319503668,0.07905889269022823,0.1339124159248136,0.11491535104712981,0.07132888823212645,0.07307677840101388,0.09757430708921108,0.040334718948005895,0.05349730918360128
2022-11-11,0.01908546251980096,0.01685446624822113,0.035979793311757956,0.04214992986278232,0.027155202242509627,0.025953662073190057,0.010227257089186892,0.0016273486595300309,0.009631963688169896
2022-11-14,-0.009530900989646466,-0.02275708045674789,-0.001961841611828828,-0.023084154958510447,-0.025949994830441667,-0.007391702090922741,0.0105616594244374,-0.010326597877215639,-0.008543112649075422
2022-11-15,0.011799510416391273,0.0017372529403761332,0.02251242096197872,0.004558631983396615,0.018009160285334423,0.028228983753700563,0.02473105353901713,-0.007270042876858203,0.008492875431373566
2022-11-16,-0.00836600975000626,-0.0009923734313617837,-0.04642290517454537,-0.01856627488370591,-0.03934004993858786,0.004156283856506927,-0.033436299490050336,0.0013530234149580506,-0.007657991471811043
2022-11-17,0.012887948210700441,-0.00020687637051648163,-0.014753159752640835,-0.023650675297741616,-0.020266034660649707,-0.0049693106270451695,-0.01584514552340795,-0.004366504388440386,-0.0030645516997969695
2022-11-18,0.003774661452076533,-0.0019051215573405876,-0.017242892960102625,-0.007513650804188213,-0.016402810087859467,-0.009500048983767325,0.005369195033041152,0.009760593312046808,0.004530126744089201
2022-11-21,-0.02191867844364332,0.00343494377803232,-0.005988431960755132,-0.018006920831346168,-0.07082202204033466,-0.018961370473227622,-0.019738394012418645,-0.005920008956100355,-0.0036427210104271073
2022-11-22,0.014554723966504158,0.012236318052534823,0.04599756495923385,0.007971580289157953,0.012079065403443036,0.015053536963951663,0.014279517909163384,0.014845960769404932,0.013367258722167092
2022-11-23,0.005908828135781974,0.010353122453271694,0.029550266029288137,0.009929087433161624,0.07530952893106566,0.014424023971354002,0.0071530653821441454,0.010607071308674313,0.006281852116995351
2022-11-25,-0.019788108978101654,-0.000363570151899874,-0.015188229707637965,-0.0076783312910851725,-0.0018575995078746789,-0.01020833701010248,-0.007422293819716118,0.0019033002192729346,-0.00022373869113219644
2022-11-28,-0.026615325107028288,-0.02342472354470415,-0.027605628225413997,0.0057642482872482335,0.00032805270562665304,-0.014573107034321374,-0.023889640168733236,-0.017632972166511718,-0.016085692069329978
2022-11-29,-0.02137509502724408,-0.005932489288816716,-0.011949530589650571,-0.016419307746887702,-0.011491515256992131,-0.008994001076229472,0.006231694578682416,0.01631568011682055,-0.0017190202256002212
2022-11-30,0.04745012275353514,0.059799425203868085,0.07890587271113907,0.0436140540859465,0.07390252318127676,0.059146560974642916,0.07597253293135241,0.011793069447451902,0.0310146332570357
2022-12-01,0.0018897136132848358,-0.0017652827942004148,0.012449505421670124,-0.010831192229061232,0.0,0.0,0.01962001360117015,-0.01413905338154365,-0.0007361122062505647
2022-12-02,-0.0033770125855744227,0.0012948612851092379,-0.015230706972197465,-0.014449471106160492,0.0008214584254523483,-0.005460922289079075,0.025008439946658478,-0.00795878773347896,-0.0011543830035115122
2022-12-05,-0.008015208417572792,-0.019081404373293278,-0.01588750134070421,-0.03370736231877925,-0.06580520897353867,-0.00960390591648289,-0.008620723252438183,-0.02844155662769517,-0.01815302749679934
2022-12-06,-0.025697353170228365,-0.020512719203401194,-0.03822903927775948,-0.030795718248338627,-0.01451975486845227,-0.0254518463881068,-0.07028889016568968,0.0016732680193377507,-0.014519702260977834
2022-12-07,-0.01388080189780191,-0.0030644164411055795,0.008284868046632508,0.002376766277155038,-0.03267127201155782,-0.02125966745347947,-0.0016663230241399042,-0.000684148714535973,-0.0017026469976163603
2022-12-08,0.012059749651672716,0.012322985096719611,0.06304467939333674,0.021140538059143867,-0.003453386948248274,-0.013040241472487247,0.012213372725853095,0.010439650433249853,0.007803400621268784
2022-12-09,-0.0034408252659857237,-0.008035414200250831,-0.009833334988680734,-0.014043946522882085,0.03183338116095202,-0.009435014229281625,0.004930163396681134,-0.00543316456873609,-0.007498240360482925
2022-12-12,0.016257129416253947,0.028479809049851378,0.030926741345474917,0.016255164405059676,-0.06477309340338366,0.005157373944807946,-0.010320567199241635,0.015392449952469224,0.014314303078420583
2022-12-13,0.00675954915368667,0.01731397451650254,0.03016493213845918,0.021198289437405628,-0.04179828130131225,0.024559292559061047,0.04633377857031824,-0.0009691370445953502,0.007541335653240813
2022-12-14,-0.01565775680492927,0.0011669499298426302,-0.02226918601973721,-0.009887580246293281,-0.02612261140486262,-0.005873090479598445,0.011913724307557839,-0.005009529749455986,-0.006414056305424778
2022-12-15,-0.04798751674686918,-0.03243872034284905,-0.04170881984554284,-0.03477554111983318,0.005533102257132837,-0.04529359211217579,-0.04577222683625967,-0.025123688208259994,-0.024765822310819672
2022-12-16,-0.014686109742857282,-0.01750092101670535,-0.02273167308127824,-0.006692740608663019,-0.04833680500131505,-0.006625448982375749,0.02784795588204565,-0.006245541094773469,-0.016457910405921157
2022-12-19,-0.01603751004408507,-0.017479958192330124,-0.0193151135877803,-0.03403503022155705,-0.0023992055582815475,-0.02037003447190422,-0.04233026366409023,0.005937972331903695,-0.008515818978745046
2022-12-20,-0.0005289006502098463,0.005598795769880937,-0.010451910721451374,0.003174469440173832,-0.08396483835074355,0.006536642283354907,0.022542674013096824,0.004832261620218822,0.0013674650624644056
2022-12-21,0.02353045181272995,0.010817988588983864,0.025533848067875117,0.018376816404560806,-0.0016704490129968075,0.0062710753417679855,0.022546919364357428,0.011185212192493015,0.014841756314111894
2022-12-22,-0.024059747742690325,-0.025860254629026407,-0.07302236348852766,-0.034947221566029855,-0.09302311928148893,-0.020526260910887287,-0.022290684284959592,-0.011414780041951797,-0.014368875361936895
2022-12-23,-0.002802039943963447,0.002264503560186544,-0.00870847997136983,0.017274436611979943,-0.017706675474399133,0.016611503224483865,0.007824484166806771,0.00473388004298449,0.005735784166452185
2022-12-27,-0.01397557463856748,-0.0074418094690126375,-0.07402703676285842,-0.026265685720911106,-0.12113825810398889,-0.02083649087796492,-0.009875813887533834,0.003497887426190116,-0.00395130702221525
2022-12-28,-0.03116585952251297,-0.010307872584229043,-0.006037595959609086,-0.014800721671305868,0.032553261278161744,-0.015801064324672733,-0.010838768533702027,0.005450438833273468,-0.012505743674206015
2022-12-29,0.027930621991565215,0.027254897344884656,0.03960148997930725,0.028435658196292006,0.07772640277207259,0.027857597772608007,0.039347107965275595,0.005721142405266093,0.017840227729302435
2022-12-30,0.002465841379722708,-0.00494973112170907,0.0007530296578501241,-0.002140568124387558,0.011102159833173808,-0.0024903068216186935,0.0006649559859937623,0.006583929654194429,-0.002637550387375948
2023-01-03,-0.03812220940337041,-0.001001274545815816,-0.020672086058572937,0.021435277164066735,-0.13058999220665155,0.010036727716349121,0.03591051461166234,0.007577400560394395,-0.004218769051922785
2023-01-04,0.010261402643368283,-0.04472878184523187,0.02986734722440986,-0.007955122776173124,0.04997884108534127,-0.011738293794926783,0.020864704192962772,0.009281906532817293,0.007690540861836688
2023-01-05,-0.010661283111650382,-0.030085822868812496,-0.033366247728456984,-0.024011573396659765,-0.02946907696009933,-0.021575370936541414,-0.0033817050543929095,-0.007581081740876686,-0.01147902847194515
2023-01-06,0.036133357676866824,0.011716416894083157,0.04079674740448115,0.0349917378504728,0.024352154998279363,0.013138363861640698,0.023973764525269475,0.018954764547564985,0.02267311516744916
2023-01-09,0.004080529215203643,0.009689280539900093,0.050458437653764884,0.014760401298199752,0.057654579278002493,0.007755517116575155,-0.0042391141373319206,-0.004140845910046585,-0.0005670573357700661
2023-01-10,0.004446510347639705,0.0075883031041337826,0.017820817969266232,0.028326693248784427,-0.007711027963739906,0.0045341444448540385,0.026824775231143117,0.00891415100056787,0.006988367474913615
2023-01-11,0.020892514925815384,0.029789977897474562,0.005766174196141473,0.05645956080731301,0.036109204525613114,0.03445932326221194,-0.0007522649796538671,0.0074039711310435845,0.012568547576673746
2023-01-12,-0.0005994891772679897,0.011554443471914831,0.031375620085749165,0.0018911574433712077,0.00275546279838757,-0.0042704625828348265,0.02834022930367732,-0.0010031484392685193,0.003634171365240132
2023-01-13,0.010068257135029462,0.0030141992738542548,0.02322765247067393,0.029476316899670684,-0.009432465746951967,0.01080507639887615,0.00197295552517356,0.0249215659893084,0.003871999812680603
2023-01-17,0.008718252102151425,0.004670805320980337,0.04642315007007071,-0.021322326395198633,0.07163646233055776,-0.009050842161977515,-0.011896998212347465,-0.015574054075436557,-0.001833577055333756
2023-01-18,-0.005384454852158148,-0.0190698340624515,-0.018530069303546705,-0.0061616190001011146,-0.020825332244057446,-0.001863913324371507,-0.017438375391800463,-0.030503108078248634,-0.015913973799226742
2023-01-19,0.0004436376600177206,-0.016590815250743796,-0.03585419576766003,-0.018822579439957077,-0.012580752996881307,0.02095966660382842,0.023257649315209312,-0.01341614753100293,-0.007306444430314214
2023-01-20,0.019038364081683426,0.03511960478689331,0.06209376760385198,0.037400259951453026,0.04797727392320426,0.052034489348739034,0.02337505780610806,0.002445999283595688,0.018457644417167424
2023-01-23,0.023228555627554673,0.009776385221036106,0.07315855944895293,0.0027724682514327437,0.07457364612008015,0.017896481836795368,0.027598759629795844,0.01608261131537161,0.011927172921546549
2023-01-24,0.010012762907375555,-0.0022285864135329573,0.0037442758315334493,-0.012381472357830799,0.0009734348560736818,-0.021166459258030738,-0.0009078236798909378,0.00855940718658687,-0.00107386763214943
2023-01-25,-0.004711835225971918,-0.005925606042130097,0.0030061474676211053,0.008888953725914,0.0037457958683397114,-0.025711511226539138,-0.011523450963140952,0.004827607373519028,0.0003747271121324628
2023-01-26,0.014694869771428311,0.030251378191659788,0.024486851148173124,0.020774687057825685,0.1040650092615062,0.023867434163797288,0.04017162710326776,0.0061626897912748614,0.010930412793652575
2023-01-27,0.0135914746418463,0.000644968020295778,0.0280347848493683,0.02998335055905419,0.10436164069972145,0.018792834133235115,0.02969722192452839,0.0024260560809586996,0.0022950608748414985
2023-01-30,-0.020282374229800303,-0.02220637150801496,-0.06088854439161597,-0.016667823165641346,-0.06526572943550507,-0.024758029281279244,-0.031327915944442,-0.008516797871304034,-0.012626202210392873
2023-01-31,0.008980486518885233,0.02079497097670574,0.019380951723581338,0.025335155126435763,0.03860663902242871,0.01941008846758024,0.012904301419143427,0.005947932520276772,0.0145963030912504
2023-02-01,0.007869704048322388,0.019738544246612016,0.06949436234951549,0.0193976149644124,0.04619721319012782,0.015958626374414413,0.027476944230057445,-0.0026471871794739215,0.010571694025693542
2023-02-02,0.036392300510034066,0.04581841684722669,0.03592240469465814,0.07120315696615197,0.03711744228973266,0.07025992698080347,0.20930746959795124,-0.004667325453518726,0.014452053374916023
2023-02-03,0.024106975000651183,-0.02390399638962623,-0.028453845676379867,-0.08808283393109906,0.009041655543147504,-0.027857995094822795,-0.011937287901599735,0.015355755832833275,-0.01068598363290454
2023-02-06,-0.018091498958964447,-0.006134578583204123,-0.0005214477485699791,-0.011772272805910223,0.024849222136681733,-0.01810524466116076,-0.0025228882933936362,0.005865546990022641,-0.006130111277800134
2023-02-07,0.0190618622856037,0.04116313135052451,0.05012373679801028,-0.0006852973444615529,0.010470780820742525,0.04503466251964162,0.02944502952217399,0.012116237277251916,0.012993845860082188
2023-02-08,-0.017810405213165126,-0.003106879135397032,0.0014421376975802666,-0.020380578012770365,0.02250783702828191,-0.07994203530517709,-0.04368113534395117,-0.007055773660581069,-0.010994997340289235
2023-02-09,-0.0069355479636618615,-0.011728298227947615,0.0059270062614239965,-0.018256648878253772,0.029516907690852447,-0.044868113180296064,-0.030499082626260023,-0.0156860507266598,-0.00870697310092209
2023-02-10,0.0009275169239235722,-0.0019744425174470525,-0.04918199156616901,-0.006433489213979958,-0.05161833459581209,-0.004641873902489823,-0.02141703900622114,0.004405571937778531,0.0023309475334816784
2023-02-13,0.01863211802837362,0.030764751827930373,0.024296864420307342,0.019579629188155288,-0.011493498714308886,0.0004228873671524424,0.029868157140662082,0.010789668051620216,0.011670623663536151
2023-02-14,-0.004233904053509201,0.0031279573280335762,0.052873215602937104,0.0016060637303953276,0.07237801403011461,0.0007396027014269233,0.00027863839791025943,0.004409074676728317,-0.0004602757868875422
2023-02-15,0.013807660401573899,-0.010526629528366202,-0.00905224196701129,0.014537811644538115,0.023567198213512965,0.023589467732927444,-0.013010457576924258,0.00418123329379701,0.0032421123856011865
2023-02-16,-0.010484143872342174,-0.026983455136297498,-0.03404694298595168,-0.03020652173405669,-0.058631243213632354,-0.014861279188735045,-0.027003935689256846,-0.013864766988864624,-0.013864479472520551
2023-02-17,-0.007575322747986234,-0.01572472917292497,-0.02830335515754444,-0.009726256199159738,0.030561678706295534,-0.012219720771187631,0.0025483764056330824,0.00295711086425671,-0.0025013844442150304
2023-02-21,-0.027042190904412126,-0.021107824310530435,-0.034872585823890904,-0.027324623494127318,-0.05394722804913025,-0.027507886436870903,-0.004638244842378905,-0.018519708460821432,-0.020264879913440236
2023-02-22,0.0028918809316494888,-0.004601553912552456,0.0047815311215996656,0.012712248376870527,0.017528035977254008,-0.0015263782704581779,-0.0055944593604772865,-0.007692674729478647,-0.0013790551427742468
2023-02-23,0.0032851106503145153,0.012878465792599013,0.13121590205507125,0.0003131233176392935,0.006006057267467943,-0.008327013519291087,0.005361932650784018,0.00797905701353995,0.005305305448697813
2023-02-24,-0.018169336930799952,-0.022025148719785316,-0.01610259579688308,-0.024509991975448668,-0.02601977738759486,-0.019554030088237,-0.009637045245436642,0.008980777024987466,-0.010739837078983187
2023-02-27,0.008213679785789116,0.0037646823758381346,0.009190658590005145,0.002776912318089041,0.05316324215501689,0.008268264904839926,-0.00500107606529418,0.008689948374068873,0.0034000513205539825
2023-02-28,-0.0034537297979819336,-0.0029625126373036058,-0.012201271008819365,0.005000289230826088,-0.009290230436857878,0.002111875532757209,0.031354224367618304,0.008336025300221952,-0.003702824624668304
2023-03-01,-0.014348470370965045,-0.012709702774380093,-0.02256486619106063,-0.022103959704043146,-0.014395089751065829,0.00332561058970634,-0.008726684556869901,-0.005596398140080868,-0.0038432905240252365
2023-03-02,0.004120643843103321,0.019462580195205487,0.02677719029296915,-0.00043408483069996514,-0.060322654091468045,0.01798687869457244,0.006380252251997666,-0.010436563761565387,0.007747202640651336
2023-03-03,0.0344884661213861,0.016509035004743464,0.02440593263414706,0.02962312838587694,0.03545612908951283,0.017775868134478394,0.0596096245336819,0.018193149132710553,0.015910572248883096
2023-03-06,0.018369623975035526,0.006169973755058706,-0.01416424209194232,-0.012192056844170188,-0.02032754273314496,0.01567990316296556,-0.0018911587929371873,-0.005864274734331164,0.0006925006534723625
2023-03-07,-0.014602595001837332,-0.010645481454473854,-0.011357482667493755,-0.002135579508745822,-0.03198003067013721,-0.01344003147742603,-0.0021114726011019157,-0.029848806138433975,-0.01544743147428181
2023-03-08,0.008342341603068149,-0.0017721653012704168,0.037628979698207374,0.003947251242114423,-0.03089156736881823,0.004146509459061792,0.0024900235837657255,-0.005932960539552381,0.0016307895385843638
2023-03-09,-0.015026967291677991,-0.0054543023340065,-0.03129385388703557,-0.017941053663252087,-0.05117763786639216,-0.020690026873960918,-0.01789170481436637,-0.05565698791819581,-0.018622175035731298
2023-03-10,-0.013975929537563428,-0.014893213967662066,-0.020302012418917815,-0.016614182739941783,0.0030026831172517087,-0.018475545692909455,-0.012071065469458915,0.025078004109375766,-0.014534563011705798
2023-03-13,0.013178778640633647,0.021214311292385334,4.3519657271245976e-05,0.01856350439768763,0.005978365078895034,0.005282320663579542,0.007713472579429548,-0.01812049544528795,-0.001426266836828976
2023-03-14,0.013990825020587742,0.026696268957658514,0.04666053555937232,0.026161301723076753,0.04909578215581386,0.030908020960493485,0.07001690989233432,0.025352056839755346,0.016394930701474304
2023-03-15,0.002618033780690968,0.01767331711510715,0.006833635931523843,0.013816419647146834,-0.015452165385496644,0.022517779800422154,0.01904233809390161,-0.04839654741912179,-0.0062739791116780946
2023-03-16,0.018521449691435207,0.03973644953182184,0.05277600287356863,0.03914078921242492,0.020188342220549882,0.042871698656842046,0.035664815024003524,0.019227692052665456,0.01739303757900711
2023-03-17,-0.00546892845685537,0.011626502617996566,0.007178278105008585,-0.010955473953869753,-0.021963216854791676,0.012875319350965473,-0.046545537513251405,-0.03851428998749523,-0.015570840749814475
2023-03-20,0.015365180286954876,-0.02610445020977979,0.006779657428062751,-0.012610742620752338,0.01717250122413543,-0.003944015347720442,0.011184077527291001,0.010516023750099848,0.009569695461115801
2023-03-21,0.011873354885857336,0.005677522128909795,0.011478265408442512,0.029247763784060337,0.07529223411697607,0.0359017597009277,0.021752519509038233,0.026467481813661604,0.013045068527290258
2023-03-22,-0.009145136079797108,-0.005457153522854962,0.010215252329925942,-0.019166746850565873,-0.0330851466718186,-0.014883326395969086,-0.011692578401442307,-0.02615291028247888,-0.017193461403886095
2023-03-23,0.006945291611907683,0.01952965061003187,0.026949563918896007,0.00010133363497333344,0.0055821275337720674,0.021343545671759247,0.022124693010403998,-0.0026769874405544233,0.002699747151757449
2023-03-24,0.008271288176609921,0.010425917505380565,-0.015268062439239333,-0.005893146925693497,-0.009460894526444498,-0.0015162629138934837,0.008433088832337723,-0.015332913502463862,0.006540576296236363
2023-03-27,-0.012369486995857677,-0.015046526258858921,-0.009304107401968255,-0.0009175342309671865,0.007325624786097459,-0.028669624333061607,-0.01550721176350316,0.02825761575127239,0.0018680966845833614
2023-03-28,-0.003988261529460803,-0.004169596379705795,-0.004571145261603305,-0.0081934405189327,-0.013753472002494866,-0.014054979218534963,-0.010705909753592929,0.0030306537081472387,-0.0022471802686452806
2023-03-29,0.019597451474395997,0.019002258102331117,0.021501349519667663,0.03048493870739539,0.0244876221590413,0.003556970587588478,0.02300430700602069,0.0020153057168216942,0.014430264607990103
2023-03-30,0.009841296980088399,0.012540826263207436,0.014678291660528416,0.017305747097592427,0.007194983671774654,-0.004943652574034168,0.012052665177371982,-0.0030245429281971796,0.005838178311722907
2023-03-31,0.015523096822170946,0.014851326274739398,0.01428599380372868,0.012567761597929928,0.060504162532241994,0.027760593435346734,0.019534691963576864,0.012043668877597412,0.013996224623975942
2023-04-03,0.007672157141840555,-0.0037182355103531667,0.0067453782146296125,-0.008556175035560798,-0.06311918518816903,0.006055064311086697,0.0053175573259639074,-0.0011517173752172137,0.003803299578179943
2023-04-04,-0.003254935249652321,-0.0001741554302829208,-0.01847831436585871,0.014925585099441625,-0.011307735857578558,0.0034436671414255896,0.0077140748764286445,-0.013458362938653247,-0.005563565040138121
2023-04-05,-0.0113545066352627,-0.009938479034080546,-0.021055682720337355,-0.027799874012424952,-0.03734894534323148,-0.0023901727243327772,-0.015204448303831867,-0.006327385578743018,-0.002621700935942733
2023-04-06,0.005480856301668929,0.02521232873740693,0.005786585898190875,0.009450740780884159,-0.002482632348555218,0.03711259640951901,0.021610880592202845,-0.0010976901576043234,0.0038932854947860084
2023-04-10,-0.016101268371610637,-0.007607711097102339,0.019848308159338104,0.001077222967143844,-0.0029764508462149673,-0.01843108789724676,-0.006266730892416054,0.003289462301530533,0.0010258499102318234
2023-04-11,-0.007620120015640883,-0.022929347011977772,-0.014977990213686784,-0.022268227189570028,0.012281322445656457,-0.01029334328011517,-0.004199697650341029,0.004914052818450591,0.0002685508198280116
2023-04-12,-0.004362717597645155,0.00233085177266923,-0.02512057286769924,-0.0211385503060785,-0.03403263254550459,-0.006762243890279412,0.0007011518078276808,-0.0001556631559318546,-0.004084316547969953
2023-04-13,0.0335349940083643,0.022152219222671833,-0.0012085614693096958,0.04565543032053191,0.029256539212836878,0.026313593643127086,0.029241203965330045,0.0038060202277378436,0.01319527739381285
2023-04-14,-0.0021162195532967317,-0.012847781220447387,0.011085966231294568,0.0010736481279812137,-0.004853036816821088,0.013315059602032008,0.005160247552959403,0.07279464273267092,-0.002445752734606423
2023-04-17,0.00012098422435876032,0.009253112019116544,0.009077494903402036,0.002241128611983993,0.010966636750077955,-0.026998488415105222,-0.011945207761067828,0.007897844851938878,0.003581831025113935
2023-04-18,0.007476703533550668,-0.001490003874303387,0.024329393345217082,-0.004291801457498827,-0.014703352511066695,-0.01396897530120632,-0.004441913294077955,0.011165298149958135,0.0006520292826832333
2023-04-19,0.006944078432907277,0.0002774421460454476,0.009496813740008872,0.01936168847711433,-0.020389861131667686,-0.003066896158507629,-0.010101806238043251,-0.0012737435653975768,-0.0001689546841105706
2023-04-20,-0.005863430642706429,-0.008145501961990443,-0.03005585252302415,-0.0047091095790211925,-0.10254036525166675,0.010598281317602416,-0.012267754654970901,-0.002907520141264171,-0.00547205963912668
2023-04-21,-0.009829063562230548,-0.0012239691979550138,0.0005532482580901556,0.02989264254702952,0.012741333042302827,0.0011390864447113438,-0.0008451870713149859,-0.001919348598799072,0.0007766414272094301
2023-04-24,0.00187678307164327,-0.014061235536483854,-0.002843363940150084,-0.007036666520682404,-0.015444550452118741,0.005298503697400243,-0.00046986519017201456,0.001351032657080137,0.001042621402772541
2023-04-25,-0.00948045708845073,-0.022793842273225902,-0.03006816271540295,-0.03487276836944828,-0.011633104865311444,-0.020208511077055274,-0.02493344312772302,-0.021983626874665357,-0.01600116801417094
2023-04-26,-6.11227409118481e-05,0.06993153714561844,0.026882840425383036,0.023224398457013323,-0.04402465397224694,-0.0013490018551372183,0.008873980086025707,-0.017882502883298356,-0.0042446173996722346
2023-04-27,0.02799959640412221,0.03152540891772579,0.009966509049945354,0.04507277127081395,0.041032719267455574,0.03672913879430074,0.13037457149370174,0.013368844125036139,0.019712474971588356
2023-04-28,0.0075127628783707495,0.007940126369461913,0.01902743037765254,-0.040605781087400955,0.025394246651119615,-0.0023263399364103357,0.007350558270212974,0.008645499775902373,0.008498950231163765
2023-05-01,-0.0005305293301251952,-0.0055481758022313775,0.040987727447230254,-0.03277395882406449,-0.015208459761728233,-0.00130511246295864,0.011830480697052236,0.02118595865395119,-0.0010102543650607994
2023-05-02,-0.006210667252655721,-0.000491002501589629,-0.024511058190318888,0.01536391753200235,-0.009436987371174365,-0.017692888438307686,-0.016334624612514725,-0.016279088750893893,-0.011302869513427875
2023-05-03,-0.006488289493430346,-0.0033125422450693168,-0.014568530358489911,0.00019301691085338006,0.001869644402715088,0.0008542112781683215,-0.009280544884491673,-0.021390430016693364,-0.006887669499263906
2023-05-04,-0.00996289426016366,0.0033125422450692053,-0.00866993978335705,0.0033710455381283566,0.0036667412660127767,-0.006853917357069822,-0.014918965410988097,-0.013772899486808097,-0.007108150576824931
2023-05-05,0.045859131675121956,0.01701170868051051,0.03976200395407992,0.015835527254169667,0.05350549046047228,0.008370611459258081,-0.0031739485719596556,0.01934646746624403,0.018343304165668557
2023-05-08,-0.00040341904336783815,-0.006458927797110895,0.016289159223455574,0.0016076240119395433,0.01012145995502574,0.020625058348825418,0.0021028030061731517,0.002410445019462386,0.00026651163202968074
2023-05-09,-0.010021201864830388,-0.0053601814778311205,-0.02009699812304626,0.007437086747609261,-0.015486902413259212,-0.0039047853489514346,0.00042855668775808743,-0.004826714326067499,-0.004394965239957476
2023-05-10,0.01036694934142512,0.0171485288650533,0.010930249684581755,0.03293503350092615,-0.003612788634512576,0.04016972338294418,-0.0012434058329609233,0.0005129690873321631,0.004661479781751272
2023-05-11,0.0010941375813929384,-0.00706925044001154,-0.010685277078569578,0.017898556144584802,0.020786425091438347,0.04222771482010128,0.011559799778249315,-0.0031555647782975783,-0.0017455002398152337
2023-05-12,-0.006814490743398574,-0.003682837255539793,-0.008362920431836323,-0.017263494264582374,-0.024114596337054404,0.008031506211207752,-0.008432740627920578,-0.014436651858114288,-0.001311146072652117
2023-05-15,-0.002901580371093546,0.001584626692463848,0.021399555379267746,0.008489121836596263,-0.009750860107846383,-0.008546329957969171,0.021368799514441376,0.008391165088946283,0.003444130053141995
2023-05-16,0.0,0.007340660285556093,0.008939998193007434,0.01959105037675755,0.0010214088288270423,0.025422943186681184,-0.00016744802194753702,-0.006751933593819623,-0.006705099417769526
2023-05-17,0.003596680403677052,0.007223510173534132,0.03249937218679542,0.018349125212474244,0.04313493317739194,0.011067258459331427,0.015250334293417262,0.030284160277244378,0.012065880064935735
2023-05-18,0.013573571100223046,0.014292246989190247,0.048509252338859936,0.022684486585828632,0.01727768584344739,0.01633397424519919,0.017820394363457167,0.007555373686759742,0.009587111502516284
2023-05-19,0.0006281980061119212,-0.0005652503995028339,-0.013155143836531118,-0.01621197208021114,0.018206255962432197,-0.0005700533050127076,-0.004913842454018332,-0.0022965944687926352,-0.0014561460225211089
2023-05-22,-0.0054958159407207455,0.008881708331310564,-0.002818686783544427,-0.01072394478867387,0.0473245988875953,0.01848243457471137,0.010851219513477135,-0.008296962800893053,0.0004060458540662169
2023-05-23,-0.015271001481647386,-0.018603964654439004,-0.01577689737356947,-0.00017395019575110725,-0.016549549453013485,-0.020112995655737757,-0.006383093583651838,-0.010487332787897131,-0.01128628870935317
2023-05-24,0.001630744591288417,-0.0044825419640336876,-0.0048998764920286444,0.015189747065965913,-0.015569850375932186,-0.013636915830443888,0.00996076855340692,-0.00919360745834696,-0.0072711729419161625
2023-05-25,0.006670031103772704,0.03773680946719584,0.21808788007240454,-0.01510276818575663,0.008547333224801432,0.021115456578262352,0.013867509197356978,0.0024353492553405745,0.008622616459603612
2023-05-26,0.014006240077885338,0.021160155404894247,0.02511635600756745,0.04347586628475364,0.04608376548838008,0.009109638032861519,0.03633374581585476,0.009317438520377232,0.012867526857071395
2023-05-30,0.010603169101558126,-0.0050595595899617825,0.029474563092427592,0.012822304345733589,0.040530008769500823,-0.007572151904878239,0.00183003128312893,0.003790123014583282,0.00038087042973229825
2023-05-31,-0.00028206488032115034,-0.008550618441348575,-0.05844245286732084,-0.008916850747084985,0.013676132280176065,-0.006489804714951977,0.008345440468624917,-0.012812708970350972,-0.005560642409936827
2023-06-01,0.015895540184739647,0.012678421233759899,0.04990471116581726,0.01799921060282305,0.017450979367424225,0.006894049450487767,0.029369480416664775,0.013685273841445297,0.009456169066444198
2023-06-02,0.004764027547575428,0.008443438906069122,-0.011201573382044588,0.011983006127262639,0.030608082827557156,0.007649273986143381,0.0,0.020788372126066417,0.01435759348122755
2023-06-05,-0.007599931855572029,0.0016087486648573956,-0.003974583636777458,0.008415221280893264,0.016868648629117366,0.010691054164794572,-0.004485193927573282,-0.009872772242977028,-0.0019181014640489555
2023-06-06,-0.002062461269997269,-0.006750151917383558,-0.013286468516916745,0.010400614095251953,0.0168599499197107,0.010263752062225948,-0.0009954454247351834,0.0017957840301728904,0.002175091593377299
2023-06-07,-0.007786496137042584,-0.03135431052789001,-0.030976241922724787,-0.043421904903774046,0.01462307267215497,-0.0385140079119105,-0.02812868350620049,0.0096419424220634,-0.003463718994750308
2023-06-08,0.015346710907507015,0.005796775113387921,0.02724390097018558,0.02460606952762862,0.04480209933086133,-0.0029431071869402328,0.0037107865002894234,0.0002842249069878061,0.006030349968389047
2023-06-09,0.002157494679750581,0.0046928963861562565,0.006728859248402525,-0.006621468748440394,0.03981660778824774,0.0007366204554022549,0.0013975627286306705,0.001987640244090635,0.001792694599673949
2023-06-12,0.015517715478083682,0.015365289073811387,0.01819806893306924,0.025121316164936732,0.021974491562613167,0.011469569074149968,0.022762085658527685,-7.088051512222118e-05,0.009030960948294134
2023-06-13,-0.002615069534464595,0.0073258273041494236,0.03826366011407102,0.0007108476079609743,0.03492701634188564,0.0015355596864558589,0.0009957024023804417,0.007208032459294885,0.006571298368602579
2023-06-14,0.003485269547817915,0.009082407685551104,0.04702189160777442,-0.0018966774409432219,-0.007449046704933148,-0.0012929590658569334,0.007454084596941602,-0.0037388408059116974,0.00119012422692229
2023-06-15,0.011136441216671795,0.031398499377165004,-0.008032775566352863,0.005443175548084132,-0.0034719442089692484,0.011416736002860521,0.030550956965085935,0.011244695294042897,0.012321448558557475
2023-06-16,-0.005877116959156801,-0.01671466746102836,0.000913971925733769,-0.012826801009232924,0.017969713751816718,-0.012549417283966163,-0.0029493353009219397,0.0011873455166917877,-0.007119760382108064
2023-06-20,0.0004865587621870376,-0.012581367463613363,0.025804837950413072,0.002308282311188502,0.05201270640767318,-0.0034870108719211057,0.011780818865798584,-0.00510862753988115,-0.005201688176449508
2023-06-21,-0.0056914688122718686,-0.013371025527008,-0.017570380882942,-0.007581513078945846,-0.05616662426467672,-0.020932390852499306,-0.009505776537402014,-0.0014744004817943256,-0.005136896694487098
2023-06-22,0.016390237686521526,0.018269535419317123,-0.00046466000922731497,0.04173475821321792,0.019654473293680905,0.021338507014489784,0.011438344447272182,-0.019440168113288175,0.0036032107426930415
2023-06-23,-0.0017127350070563138,-0.013902088576371648,-0.01914791779337092,-0.006320292959406817,-0.03073851253541729,-0.006599113076405469,0.013423977308982855,-0.005243668996894305,-0.007588727735143791
2023-06-26,-0.0075816382248820756,-0.019348974565018984,-0.03807752702129708,-0.01558513561942593,-0.06251408245574486,-0.03324221757766285,-0.036181695397846075,0.0024456660689789592,-0.004094122473882703
2023-06-27,0.014946804244222203,0.01800492295237786,0.03015692459154656,0.014424567940817595,0.03729619858071868,-8.44594322829457e-05,0.03034603606729244,7.180219736449423e-05,0.010903649709285458
2023-06-28,0.00630784445068761,0.0038185027563641403,-0.018291181950407957,-0.0010843421189455317,0.023813875097039847,0.015513274574499667,-0.006150137354673777,-0.004391818320112862,0.0005042661095765424
2023-06-29,0.0017949341804469375,-0.0023849119004938587,-0.0072005580056903225,-0.008873661272556729,0.004905252914132209,-0.00902715789559571,-0.013267227231714421,0.0343271525847001,0.003933614456099705
2023-06-30,0.022839687725452428,0.016252880099050727,0.03561320486834228,0.01905113813636069,0.016446493545468958,0.005025123519365804,0.019173555701361058,0.013916586974156323,0.011731634842625023
2023-07-03,-0.007815139410722646,-0.0075163377314713346,0.0026205543140207714,-0.0010745214685311468,0.06668035183063045,0.0016694876908567673,-0.003350865169076572,0.008012356897754409,0.0011498750213830315
2023-07-05,-0.005888679345684715,0.0004732856179234783,-0.0022659482658541914,0.0012279637641415527,0.009461225032650612,0.01531168720296794,0.02877576286735829,-0.013528111689200983,-0.001488305087145732
2023-07-06,0.0025055905382930246,0.009184354676689894,-0.0050699160214645565,-0.015614479950363446,-0.02125228365266279,-0.013561767314695373,-0.008117941239653424,-0.00993576105218483,-0.007861482478151452
2023-07-07,-0.005908694079767804,-0.011938380678174591,0.009455610623529509,0.011001878790426247,-0.007659314226953743,-0.005258973203898321,-0.005012684679371449,0.007859470900832709,-0.0025279066989746814
2023-07-10,-0.01091519762644529,-0.01611279085316757,-0.007628440616182319,-0.020630536429565062,-0.01771977662648564,-0.02568705132034929,0.012213029331074023,0.005596046148209949,0.0025279066989747885
2023-07-11,-0.0028139803318065135,0.0019268850164786337,0.0053200687411785255,0.01289534927354112,0.0006674942605875906,0.005907825327434819,0.014146329993301298,0.015517994919549465,0.00634833630815346
2023-07-12,0.008945421112453576,0.014126628195813206,0.03469363583487228,0.015563949723523061,0.008121354742896705,0.015165291853974907,0.03637478746508443,0.004939589480881867,0.008013723862516888
2023-07-13,0.004049275962856601,0.01606245026326407,0.046181410472192666,0.026406663898050423,0.021496049775542363,0.04609186949041152,0.013071265430717145,0.004848176268437065,0.007905551787355664
2023-07-14,0.0007869746069128465,0.007501086472850522,-0.011110483333366917,0.0028254136578632553,0.012444771516691934,0.007041133719913869,-0.014591788611360337,0.006027403441322955,-0.0006230225390383416
2023-07-17,0.017157554010205783,0.0014183563200623871,0.02158240547309955,-0.008350743114511814,0.03148434056863512,-0.006158268304617407,0.0056498238314060195,0.023817721640335323,0.003466202570648931
2023-07-18,-0.0013412246145860394,0.0390281778122774,0.021990156875462966,-0.005480667866621604,0.010141906463636843,-0.007165598684989536,0.004593107838924178,0.001823859100583772,0.007403116820647034
2023-07-19,0.007046863867935629,-0.01234325481327844,-0.008818824443497382,0.01886777143765127,-0.00711596075110357,-0.014077317385439485,0.012610497297499954,0.0038322695134602944,0.0022212915573065956
2023-07-20,-0.010148716346077368,-0.023393022478419682,-0.03363275203125776,-0.04071113790508541,-0.1024426640636013,-0.023464177111190608,-0.043626534886930926,0.012242381856073622,-0.006656595178376628
2023-07-21,-0.006180726657910663,-0.00897725875751818,-0.026964025888835234,0.000307687993656272,-0.011015199637560409,0.006855638562327525,-0.02768359121492621,-0.007714580102927137,0.0
2023-07-24,0.004211176534324878,0.003890367198409248,0.006815096201665362,-0.009273613091557636,0.03417588510139735,0.012502768246668256,-0.009046520590533243,0.019492568488323148,0.00445734209675547
2023-07-25,0.004503437629952575,0.01686610874081638,0.02363582220880059,0.002558849307688174,-0.014148526638195701,0.00557973312023204,0.009759891609726528,-0.007496335519570482,0.002726333456018575
2023-07-26,0.004534712985109489,-0.038364115130237984,-0.004981875725930595,-0.007618281489535843,-0.003511861575139069,0.05616240438805053,0.013827301258038794,0.00597615852717648,0.00015370179135724575
2023-07-27,-0.00660272065145234,-0.021093058332580527,0.009808333639952883,0.0007800788687019062,-0.03322998965193553,0.0010050615524491006,0.04306880524177901,-0.011090624490346736,-0.006652049928426125
2023-07-28,0.013417502871921925,0.022867857265035388,0.01834910542464786,0.030410134252966122,0.041105070589749985,0.024277915725206205,0.0432278086068163,0.0056881843656669566,0.009742708386939452
2023-07-31,0.0031609851909711805,-0.0072668805405912,-0.00044929682131738,0.0110572111941032,0.0037087357528333273,0.0010554044555838775,-0.02136463294944255,0.006669463012145529,0.0019022320924179325
2023-08-01,-0.004285046311426489,0.001249465857537043,-0.004762120671505233,-0.014998135236778893,-0.02406922380883306,-0.008854624395006803,0.01281764400013612,-0.004950280081661426,-0.0028656708129788785
2023-08-02,-0.015611222838356394,-0.02663448713117992,-0.04931815766434011,-0.026781097330387048,-0.027021352113566002,-0.024392376767074102,-0.026374308367910923,-0.01138920018299303,-0.01400847075222544
2023-08-03,-0.007348586357380715,-0.0025681692395457733,0.005541516736957435,0.005444917932495522,0.020295602012260543,0.0005450458798694493,-0.00356970934346578,0.006094724283981449,-0.0028699721428423856
2023-08-04,-0.049211304266584634,0.0034227620757667264,0.003699783716763982,0.07945180513430172,-0.021279912186420162,-0.002650425164940209,-0.007885639664241122,-0.0021128913971394736,-0.004533025778414631
2023-08-07,-0.017404270864717172,0.007083239964704634,0.016360499234946396,0.018808843040995626,-0.009538785882980292,0.026345678567271377,0.018588386107101135,0.004731706745330681,0.008690655340468388
2023-08-08,0.005297639179112393,-0.012375181476160577,-0.016718639461174828,-0.016161386274731373,-0.00698396541730477,-0.0009888935992725578,-0.012460373656440768,-0.005629426494873187,-0.0043581583971775105
2023-08-09,-0.008994728570124953,-0.011785096027328853,-0.048393963073315394,-0.01504759501753799,-0.030537632908455258,-0.01333039160982838,-0.024052379432021567,-0.01349851999892365,-0.006707683059238894
2023-08-10,-0.0012354068195308636,0.0021699484163475845,-0.003908562899793833,0.005137245447970533,0.012922436522360333,0.00023133818179821468,0.0017349993555362978,-0.0014966375618753929,0.0003588894044134793
2023-08-11,-0.0010119628553601626,-0.0059632530747735155,-0.036836113199839815,-0.0010831058272496987,-0.011024937980288016,-0.0010029307132870505,-0.01350073373484674,0.0057790453718337,-0.0005832692666972918
2023-08-14,0.009349338515834794,0.00939468561793335,0.0685309425843762,0.015485316080358403,-0.011981650600334395,0.01356917808016197,0.014971530373486093,0.002069771924176139,0.005504828419965597
2023-08-15,-0.011263517386748526,-0.00675036845373223,0.004264891486232087,-0.020846133672850414,-0.028771606269163794,-0.01187255375238252,-0.013944351089344414,-0.025786784609876295,-0.011717240012162844
2023-08-16,-0.004971422099414284,-0.0045464267339883424,-0.010385987086259629,-0.019066286976507706,-0.03210324714965498,-0.008356608897181818,-0.02569577641644834,-0.004252211447077521,-0.007365221768905127
2023-08-17,-0.014662140580715842,-0.011047027421841545,-0.003270722437134807,-0.008102713606702033,-0.02868774932252366,0.009434771429759795,-0.03176079771890425,-0.010441146460004784,-0.00764906407671764
2023-08-18,0.002812165676863434,-0.0012630855742106484,-0.0010387910594265033,-0.005688597043229265,-0.017161267109647337,-0.019116279616370673,-0.0064750071377676945,0.002284922572854054,0.00048119583651082097
2023-08-21,0.007707004937545953,0.016918737299121685,0.08131567218079633,0.010899633762398327,0.07071456218373605,0.007114098356524466,0.023206114965628237,0.0034176244493352545,0.0064852171709036625
2023-08-22,0.007873830131237547,0.0018002505888257347,-0.028047389524547117,-0.003197806521519639,0.00822448994977978,0.005515700309373584,-0.007965367804614697,-0.020956562504943124,-0.0027122888788976324
2023-08-23,0.02171146809565055,0.013981099860828534,0.03121485228575207,0.009415529041193322,0.015615669490355368,0.02516861346888594,0.022825080597562775,0.006740384561973602,0.01107618151551332
2023-08-24,-0.026518981912310478,-0.021732925683232186,0.0009969786387206384,-0.027530224045928062,-0.02921607421029239,-0.019760295050991496,-0.02578497165721214,-0.0009504372337950628,-0.013956004395686512
2023-08-25,0.012563875190106715,0.009363190602405124,-0.02457699058177426,0.010713027528748599,0.036493404628287436,0.0007702850423630398,-0.004368726913415148,-0.0012232751051583428,0.007025064852663816
2023-08-28,0.008807201954166228,0.0022267628267115774,0.017598108994350624,-0.0009008643247144191,0.0009635784854130897,0.008662629406785527,0.016535077590556387,0.0034621704300961493,0.0063213390295188574
2023-08-29,0.021575829141522288,0.014445640292466616,0.04077163126508516,0.013206715007284348,0.07406603958973092,0.02681094994405131,0.02628278943709912,0.008099375947218804,0.014351295283905607
2023-08-30,0.018990800625655557,0.0011564361476078247,0.009791191564956345,0.00118530020246871,-0.001089320005828064,0.009687615046842379,-0.009745593491954538,-0.0040414365153871885,0.004110354001076374
2023-08-31,0.0011717152338614467,-0.0031376120495489814,0.0018454786517271677,0.021532889699268778,0.004582681990043304,0.002131912462532242,0.0026735105086068667,-0.012428437997607535,-0.0014644620760757739
2023-09-01,0.008427747595417956,0.0027421298620269405,-0.01728974413374466,0.0007967306725371615,-0.05197055872941742,-0.0037523091769601897,0.0016546180964975832,0.0033430389508135546,0.0018634704461354505
2023-09-05,0.001265904969438001,0.0147689496625278,0.0008036816975975859,-0.006173016781758742,0.04579063580383254,0.0008105265678669861,0.01263989812609692,-0.011095315195256233,-0.004331297871981201
2023-09-06,-0.036449612244476785,-0.002010663215146041,-0.031108356107920766,-0.014011920021062172,-0.017978069897591802,-0.009695502107594636,-0.003270310786143319,-0.0016541927631026007,-0.006745137677816119
2023-09-07,-0.0296856823931267,-0.008962178251791018,-0.017577775204194554,0.018228281379293984,-0.0017083203640211426,0.005932004561937072,-0.0016726886595684958,-0.008590917871038745,-0.0030749462677503296
2023-09-08,0.003485667970687328,0.013129115686578024,-0.014573412814991091,0.0027527518216119884,-0.01196040362366716,0.008246331360597183,-0.002614989898980362,0.0007650886075461729,0.0015049542106842105
2023-09-11,0.006600728540023095,0.010919355379022269,-0.00868318827375869,0.03462479564658769,0.09615118904304938,0.0039516573933112455,0.03194584220772136,0.004370639751828893,0.006555105162656671
2023-09-12,-0.017207856012939438,-0.018426447515794156,-0.006840877574690574,-0.013153992385327589,-0.022549196320499374,-0.011606696543322147,-0.019369614746032802,0.012929957332905724,-0.005500711436984432
2023-09-13,-0.011925600122853191,0.012847783543915864,0.013613218509540427,0.025309029522982054,0.01418033641106544,0.010071839308694987,0.011207903088787347,0.0004782737868709604,0.0011653100058186942
2023-09-14,0.008744154734033161,0.007825087679558586,0.0021083764512410575,-0.0008979168301894522,0.017320639037477315,0.010116161557407547,0.021596882322633744,0.019211822054621283,0.008585412055525241
2023-09-15,-0.0041625775646815045,-0.0253556931642393,-0.03757663630482319,-0.03037658988565322,-0.0059953082833390835,-0.005081769244856388,-0.03729008655285397,-0.0029524442369501845,-0.015642605527227762
2023-09-18,0.016771919860582848,-0.003519005161153026,0.0015022440752087203,-0.0029247348968620985,-0.03376463807907184,0.005877980826486689,0.00743124638264567,0.0020810101573367407,0.0005862678085058179
2023-09-19,0.006161828129162566,-0.001246761401060461,-0.010195985848241475,-0.016930564270193287,0.004588376260533905,-0.0012308666005359918,0.00829476975830111,-0.0012749704742577416,-0.0020759838480750876
2023-09-20,-0.020194739222717015,-0.02426901497800144,-0.029876685760689765,-0.01714838747973992,-0.014780377139554338,-0.031645791893399625,-0.01785936845890651,-0.004239077996681623,-0.009235844351152545
2023-09-21,-0.00892921521746959,-0.0038731588572318396,-0.029357354057069164,-0.04505328140436448,-0.026588996104119158,-0.02498428806147057,-0.013235000981876523,-0.007852759366141208,-0.016666477191231367
2023-09-22,0.004932337626036867,-0.007917812376410862,0.014353964414841379,-0.0016251248796010811,-0.043236555785455495,-0.0014576890043411154,0.011264138196221391,-0.009628945128061237,-0.0022510799334294423
2023-09-25,0.007353232681253352,0.0016704716326497466,0.014600877440384734,0.01651413665688319,0.008579557642104906,0.006580989533097456,0.005834225274589501,0.004928487207562633,0.0041963720245047674
2023-09-26,-0.02367651694592774,-0.01715196951564595,-0.0073931095450158624,-0.04113311252209692,-0.011687984544270934,-0.01956311010363898,-0.006235519914435023,-0.010433235737345451,-0.01480025147912485
2023-09-27,-0.008937318409065484,0.002080214125593276,0.013202510381236097,0.0,-0.014939798128788435,0.015206081712641744,-0.004089166945330044,0.0058478108822953645,0.0003990537106883037
2023-09-28,0.0015244478171947313,0.0027138118982796616,0.014516944467593747,0.0,0.0241549898062297,0.013467993826575939,0.020675496039848987,0.01233950680049518,0.005780704134190364
2023-09-29,0.0030418523515483935,0.006704883163258845,0.009470201545469807,0.009008352994332738,0.015465456415727708,-0.011019581496402666,-0.012413884382263951,-0.017566440976333596,-0.002429856399603727
2023-10-02,0.01472657201395238,0.018979435394085486,0.029068344408258614,0.018240461143240686,0.005500013317318054,0.024979584849357164,0.021779078980688184,-0.008656863252796965,-0.00039778993267751666
2023-10-03,-0.00780016161853228,-0.026481728574620438,-0.028654679284701536,-0.0373007704408456,-0.020356864105244222,-0.013053490322576392,-0.019350362844680006,-0.007400183994007547,-0.01347647032989409
2023-10-04,0.0072820628939414345,0.017617208233085463,0.011969399465788955,0.018115851921521226,0.05764957536105983,0.020996869825048527,0.015300648739436849,0.00447458874926836,0.007255588282934912
2023-10-05,0.007172191135768029,0.0012532709718437222,0.014583976514441072,-0.008222697494164894,-0.0042593870629195184,-0.0012578016595522995,-0.0025885232719963904,-0.0031441926830692232,-0.0003768516258725016
2023-10-06,0.01464272339332305,0.02443604458632444,0.02374907202724712,0.015753318962097584,0.0018441397469999051,0.01841236260885932,0.03431372118635882,0.015278159730317684,0.011802882777938796
2023-10-09,0.008415668798788524,0.007792081466019591,-0.010743273068497039,0.0023417029658428425,-0.0033063672235030543,0.006086948778579012,0.009246007828335439,-0.002276896276330899,0.0063817905591359225
2023-10-10,-0.003357807706458779,-0.004345102255780579,0.011529627358815587,0.00946698516860395,0.015097007960672728,-0.0026041725937966036,0.010871744337400274,0.006060135822071322,0.0051913408829109865
2023-10-11,0.007872977668857532,0.01219729898528735,0.02177096524396214,0.017986831598422272,-0.0023926822540326844,0.017874963473841585,0.018410183340541803,0.003427008295175462,0.004087915912236972
2023-10-12,0.005048434552198421,-0.0037976167078114537,0.002965302591582023,0.003785588962598881,-0.015789985181823882,-0.011305227783086545,-0.011227467245863655,-0.0023290622108153307,-0.006115110502897607
2023-10-13,-0.010346073731310877,-0.010411521145171897,-0.03212191388901376,-0.019381108651019514,-0.030395093236742683,-0.011652870249758524,-0.029649197328815307,0.014907886179671804,-0.004993314857244581
2023-10-16,-0.0007271576803311256,0.01487073596274887,0.013849727412101918,0.021042247787508333,0.011088356477393282,0.012587921775348562,0.020320249669883956,-0.0010139861838195977,0.01046649133332179
2023-10-17,-0.008823545293605795,-0.0017452000192754048,-0.04792496767694244,-0.008181257764936053,0.0036559111685428645,0.004447285867399575,0.008835231093714502,-0.0021667509250903935,-4.5913197049638914e-05
2023-10-18,-0.007422327028601251,-0.005889780251103495,-0.04045413348693489,-0.025733286363791553,-0.04893148784195894,-0.01267659194145642,-0.02193637976624525,-0.011041518280861773,-0.013414646956172784
2023-10-19,-0.0021633348643265698,0.0036588099600085374,-0.0022538748762990835,0.00210493209093831,-0.09761624872658338,-0.0015233887009325497,-0.013211166361230393,-0.004258319501208973,-0.00882523202971711
2023-10-20,-0.01481339452204075,-0.01413416970527237,-0.017104687764020087,-0.025477545009301914,-0.037588294506417,-0.0157310275155525,-0.01338804059982554,-0.016236801453241946,-0.012364165589842322
2023-10-23,0.0006938540552079055,0.008079416539687778,0.03765166883401985,0.011043686017449744,0.00042444095402800134,0.006615194107543093,0.017216934569599638,-0.013735007041724125,-0.0017347143698367156
2023-10-24,0.002540137829876088,0.0036674783666725027,0.015882504541909113,0.01567921771001468,0.020719371046622376,0.016781459373888273,-0.004660446313058197,0.001204934547374737,0.007511114561209817
2023-10-25,-0.013583515757294929,0.030216883161817015,-0.044107215429683475,-0.057387204557163146,-0.01911750338776431,-0.09992420044064101,-0.04254984191292604,-0.005469376806166645,-0.01445617591105461
2023-10-26,-0.024913307472257184,-0.03823607524151242,-0.03539737736165263,-0.015106526502479031,-0.03185502392111438,-0.02686838651847985,-0.038039534180183444,0.0025608253089714986,-0.012046887403205692
2023-10-27,0.007937744692775679,0.005838492712631263,0.004305546599207338,0.06609496003096194,0.007456619810883741,-0.0008999846115739093,0.02864763021606084,-0.03668338327795746,-0.004543076364740734
2023-10-30,0.012230172821553692,0.022485657918339456,0.016189214938030556,0.038169415629497834,-0.0491375588495086,0.018570869356867088,0.01978740391410603,0.01266902612802587,0.011884883929670366
2023-10-31,0.002814820305517639,0.0023688614115809858,-0.009299453838083095,0.0028592165427562357,0.017479077618859314,-0.0030578381597424864,-0.004603239182708277,0.011863560835960308,0.006260627657925518
2023-11-01,0.018565230655253766,0.023269844897906983,0.037186210832498144,0.028955362245697565,0.02371578467512363,0.018920415356534295,0.0345154863681725,-0.0008632742779828632,0.010608265814448672
2023-11-02,0.020482061044476387,0.006480530615415255,0.02752092549733669,0.007779930147075702,0.06060741733192271,0.008190964412100859,-0.0031475198916943933,0.017691970392065298,0.018983031132927274
2023-11-03,-0.0051945993639879095,0.012779671018699678,0.03387474690002963,0.0038312748175106013,0.0066139872231546415,0.012549431736053282,0.011927207372656672,0.01111045703144858,0.009082025844375438
2023-11-06,0.014499534151946178,0.010517094830413817,0.016440018957187604,0.008191461641482904,-0.0031418755173999516,0.008868335503455163,0.0038070531421771636,0.007524083316390547,0.002297847915620259
2023-11-07,0.014347353570873111,0.011156783267241299,0.004449059255094004,0.021031053723631822,0.013183964542986627,0.005512618028314088,0.009517640011165878,-0.0004860101113309754,0.00284199554427769
2023-11-08,0.005867648902712359,0.007378512706943085,0.013379777032173818,-0.004424354026475328,-0.0003150737899407528,0.006620739722448967,0.0030065523615561145,0.004918146057003293,0.0007321314630716516
2023-11-09,-0.002627955104147514,-0.00693480991316717,0.008040748217552423,-0.010471269344291862,-0.056160489658582134,-0.012210093952767625,0.002404976811792944,-0.0029757327431773925,-0.007829319807058255
2023-11-10,0.02163794873223134,0.024591881674087133,0.029072695070963262,0.02083402648617425,0.021996498496030296,0.017882688075354543,0.02532015237520873,0.01472233176980508,0.01548430309641447
2023-11-13,-0.008620693785883092,-0.008121238978566207,0.0058790299440612745,-0.006779695661997966,0.04134183399945281,-0.003778151795404371,0.0012767143602677854,-0.004448820968128846,-0.000953639754326823
2023-11-14,0.014184631503116924,0.009742926454431833,0.02108424654638049,0.022262486894446033,0.059438019477541446,0.011516433243381391,0.021398247312860063,0.018082225059019384,0.019214937613587866
2023-11-15,0.0030363164627483044,-0.001621687475865801,-0.015587215885351394,-0.017993607290294027,0.022614155469065075,0.007456044356685376,-0.01076213240164347,0.008719640847730867,0.0021148073588667295
2023-11-16,0.009001502067323369,0.01743045246875087,0.012036560692431319,-0.002587108521031568,-0.03883534904080814,0.017013834543871627,0.004438486818346435,0.01135502383576084,0.00122238529807709
2023-11-17,-0.00010545214547580637,-0.0169436700299209,-0.0036850191889016112,0.016319176713110995,0.0030349323976646067,-0.011901368622865961,0.0025402523695708702,0.00900528882353518,0.0012430303845870662
2023-11-20,0.009235488373932033,0.020314087591139347,0.022286219350210152,0.006522368493262836,0.005533119144943252,0.006923009310859361,0.01460742882739106,0.003070702233031791,0.007668124752286349
2023-11-21,-0.004239832394175006,-0.011645532898620114,-0.00926735578637639,-0.015378098422388055,0.023490974516940124,0.005270499115569634,-0.008833768001193305,-0.0020896766643563576,-0.0021817926592202913
2023-11-22,0.003508306644876359,0.012731218390931361,-0.024894872566566858,0.01933932343605667,-0.02940827473431172,0.011036227860400679,0.013294753395576887,0.002350641675027961,0.0038533997022272832
2023-11-24,-0.007028964851045005,-0.0011122059943587817,-0.019484068283943036,0.00020445580612358505,0.005280386261856706,-0.013082554493863635,-0.009592197487534393,0.001368602282379309,0.0006151656456207858
2023-11-27,-0.0009480090091400063,0.003121511211609481,0.009706581151388642,0.006723903692254734,0.0026721746625813217,-0.00205052267409067,-0.010491525231755651,-0.0022820787108806828,-0.0018025831074994956
2023-11-28,0.0032089279273993677,0.01074481149152895,-0.008765167253228701,-0.004749615125618929,0.04408335693193017,0.005774609697282341,0.012735934923442344,0.002282078710880591,0.0009896124396357015
2023-11-29,-0.005424342810680695,-0.010111059840763608,0.006648563980867315,-0.004840585148378569,-0.010512266581044115,-0.01623895073479851,-0.020233345687058833,0.0050673403861160255,-0.0007036685470760853
2023-11-30,0.0030581160772190498,0.00015835504103129536,-0.028871438150903872,-0.001573209061844679,-0.01676961998268328,-0.018391716632034323,-0.015318471266103757,0.01134029198765587,0.003929728299914877
2023-12-01,0.006768348914307308,-0.011680188582846128,-0.00010693469029045707,0.006413794210223246,-0.005220199323597404,-0.005068267367880593,-0.00714755736411761,0.004857446028428047,0.005898459934950831
2023-12-04,-0.009509688006157202,-0.014442515384455228,-0.027203001687777888,-0.01500697967354326,-0.01370144313218934,-0.019837484967406196,-0.014887745784404428,0.007305620579021156,-0.005263235464555216
2023-12-05,0.020844456346414825,0.009114682599790454,0.022938656585212863,0.013986300502114904,0.013240755825754019,0.013217752998775697,-0.005420515772025088,-0.0001266253453765473,-0.00019708162213514347
2023-12-06,-0.00570329139174604,-0.010036239578429095,-0.023092480099481356,-0.016198024273178003,0.002719129460769398,-0.007432708708957116,-0.0026425796687167304,-0.010563950020064819,-0.004037918727864448
2023-12-07,0.010088276612733347,0.005812856959905854,0.023736493313200595,0.016198024273177868,0.013568409275163595,0.051781475219009256,0.028385186291011916,0.0030660882632192197,0.007601436708841672
2023-12-08,0.007385039978983641,0.008803295472133887,0.01934131482739504,0.0036696832247470495,0.004933396614923965,-0.01426905054150682,0.018685906914352568,0.010973507722825772,0.004289938682770291
2023-12-11,-0.013011647184869976,-0.007860282708582978,-0.018676280849406868,-0.010432734440314026,-0.016957231787828677,-0.01267358706830209,-0.02270511114796101,0.0036521784320812404,0.003882020560905879
2023-12-12,0.007888947771707804,0.008261009109010353,0.02184980627625059,0.010839635496016388,-0.011452714531076777,-0.005793545573734896,0.027113116300370613,0.008885598308589655,0.004556834710761382
2023-12-13,0.016553717390059137,-2.6737270452321032e-05,0.009003136555809737,0.009179334477907091,0.009573866272891631,0.00037725338687553934,0.0015546194840991609,0.003358379193940565,0.013695899627010042
2023-12-14,0.0007574110681509634,-0.02280256188163716,0.005433498584020609,-0.009586235533609468,0.04797595720291628,-0.004763570760054372,-0.004701171383982481,0.01802853264326521,0.003204233465814398
2023-12-15,-0.0027294460702816685,0.013032026227118125,0.011106673766097183,0.01714963889276147,0.009711688394547188,0.004989831482653308,0.005238826900846308,0.007532932952941529,-0.005694075349752459
2023-12-18,-0.008539714917303858,0.00516556045841301,0.02398895003424525,0.026971809898698733,-0.0056173183184346845,0.023846113815748277,0.028550609117673747,0.0060339290400220884,0.005609309688445641
2023-12-19,0.005345852136834865,0.0016356289690250363,-0.009490336654420877,-0.0018191003361762062,0.020185249870892544,0.006239630111719656,0.01651880893894555,0.013266605890600898,0.0060624706430893955
2023-12-20,-0.010771733360343535,-0.007097988156897621,-0.03056063502278477,-0.01091834083412718,-0.0399767793773106,0.012291528991875592,-0.0030872661784920007,-0.011343368772801794,-0.013954179408550985
2023-12-21,-0.0007702455125948375,0.00784785099983242,0.018105387448486,0.011243426514228085,0.029345860784192233,0.014923521848625923,0.013677218460053837,0.005687768302059481,0.009437245558765753
2023-12-22,-0.005562940974518443,0.002780245693285362,-0.003271314339771117,-0.002733830879625901,-0.007731210565404946,0.0075911634822911755,-0.0019788033781617184,-0.0005972296704136215,0.0020076758121667965
2023-12-26,-0.002844967850533354,0.00021359535313365236,0.00915309761525891,-6.514686816695571e-05,0.01598774007390915,0.00021199800978108086,0.004066459308231649,0.005896592402879474,0.004213637385105742
2023-12-27,0.0005178189940495606,-0.0015759925509876759,0.002796477656837999,-0.00045644547960358643,0.018647455510860632,-0.008159321280398101,0.008419212061327733,0.005980032190168054,0.0018064529064549342
2023-12-28,0.002223815667430748,0.0032294455110106757,0.002122511497586038,0.00026087992298881607,-0.032104151730159784,-0.000997857489899843,0.0013684865813126668,0.005298859400780867,0.0003776598313376663
2023-12-29,-0.0054388937789295,0.0020231326663655612,0.0,-0.009432812028151797,-0.018738327073791184,-0.0038582020542593594,-0.012242574081261275,-0.001175070304794121,-0.0028991719525495417
2024-01-02,-0.0364426683157658,-0.01384395971079123,-0.02772211738523425,-0.013317252487412825,-0.00024148746074577508,-0.01094090140038421,-0.021907289287669583,0.011572960316450701,-0.005612073647762583
2024-01-03,-0.007515780015705521,-0.0007282534024568719,-0.01251359125329964,-0.009785543802100045,-0.04096122279932548,0.005413416878841,-0.005269591493640297,-0.004367963568013442,-0.008200218753116065
2024-01-04,-0.012781451663886221,-0.0072034422875652685,0.008978072559004251,-0.02661905587134582,-0.0021831499656647054,-0.018379790231494452,0.007663519946539995,0.00046683685140578944,-0.003226278085188268
2024-01-05,-0.0040211075895140265,-0.0005165285514282662,0.022638569361499685,0.004623714384981175,-0.0018509415250833076,-0.004850837631510599,0.013818627314678878,0.005004669375650332,0.001368722711720566
2024-01-08,0.023887294910533066,0.018695664460686066,0.062299338302943125,0.026229678338986727,0.012386614576639277,0.022654577784886214,0.018885719992677148,-0.0014522642989006546,0.014174987030583994
2024-01-09,-0.0022659743842163706,0.0029314755227555144,0.016832654919215293,0.015109875810597672,-0.023096839566935645,0.015083031291657951,-0.0034353564560337196,-0.007937479393385388,-0.0015182214715403434
2024-01-10,0.0056553784780440505,0.018403758434606683,0.022514656646229366,0.015470650615520465,-0.004350632806278706,0.009391742591899864,0.03583295481807649,0.002107239143089775,0.005639492806995132
2024-01-11,-0.0032277509624493044,0.004847588027953987,0.008646962145703948,0.009387897135060056,-0.029145966144498332,-0.001406646369320441,-0.0021617209951277257,-0.004218928121503049,-0.0004407372315755655
2024-01-12,0.0017765439569733025,0.00993410396364497,-0.002045056296325205,-0.0036152239546972612,-0.03734939877742937,0.004003742741507552,0.012954322156212178,-0.0073670583822432216,0.0006924998916625722
2024-01-16,-0.012393573693348117,0.004622829239799605,0.0301034667461705,-0.009487311793446907,0.004649070658851298,-0.0011221745139363387,-0.018950628316368023,-0.006290060684818545,-0.0036779815254260042
2024-01-17,-0.005186941897946375,-0.0020519354751060664,-0.005852261317973168,-0.009512302504832145,-0.020025473044372827,-0.007184171259372269,0.002473408647776576,-0.005371919032409197,-0.005574187544936197
2024-01-18,0.032051502019659395,0.011234049561225484,0.018628977068358372,0.011729719012639512,-0.017172815629643214,0.014107933787134715,0.020846986711195593,0.001973046805952314,0.008853494233072969
2024-01-19,0.015413612486248647,0.012113147475738776,0.04089838574844336,0.011915672389449407,0.0014620115002590317,0.020010390643497574,0.019274424749066595,0.01711467722065465,0.012389101331860433
2024-01-22,0.012089922065442798,-0.005432754626077051,0.002736133291805929,-0.003611493461086361,-0.016105240597581734,-0.0026678496913054473,-0.004364742770251849,-0.0011750013061984847,0.002112104827275948
2024-01-23,0.006631187392870378,0.006009457543719566,0.0036644777214667607,0.007979485588611064,0.0016270106278732431,0.007166449108358154,0.008918188338725886,-0.0066057161288885936,0.002912237082337803
2024-01-24,-0.0034900091293561765,0.00913340439682506,0.02456507249472283,0.005433174197432314,-0.006283434610725192,0.011226219995957203,0.014177321690943333,0.008895722642986879,0.0010925624315369024
2024-01-25,-0.001698108482301312,0.005721867857136507,0.004147072807371126,0.005594095679664069,-0.12925817170128795,0.021094026647722013,0.006327470346277783,0.014209430925783511,0.005424155178897727
2024-01-26,-0.00905358115900819,-0.0023244383749521503,-0.009555913097487179,0.008647102438040672,0.003389065826718794,0.002104896697625155,0.002438709646701907,-0.003823674549021797,-0.0012712113489856446
2024-01-29,-0.0035923633706288183,0.014232425058189477,0.02322449952214017,0.013359331333490848,0.04105548959785763,0.008635919412816408,0.01730506068059162,0.0026086038699498684,0.007888186936642859
2024-01-30,-0.01943343959509632,-0.0027618032394777204,0.004934544971247978,-0.014113732972622603,0.0034508226289791306,-0.013444067688021272,-0.0023967442220902634,0.020287277699741302,-0.0007737525103342413
2024-01-31,-0.01954739242829894,-0.02731606137550749,-0.020064837494067053,-0.024189614134501332,-0.022699471099276523,-0.07796511110495197,-0.0251088431431028,-0.010894803799307486,-0.016451914258144705
2024-02-01,0.013252398607999679,0.015474034226180907,0.02408710298463108,0.02594906400632865,0.008347821172369478,0.007537527841654671,0.011822958009327865,-0.0036197855574432282,0.013003243074726334
2024-02-02,-0.005419747046821537,0.01825818190005795,0.04851289327937362,0.07572554877189726,-0.005042858776994556,0.00860554921991974,0.18496508599907743,0.005739555585884788,0.010472351923623717
2024-02-05,0.00979841629578317,-0.013637650264133806,0.04683046457529147,-0.008768909348284514,-0.03713468972636411,0.009088979608021304,-0.03335066510953286,-0.001317159256676736,-0.0036478271713354265
2024-02-06,0.008594728456425801,-0.0003945155394012971,-0.016124825508135644,-0.006834432372405122,0.02206779799027196,0.002918991783608598,-0.010261217919024252,0.003432532506637279,0.0028990992604667125
2024-02-07,0.0005809226663934482,0.020890521742274463,0.027126769537459464,0.008125368023266808,0.013309178288648728,0.009943371426617494,0.032178118176464376,0.0018827870418806597,0.008305819554012096
2024-02-08,-0.005771314598571634,0.00014489364529636297,-0.006555056964094697,-0.0040544313336464575,0.010500153377802503,0.0025391015861390654,0.0008727289343880473,-0.003597580510996206,0.0004415833108797068
2024-02-09,0.002810399073472704,0.015431745739113573,0.035158224358993066,0.026781354306300166,0.02093365777497024,0.020956287571115912,-0.004029414962356388,0.0012006030803464597,0.005762791733809747
2024-02-12,-0.009042679740372516,-0.012658495783376671,0.0015929780876426975,-0.012168901576895616,-0.02850600281752684,-0.009914769290254085,0.0016862333371245883,0.004446978858905502,-0.00043904531949477997
2024-02-13,-0.011338420097622396,-0.021763809079990173,-0.0016623645851637605,-0.02170298682855135,-0.022088768605910858,-0.016332747010474977,-0.01890219866310449,-0.008741657338920685,-0.013868781838918256
2024-02-14,-0.004821371893041141,0.007771414603538087,0.02427055303229851,0.013780303876272836,0.02516701014711292,0.005496805421579417,0.028199862527426036,0.010106022842914794,0.00904659527888467
2024-02-15,-0.0015760079915504534,-0.007180945555446858,-0.016949387130448385,-0.006925273760105457,0.06035334314528131,-0.021960621339699966,0.02245970880165851,0.021579912470287604,0.0068760437671022455
2024-02-16,-0.008466080331399369,-0.006168137823611831,-0.0006195065993135117,-0.0017094021256489145,-0.0024975038337594173,-0.015885115924337036,-0.022375177754357066,-0.0046809578487833235,-0.004992421806456445
2024-02-20,-0.0041223572824271755,-0.0031480202091274828,-0.044508038298185434,-0.014439139136134756,-0.031447068575792124,0.004260699855779555,-0.0033225237418358228,0.0039023182476375525,-0.0055206057201699224
2024-02-21,0.004177260968319589,-0.0015156241474556008,-0.0289232177606927,0.008996959517601153,0.00519914572330688,0.01008227910896158,-0.007916790429564658,0.006488657669135836,0.0009054231408219095
2024-02-22,0.011181156488774513,0.023273727530855128,0.1518699109265574,0.03491338968982024,0.013463405650618309,0.010745242162398602,0.03794369406859102,0.011924274709144887,0.02048425603665073
2024-02-23,-0.010084802131148877,-0.0031873835039944224,0.003546116933404743,0.0023457610294128446,-0.027943686650054866,-0.0009025490815505986,-0.004329202142833267,0.005012804791104403,0.00068942948791089
2024-02-26,-0.007479140564589172,-0.0068469670736208575,0.0034830414550332664,-0.0014869599257995307,0.03797371074003026,-0.04540259813501696,-0.004742356591772824,-0.003430001306695772,-0.003669253457560932
2024-02-27,0.008081636037250204,-0.00014722965636265557,-0.004955952061861661,-0.006833819221537168,0.001653606167566249,0.00947735435769536,0.010962233000685152,0.0004906973108444384,0.0018560256034270653
2024-02-28,-0.006647499846148286,0.0005887886106833135,-0.013276836649200572,-0.0021920379551390117,0.011499231283567918,-0.018165143175038076,-0.00624055667491432,0.005056737686855263,-0.0013225219478980774
2024-02-29,-0.0036999140550196753,0.01441539843608114,0.018485584378327598,0.02057680546309288,-0.0007921787106965236,0.015136380843956203,0.012544466523105178,0.009070317366024623,0.003588498464511727
2024-03-01,-0.006048664854259358,0.00448654856523547,0.039251339133577215,0.008225899848415687,0.0037575170226514664,-0.009579226333812212,0.02452685445177076,-0.004147060158856819,0.009344468082401325
2024-03-04,-0.025708922035495445,-0.0013968513696511863,0.03531970320906055,-0.0035975271186564546,-0.07424463938175002,-0.028025001006977447,-0.00821599118668116,0.007473752787581868,-0.0010729900314741514
2024-03-05,-0.02885323246585299,-0.03001807984266283,0.00849296161423167,-0.019676533274039055,-0.04012679843323044,-0.005112468271415725,-0.016127262841601875,0.009967358042238961,-0.0100444113894327
2024-03-06,-0.005895548433220087,-0.0013917480323597433,0.03133128715761227,-0.0035094856867787733,-0.023512123304642613,-0.009618768526633837,0.011903082070088625,0.005184077007753939,0.005054453726737115
2024-03-07,-0.0007097783269727351,0.017381496512781994,0.04377413582012889,0.018897104445031784,0.01188110874296599,0.022425584227242064,0.031938300222322344,-0.008797108608695035,0.009877486355824644
2024-03-08,0.010184621335404206,-0.0071625437952419595,-0.057075249950429556,-0.00834829600574499,-0.018701625030085045,0.00763559621147251,-0.012257780415134206,0.001861289627325841,-0.006020292976064564
2024-03-11,0.011762126389301778,-0.004193735893324412,-0.020242786318162672,-0.01952208072253206,0.013763678693560029,0.01655226373520152,-0.04520044159512204,0.00037179393512577915,-0.0008602198798415472
2024-03-12,0.0027747039795536412,0.026251836704458756,0.0691265449161092,0.01975013161880721,-0.0012947061441473569,0.0060108218528587025,0.03287054067291102,0.008198300985723486,0.010699925765846127
2024-03-13,-0.01219663650520539,-0.00043351881678701826,-0.011214514737848697,0.006648685830772736,-0.04646099727496628,0.00927092282740633,-0.00839934336596773,0.008079413027816127,-0.0015687412440107565
2024-03-14,0.010868064375651553,0.024087215158259706,-0.03292773358728896,0.012327433453265669,-0.042056898779332184,0.02340248075970565,-0.0075755289878061205,-0.0179786237421775,-0.0019787351992332034
2024-03-15,-0.0021989759927496765,-0.020912286348276667,-0.001217449810783349,-0.02452200827324045,0.006563076277915342,-0.013508109125766216,-0.015841591473122366,0.012319408216023968,-0.009992521797621997
2024-03-18,0.006352196188434696,0.0021589325776746084,0.0070111675791149864,0.00034392410567333365,0.060664152342604714,0.04501210107060446,0.02625829639079196,0.012325205998957091,0.005925564400416204
2024-03-19,0.013493632923735257,0.00975290905068803,0.010604371101197134,0.008105519638180665,-0.014372034891457558,-0.0044110818721861825,-0.0014901449587810148,0.005848067555469065,0.005541759714507747
2024-03-20,0.014602071079627316,0.00902398464696863,0.010836163220206535,0.012710240746571368,0.025017133837829976,0.011563212919313108,0.018527919746848687,0.013021862343978426,0.009206790605195993
2024-03-21,-0.04171558551687715,0.00968878185613659,0.01169380748320277,0.0,-0.016299696542812377,-0.007693898688367115,0.004421333498499371,0.01380934831617138,0.0032992544416057122
2024-03-22,0.005296119920383778,-0.0014683548886772085,0.03073623875289961,0.004033399915744371,-0.01158171211632812,0.02124957161033005,0.0035779164384090387,-0.012333367448217232,-0.0018976059248372494
2024-03-25,-0.00833503881462208,-0.01380953146010907,0.007533383067711584,0.00468522019633587,0.010481683435756076,-0.004653624415187047,-0.012956921769433619,-0.009196814167417031,-0.0027666301033714116
2024-03-26,-0.00669487670171546,-0.002865548810043281,-0.026030078127034312,-0.007876935918428052,0.0287772826285837,0.003990101947201742,-0.014275751424410645,0.0046600437484844515,-0.001848720811659766
2024-03-27,0.02099074679035559,-0.000521898821465841,-0.025284257106179105,0.008544428374293455,0.012084083617363902,0.0013265038271645362,-0.004102110924043234,0.019178366659331238,0.008368703582209678
2024-03-28,-0.010615267559789551,-0.0016861405413210544,0.0011738571048740798,0.003053793447902987,-0.02272190773999231,0.00039759815646706043,-0.016908021468809296,0.0039017545622839155,-0.00019111406020605603
2024-04-01,-0.008491731924507051,0.009109377107483968,7.742577947127026e-05,0.00326551461029285,-0.0032477284143495326,0.029765351553730487,0.011812692147681983,-0.006812973911366532,-0.0017413094278576045
2024-04-02,-0.007023385665577958,-0.007399484942108421,-0.010132672640455136,-0.0015484091821309372,-0.05026651935105258,-0.005999101529450244,0.012177488871853161,-0.00040222137516092253,-0.006378400662397819
2024-04-03,0.004785956028658185,-0.0023518290357668237,-0.005470448926038467,0.009474051539763393,0.010447544054431742,0.0023264881588352425,0.018663826167261123,-0.0028200117058292144,0.0010978980906576894
2024-04-04,-0.004904353312780784,-0.006131273658128356,-0.03498973822683124,-0.013300069884866008,0.016083269202606634,-0.028746451064150157,0.008215016186576222,-0.013453733455023013,-0.012281197944720696
2024-04-05,0.004491700733089156,0.018117602961436455,0.02418573588959165,0.027777320574842966,-0.03696743555877544,0.013002204284421604,0.03163250427483863,0.009158054816479211,0.010392697227312885
2024-04-08,-0.0066858509375796425,-0.002187935826659166,-0.009992032108032756,0.0006481667921116775,0.04783676362708771,0.015292349787408998,-0.015460089974673887,0.0052029455808367125,0.0005591824618205978
2024-04-09,0.0072164115271257925,0.003972415700328721,-0.02062845371681188,0.0025885563003378185,0.022295607975213145,0.011237876697022097,-0.004535983322535372,-0.006723488492748258,0.0011560955273918782
2024-04-10,-0.011201773120458362,-0.007109733984427701,0.019549040532027787,0.0015069094018642995,-0.02937344256551801,-0.002941785748754636,0.005652388489696252,-0.008557908155001003,-0.010063585851018561
2024-04-11,0.042360890734896434,0.0109729431837689,0.04027445736106259,0.01653374252017079,0.016399556773736196,0.020726485835308294,0.006385425364383412,-0.00020469964536334187,0.007518550514969957
2024-04-12,0.008589658782483604,-0.014191309024920988,-0.027182581920601363,-0.015566165935951603,-0.020541749097701737,-0.01059483920624907,-0.021758011747486178,-0.06686430536596716,-0.013899225274285687
2024-04-15,-0.022106045925824505,-0.019772238933290314,-0.025089268635691688,-0.013577002419975346,-0.05757465973833702,-0.01836319651231271,-0.023061266923100638,0.0005469596806597678,-0.012607265932115247
2024-04-16,-0.019353353413071633,0.0022698614523318783,0.01630798541740089,-0.0016350785294987403,-0.02743506868222295,-0.0029748888397559555,-0.0009400118912353551,-0.011493411041956468,-0.0018254601741845044
2024-04-17,-0.00818076091775587,-0.0066310116669056575,-0.039433480816044454,-0.011190509048215303,-0.01062208397137564,0.006906196753211562,-0.011248388010062204,-0.003990258070783746,-0.005935821400641786
2024-04-18,-0.00573071490215623,-0.018551971122823148,0.007539707722989095,-0.011428682278624262,-0.036155647217109545,0.0034672777354793306,0.015321994889952822,0.006476086968300524,-0.0020598541449591205
2024-04-19,-0.012287790600522064,-0.012820833074034494,-0.10541170738661579,-0.025944630354616176,-0.01939578390268632,-0.012383249021104433,-0.042188804718177285,0.024793549069915155,-0.008766665273877018
2024-04-22,0.005077972144759473,0.0045995390777093205,0.04262196008344253,0.01477882204751945,-0.0345935559693179,0.01411243884814956,0.001371009042250979,0.019243154198248676,0.009166993946983032
2024-04-23,0.006371348052552827,0.016351064643584844,0.03588109924467649,0.0129496869735391,0.018345226676437152,0.012589953095433355,0.029393717680089616,0.01431027280204645,0.011796774271143656
2024-04-24,0.012622282296285559,0.0036491235415571635,-0.033883495493238776,-0.01656734624660272,0.11387415621830609,0.005482293435213917,-0.005254672736461468,0.004880350470696901,-0.0004747299655049409
2024-04-25,0.005134088807017054,-0.024800154676318357,0.03641607402173808,-0.016673704471388103,0.04845814470471284,-0.019865501656979652,-0.11161666539091769,0.0015008065356712265,-0.003806156719710841
2024-04-26,-0.0034788580363657065,0.01807936061336064,0.059923854019958256,0.03368654484295438,-0.011168015552988686,0.09734771188080067,0.004318009203021405,0.0006204331263863696,0.009429315293021177
2024-04-29,0.02450529222208428,-0.010067258646236966,0.00025075984537682787,0.007432568410519159,0.14242723171122051,-0.034312761064707355,-0.024364469436892845,-0.0010859515070226963,0.003535214185462806
2024-04-30,-0.018439856764385882,-0.03264650732225627,-0.015560845730130867,-0.03349007554568368,-0.05710084205665045,-0.02049136966583286,-0.005679222638741672,-0.007999592132850987,-0.015968060924207314
2024-05-01,-0.006065435457698386,0.014306582260641429,-0.03967636249082618,0.022599831917240992,-0.018113707174260838,0.006612820038706598,0.020751616214679483,0.0006256262731603697,-0.0032524344116499487
2024-05-02,0.021792675648863204,0.00731604439062481,0.03288267156852448,0.031455365813882176,0.00011105007606901516,0.01670333280317802,0.005653494568467677,-0.001042954548097386,0.00930996529944333
2024-05-03,0.05809554643480651,0.02192755928602745,0.03404564723647476,0.008033933494385928,0.006533843535574036,0.0037141980926755037,0.023008040041524985,-0.006018330229588316,0.01231912958333033
2024-05-06,-0.009148482639280829,0.01677680114796012,0.037046367934314844,0.013283331052944075,0.019511437908750914,0.005129137389049048,0.029905025800794186,0.007790714234431793,0.010273860527033316
2024-05-07,0.0037899975687550862,-0.010208168030562697,-0.01736278560433208,0.00031790155490520083,-0.03834210509362018,0.018565400418927635,0.00548227689146867,-0.0013029317804160172,0.0011028380684626946
2024-05-08,0.0018623634524984746,0.0029272894979643737,-0.0015693369746433204,-0.004034374926922967,-0.017530851194269642,-0.010979736821319848,0.009268413540627,0.02013487721296219,9.665733795148855e-05
2024-05-09,0.009964427371333831,0.004326377564595775,-0.018587386768254555,0.00794706169253194,-0.015864649448707815,0.0034184144282264363,0.005949274453483519,0.009411266880848623,0.005745331819169011
2024-05-10,-0.0082694787638438,0.005852029655827744,0.012663533306373933,-0.010716874256865036,-0.020562350450525728,-0.007737629432010242,0.0016393075659640577,0.006409814555826754,0.0012872960520189931
2024-05-13,0.01749155532315908,-0.0024623748631589035,0.005780051503259398,-0.004865607224493341,0.020097034145307512,0.0029012454282868355,-0.017348275610009005,-0.000201300855632583,0.00013428613231119228
2024-05-14,0.006154491732682881,0.006841083533611444,0.010530764498784111,0.002676374471979152,0.03239754278801776,0.007069647468594515,0.00817146732562393,0.013891882645504477,0.004577659496461211
2024-05-15,0.01214390414981207,0.015530751728032876,0.03521052865092608,-0.005789979151338669,-0.020254418706909572,0.012658755748956483,0.020328167858041514,0.002973125973700764,0.012306991279978533
2024-05-16,0.0006322853933872297,-0.004952197487457364,-0.002867852433328788,-0.012770048240180699,0.004873391179277019,0.009634031251812092,-0.017407767810075244,0.0017796267919055872,-0.0020596279688887354
2024-05-17,0.00015800890171122084,-0.0018544912501636775,-0.020125117604915768,0.005809980560830076,0.01487402019069651,0.010735626950979764,-0.0027932542523109753,0.01139329761158357,0.0014365015702952906
2024-05-20,0.006143193321744932,0.012134274500960848,0.024576852202645855,-0.006300279871404103,-0.014245067870223688,0.004872810484645594,-0.006526746154305833,-0.04601551881775848,0.0011514481474172668
2024-05-21,0.006833865869144476,0.008661334105904412,0.006373430137870883,-0.00212713491141393,0.06446711975223302,0.005242890062290755,-0.009020150608738469,0.019944991099116984,0.0024495269806736565
2024-05-22,-0.007566962170221192,0.003443580286311397,-0.004581428680368975,-0.00010914608364277473,-0.035399542384592614,-0.008299746569281176,0.0067566968779405445,-0.006083052758744997,-0.0028834974288917308
2024-05-23,-0.021282972991457393,-0.008209741648732175,0.08910596634916554,-0.011423056748417279,-0.03600781828881078,-0.0161750262514062,-0.004284680288309086,-0.007033904995148761,-0.0073310266367182745
2024-05-24,0.016452055205107004,0.007373227786163656,0.025397508123285527,-0.001658392028660058,0.03116576011599187,0.008263100932848424,0.026357463182180896,0.019063568030457487,0.006594642789596251
2024-05-28,5.268713632729002e-05,0.0003718939705991987,0.06747577902957184,0.007715628907514658,-0.013989415788236143,0.008025248147303455,0.003548571116893935,-0.006046877292069395,0.0006985983143454546
2024-05-29,0.0015777209222638902,-0.0026759928677964253,0.00807954501475379,-0.0007138953246986688,-0.0031733327174769638,-0.0028384919275310123,-0.011652955107776138,-0.006991801262810818,-0.007027184767931233
2024-05-30,0.0052413770350908506,-0.03437008655194104,-0.03839368267658087,-0.014944634490046925,0.014648923152829736,-0.02178180621655362,-0.015530204033768332,0.006139316853613535,-0.006655802363201398
2024-05-31,0.005006042319038915,0.001108680385744227,-0.007877067367059797,-0.01619107105787046,-0.003978997402597566,0.0022634256432374996,-0.0004711552465239922,0.016419928053701235,0.0090669202532969
2024-06-03,0.009216171606116463,-0.0038858816314384466,0.047793674772502445,0.010710931098535235,-0.010102569596006488,0.003876523918904244,0.022578059905234902,-0.004005432647192956,0.0008150207199744992
2024-06-04,0.0016479087111245946,0.006147678619730523,0.01241819543707253,0.0055916049316681584,-0.008659479988969872,0.003573874754254596,-0.0010476910065522953,-0.01326770716547179,0.0011172741940039222
2024-06-05,0.007790460234814007,0.0189035299514034,0.050270810216502274,0.010759365441920877,0.0013151256990527008,0.009278476588541843,0.03718345657820954,-0.009585912483238939,0.011815027054442569
2024-06-06,-0.007121840898579786,0.0012020301231195052,-0.011847108402547688,0.02031303453242799,0.016660454613497404,0.007497008293515699,-0.002629373459894452,-0.0017758375235555682,-1.872156590881285e-05
2024-06-07,0.012315886014550241,-0.0015794595596162165,-0.0009095244636971615,-0.0037909438439048654,-0.0025885260992180074,-0.012927592537853905,-0.0016215714384237244,0.01532052987525974,-0.001216396959663698
2024-06-10,-0.01933346198838391,0.009439766259714575,0.007433756465701216,0.014864526720524128,-0.02101026729322036,0.003147556271573364,0.019366619738922227,-0.0017018541497109418,0.0030849976419914907
2024-06-11,0.07013140699378369,0.011179008120216348,-0.007251760142231361,0.0009083768397987709,-0.01817434057762428,0.009157420634441582,0.009642961020283456,-0.02665335320249469,0.0024054217322930335
2024-06-12,0.02817764553280259,0.019182507244212006,0.034865936816885656,-0.0018175795783648761,0.03811347747393242,0.006602536370781039,0.0026960198173755427,-0.01466766473687757,0.008179461827137285
2024-06-13,0.0054761229911165004,0.001178258595075969,0.03461751185348768,-0.016508777761010902,0.028799010597446485,-0.014903177925151332,-0.009358944894701153,0.011059615152239136,0.002011472906592374
2024-06-14,-0.0082019532980566,0.0022394869028072428,0.01736250908376909,-0.000925185330377967,-0.024746085007725318,0.00926268670099959,0.00011901207641565068,0.0006194255640517095,0.0006081975017191718
2024-06-17,0.019480495982683053,0.013020112943526249,-0.006847848057470798,0.002175536021534634,0.051619109593938894,0.0025422277826682095,0.004887278497518076,0.006173478631391467,0.007927421171589219
2024-06-18,-0.011045243763487348,-0.004537788293593108,0.034517278337443155,-0.006814429382413544,-0.013860022086213656,-0.012204670801446875,-0.014193405453274027,0.010306761449166766,0.002537473758677731
2024-06-20,-0.02174768241954588,-0.0014348778855943884,-0.03604537270905467,0.017836847681061675,-0.017957490517488177,0.006887000191209118,0.004414797504550528,0.008441418825419973,-0.0027202277819783596
2024-06-21,-0.010499351871975664,0.009112464275381085,-0.03272100040587549,0.015886019163884733,0.007899471520701,0.018712100249503743,-0.013889138959166181,-0.012001030734595889,-0.0045624768099957755
2024-06-24,0.003127755064589419,-0.004702187777835919,-0.06917911360182505,-0.018738006784044702,-0.002352322975825913,-0.0022850986960827714,0.008312509240968663,0.013057535485139195,-0.0032559597055963445
2024-06-25,0.0044582318736075145,0.007300111842803036,0.06537950985011054,0.004140733544431204,0.025790114652126835,0.0264846728966558,0.023160790657652794,-0.004081111766849055,0.003843484859423134
2024-06-26,0.0197960272208764,0.002679611914001528,0.002455585143063832,0.03827288718411035,0.047022052078927956,-0.0008153836715591419,0.0049232096679196384,-0.003236486508766494,0.0012473040467964628
2024-06-27,0.003978037731627821,0.0015248507036572506,-0.019250593821887728,0.02166336912708652,0.005332819818052439,0.008286211368804699,0.012472568411177557,0.008774668167415263,0.0015752381681971572
2024-06-28,-0.016387685334008383,-0.013114199453253757,-0.003635902284166346,-0.02352451121310858,0.0023273813203096337,-0.01773911891478543,-0.029969611653119774,0.015395249109348079,-0.003942869945335037
2024-07-01,0.0286890768912434,0.021645671878020873,0.0061330253896867285,0.020233739225558187,0.05877983360300819,0.0046010466121369185,0.000911867359965498,0.01564870916030207,0.0020559795686297933
2024-07-02,0.016109470331886984,0.0055676124777869354,-0.01320021495022643,0.01409893985494711,0.09710195030947986,0.01222077470833332,0.00950530211583859,0.016317852141442338,0.006707171463487453
2024-07-03,0.005794225427538552,0.003238936050717344,0.044717557191037115,-0.012123208336190894,0.06337304899541438,0.0031261913619710035,0.0009024218510787743,-0.0006706236513830306,0.004452672374999366
2024-07-05,0.02138996593803601,0.014628698265744153,-0.019283561153337122,0.012123208336190851,0.02060688228437311,0.0253985206139136,0.05707013474672191,-0.01886487790139585,0.00574993460235957
2024-07-08,0.006517598262800098,-0.0028271754566299946,0.018659716526216393,-0.003556349891709378,0.005629789876539415,-0.008271297078391426,-0.01980923151869782,0.0018538637894760586,0.0011532627469240334
2024-07-09,0.0037677387466135636,-0.014474494317281709,0.024502403947989197,0.0002508745118109151,0.0364508858978897,-0.00026455941787832,0.0012838288042851943,0.011918778185233325,0.0009719702134054468
2024-07-10,0.018628980265788138,0.014495963213956669,0.02651399196566244,0.0022548901390979956,0.0035389720904070512,0.011574187578551226,0.00881013772372392,0.0008184203123862998,0.009846651925863915
2024-07-11,-0.023494679077722437,-0.025084083280719805,-0.057276161480423596,-0.02401082970854252,-0.08822077208547265,-0.029783145500013125,-0.041996241670930655,-0.0016857612830952495,-0.008659969863070056
2024-07-12,0.012966438494921347,-0.002532397530764042,0.014339428344752825,-0.0028751754997392003,0.029434316513726216,-0.0026980373599585126,-0.0273453716187734,-0.012173066783708185,0.006287712919899016
2024-07-15,0.016604677613454705,0.0009035794633242268,-0.006209295230428465,-0.009142411458262565,0.017609829570940913,0.00785790604714544,-0.005447068247144437,0.024628346859754492,0.0027463442535965747
2024-07-16,0.0017902627288764663,-0.00982874724605526,-0.01632690746531514,0.0015554679731073517,0.015396997777534727,-0.01409120701298556,-0.012921717473831392,0.016853100659968485,0.005912633656968921
2024-07-17,-0.025621424317485365,-0.013437450573088492,-0.06853512375749839,-0.026724318518412248,-0.031919700332288976,-0.015893324498040252,-0.058433520571548686,0.01509936036130673,-0.014120368318038583
2024-07-18,-0.02074860215356186,-0.007127600241447598,0.025934183516757067,-0.022493376002440963,0.002933302220995548,-0.018567073304495516,0.029559466657243398,-0.03228580542558183,-0.007714582945409498
2024-07-19,0.0005797448740643955,-0.007430425393780849,-0.026442809833753283,-0.0033798282769946274,-0.04107613843938729,-0.00016884074210143034,0.0019734689537039556,-0.0009529110253153957,-0.006662727016045844
2024-07-22,-0.001561518337194895,0.013249480048027173,0.04647376698888053,-0.003172184996925187,0.05018271902171053,0.022320212417062266,0.022008968369894858,0.002380613431625707,0.010257119582686927
2024-07-23,0.004677326789595036,0.00430283420764586,-0.007719573444450259,0.02092444370758336,-0.02060764898795659,0.0006602934263372997,0.0026432179426614587,0.00023776444649823135,-0.0015697793341651323
2024-07-24,-0.02917578782711976,-0.03651338311895819,-0.07045639445976531,-0.03039119500388669,-0.13164294360339135,-0.05170153368467526,-0.05774481558042673,-0.008307149370073041,-0.022923257821525943
2024-07-25,-0.004816135703784962,-0.02478587912924774,-0.017393289152587556,-0.005434169444389781,0.01953112906763447,-0.03148155629028679,-0.017186729543653655,0.00038346274787044417,-0.005223989215959485
2024-07-26,0.0021586928007480827,0.01628633733145043,0.006922889031518685,0.014626968944213104,-0.0020452089625195087,-0.0016752354062585368,0.026744874713465858,0.01696368774092383,0.011137446118047623
2024-07-29,0.0012838093072819164,0.0034272849807710096,-0.01308722227317673,0.0038282625594168156,0.054450283723543685,0.015036082692592543,2.142826039673205e-05,-0.00657072657157352,0.0005876006791036112
2024-07-30,0.0025626846701440366,-0.00896845286079925,-0.07304000557410747,-0.008166388972744573,-0.04170207944562914,0.004472931503084757,-0.005425762110814619,0.02037436101204321,-0.005079347187582497
2024-07-31,0.014879601067931647,-0.01086465028327946,0.1205534298672921,0.02858958980412218,0.04157282172336867,0.007313609811057299,0.024819474609023107,-0.011168598343348138,0.016123916227965614
2024-08-01,-0.016892605854743805,-0.0029684764685539186,-0.06907220584679863,-0.015685476578311947,-0.06778709499652093,-0.00455740670264462,0.04712101575657065,-0.02300698600852565,-0.014262163712746048
2024-08-02,0.006845903218090828,-0.020882530572933145,-0.017923636511361623,-0.09194763210362274,-0.043301714320780345,-0.02430319879324934,-0.01947555275170183,-0.04333769390492942,-0.01879391883853948
2024-08-05,-0.04936567825820951,-0.03320198608470487,-0.06568892843501428,-0.041839920325843556,-0.04324862022379944,-0.04548053647532295,-0.025751790463775032,-0.021521516697626298,-0.029556211486463296
2024-08-06,-0.00979603773620418,0.011223610624556329,0.03713179979883206,0.005635490449044775,0.008810602088580683,-0.006046543169606671,0.03786718991676605,0.027529329706771175,0.009177326052492472
2024-08-07,0.012420788278095436,-0.002957229131898081,-0.05258147790249958,0.005174089797253657,-0.04526769292244102,0.004098036589919804,-0.0105187750438828,0.00029943384989824254,-0.006706438943734617
2024-08-08,0.016496440047891123,0.010635235532828273,0.059464223900361594,0.0184440734555928,0.036255901329012616,0.019254707866514155,0.041486077434886325,0.018098717528955803,0.022854205477053902
2024-08-09,0.013642432112898678,0.00823535118320218,-0.0020980478745258333,0.0068522199395901024,0.00581690373893266,0.010070698591213333,0.015846184125264912,0.008490781945704124,0.0043999277257457175
2024-08-12,0.0059478390686755886,0.0019438475615550415,0.03995476204198114,-0.0008389728264874979,-0.012629388585244743,-0.008467377372091744,-0.0035212807122327154,0.001893247413484969,0.0005252551924453704
2024-08-13,0.017046928151695066,0.017543911735709943,0.06326503384436676,0.020354930507755713,0.05103246867853809,0.011456767332353814,0.024108561556343423,0.008451502648551778,0.016311859783682058
2024-08-14,0.002031635465558628,0.00686024716271388,0.016566021670466627,-0.0007639034445704183,-0.03152675190710158,-0.023357969217027652,-0.003373391396336615,0.011000173133567822,0.0031498234853460628
2024-08-15,0.013439858170884816,0.00995368827804486,0.03968312434458197,0.043090966761615855,0.061436309145650216,0.005782388977378293,0.019867407329333984,0.006211630167472095,0.01699500662990351
2024-08-16,0.005901039012885032,-0.006098881462307774,0.013902593820177873,-0.002988857651035908,0.00920378250292453,0.010238809067102755,-0.018615300032021297,0.011374432392098514,0.002239503597967925
2024-08-19,-0.000708074823782384,0.007285740701155826,0.042586355931760876,0.006530104639669463,0.0300815962441386,0.022510985449947087,0.0035204850692158946,0.006893025913391881,0.009515993731818054
2024-08-20,0.0027409173903689796,0.007727494801307544,-0.02138079502495033,0.0036964682293246748,-0.007300267158314731,0.003055233892656364,-0.004829601540154497,-0.004325855866171315,-0.0016274080484896213
2024-08-21,-0.00048575043753077004,-0.001554817244064346,0.009775248904642465,0.006852561474421805,0.00976670507756732,-0.007987230266151082,0.01587767121585317,0.0003728646068565766,0.0034306271319162495
2024-08-22,-0.008293996262630655,-0.020460709324281765,-0.037746331496295346,-0.022345392270757516,-0.05813634375381778,-0.012437612144512496,-0.00605382945542062,0.009414993033115207,-0.007879458675625204
2024-08-23,0.010235583894402078,0.002979603707190353,0.04449390534782619,0.005153271352930898,0.044835591431516886,0.011049788073562519,-0.007415604261605045,0.00772520817282435,0.010569301785965204
2024-08-26,0.0014977155617510516,-0.007949211573727188,-0.02275043279599763,-0.008736614913990123,-0.032803441227522996,0.0032552234839818587,-0.013115951548180975,0.003931616195236286,-0.0023866838456129227
2024-08-27,0.003734571329243349,0.0008461100892681507,0.01444525001689217,-0.013654075452589952,-0.018939062709292416,-0.008947049181270423,-0.003883836356419139,0.004597684338437112,0.0013721560454702131
2024-08-28,-0.00677637580128301,-0.007859897396461705,-0.021189421849437947,-0.013491668231426824,-0.01667672472989858,-0.011174583224629822,-0.004479187081332093,0.005028667790527323,-0.005822190304537772
2024-08-29,0.014465001057921761,0.006118576389218072,-0.0659779068659719,0.007698580379841969,0.0025726237078790366,-0.0065921891572580165,0.0027824972662549704,0.004148882739274356,8.953171475672746e-05
2024-08-30,-0.003443815595201171,0.00968383614592487,0.015023969423637647,0.036396721617948,0.03725544123667223,0.009841425755599162,0.005945063732474557,0.01158822068759987,0.009500739432925398
2024-09-03,-0.02758213529865879,-0.018631553610573785,-0.1000967089917078,-0.012685159527315687,-0.016529275820300126,-0.037542627840454874,-0.01848908549474558,-0.020220863933937384,-0.020793707331630266
2024-09-04,-0.008656102576570223,-0.0013197659303465139,-0.016712969410744568,-0.016706139175178974,0.040981513663141275,-0.005799727350890407,0.001913090810419171,-0.004412814339298977,-0.0020489111776035253
2024-09-05,0.006903886553158933,-0.0012479763826883327,0.009371261615102933,0.025968075788917713,0.047876016035803666,0.005036884879952415,0.008003141424681674,-0.00778105775945677,-0.002435173948982236
2024-09-06,-0.00703972905290311,-0.01651706430757424,-0.04171236228085935,-0.03722372046282126,-0.08824048544582774,-0.041023452525069636,-0.032624085745553304,-0.02404262860979358,-0.016973352148319156
2024-09-09,0.00040747215220846114,0.009957697762864528,0.034786109744026995,0.023127387297091972,0.025949973905266994,-0.014751737115518497,0.008994587418928317,0.02026761574993536,0.011134003557898288
2024-09-10,-0.0036279711645236202,0.02068570891630083,0.015193443737978365,0.02338469252840609,0.044759273955983725,-0.0003363019166988143,0.0,-0.05328343245524569,0.0043462540822322504
2024-09-11,0.01151853658070104,0.021117778989288665,0.07834772881317871,0.02730414417528586,0.008628742512625562,0.01667705877672278,0.013849994287383769,0.008091316685221733,0.010206676803407814
2024-09-12,0.0004939075079283785,0.009317255806507118,0.0188948277346609,0.013350735010507193,0.007337206636805016,0.02308422732314935,0.026547908300336213,-0.0030446807041881016,0.008388018582504528
2024-09-13,-0.0012127666492859454,0.008372339517910115,-0.0003358035280550084,-0.002730969055689944,0.0020864851607279924,0.017748370363730677,-0.0018662390366102626,-0.011097158097176464,0.0052091506870809165
2024-09-16,-0.02816827489343649,0.0017402809872244939,-0.019671651147132523,-0.008616597457795744,-0.015358975945026603,0.003803191935879255,0.016372487812663625,0.017177350965603144,0.0014757829283282722
2024-09-17,0.0021702853581153196,0.008794151475529633,-0.010242396778088237,0.010705675426824473,0.004794890315022082,0.007940111954433093,0.005684342013535282,0.0066649302729501515,0.0004085237096515261
2024-09-18,0.01782990085169955,-0.010023633235808694,-0.01939258536807167,-0.002410931547252041,-0.0029445960609886415,0.003070790034897495,0.003034630221578375,-0.008253807718072,-0.002970259928318526
2024-09-19,0.036395122513137555,0.018125866883636998,0.038925515284051825,0.018283807518041345,0.07100962175825201,0.014474561475125016,0.03856266263420382,0.014114714781869193,0.016920441150731776
2024-09-20,-0.0029317113810075224,-0.00782651590167437,-0.015992154433903553,0.009070295653554553,-0.023519752638904136,0.008903119424967802,0.0040162490472135225,0.0028939490360283112,-0.004792685833681076
2024-09-23,-0.0076099328450285,-0.0040516164232865534,0.002238889541435066,0.011829538769620484,0.048140375327935025,-0.0106932571369871,0.005436336757659538,0.0016567163731910119,0.0024957530732319768
2024-09-24,0.00396613380708865,-0.010061744414565128,0.03888652994700413,0.00041255068996117736,0.016935793509053217,0.002714798875029228,-0.0019152577618333957,0.0007091407380231218,0.0028572285574197773
2024-09-25,-0.004407817871880572,0.006827009443737903,0.021606531151130978,-0.007400007450933529,0.010757148762662457,-0.004941561701740734,0.008801407783397955,-0.006638527393500815,-0.002207949104108439
2024-09-26,0.005067358248290247,-0.0018530681191624933,0.004281959867217117,-0.007141186533660476,-0.010953821465680538,0.007649104161135171,-0.0008273040000551068,-0.0019525384726337884,0.003956812826083578
2024-09-27,0.001185957026045604,-0.007657185647963324,-0.02151321041873548,-0.0168284107446147,0.024249227064234113,0.007469125259086756,-0.0008457391250136057,0.003426296407946361,-0.00145137093237895
2024-09-30,0.02261433114638181,0.005312713681697706,0.0003294425567092951,-0.008763077056375612,0.004482044837533062,0.011522317517778682,0.008913933640338387,0.0017087559209494146,0.003999270284267758
2024-10-01,-0.029574652516158477,-0.022586385265893752,-0.03724639895336993,-0.006460997690134297,-0.013894251852425751,0.006850161085026806,0.007015318665013354,-0.01828243015872515,-0.008998843314137523
2024-10-02,0.0025165781113880795,-0.008498290690073063,0.015688246169751736,-0.0020006515450770226,-0.03550382703625727,-0.00678990057653033,-0.006369180040154015,0.0012067677379934872,0.00042196828437733976
2024-10-03,-0.004906632090970836,-0.0014154195950152255,0.03310190557901344,-0.015270736231762942,-0.03414806745440706,0.0,0.01723856154332893,-0.009987465999554057,-0.0018298524197309597
2024-10-04,0.004994838239359782,-0.001153041162600772,0.01670943121053782,0.024697907897679776,0.03839570976808335,0.007208952010833656,0.022347364077687025,0.028768969474525594,0.009046298016799974
2024-10-07,-0.022788564690753913,-0.015794875277222006,0.022166859647172493,-0.031093362659704415,-0.03768957599969925,-0.024725547036371427,-0.01890423673015214,-0.0013739599419032003,-0.00908155546442886
2024-10-08,0.018236780255269272,0.012544860689151721,0.03968133634627648,0.010563468311108654,0.015124010919583781,0.00855338274733306,0.013773150803980866,-0.0008536932737574066,0.009413104474973047
2024-10-09,0.016560476129461984,0.00660925067467264,-0.0018076791789402326,0.013319379012842232,-0.014210915403026646,-0.015449082586356364,-0.004022322194638578,0.012589449726870467,0.006902569758639199
2024-10-10,-0.0021806455265144815,-0.003888148762274823,0.01615232702142564,0.00796086049904925,-0.009503630132407154,0.0013582839591842117,-0.011376712999517398,-0.002721354086593436,-0.001751558623292343
2024-10-11,-0.0065266236027587245,0.0011536508302571592,-7.414047563439432e-05,0.01155904643352474,-0.09192353886888906,0.007131492390849027,0.010427934404429936,0.043442112977385504,0.0059703946311481515
2024-10-14,0.01634557455730779,0.006750815023687776,0.023968634857841304,-0.006802098901968148,0.006224848869363662,0.010481516780169627,0.0007963108684626708,-0.003650532835365763,0.00814505771963461
2024-10-15,0.010964327840694609,-0.0009548490049277246,-0.04799379070468673,0.0007995584839864811,0.0018690482583788197,0.0030264533703967906,-0.007053651474425829,0.004100321927966436,-0.007800018730859806
2024-10-16,-0.008891269632426495,-0.006276510467113292,0.03082688363979149,-0.0042714734594326426,0.007983687088569507,-0.001814791148026163,-0.016302256937775976,0.005605018837046362,0.004336986109308254
2024-10-17,0.001595047535072642,0.001440867897699368,0.008875843945054735,0.003418620886077508,-0.0019899714413276278,-0.013594107429290191,0.00024271860187961294,0.003481674648392434,8.58417457111971e-05
2024-10-18,0.012201825969486848,0.003449606796092696,0.0077838923018445205,0.007755306570388279,-0.0008605378505268966,0.0030029469902674343,-0.0007976799231049518,0.0042241862871461,0.003839193131201906
2024-10-21,0.00627810554877605,0.001481576286925849,0.040543741647112524,0.0004232229251258213,-0.008417707909120812,0.003969647915638861,-0.00227503310523174,-0.010571702904694539,-0.0016435639908294927
2024-10-22,-0.0026252084433404338,0.02063198330986164,-0.0008354360019625863,0.0033265052557146266,-0.004029147285192923,0.0065003846257117096,0.011839430226178163,0.005009829450366175,-0.0005312953642281611
2024-10-23,-0.021860225665569295,-0.006830139115230841,-0.028467391977377406,-0.026656796914304174,-0.020018310718538105,-0.014394006893520394,-0.03198318716484525,-0.003172936127943503,-0.009179382812641815
2024-10-24,-0.0008236498497982146,0.00030613514467151286,0.0060721413831157775,0.009000562616286057,0.19818699146920774,-0.0003686485976849504,0.00722961201848411,0.007002825591735016,0.0021603320122126016
2024-10-25,0.0036365091285524955,0.008019888428076943,0.008015575005128896,0.00774968161813032,0.032891334056112616,0.01554958620202228,0.009587850390827931,-0.01193869714236648,-0.0003453607322924641
2024-10-28,0.008562648839223188,-0.0036502312014378203,-0.007232457410949488,0.0029769707636567114,-0.02512824530239814,0.008735239882742845,0.008528678786820006,0.01424736571082321,0.0030866226235923304
2024-10-29,0.0011561620618932833,0.012486513049971702,0.005181512224277846,0.01286871001658346,-0.01145548515134625,0.017598501204656905,0.025815911793794798,-0.01159694593321453,0.0016170697000382715
2024-10-30,-0.015395832197084486,0.0013418162407819588,-0.013614406706401952,0.009907234588807736,-0.007619899978935549,0.02778126039724193,-0.0024977929794735127,0.006751539244799919,-0.00302985258422532
2024-10-31,-0.01837731748720145,-0.062436813086407424,-0.04837401784502542,-0.03339535403553647,-0.03035306639591626,-0.019388899377884936,-0.04178698064580357,-0.011157803938764291,-0.019797790881375572
2024-11-01,-0.013368587098123715,0.00984430765134671,0.019690369925387356,0.060018526321249224,-0.0034882074251496174,0.0010513592030923348,-0.0007403351747762369,0.0045857395968798755,0.00421165053677275
2024-11-04,-0.004045717821527494,-0.004665210501739753,0.004789172259893892,-0.01092182223034851,-0.02496977961188894,-0.012040129004282616,-0.011491083786818242,-0.014275647447860687,-0.0021562536207746716
2024-11-05,0.006465260562048703,0.007317819909601653,0.02797689725954097,0.018822662731709527,0.03480162701711456,0.002950028594053602,0.020740124683643186,0.007750426075567834,0.012019254145644384
2024-11-06,-0.00327227909506605,0.02097138418557216,0.03993243399455538,0.03733922736991443,0.13759466024737685,0.039109613967452606,-0.0006640656075460623,0.10925374568669127,0.024561438046209704
2024-11-07,0.02114692102995776,0.0124172314609914,0.022208826216461836,0.014192148444279072,0.028630012464395397,0.023737360167666276,0.03377339150523385,-0.04419051198611506,0.007702406032089402
2024-11-08,-0.0022884835745839356,-0.006816267830485931,-0.00843146851030318,-0.008942557238934116,0.07869717552417867,-0.013366915011851159,-0.003996458061679286,0.0025350311190938434,0.004322367453619879
2024-11-11,-0.012101528350798448,-0.010778758049089602,-0.016183974258719532,-0.006457525082191786,0.08580690404849912,0.011151495165139504,-0.010524602514358461,0.009700446073963212,0.0009524330364589737
2024-11-12,0.0,0.011937716585878723,0.020644568349784592,0.009958024917575062,-0.06342678815128278,0.007017124184746204,0.002825410364008733,0.0011277197712773635,-0.0031112302807517547
2024-11-13,0.0039612799447406415,0.005116579545078749,-0.01371551260331398,0.024539669362855586,0.005313266949669512,-0.01520134811359334,-0.008276016560594103,0.0066567316015459154,0.0004856887278553604
2024-11-14,0.013676509679075834,0.003966727937535769,0.003344303949097943,-0.012312812938838414,-0.059448133931949705,-0.018620427336646577,-0.004908625641781855,0.002939742741401788,-0.006450921838880147
2024-11-15,-0.014209679150913371,-0.028247882883546276,-0.033112389538260095,-0.04284745921407266,0.030196972790488486,-0.017755494303856433,-0.040810366400932455,0.014122335341665142,-0.012891325577101638
2024-11-18,0.013332960938373547,0.0018296739580991607,-0.012972938458331302,-0.004501522120521847,0.054664350493325395,0.016159513713148575,0.0005773804148510413,-0.001142059843462107,0.004088981528469609
2024-11-19,0.00113957717831945,0.004870740202815831,0.047787340249036324,0.01432430133148399,0.02120595242401374,0.015958643704489853,0.011994876413447788,-0.007948916970288628,0.0036488026509003276
2024-11-20,0.003149063233126492,-0.00552041127829805,-0.00764766540979122,-0.008491035845116046,-0.01154032611298051,-0.01208712510114185,0.007864328073446543,-0.00954808163881991,0.0003387740701419968
2024-11-21,-0.002098251001754807,-0.006325761505049652,0.00533224387432196,-0.022430287385072762,-0.007012172684276001,-0.04861112916761099,-0.0043061754386038665,0.016394467714182535,0.005353945004731207
2024-11-22,0.0058901579422149415,0.009953460190536017,-0.03271029135432603,-0.00637175235688548,0.0373345373484672,-0.017269362544217334,-0.007039605737116406,0.015365928667649983,0.0030946170222222015
2024-11-25,0.012966426482468794,0.004283399570396018,-0.042672896262130895,0.021728540914003922,-0.040430888534493496,0.017388600278459468,0.010620461317069894,0.006976173938813285,0.003386343115840129
2024-11-26,0.009360453341228578,0.02173018663624996,0.006594835130785787,0.03132358260823746,-0.001063755153845317,0.008730056744105886,0.014807266452289,-0.0012793032126711494,0.005207902033243618
2024-11-27,-0.0005532240636163712,-0.011751292987682785,-0.011606696543322147,-0.010251516694207487,-0.015914020837727676,0.0006502179234731462,-0.007595755331493787,-0.0007203775585616499,-0.0030346627838302746
2024-11-29,0.010164019161860305,0.001110523431208362,0.021273536656953616,0.010395828320660513,0.03619593916712737,-0.0016559160763030922,0.00895485735943991,-0.00028024290467643933,0.00619284918482512
2024-12-02,0.009477528441726718,0.01760267235729541,0.00274490836974364,0.01347372166869659,0.03397975234247804,0.014922192802817924,0.03172096379530189,-0.013993015029632494,0.0017908063224980327
2024-12-03,0.012690936839279401,0.0005103370979603964,0.01168925517242309,0.012872961773847143,-0.016005713052796626,-0.0008751227374839775,0.03451706401212915,-0.005824003488082262,0.0004637002034376687
2024-12-04,0.0014825214548610463,0.014321814727754754,0.034200985700119195,0.021872981158048213,0.018355288553428408,0.01752958516425677,0.00021183265458681318,-0.005817121086760286,0.006190335088049891
2024-12-05,0.000123439070418077,0.011817740460669452,-0.0005513565397839978,0.01089568506430291,0.03178623389945424,-0.00997095235238301,-0.007933298936350586,0.008509304639023043,-0.0016470127648157316
2024-12-06,-0.0008232360410317379,0.002144038114489921,-0.01822655755547695,0.0289577215747153,0.05202108959673976,0.011918996940565639,0.024078435444814167,0.007629307750141055,0.0018938710475220276
2024-12-09,0.015972903131696265,0.005508128224910733,-0.025814801550566313,-0.004149028072046304,0.0014634148953150045,0.0037705049232936065,-0.016487372982883636,-0.014455544446857482,-0.005162948743187375
2024-12-10,0.004125235420801308,-0.006049385997973405,-0.02731285720087603,-0.004654999543156226,0.028328310501358537,0.05437631232293528,0.009327744766183754,-0.003904075280806715,-0.003113933866162911
2024-12-11,-0.005179466740322567,0.012686210595027534,0.030908431395117453,0.02293094704166905,0.0576113551148347,0.053774396211457194,0.021342639743927142,0.002754985067771299,0.007700919095089764
2024-12-12,0.005946022916060721,0.0012687271903014086,-0.014242071665164734,-0.005618085452278564,-0.01582716714006912,-0.01776165640728666,-0.002991786274342661,-0.008246449280671439,-0.00516593096615969
2024-12-13,0.0006853521402387432,-0.005106906674070475,-0.022755843139005326,-0.006616567663893641,0.04244899941747966,-0.011210758677969604,-0.016689171710871056,-0.006604781664103767,-0.00019857863819705597
2024-12-16,0.011659440190139871,0.009612265885815797,-0.016901810802603254,0.023763519526408726,0.05960057359180242,0.03540007468611688,0.006251098630906219,-0.0015015043158973934,0.004260875240226695
2024-12-17,0.009672645359587626,0.006335201710133961,-0.01227196783195912,-0.0076711237701660145,0.035724138195772255,-0.006325288827182122,-0.007719046144702466,-0.0051052595065470665,-0.004128552435420416
2024-12-18,-0.02165455655004452,-0.038284603037947555,-0.011415439891134258,-0.047078410933269275,-0.08642421525210743,-0.03658374940067187,-0.036580523215893196,-0.03409544762436809,-0.030256637667440828
2024-12-19,0.006990186936454841,-0.000823439271642088,0.013637015822614814,0.012482931876037162,-0.009038042516689774,0.0005836969932299197,-0.0027163823402021814,0.01118010301310983,-0.0003071593026207189
2024-12-20,0.01864102608623535,-0.0009843817362044272,0.030298530074465566,0.007273430311082978,-0.0352567708528249,0.015266716651383995,-0.01747983609266454,0.019721819348537655,0.008579451781121527
2024-12-23,0.003060261193860088,-0.003096879447196001,0.036232423447457925,0.0006222471909635992,0.02240426356053564,0.016682601951853337,0.024640476889636897,0.003319372265705376,0.005970431867182111
2024-12-24,0.011412700423363637,0.009330229899727375,0.003930142276633342,0.017573311182246015,0.07099116636191981,0.007575384062890183,0.013084029935575767,0.016309902604373823,0.011053692268884356
2024-12-26,0.003170710690493793,-0.002780821585353678,-0.0020703812588479618,-0.00877006267142877,-0.017787254049436575,-0.0026039406002556433,-0.007266194140802973,0.003419518570593518,6.658528242378701e-05
2024-12-27,-0.01333065260116474,-0.017452981947071698,-0.021088369453746498,-0.014640913829901727,-0.05074526160258332,-0.01462592553007967,-0.005884484725725716,-0.008135335201761882,-0.010582314487253601
2024-12-30,-0.013352172349022858,-0.013327947719835857,0.003497351370476491,-0.011010096307821616,-0.03356928885086787,-0.007916650792873849,-0.014390924503024826,-0.007700472289476566,-0.011477250763649458
2024-12-31,-0.007082910501405731,-0.007869279853854435,-0.023549636544536456,-0.008668295678212696,-0.03305021011916344,-0.010196138145276198,-0.00973873083662365,0.0016282882674873626,-0.0036446495858981865
2025-01-02,-0.026586193743010078,-0.006951778959333492,0.029495934387124223,0.0037760870596221323,-0.06274403546918701,0.0006864501391188965,0.023178890362441414,0.0012090359483829913,-0.0024600299449544388
2025-01-03,-0.002011476166854823,0.01133127602289525,0.04357435700589761,0.017866865271653997,0.07895504556688626,0.012381463964724584,0.00895453942074882,0.01357411500943004,0.012425894234247573
2025-01-06,0.006716379525724993,0.010573406624141976,0.03375612474810426,0.015139723199454136,0.0014850709586745647,0.026142599189380267,0.041420539920019143,-0.010038679933628043,0.00574404751460413
2025-01-07,-0.011453064367293209,-0.01289098554757803,-0.0641860881518318,-0.02446088330127337,-0.04145067133894483,-0.007034332308287374,-0.01972677689861736,0.009586421272237912,-0.011368428798641033
2025-01-08,0.0020209539809241065,0.005171637187164995,-0.00021408584771781436,9.006065292234922e-05,0.0014697002488738569,-0.007908877170280606,-0.011671930768771429,-0.0001644798929549398,0.0014599285435674945
2025-01-10,-0.02439904501905706,-0.013301722572702656,-0.030434903827009648,-0.01446508722386957,-0.0005065652243020289,-0.009896729449246085,0.008381100164673937,-0.013499210232215961,-0.015385182101261236
2025-01-13,-0.010398023475332765,-0.004209850824396031,-0.0199160030085516,-0.002194768679336334,0.021478195369560783,-0.005377894763436529,-0.012302115216087452,0.017931448806451502,0.0015492556723576232
2025-01-14,-0.004789588076455652,-0.003650050842305764,-0.011094881725106562,-0.0032094484707197966,-0.017382638722844804,-0.007092739174133981,-0.02341741973415916,0.013260829102170016,0.0013750458193974
2025-01-15,0.019484841837673374,0.02527506689833406,0.03343603249548819,0.025346561447878488,0.07731423282838396,0.030583102043152528,0.037763380307356674,0.019527669499496796,0.018026525514547472
2025-01-16,-0.04123897936511394,-0.004066362050198243,-0.019792336850869553,-0.012117003196939351,-0.03420597069137618,-0.013592338924235938,-0.009475669481950241,0.007579674398321116,-0.001925018081736614
2025-01-17,0.007507023982914174,0.010426430329758459,0.03052433366937596,0.02364641617601076,0.03018125256143425,0.015890881347207134,0.0024018764224338447,0.01904893434114574,0.009989828092638322
2025-01-21,-0.032436215566778816,-0.0012361056698563522,0.022403428719140216,0.02089205157407654,-0.005713813715474868,0.010404880246435304,0.00600378025393169,0.01482244376014642,0.009111897132251471
2025-01-22,0.005330728855885256,0.04047657131835448,0.04335521150128541,0.018466503377704703,-0.021355043154943146,0.00161440964839225,0.011355291378015754,-0.0007226213757713639,0.0056057074520837295
2025-01-23,-0.000759785358495022,0.0011422860118214056,0.0010193612091295486,0.0017431021503980866,-0.006598243859181292,-0.0019679552139490776,0.02055711437622702,0.011762898991227722,0.0054432378568486876
2025-01-24,-0.003942326035964482,-0.005949912428500173,-0.03174435855861651,-0.0024241067445138365,-0.014164587635274254,0.011200855306336886,0.017197454860391422,-0.004182510859032439,-0.002923546640516025
2025-01-27,0.03128569865829834,-0.02162566362734452,-0.185946104722384,0.002424106744513845,-0.023466650856007368,-0.04286156321238922,0.018954673350560367,0.0038064066798253133,-0.014246395022121112
2025-01-28,0.03589206071994881,0.02867192982530472,0.08549731292175924,0.01152955641148476,0.0023640734639690623,0.018031567503289884,0.02166162296985892,0.00484065747442639,0.008555691577218085
2025-01-29,0.004606206020163771,-0.010949769653618758,-0.041875669835207484,-0.004545214548105975,-0.02284170549807513,0.0005630806038633109,0.003198020422731145,-0.002098584577771001,-0.004493010193278008
2025-01-30,-0.007422213688913956,-0.06380177946121203,0.007650567483068875,-0.01030306500192206,0.028327903495885404,0.027557974225638632,0.015416641122489678,0.006170526568449543,0.0053527584144018375
2025-01-31,-0.006714678621519663,0.00016868218881828487,-0.037434918709895966,0.012872778270920829,0.010734640646320742,0.015560140857620258,0.003168182230281092,-0.0034732848969797887,-0.005336125785463275
2025-02-03,-0.03444234147562121,-0.010024501186148569,-0.02881115078418399,-0.0010944834258047257,-0.053090087069197885,-0.013769537949208436,0.011942721432021155,-0.001834792028887391,-0.006752312190203094
2025-02-04,0.020790265416219186,0.0035224117227468437,0.016914243025314996,0.01935490231141661,0.02198853609615247,0.025270642100350668,0.009603013691224889,0.00422629851252558,0.00668588143888699
2025-02-05,-0.0014185392712259676,0.002228553652642857,0.05077483058923719,-0.024633742288564034,-0.03645352337012321,-0.07571945787984757,0.0009651721427718522,0.009250173716028319,0.004046342844649405
2025-02-06,0.003221029631331898,0.0061029455284593815,0.03037581912139639,0.011200132499427723,-0.01023279935109268,0.0014102019252189616,0.010050470934917908,0.023643150457973234,0.0034695900439601513
2025-02-07,-0.024260694116362343,-0.014705274305219618,0.008974249548807411,-0.041375225115693685,-0.03451714290429038,-0.03321794099259627,0.0035471632619013295,-0.003980487035852408,-0.009195713292096888
2025-02-10,8.780975987663012e-05,0.006009972752502709,0.028322844821772476,0.01726234455405195,-0.03057719520938892,0.006078418382707301,0.004022583214025073,-0.017409478108640825,0.006768254750559075
2025-02-11,0.021596864950554004,-0.0018939829759722384,-0.0057814798008850015,-0.0016312726853763525,-0.06547989008634725,-0.006186274711924064,0.003339779556516793,0.014468254866266234,0.0007602664193542381
2025-02-12,0.0181052469002164,-0.00585023573853936,-0.012578809841162166,-0.016591608211964908,0.024091057420887543,-0.00927015381218662,0.007722283518778554,0.0016714703790319191,-0.003226710229439137
2025-02-13,0.0194822371053569,0.0036604154409619377,0.031155122808246418,0.006270442838655877,0.05613428883532556,0.013685129220303089,0.00437431770377312,0.0031534726692497364,0.010502194965520788
2025-02-14,0.012630564280164371,-0.005152864048149966,0.02597368472090656,-0.007363076447512863,-0.00028100285016493403,-0.004900802409648188,0.011070027612990443,0.0009766111422928028,-4.915126231891812e-05
2025-02-18,-0.0005316412126184736,0.0029582379117888235,0.003953196831807676,-0.008916663909923439,-0.004873623368530301,-0.007913274112633885,-0.027943221074770038,0.012074807352274482,0.0029315328583930616
2025-02-19,0.0016348305414047041,0.012445362274001823,-0.0012202433073952308,-8.819720145894445e-05,0.018050813649058695,0.008129244666357992,-0.01774516046143059,-0.002503621449917913,0.002352139176774632
2025-02-20,0.003912810045455582,0.0032735999366388232,0.006300621504530674,-0.016685221316839496,-0.01723217010242546,-0.003839642985402464,-0.012769984101768661,-0.045608169661332985,-0.004169002936971839
2025-02-21,-0.001139642666854185,-0.0192159962389568,-0.04138426975672525,-0.028673529284667792,-0.04797223327197698,-0.026908404452631103,-0.016381853363866654,-0.009641524162849809,-0.01725206774810884
2025-02-24,0.006292532781645794,-0.010366848977064679,-0.031357591944456316,-0.018030235415601108,-0.021756545199510743,-0.0022847167048850336,-0.022817015830670178,-0.01103551657694353,-0.004560807159101966
2025-02-25,-0.00024289803598980076,-0.01521417586758777,-0.02841654426549404,0.0004230045694208501,-0.08762494178787733,-0.021598391394612393,-0.016038008637125414,-0.01519095609833975,-0.004985585395593816
2025-02-26,-0.02741243765411392,0.004588644583723896,0.03606301071066972,0.00725744971005982,-0.04043677756749929,-0.015453431114834198,0.02434016203408178,0.005385683572757526,0.0005046986109214692
2025-02-27,-0.01281262570299563,-0.01817638236450026,-0.08859146260110486,-0.02652073681079192,-0.030905910133740465,-0.02479390717786669,-0.023215334457373192,0.0010040911158967361,-0.01609066754142619
2025-02-28,0.018951159026453217,0.01129810254111011,0.03893254287479845,0.01681666750153127,0.03837459125197188,0.010508383998735894,0.015017956562557113,0.02138712910290357,0.015484998634637115
2025-03-03,-0.015879624308909664,-0.02164366254060546,-0.09094891343324535,-0.03479859601476046,-0.028844050845269347,-0.019390475818855304,-0.019875998226772155,-0.015344786260013489,-0.017675188339395635
2025-03-04,-0.008861591205009525,0.0003088280064625973,0.01677935775260319,-0.005968420431592876,-0.04531118823694169,0.02314194209059309,-0.0232433736106956,-0.04060297078605837,-0.01190752573646592
2025-03-05,-0.0008055937143747655,0.03143504165884349,0.011230819599703097,0.022128220043401252,0.025621016692865903,0.012211619382789023,0.025408774839721926,0.005101843671781286,0.010690515460946317
2025-03-06,-0.0017407339005489856,-0.010352072862220509,-0.059085979881833055,-0.037456115209580504,-0.05770651942025788,-0.0038798910693118656,-0.044448267570143876,-0.020038036976102964,-0.01791057405732893
2025-03-07,0.015767634514395192,-0.009061102325628666,0.018991905834770194,-0.0072509229263983,-0.0029651004058366417,0.008723052785143072,-0.0036216339861007392,-0.017430147816660108,0.0055892137246351834
2025-03-10,-0.0496941230571602,-0.034005872423448456,-0.05199877514687718,-0.023922554740530594,-0.16754574067757613,-0.0470460615811463,-0.04523303456516084,-0.04240887361882149,-0.026996739968135883
2025-03-11,-0.029623862823691977,0.0007625683410021471,0.01650170692378226,0.010482560161564325,0.037245079838722016,-0.011094059984738608,0.012827344877794423,-0.01335203565370912,-0.008347624254402936
2025-03-12,-0.017633277129478004,0.007384878274960864,0.062202638282580915,0.011631581915007516,0.07319368705023706,0.018542022272059644,0.022608184789180908,-0.005426258331731115,0.005292510968269807
2025-03-13,-0.034222639619038715,-0.011810541278580814,-0.0013833309565970404,-0.02546092021137873,-0.030323348875332088,-0.026375592484283086,-0.047802825187142246,-0.01196240832229892,-0.013420140983913241
2025-03-14,0.01800749480985239,0.02551846004959235,0.051349500018059165,0.020723473340341268,0.037912677650069934,0.016634113840778397,0.02831001098860667,0.03168763656249976,0.020445350796967156
2025-03-17,0.0023859961273084147,0.00036027750866593575,-0.01774507107264094,-0.011227182074080659,-0.04906823105490024,-0.0072776851718875405,-0.004453535067112738,0.006389756285941823,0.007681773006130907
2025-03-18,-0.006140297016690643,-0.013416127222902825,-0.034903087406726784,-0.015030126840267754,-0.05483544563443516,-0.02228055739341883,-0.037974407421814085,0.004435957619429258,-0.010867271727039338
2025-03-19,0.01191799213716932,0.011149591300048707,0.017944215030198333,0.014007778521538292,0.045761190368065426,0.019842906692707957,0.0029149250452824627,0.017465848031449217,0.010831972628518661
2025-03-20,-0.005310486038913763,-0.0025301719580519315,0.008557579491888238,-0.0030218279679656837,0.0016944590202751025,-0.00667299503770136,0.003316076480182983,-0.0004183305697120833,-0.002895968288907007
2025-03-21,0.019289624021771094,0.011361164210557892,-0.007027094454767062,0.006442448675219972,0.0513547158131408,0.007283011538418247,0.017340252625538424,0.010902281667774268,-0.0026738394192555807
2025-03-24,0.011207367671882662,0.004640793741324692,0.031034289381087342,0.03530037223454001,0.11273547481030481,0.02225187360063759,0.03720283533278482,0.026262991800014755,0.017750033954183515
2025-03-25,0.013589141357894689,0.005277636109766131,-0.005947982860501291,0.011981521917604297,0.034423463077927825,0.017029769210481903,0.01198257475956277,0.012300110238256069,0.0024009699512088666
2025-03-26,-0.00997134217070943,-0.013220939225396054,-0.05913431002521542,-0.022515953159889142,-0.05742390273973778,-0.03277809728990345,-0.02478125885035558,-0.00039830374425852024,-0.01201009991267193
2025-03-27,0.010418196968815085,0.0015629632573889317,-0.020694391035643342,0.001142864416179142,0.003925268964187628,-0.017232275112437537,-0.013843728450120508,-0.011659968613503243,-0.0026592418520149856
2025-03-28,-0.026939998013123585,-0.030624450389283856,-0.015920753721606888,-0.043855989217514546,-0.035704833212183235,-0.04998357548379603,-0.04382892355822389,-0.02146848650106289,-0.02034386930652222
2025-03-31,0.01922660411136273,-0.009042804519401622,-0.011832295280258052,-0.012846835734262256,-0.016797411271064034,0.002006652175874819,-0.0006591013868958535,0.010037969780748253,0.00669038241901932
2025-04-01,0.004760619523474436,0.017952348972951383,0.016199542305268853,0.00998885850959942,0.03525624951763979,0.015591781532067764,0.016587349527710026,-0.00670813774951498,0.002820445433097604
2025-04-02,0.003131419510499371,-0.00013080159596596817,0.002448173172173771,0.019785262896236874,0.05189662060946535,-0.00019110526961231916,-0.003538689489603246,0.008825764626033386,0.006308471212191712
2025-04-03,-0.0970133431749755,-0.023913828870588766,-0.08128112617886572,-0.0940813573992858,-0.05630172235818194,-0.04107668828841395,-0.09385216086841335,-0.07223220523797609,-0.050536545216391456
2025-04-04,-0.07568028859562168,-0.03621376503942992,-0.07642293142563815,-0.04242073641032032,-0.11003572551557192,-0.03456064124486294,-0.05190528462036887,-0.08392741519779091,-0.06032657327600828
2025-04-07,-0.03742594457404607,-0.005517670503672042,0.03470003660496089,0.024606997782102066,-0.02597878190231111,0.007867281025870865,0.02256748967661535,0.019590020198253403,-0.0017827667365008367
2025-04-08,-0.05110193057859606,-0.009264230297155174,-0.013818888779527444,-0.026597259717812963,-0.05023573100190593,-0.014067846161008491,-0.011298430745963744,0.011268082821018092,-0.015786739086371803
2025-04-09,0.1426174521857242,0.09652475851545046,0.17162066907520934,0.11312358861813517,0.20449058000160142,0.09241606727500457,0.13763454087808513,0.07747496344728888,0.09986280254486124
2025-04-10,-0.04331865310609675,-0.023684731133308958,-0.060947223962483955,-0.053085113655140896,-0.0755220285780395,-0.03781787367568696,-0.06977732435547195,-0.031338552317702634,-0.0448080503743717
2025-04-11,0.039792139592270785,0.018446888206132734,0.03075757889471753,0.019941079422269643,-0.0003566259450699316,0.02787631771703434,-0.004991423461478191,0.03924440654806097,0.017685502670261564
2025-04-14,0.021814379364254816,-0.0016489701528044414,-0.0019852128998584496,-0.014987065296594422,0.00015855643290671638,0.012207279090716457,-0.022492975616103143,-0.006285571247684518,0.00965469391169509
2025-04-15,-0.001878144571130347,-0.005377851338720509,0.013368804287551935,-0.013989329016472998,0.006950209565496345,-0.017503203665888555,-0.018917868907402404,-0.006797060761498228,-0.0028048086018717766
2025-04-16,-0.03971155758399116,-0.03729279351450743,-0.07119161328766205,-0.029726389380639047,-0.050690742903996715,-0.01924872589815894,-0.03753020794817472,-0.01521403867170968,-0.02247879816180625
2025-04-17,0.013853213008659493,-0.010359947821776285,-0.02913110218961884,-0.00991534732389348,-0.0007454979855451015,-0.014253570682221196,-0.0016537059631003556,0.010182751790170844,0.001425760957615131
2025-04-21,-0.019583299087451427,-0.02382834911652242,-0.046177499876822584,-0.031126527586896727,-0.05918076725792799,-0.023358860621953713,-0.034116126427027625,-0.012886613485160561,-0.024090541109631346
2025-04-22,0.03349766835227687,0.02121470361260614,0.020225364574649747,0.03442328337941731,0.04499438204493094,0.02540755151193274,0.0317203175120605,0.0284146320433232,0.025685034693621645
2025-04-23,0.024040335032419813,0.02042678948149107,0.03790135915412667,0.041953201051518486,0.052271947159751794,0.02529308152988288,0.03918000589098869,0.02220591393372918,0.015376634359514635
2025-04-24,0.01825843879975244,0.0339014810312528,0.03557802065633686,0.032360982528496264,0.03437870754426389,0.02498297696419978,0.024454911124641023,0.015488835241651146,0.020830464913471305
2025-04-25,0.004357740287230528,0.011679574072604382,0.0421328116678036,0.013048475365695443,0.09351849398026,0.016685780525760904,0.02613946153558679,-0.004465466902990442,0.007199346060805608
2025-04-28,0.0041009099201662,-0.0017624362687747538,-0.020752530704450958,-0.0068492053390797475,0.0032583903115033577,-0.008370362742804853,0.0045031036270640635,-0.0013558842110856445,0.00038123077268862877
2025-04-29,0.005078958627559431,0.007335755866643561,0.002663544960537893,-0.0016529240033086564,0.021284373105168935,-0.0028057314427863576,0.008513178329579036,0.005739577526630971,0.006279655066741138
2025-04-30,0.006089057380782453,0.0030913522462310567,-0.000917669849674875,-0.01597624814818092,-0.03438223363024816,-0.00852777040157483,-0.009860158238994903,0.0,0.0003967510937655479
2025-05-01,0.00385143170235058,0.07348608749930068,0.024397006141680107,0.030860378884021808,-0.005829314402079844,0.015620436020272545,0.041407653760255674,0.009236924732703681,0.007061947672627354
2025-05-02,-0.03807754994175382,0.022959610954833645,0.0255641658580609,-0.0011573530932636395,0.02356864125337387,0.01678332643151775,0.04244455111376133,0.02250793930623662,0.014735101628145874
2025-05-05,-0.03196396511870287,0.002042607023734916,-0.0059565725005305496,-0.019292122294797282,-0.024495847170982712,0.0010968069071619873,0.003761634017896067,0.00019800444574693515,-0.005750854045354971
2025-05-06,-0.0019124559862646142,-0.006578704853397568,-0.0024630446877052076,-0.00721681069789819,-0.01767474071206643,-0.0059859143981459955,-0.020159495101812235,-0.013192425741149804,-0.008393491343563316
2025-05-07,-0.011450092357583123,9.232812124999763e-05,0.030531397200991246,0.019801632738363693,0.0031546161942166075,-0.0753669588551047,0.016046015390950852,0.0005615249217808569,0.00419668743173332
2025-05-08,0.006298621300274167,0.01106126390838072,0.0026447585060390224,0.01770048072706834,0.030659773437438274,0.018975861291414042,0.0020086918584615583,0.01622754388510143,0.006943622908376454
2025-05-09,0.0052522380974870265,0.0012772211634835239,-0.006153349964819338,0.005089047328858073,0.046108194570086934,-0.009966527376064563,-0.009273513801663308,-0.0015398261350639355,-0.001274961546111479
2025-05-12,0.059922129300548174,0.02371759173744576,0.053006343824147845,0.07760926703827985,0.06528003118679684,0.03669963985486647,0.07624316430995567,0.027168221764221286,0.03251306246206715
2025-05-13,0.01010109344017187,-0.0002671307093504094,0.05481143215172833,0.012999853383055315,0.04810492051681205,0.006729746754463113,0.025629421206234276,0.011318218120858066,0.006582239240497496
2025-05-14,-0.002821761983669661,0.008424996004912349,0.04079431622134479,-0.005312830342904736,0.0399319216619113,0.035953373474478446,0.005063081110791163,0.009949972417610906,0.0012772154452027908
2025-05-15,-0.004153127331358633,0.00041939903684144183,-0.0037753645190379925,-0.024458403999516362,-0.01407694599861275,-0.008562821551174825,-0.02375726445291302,0.006940082134891746,0.00487245987223399
2025-05-16,-0.0008989730928673613,0.002512639934512054,0.004218576174057713,0.002044981599618388,0.020670491941373468,0.01350919024554607,-0.005513053691665963,0.00026168517415356456,0.006314052220422412
2025-05-19,-0.011808516259790175,0.010075224162045317,0.0012548507161513987,0.0027687076543830617,-0.02280219175263177,0.0021037536639468574,0.00014048708056633305,-0.010066919452455839,0.0010932483080018517
2025-05-20,-0.009238821233101603,-0.0015266113122120613,-0.008816522288801169,-0.010189475975831261,0.005044436283555748,-0.015491037380567969,-0.005213223508520303,0.0030156378276238404,-0.003367857156913426
2025-05-21,-0.023329114291235003,-0.012297860098927102,-0.019385998604994046,-0.01456138756787949,-0.027122740878422213,0.027547311898770317,-0.0025145001723201246,-0.0176188644814573,-0.016994379563572647
2025-05-22,-0.003618770750769896,0.005047183600010069,0.0077844837064936796,0.009796778074282274,0.019004252475032086,0.013611249871964819,0.0016823092603645065,-0.0014183939876004448,0.00039459926151677404
2025-05-23,-0.030711115726039975,-0.010342160575831545,-0.011661563121031514,-0.010443315729919826,-0.004997253689502847,-0.014145305240066252,-0.015052173948823324,0.00015335466280898467,-0.006849177458516927
2025-05-27,0.024983611085566255,0.023077884390173792,0.03156307451142688,0.02471808928544102,0.06709725458197968,0.02595565774447018,0.024044407338135166,0.017414953771071936,0.020577416645726487
2025-05-28,0.001048306276362571,-0.007254575978860522,-0.005105278726761875,-0.006330074379308311,-0.016644185010272462,-0.0031280410996208266,0.0019597327085520973,-0.006808219930959697,-0.005802208072010942
2025-05-29,-0.002347835463872541,0.002881988274595837,0.03197356218641334,0.004775584008620333,0.0042777491260106125,-0.002905120852257858,0.0022814482592452526,0.003334239087997735,0.003939632847248321
2025-05-30,0.00449107116349544,0.003655977078695139,-0.029602609595227463,-0.003360050181079145,-0.03396601533337422,-0.0006984582068347728,0.0037755201097268896,-0.0014005154762147022,-0.0011191297769231792
2025-06-02,0.004223038636265427,0.0034911962700545796,0.01651353014393773,0.007967779780350723,-0.010941091649071494,-0.015905530489415596,0.035516796602149396,0.002496894035620979,0.005617149058231328
2025-06-03,0.007753735759536577,0.002162303256406027,0.027568122404065292,-0.00455906882030232,0.004599945784019605,-0.017004712577447186,-0.006055034501481646,0.0060647931313156135,0.005686429764165146
2025-06-04,-0.002216243293754774,0.0019420702233636999,0.004944538927066604,0.007361824330479417,-0.03614067809813415,0.011190078168109248,0.031151082160515726,-0.007728696243019221,-0.0002685092163333994
2025-06-05,-0.010856482266256429,0.008179955671600314,-0.013692474932827168,0.003276044436817532,-0.15384948606327908,0.0009516663863582621,-0.004852245941038941,-0.008628401615390233,-0.0048445063209598994
2025-06-06,0.016265311059071526,0.0057566033521233,0.012282257884334333,0.0268593707089079,0.0360138325066553,0.03200124468197572,0.018939642465954403,0.014327104577298754,0.010216626235265189
2025-06-09,-0.012186554600183343,0.005025818484256038,0.006400610158693609,0.01584048162560837,0.04453121583281344,0.013780723776612772,-0.005245166559210747,0.003793567551080139,0.0009008492693849346
2025-06-10,0.0060378350081640355,-0.003878450814737881,0.009281631078411182,0.0028993089092673027,0.05519232015438431,0.014153495440736175,0.011944668495370405,0.006948942229353606,0.00565371885186638
2025-06-11,-0.01938035209767723,0.003603415888088153,-0.007880405153505734,-0.02047379463536856,0.0010421025390305668,-0.007023486981900746,-0.01182938670711405,-0.0016768041452139895,-0.0028561537379599026
2025-06-12,0.0021106504315444113,0.013137479019772497,0.015078617726218744,0.00018763973740831241,-0.022679683166052338,-0.00934723781080507,-0.0011243666725060854,0.00033556308431433436,0.0039664724564183835
2025-06-13,-0.013901399360486715,-0.008198579660093974,-0.02111796614677446,-0.005360427367806205,0.019242741328905938,-0.005879508866547847,-0.015244826144957228,-0.012340890739943905,-0.011243091574180354
2025-06-16,0.00997805652363861,0.00876228888160066,0.018977763348548633,0.01868340140955021,0.011674257976472,0.011951007760031662,0.02779982507936988,0.020213175039189468,0.009469250387736591
2025-06-17,-0.014109754442192705,-0.002298431979606341,-0.0039472876226433855,-0.0059407894922023025,-0.03960360944657592,-0.004649630294262143,-0.006989008666365997,-0.0031117917151957343,-0.008581823000128084
2025-06-18,0.004793249901647917,0.004591529735112913,0.009392338751053143,-0.010764380578029788,0.017857560202303197,-0.015060207293067038,-0.0020961399455347637,0.016339520803578655,-0.00015067634040682423
2025-06-20,0.022235425606040273,-0.005931257488882328,-0.011267458323479543,-0.013405860444963278,0.00034155282181088666,-0.039303845840045475,-0.01947648711712119,0.003789018527267006,-0.005303226372552535
2025-06-23,0.0024844733276619658,0.017853922780673236,0.0022220136958698315,-0.005835109391705959,0.07910624722725408,-0.008739451943589159,0.023435481987549304,0.011820728232901907,0.009829026584035939
2025-06-24,-0.0059731234790300165,0.00842120191797179,0.025543182325750615,0.02041663831593163,-0.023827555571310416,0.009519301905937269,0.019380619091281644,0.010687717263615615,0.010986670773378289
2025-06-25,0.006270833792136221,0.004397498319015087,0.04242722181277508,-0.0036726605052767557,-0.03868634165630777,0.023174772155437093,-0.004954713586348324,0.009905931695208071,0.0005601216284098168
2025-06-26,-0.002782183640768199,0.010467749437100073,0.004590618152398584,0.023911043937020576,-0.005418374727754274,0.016617666269814747,0.024269936672875293,0.016375786977706364,0.007793376614487851
2025-06-27,0.00039793987139912456,-0.0030401169859907893,0.017457333007249713,0.028065998915184062,-0.006621400161764133,0.028348565809725054,0.010330809911984387,-0.005695895266557229,0.004956038292762487
2025-06-30,0.020136046923066173,0.0029596864846030886,0.0015202732324963233,-0.017665207343808734,-0.01861926308527601,-0.012966711654732965,0.006060983787544434,0.00970517604844902,0.004769798075326805
2025-07-01,0.012833460814047843,-0.010834330536716973,-0.03013496886895452,0.004865337820140418,-0.0548353231730864,-0.002215466003675258,-0.025898554056795656,0.001723187611709073,-0.0003236765254887332
2025-07-02,0.0219872513788248,-0.0019529096073384379,0.025440089795685725,-0.002452467458083949,0.04848766871497916,0.0157981342863074,-0.007886700425304222,0.005460072038677546,0.004523047384945118
2025-07-03,0.005211404531662551,0.015657992782158143,0.01320336538868135,0.015744829251554494,-0.0009508330128998894,0.0049697139680537255,0.0075947291246876445,0.013605652055778678,0.007850503872320804
2025-07-07,-0.01700161898351503,-0.002247723351275337,-0.006927358380699105,0.00026851753624536286,-0.07030747928005848,-0.015379768541878322,-0.0009183979417912033,-0.013708392878973494,-0.007479905352460058
2025-07-08,0.00028572988009683404,-0.0022125360667511434,0.011060912645294652,-0.018562963722362966,0.013080017887538436,-0.01384041867070402,0.0032244296829985948,-0.03198185559818681,-0.0005478812967819988
2025-07-09,0.0053662951961474135,0.013778456036404983,0.017839948106305046,0.014392611963869897,-0.006501707849529647,0.01287837352407479,0.01666424923808174,0.0013429159920923279,0.005978755562775531
2025-07-10,0.005996968808745969,-0.004039844174041119,0.007462271949791953,-0.0012589875178302516,0.046198855706690405,0.005645904945348064,-0.0075890269687691764,0.01760787146965052,0.002816287838894747
2025-07-11,-0.005902229181318376,0.0036624171199473167,0.0049844614460908985,0.01234146308748988,0.01167844971117151,0.01436545394764916,-0.013469634993412827,-0.004625752507338657,-0.00352160083939128
2025-07-14,-0.012101765455702573,-0.0005962563756330064,-0.0051672860684084795,0.0029730809278073135,0.01075495879659973,0.007574300853646758,0.004741251989680108,0.006393888150338949,0.001906398931130222
2025-07-15,0.0023460403749840327,0.005550980354751317,0.039614401254886654,0.0029201137891530816,-0.019500985006087518,0.002420522935359342,-0.014714014796417483,-0.0074751305539019096,-0.0042824282681121675
2025-07-16,0.005008730585109271,-0.0003954998994614345,0.003917321257456299,-0.014059063272129654,0.03444095462458378,0.005315524571281797,-0.010585312973260569,-0.002550730718808579,0.0033376520588141207
2025-07-17,-0.00066637818166213,0.011953150311644156,0.009466661317829406,0.003086778258328562,-0.007050661595447646,0.0033283381170188036,-0.0021362661328251,0.014173747194811473,0.006101000318943925
2025-07-18,0.005508031075055581,-0.003229803471363197,-0.0034162120693176654,0.009999860894734277,0.031555911584314186,0.008029533863276112,0.004083489440079659,0.004714619457710295,-0.0007326435702887922
2025-07-21,0.006137030484460472,1.96248752958896e-05,-0.005992040696343522,0.013921126445029842,-0.003525100711992725,0.026870197972878783,0.012263256744868794,-0.0010304610626046076,0.00189438096485408
2025-07-22,0.008995554548278597,-0.009435442949828435,-0.0257099120385482,-0.008012836242670535,0.010959828902223289,0.006501649509492381,-0.011511043221804506,0.0015796413308685278,0.00014307200069432695
2025-07-23,-0.0011667251685005464,0.001186791509299864,0.02220274163807972,0.003598354221935051,0.0013540923687317768,-0.005818087190142539,0.012366318437010583,0.018123949629090495,0.00847153140570549
2025-07-24,-0.0018228109097863463,0.0098550288938364,0.01718378911727718,0.01711152033504944,-0.08552542784602518,0.010146543495428166,0.0017081882910729778,-0.0007079671075582178,0.00033100421495464624
2025-07-25,0.0005612682597435046,0.005524208146873367,-0.00138236106201245,-0.0034075702705456917,0.034637201499348805,0.005241971421160394,-0.002970264668964831,0.006956048626009627,0.004215422064666547
2025-07-28,0.0007945139379612304,-0.0023582356584324025,0.01855870538976825,0.00581605955069594,0.029706848621967902,-0.003110697517030469,0.006921621156126549,-0.0011392071641400919,-0.00025112735570457557
2025-07-29,-0.013072690313278693,0.0001365903281285725,-0.0070403147353806355,-0.007675754918146071,-0.013574889801361277,0.016326673550753658,-0.024873787651482033,-0.00416579994738951,-0.002641084163185943
2025-07-30,-0.01056348413410209,0.0013062516587212059,0.021197083057993678,-0.0035559103854630675,-0.006747506520358081,0.0039767503297007244,-0.006866345240066541,0.008681557801796866,-0.0012601012488224184
2025-07-31,-0.007104804936428561,0.03871551774239501,-0.00784015416348934,0.016886027515609428,-0.03434052685502853,-0.02384071399266895,0.10663411086833541,-0.01137849279741864,-0.0037582825821688677
2025-08-01,-0.025321525035799583,-0.017757512736699618,-0.023608104242342002,-0.08631653211497635,-0.018465033347039538,-0.014539736090352792,-0.030761547876212613,-0.023463774440539893,-0.016526211959548707
2025-08-04,0.0047815199394974995,0.021760762969798668,0.03551203619674658,-0.014540622735209995,0.02167142527004271,0.030769996192342237,0.034542651587217026,0.016757634257293774,0.015085429316188507
2025-08-05,-0.0021168586931034814,-0.014839634246477301,-0.009713723003100543,0.009873169687714855,-0.0017476574412364776,-0.0018988234146887944,-0.016768442623841157,-0.009869843023453378,-0.005082864835385938
2025-08-06,0.0496533826968293,-0.005338711731372667,0.0064862880386173044,0.03926568541504039,0.03560499649944306,0.007267910940524433,0.011110822164230639,-6.86058952424624e-05,0.007630508716870996
2025-08-07,0.03129870877236706,-0.007841030574691097,0.007496112695825072,0.003681789897764909,0.007349951735303974,0.0021905102052688368,-0.013248127806524315,-0.015252171359502352,-0.0008379711399972514
2025-08-08,0.041485352511258046,0.002301226786973777,0.010619918058753248,-0.0019739023688590293,0.02264179762598033,0.024628042088230953,0.00975753848063287,0.006322783911470089,0.007767293178963316
2025-08-11,-0.009506625091854914,-0.0005172560192836209,-0.0035091570130622017,-0.006261419913672536,0.028057128395424267,-0.0020873630701934726,-0.004468558428675378,0.00276659390337104,-0.0019794363383848048
2025-08-12,0.010813761630775043,0.014215081531986246,0.006023818115696504,0.0007678847964323423,0.005324552775796538,0.011574528778155487,0.031020509292566143,0.011298032384066478,0.010589754305315703
2025-08-13,0.015897384212123035,-0.01649838928198104,-0.008608729378145686,0.013855775538096454,-0.0042927102832610135,-0.006809745602967713,-0.012636445026394669,-0.00795371639549895,0.0034172856347253642
2025-08-14,-0.002359972136647118,0.0036430607725255215,0.0023652162168957083,0.028188187008165968,-0.011260099884090402,0.004840689646860656,0.002624472946408092,0.012417012460322263,9.303100754794766e-05
2025-08-15,-0.00512524520897985,-0.004431019842240026,-0.008662880444822857,0.00021645874568753922,-0.015072159502432556,0.004719266765416983,0.003955670244363766,-0.012554730768613307,-0.00234402694812558
2025-08-18,-0.0030271470733909058,-0.005919416181598485,0.008607886264886734,0.001989132843084511,0.013819862125930686,-0.001963642763891707,-0.023007565981232166,0.003573793586024126,-0.00021762694880514852
2025-08-19,-0.0014302823252546539,-0.014276610136314975,-0.035625158223251706,-0.015147236228621111,-0.017608491717904177,-0.009529252946624728,-0.020924508235493113,-0.0029887004624930278,-0.005439905979530282
2025-08-20,-0.019931899886152606,-0.00797646319494437,-0.0013673970781146322,-0.018591996826338653,-0.01656474162017639,-0.0112251417767915,-0.005016032246200851,0.005421137273257518,-0.002660594141413219
2025-08-21,-0.004923389949559607,-0.002930833019652575,-0.0023973878791223356,-0.008345349193359648,-0.011770166368817137,0.002154974487150572,-0.011595340403828144,-0.0026382603401145024,-0.00401991278672533
2025-08-22,0.012636587025097483,0.005912245460434202,0.017055742539602105,0.03057093586711227,0.0603104166993377,0.031246364167566244,0.02100633899432874,0.01623281490965249,0.015240071172988175
2025-08-25,-0.0026377877210603654,-0.005872543861519689,0.010173324464979061,-0.003940606259072855,0.019196337227210383,0.011578155991388521,-0.001975997126110592,-0.004533608515778015,-0.0044107402347726265
2025-08-26,0.009420158125637604,-0.00441221262410547,0.010841450863924943,0.0033724076943096397,0.014521879161701688,-0.006496214591171463,0.0010614142065933664,0.012368140609763835,0.00417822895106309
2025-08-27,0.005132712124054768,0.009318217456834952,-0.0009356753529111096,0.0017910076284830656,-0.005903612812939926,0.0016400386768739058,-0.008951189039618402,0.0023751502269962945,0.0022759618790200126
2025-08-28,0.0089407443724563,0.00570659058641444,-0.00790566031217883,0.010765909591411497,-0.010408659566889222,0.019851786260975713,0.004978329113485861,0.005963234217161959,0.003535147904431349
2025-08-29,-0.0018076104414200234,-0.005805241294150665,-0.03381163424979992,-0.011289768498294606,-0.0356293206445078,0.005982843253253688,-0.016660191847658164,0.0011618653615289843,-0.0059816019593900045
2025-09-02,-0.010479454001267798,-0.003103366418701649,-0.01971303388323186,-0.016111647069703763,-0.013600348042363621,-0.007354002513760826,-0.004871773107713376,-0.005722670486330495,-0.007437821352793993
2025-09-03,0.03738234006205715,0.0004552554554274025,-0.0009373384691557937,0.00288041832828813,0.014259073808795026,0.08742922478293834,0.0026355879792774838,-0.0006341764683730806,0.005404909812382553
2025-09-04,0.0054783098165509395,0.005171122521180104,0.0060769647610845095,0.041984146824532165,0.013202304316841879,0.007084872239056174,0.015615901263235483,0.014287606301536436,0.008322689229362856
2025-09-05,-0.0003753992479963229,-0.025864630550960076,-0.02740220631796017,-0.014316138968892942,0.035717557533237444,0.011555861230654791,0.005062948261263692,-0.03156397853540755,-0.0029004384924315968
2025-09-08,-0.0075800665758205465,0.006443864761660032,0.0076939113270427665,0.014994810804568525,-0.0127361095766315,-0.004093501910960376,-0.0001994011158791499,-0.005006059252646132,0.002453613839030314
2025-09-09,-0.014950614951601542,0.0004214114946509792,0.014451527088184432,0.010124998519937195,0.0016441653277190816,0.023604075227743982,0.017655299721498718,0.016724617468045693,0.0023091853614310527
2025-09-10,-0.0327913008462837,0.003924776173786173,0.03775338410923318,-0.033765520828453625,0.0023605495234688204,-0.0019214989660401454,-0.018080762183005666,0.008990860462868564,0.0028866770032759895
2025-09-11,0.014185280326338957,0.0012782654585939373,-0.0009027005527476986,-0.0016511904499798356,0.05868272574299215,0.005004794051932564,-0.0014371822594825602,0.0165652656537428,0.008275840916968756
2025-09-12,0.017410517319317524,0.01758853563370372,0.0036621306046096948,-0.007858600093329492,0.07098109112687562,0.001787343561243702,0.006226416947637356,0.004408406247372853,-0.0003346388611921077
2025-09-15,0.01117325641447065,0.01065104106810413,-0.00039377519858986614,0.014274139722700788,0.034992045964953526,0.043913545982135344,0.01198467944680046,0.006463023235072421,0.005309800906971289
2025-09-16,0.006107197990995256,-0.012339041448306167,-0.0162780163341907,0.011257360441086762,0.027849686096646824,-0.0017900712635228438,0.018527429857405367,0.0009384023942207043,-0.001377797589516437
2025-09-17,0.0035210314188807313,0.0019233033838724689,-0.02659722573672721,-0.010436704109897131,0.010006196509857018,-0.006511057274472625,-0.00421945331004129,0.008245602000261533,-0.0012432078024016183
2025-09-18,-0.004655367672117789,-0.0030830128492877165,0.03434390705031156,-0.001685208986324988,-0.021384159862326838,0.009968979649163396,0.005822788590181767,0.0047361954842986935,0.0046616156037629225
2025-09-19,0.0315305818698142,0.018473177605975246,0.0024368415975801567,0.001080590559717161,0.021877209710827277,0.010616784246969359,-0.002399538066868113,0.00493619820105407,0.0021720157224394744
2025-09-22,0.042192895991329665,-0.006741691301310221,0.03853037099794532,-0.016771933038536895,0.018924599151656805,-0.00863485874321489,-0.017129915897415714,-0.007461519689401627,0.0047199188082894
2025-09-23,-0.006464122970960471,-0.010198590081382294,-0.028617619863068048,-0.030871872178262885,-0.019441082441463448,-0.0034510639895013336,-0.012837484588865251,0.0009596846332485094,-0.005458462106667478
2025-09-24,-0.008367239714872807,0.0018049856884044912,-0.008216092814310906,-0.002267986025112884,0.03900845039857305,-0.018124009509249982,0.006938999570388522,0.002172043748345067,-0.003186637835817156
2025-09-25,0.017911620791906432,-0.006134617126464896,0.004060239115787098,-0.009398795415484473,-0.04480186162620923,-0.0054774897000137044,-0.015567661943751795,9.570972639640803e-05,-0.004624179680054175
2025-09-26,-0.005504233435866624,0.008699193227659165,0.0028099377437863456,0.007444168873481812,0.03938961629749567,0.0030467393846367965,-0.006913823364536965,0.008292164592368532,0.005712728978095451
2025-09-29,-0.004040147641167021,0.0061204881464977014,0.020331794555995878,0.010815805882780046,0.006360288086303643,-0.010151090053210141,-0.0004706661556034428,-0.0011713341020688915,0.0028064678572210437
2025-09-30,0.0007858099960032751,0.006488883667235785,0.025677906350133128,-0.011771724709007034,0.0034011943142930328,-0.0039002284087045905,-0.012207678235360925,-0.0008239630572537917,0.0037597987345357456
2025-10-01,0.0032151535792634424,0.0033922699061862192,0.003531134422832892,0.004815990813160187,0.03260699487618123,0.0073770326065472095,-0.023476648780625935,-0.015076790329513095,0.003401724390952921
2025-10-02,0.00655512873835429,-0.007668262389025224,0.00877358604304843,0.008035429408424817,-0.052409624917241146,0.0032206495594614306,0.013445270481435408,-0.010222337804451751,0.0011511936291651499
2025-10-03,0.003455246149057607,0.003116837271103489,-0.006746217139680364,-0.01312477732054764,-0.014252492909231236,-0.0013848011824195248,-0.022941846061782973,0.008031427089881379,-1.4866269470055505e-05
2025-10-06,-0.005167918067967592,0.02145567986696715,-0.011148158633220426,0.006312318256467209,0.05305409919515741,0.020493623696956818,0.007151768210216172,-0.0027454551740353104,0.0035798480464479415
2025-10-07,-0.0008184089533852378,-0.008721782348419641,-0.0026984743997193915,0.003975811225101454,-0.04549829949251959,-0.018823983502074124,-0.0036115162682211644,-0.004830817332018259,-0.003714384154067093
2025-10-08,0.006141374866814596,0.0016589825866437171,0.021756877926822356,0.015391813667974614,0.012847468714676217,-0.004649461509155005,0.006653100351401399,-0.01196641381428859,0.0059453328345677615
2025-10-09,-0.015700398056697453,-0.0046788362688960595,0.01813090245917844,0.011126943813862117,-0.007206358713169257,-0.01271228217245469,0.0215945036675269,0.004921592734975841,-0.0029012231694878696
2025-10-10,-0.03513204652712342,-0.02214233216657916,-0.05009965424291474,-0.05121476887040818,-0.05195335338705128,-0.020749505741591234,-0.03921801716226489,-0.015303171332673341,-0.027399732020099574
2025-10-13,0.009697190594530546,0.006029220711885203,0.027782574621436396,0.016955828210376053,0.052779538485349636,0.03153858732426462,0.014637874894064075,0.023257581460929006,0.015227500463861956
2025-10-14,0.0004440611605975049,-0.0009341595257690227,-0.04501918551539917,-0.016863378479674927,-0.01539666493428667,0.005310482562114822,-0.009899315736200714,-0.019310541089725422,-0.0012223889242512932
2025-10-15,0.006316498495224782,-0.0002726672819960085,-0.0011115265297292802,-0.0037966156016826813,0.013674604901329141,0.02247920096843814,0.012480828540418565,0.01187968603311222,0.004429723263551478
2025-10-16,-0.007608883164548134,-0.003551099031847371,0.010950201943594778,-0.005115842622809568,-0.014816786729139187,0.0017115088253963444,-0.007666383132876278,-0.023667568711863887,-0.006833537080165666
2025-10-17,0.01937066382999947,0.003843256681145978,0.007725450946719113,-0.006689964147498497,0.024331310172500658,0.00729061119104903,0.006788003053563271,-0.0032880787090738433,0.005660264188947027
2025-10-20,0.038680884861185046,0.006230715834924127,-0.0031706243698502888,0.016018234695332655,0.01831477587612344,0.01274896075085548,0.021048469567944667,0.016002434858578513,0.010346764260710732
2025-10-21,0.0020190052771787686,0.0016820443005928143,-0.008136359976919564,0.025314357693141158,-0.01085364312168525,-0.024024275864451227,0.0015013058547292285,-0.01758320110224455,-1.491112831167144e-05
2025-10-22,-0.016576784159691115,0.0055480878554796925,-0.00486944785149559,-0.01854683769726401,-0.008235365016010689,0.004898927272932763,0.00019084410287850524,-0.010081313658689842,-0.005212492402144876
2025-10-23,0.004362589657176772,3.845842228772116e-05,0.010374250807994116,0.014304177190941961,0.022547291398770954,0.005507470298801809,0.0008041745634339622,0.001461049093058298,0.005912439182597331
2025-10-24,0.012404526552387543,0.005841953929257315,0.022258075742306045,0.014013300747685163,-0.03457920037137167,0.026668291508105308,0.0059224620867298775,0.019833228634823355,0.008139332552524787
2025-10-27,0.02253538617237557,0.014993758744934848,0.027692099020906667,0.012234712914707927,0.042211814191010485,0.03534060986409857,0.01673446166380649,0.012272905755348288,0.011728646645659485
2025-10-28,0.0007065783461583808,0.019654294732463072,0.048618527958442355,0.009995255600938363,0.01781041931942346,-0.006707137807960172,0.0008254165701783607,0.003970379766668846,0.0026524934890284567
2025-10-29,0.002598895805361544,-0.0009597821625894398,0.02945783430371503,0.00456970894129321,0.002082342411769511,0.026198849144980427,0.00030600617757295666,0.0004911827992139265,0.0004802169496959799
2025-10-30,0.006283449504564014,-0.029590522317628123,-0.020248021637990266,-0.03283904572023767,-0.047501755655160294,0.024855171905938698,-0.12030229171817113,0.012781676889541125,-0.011059045996237981
2025-10-31,-0.003802351703305637,-0.015236478531260754,-0.0019734275074167937,0.09152568904562086,0.03671813319553837,-0.001030830020017118,-0.02756444705542324,0.005414453998499606,0.0032748348805325895
2025-11-03,-0.0048941826438965354,-0.0015074183239374144,0.021448408886442172,0.039264803615285844,0.025538450543862383,0.00895723452746638,-0.016546967330503922,-0.0057053324460583105,0.0018749518807334039
2025-11-04,0.0036729372522777033,-0.005235840547966734,-0.040393105173183515,-0.018597025701107325,-0.052848572813666,-0.02202274290544106,-0.016426880067070215,-0.00032333043452999677,-0.011924410043879145
2025-11-05,0.00037026954113186534,-0.014038573139476387,-0.017669896884460884,0.0035233445181079427,0.03930641199562339,0.0241000858321482,0.01366317415081305,0.00782698568241091,0.003459483414779496
2025-11-06,-0.001370693968215303,-0.020035317501691973,-0.03720852260072738,-0.029034574612610754,-0.035599264459215095,0.0015464187642058866,-0.027111621694541482,0.005567189982682156,-0.01078736388196981
2025-11-07,-0.004830522979991833,-0.0005634231787691921,0.0003720706324959663,0.005621146751201347,-0.03744886561150212,-0.021009373370027656,0.004465440018737861,0.00251733804429832,0.0009840946162027228
2025-11-10,0.0035694087570780166,0.01830886708736277,0.05631658017812057,0.0161931675138767,0.03592274671529928,0.0396234832094448,0.016035809230489688,0.008493231746813138,0.015483826837869972
2025-11-11,0.02137118643594642,0.005282451466600469,-0.030037184813656623,0.0028141212824006312,-0.01268032095842644,0.004162271699253828,-0.00743543919375194,-0.004015813879357545,0.002286649813170406
2025-11-12,-0.006487844507194079,0.00482443318710431,0.0033078352393263073,-0.01986689759076167,-0.020731107188327342,-0.01591676172312692,-0.02923944748180389,0.01506249427342186,0.0005562213897330497
2025-11-13,-0.0019032581452385258,-0.015476992243604763,-0.03646703857244306,-0.027483132611142096,-0.06875241071018368,-0.028801821566432215,0.0014439330840642628,-0.034707931942297925,-0.01673325109478097
2025-11-14,-0.0019803751859178826,0.013597028572044062,0.01755872270450257,-0.01223891180071706,0.005853666241942873,-0.007784116638445883,-0.0007052817988127508,-0.019149570372671135,-0.0001636723352538552
2025-11-17,-0.01833830726819936,-0.005286603224289955,-0.018951078213339877,-0.007785167790615942,0.011238716089416035,0.030674030761293117,-0.012299282568594656,-0.010728903005143373,-0.009360130957200695
2025-11-18,-7.473925559643532e-05,-0.02736664414833965,-0.028483311557641847,-0.045328527802621185,-0.01893489628165649,-0.0025996510345730785,-0.007201843714656528,-0.0032011480103118243,-0.008432960886635695
2025-11-19,0.004179092340407183,-0.013599853620500603,0.02805448528161309,0.0006288715862684946,0.006805426562391663,0.02956426250689142,-0.012407453816266432,0.012809577815405367,0.003855706707772104
2025-11-20,-0.008638626557415352,-0.018000594884948123,-0.03203239782377773,-0.025238376767976148,-0.021922199285516537,-0.0115413134733614,-0.001983913558495133,-0.016255603288735897,-0.015359612345631516
2025-11-21,0.019489553289023798,-0.013276714172975488,-0.009790879759208036,0.01621670892983362,-0.010530198558583292,0.03466589813767203,0.008619244641486628,-0.0012072968361968488,0.00991194139257471
2025-11-24,0.016185746981243,0.003974141476520722,0.02030890755571085,0.025014152157624068,0.0660172720981127,0.06122506788190698,0.03114637252612578,-6.707497751019905e-05,0.01461126057310228
2025-11-25,0.003798184186466807,0.006288184139484632,-0.026252280937086085,0.01487032297548011,0.003870128654219355,0.015140054162979628,0.03709789066129216,0.016639319003964724,0.0093619869830687
2025-11-26,0.002091851674423675,0.017683781896818542,0.013628378772762436,-0.0022230225348219158,0.016974787220379935,-0.010848861142363626,-0.004110769342782479,0.015197510294999206,0.006879739399945471
2025-11-28,0.004672971568938359,0.013319773606054174,-0.018250490080873337,0.01756175380535844,0.008380619474776033,0.0007185430362292326,0.022379951635949472,0.017528390243120227,0.005443639892849564
2025-12-01,0.015126188953698135,-0.010768981786818071,0.01636256490018193,0.002825964858582112,-6.97394621241348e-05,-0.01665989676572082,-0.01098693109992628,-0.013376318879722009,-0.004575921392619874
2025-12-02,0.010855720764224917,0.006675311554056698,0.008522983266628991,0.0023061862991379644,-0.0020945908399217085,0.002917341191814633,0.009674183713834815,-0.0033722746421838996,0.0018505067998367277
2025-12-03,-0.007153688178430315,-0.02535964876263152,-0.010358826101494639,-0.008740386717129234,0.039960567737700375,0.012023332896751364,-0.011657861545827743,0.013709670812637503,0.003456793698123109
2025-12-04,-0.012215719407566574,0.006488824477946213,0.020884074609353993,-0.014171743534491207,0.017287167308555625,-0.006308407788103353,0.03371243549815652,0.01263885519216397,0.0007308445808603122
2025-12-05,-0.006863590932648934,0.004813302496586745,-0.005303608473422988,0.0018314943611840917,0.0010335035967348669,0.011426172574961235,0.01781380265082148,-0.00335899651627737,0.0018976821307942365
2025-12-08,-0.00319753127588418,0.016136968471426146,0.017067483178621477,-0.011568418747626617,-0.03447772390855956,-0.0237809846488099,-0.009879048368193805,0.0005394142460225113,-0.0030087913732970207
2025-12-09,-0.002558316430519311,0.0020345059555792527,-0.0031307475877748172,0.004529366309921425,0.012636566806914386,0.010653193385332872,-0.014866965293227579,-0.04775799247150885,-0.0008634518932949255
2025-12-10,0.005755847706403448,-0.027737753963508884,-0.006454272935382109,0.01679395848370691,0.014008389943790958,0.009822938249675506,-0.010450816873659535,0.031445962223618416,0.006610262351014068
2025-12-11,-0.002693918776111477,0.010207678143323889,-0.015629207780489252,-0.006492686132941979,-0.010152139695978377,-0.02459658322857577,0.003960609759088636,0.023172783507208777,0.0023242969879420975
2025-12-12,0.0008987795219441775,-0.010270365621871403,-0.03320989813109434,-0.017920589673159203,0.026650529578487583,-0.01010104491621273,-0.013077185277988882,0.003585423377995607,-0.010810246103951131
2025-12-15,-0.015098364430199547,-0.007783102028747684,0.0072300506944736895,-0.016268534273204432,0.03500417593015653,-0.003465558058020488,0.005078477667726435,0.004698226613154766,-0.0015119810060782233
2025-12-16,0.0018224236954371396,0.003301076972831595,0.008078956722964145,8.98866451848032e-05,0.03019325551468915,-0.0053676794846445035,0.014778087527754367,-0.01406635016528549,-0.0027360790604627236
2025-12-17,-0.010138211482018081,-0.0005669642013516311,-0.038896652916282415,-0.005813022613826454,-0.04727460429487326,-0.03265720088775454,-0.011709503968792702,-0.0018079297194320673,-0.011064523100348975
2025-12-18,0.0012867163670800797,0.016373693204499575,0.018546937875409245,0.024508470639878127,0.03389652701091261,0.01916007177585736,0.022756813038495007,-0.006305989085727517,0.00752293651221648
2025-12-19,0.005422689224387653,0.004000422682315486,0.03858224157590707,0.0025985418858299946,-0.0044993863680713635,0.015419787313641272,-0.008585159575083596,0.013360797637063713,0.006072051078881572
2025-12-22,-0.009914931893719238,-0.0020600723620700385,0.014807755977448005,0.004739078487121393,0.015527202757109204,0.008493567794240016,0.004135493980944841,0.018366922669401427,0.006210548734107755
2025-12-23,0.005116548681590436,0.003972123392512732,0.029607977378472258,0.016110849706755952,-0.006507353223946919,0.014644670066311193,0.005186831137981823,0.008751701065471759,0.004560071413091677
2025-12-24,0.005309759449072081,0.002400286146341494,-0.0031761505282191112,0.0010333484556670999,-0.0003295782832779731,-0.0008274768615970477,0.003917460856794122,0.009891763518785068,0.003511449061324125
2025-12-26,-0.0014985243151121033,-0.0006354167141099218,0.010128261776981343,0.0006022774408405259,-0.021258551524587485,-0.0018482687435713396,-0.006402008393173236,-0.0038351837744928156,-0.00010140918548689622
2025-12-29,0.0013159438507369832,-0.0012514960509342136,-0.012198158159957593,-0.001937179352692427,-0.03327112293491262,0.00015943289422478579,-0.006959249336692101,-0.01276757864263511,-0.0035700131092760113
2025-12-30,-0.0024871024374482713,0.0007798331494734757,-0.00361937772433004,0.0019801618568183687,-0.01139973602177475,0.0009244626763467157,0.01096159315737014,-0.0010197833460037775,-0.0012218930418649832
2025-12-31,-0.004477569353830084,-0.007949822210215307,-0.005560881107953781,-0.007381025988312501,-0.0104187006411069,-0.0027119936706252114,-0.008838380932576455,-0.003717283816488067,-0.0074365385229543625
2026-01-02,-0.003131417422728209,-0.02233092856836509,0.01252184239397894,-0.01889327280046985,-0.02624643791802105,0.0068455060519480165,-0.014773338065621023,0.010066503731434332,0.0018313816388204516
2026-01-05,-0.013933752709382118,-0.0001903093442500957,-0.0038730503568416143,0.028550975746587545,0.03057312274344065,0.004400946307797316,0.012801893742596474,0.025959722282873094,0.0066380302639303425
2026-01-06,-0.01850445330052291,0.011898903355173657,-0.0046887853515817125,0.033210483799024845,-0.04230652917497186,-0.006974451901869084,0.0027739948925622235,0.0017048588944847663,0.005929612162752057
2026-01-07,-0.007767545179558985,0.010312138198767437,0.009937613797250616,0.0026114748641676943,-0.003586402728205757,0.024014274937269067,-0.01822383219674455,-0.023036071235369937,-0.0032286065226963673
2026-01-08,-0.0049674824964186315,-0.01114846702195872,-0.021756877926822283,0.01939179681615764,0.010124471981728621,0.010688654426759616,-0.004062573469867062,0.008526554644394597,-0.00010152683713991636
2026-01-09,0.0012730719488525312,0.0024441743272820607,-0.0009731965015264062,0.004415959535942419,0.02091338126870214,0.009571806955528126,0.010776629983427929,-0.001821015081850611,0.006591615971639491
2026-01-12,0.003387112630019483,-0.004391212380583009,0.0004326762122366477,-0.0036853485099490966,0.00883700211279967,0.009963221776641442,-0.017127476940797956,-0.014380410154209796,0.0015691657382673743
2026-01-13,0.0030692056002053552,-0.013736522806182459,0.004693171754836819,-0.015826265506308397,-0.003927828743923437,0.012308724801853669,-0.01709300232090392,-0.04278339150006894,-0.0020014746381922994
2026-01-14,-0.004184172939277149,-0.024279475151207697,-0.014473748758520005,-0.024831791107773515,-0.018051031148363036,-0.0003870287280860322,-0.02498105493408204,-0.009793697341386864,-0.0049273421816183926
2026-01-15,-0.006754565919430446,-0.005938625364054578,0.021125092762471806,0.006444429028140061,-0.0014354670972459708,-0.00915323784883259,0.00854147847033588,0.004504778533121887,0.002719522746548074
2026-01-16,-0.010433359433029877,0.006982923953040525,-0.004393531107790034,0.003938837966679267,-0.0024427450941923528,-0.008388952858636688,-0.0008863266337104006,0.010326089850107868,-0.0008382356227388815
2026-01-20,-0.0351668036385547,-0.011680170601197762,-0.04480567345721971,-0.03454778703396358,-0.042609305094350874,-0.02454110891611766,-0.02634977695629041,-0.031634149397832795,-0.0205668143829452
2026-01-21,0.0038434232235225268,-0.023169646366770685,0.029056527049768917,0.0013410811217221105,0.02866105598439217,0.01961994370887009,0.014526871183521067,-0.0023148318510328816,0.011474992875157984
2026-01-22,0.0028226317411110297,0.015705498576054473,0.008257266595632338,0.013014244969160121,0.040695858938020815,0.00655621731080176,0.05501983636279246,0.00525038372445483,0.005209569607412369
2026-01-23,-0.0012490697156275657,0.0323006133420048,0.01519452535665764,0.020359762712410228,-0.0006678119583802994,-0.007927557924928453,0.017039741668327228,-0.019656419358493746,0.0003627894295177114
2026-01-26,0.029280115023907816,0.009249900974024904,-0.006414716764022211,-0.0030989827151846525,-0.03135078007637384,0.016122846774646885,0.020434594748333864,0.011089723077972577,0.005065280590233361
2026-01-27,0.011135395361916245,0.021665420443567347,0.01093374993632049,0.02591738783059459,-0.009929693133760457,0.003863313327113599,0.0009068190158369401,-0.002427908331323552,0.0039763343857141765
2026-01-28,-0.007110778160384994,0.0021825147040121667,0.015788139399133445,-0.00684863228798761,0.0012987560805733547,0.004354641747671677,-0.006320346579962272,0.0015305501934897694,-0.00010066406256274772
2026-01-29,0.007149534392551533,-0.10528439833082896,0.005155807778264372,-0.005281189009015846,-0.0351442835440217,0.006644316562313292,0.09898342528172764,0.018610937176924275,-0.0019863909365824294
2026-01-30,0.0046354076526533994,-0.007432376387847021,-0.007194221552516856,-0.010103375476311564,0.032707748293060876,-0.0007393715678786329,-0.029985540027970492,-0.00173114562021238,-0.0029870043360058817
2026-02-02,0.03977936083255737,-0.016212930158988753,-0.02930614884421937,0.015178840703943746,-0.02018328139266714,0.016694199911898737,-0.014182479810115351,0.0073286646031493945,0.004959001326611542
2026-02-03,-0.001964814656119158,-0.02914247754230818,-0.028803763734296637,-0.01802454038618342,0.00035553266889641583,-0.011647808076057425,-0.02104341420370296,0.021542081628341352,-0.008491312500297705
2026-02-04,0.025680401762016518,0.007220799506874801,-0.034697266259929346,-0.02387675021837666,-0.038532688670109685,-0.019829658774796338,-0.03338325551857177,0.007656757424701667,-0.004855687699421416
2026-02-05,-0.002099879767540165,-0.05081178263530287,-0.01335008419007757,-0.04521487700574901,-0.02191272731756527,-0.005389251243631815,0.00182203115991928,-0.022664806575088715,-0.012567909230256104
2026-02-06,0.007977918818765313,0.018797501071895775,0.07577302154611584,-0.057150465515023806,0.03439569638292661,-0.02565462994191478,-0.013141582582524345,0.03870468653113737,0.019003086155680936
2026-02-09,-0.012664351560966831,0.030588807876348358,0.024664932128840217,-0.007636568568798812,0.014992548192064116,0.004511957928481385,0.02354659362185873,-0.0009309164146874089,0.004810191601779549
2026-02-10,-0.0034287922059860762,-0.0007982321509204169,-0.007924390631787003,-0.008468076358810299,0.018729813289406434,-0.017857126569212078,-0.00964442136226291,-0.011930580612263656,-0.0026405854589145986
2026-02-11,0.006628114685600525,-0.02177081745717108,0.00797706113468756,-0.01401348751238724,0.007170667714086594,-0.024209319652986498,-0.003031140362797106,-0.023717504622375332,-0.0002311617005785411
2026-02-12,-0.051274148572826785,-0.0062762980147400655,-0.016499488678639127,-0.022196688349696986,-0.026499721174377204,-0.006322982167054498,-0.028640569499983542,-0.026669961324688265,-0.015569450219435095
2026-02-13,-0.022995784787441406,-0.0012948580207045683,-0.022340374050165722,-0.004066437083335938,0.0008867362574486323,-0.010671622530182643,-0.01557124141845082,-0.00029751600578214896,0.000704289712127912
2026-02-17,0.03117677762588167,-0.011175595561471094,0.011746307601812847,0.011801910679928636,-0.016448249621048336,-0.012176450396081302,-0.0007506161202155947,0.01502461390212326,0.0016121586455497016
2026-02-18,0.0017795329116435036,0.006880525302199955,0.01614189509795803,0.017934163011373634,0.001678940551719039,0.004328073532192208,0.006128615190106061,0.005357918637170691,0.005025066533240799
2026-02-19,-0.0143641415256223,-0.0028569667126517773,-0.00042567752724881764,0.0003417909236829623,0.000947679089765262,-0.001583623923124889,0.002422452417165249,-0.0023669774266768568,-0.002640849544883039
2026-02-20,0.015233748038497256,-0.003091609658687483,0.01016641935078702,0.025304384018124338,0.0002671812076260135,0.03927152604533167,0.016733102162986558,0.008855402604094318,0.0072057612537329814
2026-02-23,0.006029131859271349,-0.032649720007401746,0.009072593791150912,-0.023304999462925406,-0.02954695527872473,-0.011141975993736467,-0.02848027768541319,-0.04313193497444741,-0.010263795238652704
2026-02-24,0.022143949447182894,0.011713577948725896,0.006763829224697007,0.015900551376285547,0.023604408796446652,-0.0018959061992010282,0.0032117654220852362,-0.0012438465190301024,0.007242225023629262
2026-02-25,0.007650516806739749,0.029384094849206652,0.013954508922997483,0.009923754371216356,0.01940114803767631,0.006412333735611037,0.02225942802107606,0.019980685502741475,0.008402872807973
2026-02-26,-0.004678537445938535,0.0027918930961768774,-0.05610617488516369,-0.012997130763748655,-0.021357279325286554,-0.01779884810412437,0.005066017233281383,0.009287489839145648,-0.005569889023997671
2026-02-27,-0.03265801167898957,-0.02260754110711472,-0.04253843339265783,0.009954149190768667,-0.014967735162802965,0.014148909290198906,-0.01353082967538709,-0.019227929946468186,-0.004813536057942257
2026-03-02,0.0020420069532886102,0.014685139788609984,0.02941793761437841,-0.007696209563361218,0.002010344152525457,-0.016950722094550952,0.008265914169791848,-0.00916605722144125,0.0005683812096226561
2026-03-03,-0.003670983434379707,0.013408647244178758,-0.013405947518435666,0.0016302091348675868,-0.027372150980348144,-0.0096378472926538,0.002323053242771824,0.009032921389666541,-0.008853417643345903
2026-03-04,-0.004674457034245198,0.0031392250109650473,0.016470064467264935,0.03802601972435073,0.03384721273919843,-0.0014833504583726897,0.019126479292364336,-0.0029016782863138485,0.007030608714199032
2026-03-05,-0.008530800875914566,0.013433502095925965,0.0016376610475625783,0.009730180814114253,-0.00096123102727329,-0.007450242118532557,-0.010780761209679544,-0.019699179295710117,-0.0055911964945084035
2026-03-06,-0.01093209183794695,-0.004196973741552476,-0.03057048867727349,-0.026520103831069775,-0.02198816416611494,-0.007874634929986565,-0.024069893495694997,-0.013961692976162364,-0.01319374775611999
2026-03-09,0.009355669758880348,0.0010997770081359087,0.02679987594289507,0.0013123918981728527,0.004903095477786746,0.02592393776640057,0.003915701341937639,0.0015188212200543483,0.008721803397824652
2026-03-10,0.00364879782998301,-0.008955231986681241,0.011540111665357098,0.003926872997654284,0.0014036436297643494,0.0022172268624518696,0.010265472967792085,-0.004113035751525115,-0.001608361917633397
2026-03-11,-7.663911620952738e-05,-0.002171136910573758,0.006796112977842229,-0.007869298894721337,0.02126320318819362,0.005391910962074921,0.0012070593961176293,-0.004199648593806113,-0.001255957756553449
2026-03-12,-0.019552680241045003,-0.007487006160910448,-0.015657060121153334,-0.014780671622370333,-0.031914812787204434,-0.016823669689253397,-0.025801086224831373,-0.016234203540010983,-0.015301394970667648
2026-03-13,-0.022298700096560726,-0.015826562198313323,-0.01590610818182284,-0.008916648837354262,-0.009692136394107657,-0.004192565248006616,-0.0390978240660745,0.0019422878861217532,-0.005676259604792652
2026-03-16,0.01073701886028607,0.011062399209724537,0.016342847084503342,0.019408860320450153,0.011083506865035645,0.010792414569018402,0.02214146633952783,0.009550638577479422,0.010125452659838764
2026-03-17,0.005561550258065924,-0.0013511024228114073,-0.0070656657992947056,0.016208681248397017,0.00933537602077204,0.017389536865903655,-0.007663425716287733,0.002547810340800391,0.0026271435462890255
2026-03-18,-0.01701845346996249,-0.0192624636248771,-0.008445383654979622,-0.02507954596315967,-0.016388196671314647,-0.010442897002126443,-0.011273244153874096,0.0029583425808453966,-0.014051942731962164
2026-03-19,-0.003928630867926254,-0.007095275831026389,-0.010251908275091526,-0.0053030276815244914,-0.03228927274343446,-0.0018216639236959455,-0.014692881072515016,0.0007990516127224524,-0.002467406483166276
2026-03-20,-0.0039038230355726406,-0.01855050417363923,-0.03336869803842486,-0.016372033885598155,-0.032986169449252166,-0.020160861874423845,-0.021727735393514788,-0.004908382489851268,-0.017166789666016723
2026-03-23,0.014014804238242614,0.002954765416776362,0.01688047473673104,0.022960765779813284,0.03443139945829688,0.0035154003067988243,0.01736680703271847,0.011622612825197146,0.010445276906504148
2026-03-24,0.0005962431159833461,-0.02715388972769002,-0.002508281134920151,-0.013896403903249794,0.005707699063017406,-0.0392286421377402,-0.018614072885358053,0.008552164383871637,-0.0033624966130463346
2026-03-25,0.0038868717408098437,-0.0045712029160832725,0.019668294409632546,0.02133987694053351,0.007594547116542637,0.0016856403134361691,0.0033170853060573743,0.010275411063716877,0.005557288574735996
2026-03-26,0.001068245142811088,-0.013758530372588954,-0.04253034213772591,-0.019893385566031804,-0.036518388902705916,-0.035012684141412065,-0.0829410608756225,-0.012809365223973882,-0.018020135919566853
2026-03-27,-0.01630523602902272,-0.025460080504767918,-0.021963340729077872,-0.04031216865924322,-0.0280150189690427,-0.02370177938849612,-0.04066678236624677,-0.03070739905310564,-0.01719894102480063
2026-03-30,-0.008760115500651625,0.006119652203548736,-0.014127537179291032,0.008044214540419325,-0.018268243604687585,-0.0030665778394265166,0.02007417832125334,0.003282658389175982,-0.003349064243429706
2026-03-31,0.028617869316112193,0.03075145798999422,0.054376241030536364,0.035779229656415903,0.045315377792307994,0.05012990376355891,0.06452337261106908,0.0359598372648157,0.028653466042465783
2026-04-01,0.0072239786626750405,-0.0021635573826314564,0.007711054213118247,0.0109828388282875,0.02525999735964806,0.03361293234397785,0.012333354771954944,0.004138830086381556,0.00750622148232205
2026-04-02,0.0011337828774017462,0.011012042440085764,0.009288164369341389,-0.0038064614152036554,-0.05574001402961767,-0.00546236985934948,-0.008269094238409243,-0.002644154782271883,0.0009000692442135715
2026-04-06,0.011422429939559263,-0.0015542157511646848,0.0014083319278955812,0.01429401955243689,-0.021783536042954785,0.014167020103907902,-0.0025098531481971605,0.002881134361918942,0.004715661120724013
2026-04-07,-0.02092349539479067,-0.001583521748180303,0.002586197577764938,0.0045949583469463715,-0.017642424845982326,0.01806970095422138,0.0035363181064853883,0.006578354394712921,0.0004399773016391101
2026-04-08,0.021078040151454248,0.005464582028634288,0.022100936428509733,0.034392593210598475,-0.009856563133277247,0.03809194234694082,0.06296132142721474,0.03492436609280152,0.025150609779818547
2026-04-09,0.006122572068527736,-0.003371636210728199,0.010000366429111892,0.05453095913592383,0.006880846850074372,0.003680295167503025,0.025742722396939786,0.007633824547559188,0.005752513692051993
2026-04-10,-3.8310259802688224e-05,-0.005914505506076854,0.025340922819897742,0.020041816513914186,0.009588788947183922,-0.003932492250759796,0.0023365330767120803,-0.0014833652144623153,-0.0006619995879319516
2026-04-13,-0.004926113418270592,0.03575403391967977,0.003598419882182582,0.006314422859656274,0.00989500379675574,0.012747827167694846,0.007387064319893663,0.012220495705707442,0.009724956729963633
2026-04-14,-0.0014285879140919877,0.022483816018266257,0.03732742252058659,0.03735274928383289,0.03287951656879651,0.03546581258114935,0.04312083513446859,-0.008194660481557389,0.012111242670247968
2026-04-15,0.02894009378924964,0.04503892039800363,0.011938027722559317,-0.0020903861446825195,0.07343111096819813,0.012566741391097948,0.013627721910405276,-0.01682238048071303,0.0078600237887659
2026-04-16,-0.011437751311164824,0.021745236543680494,-0.002618142636842663,0.0048173395273468644,-0.0078120863116936485,-0.0032682862661814957,0.007846053049436594,0.013054739859327459,0.002454297369362188
2026-04-17,0.02559972274868711,0.0060020314796961965,0.016649068831843417,0.0034382179946092772,0.0296911094422974,0.01670395579151272,0.01710869581864212,0.00109633806452379,0.012013236382059651
2026-04-20,0.010381395006123128,-0.011226721944164157,0.0018824243533806851,-0.009141266429826336,-0.020476797687229584,-0.012546120124168936,-0.025952959664172565,0.02136282523469408,-0.0020016695574076216
2026-04-21,-0.02551963105392037,0.014461851036348103,-0.010847460012281764,0.006543731071590066,-0.0156116416401595,-0.015320377639346537,-0.003090051033582633,-0.01266700629086484,-0.006568474427903533
2026-04-22,0.025959108321062463,0.020442233269101853,0.013022675641870152,0.021573448951202067,0.0028167845306925577,0.02093552919072966,0.008752837830685407,6.38606243552674e-05,0.01007576539985774
2026-04-23,0.000951259658793847,-0.04046886637057255,-0.014224145002446242,-0.001097088026179746,-0.03623482292188371,-0.0012680223513810403,-0.02334658333477605,-0.004257939203310609,-0.0038882734971482065
2026-04-24,-0.008705431236900629,0.0211105217434589,0.042319593820825736,0.034333958023186784,0.006879807968652782,0.016128140658262267,0.023806014487513724,-0.011000655011127592,0.007719426373887486
2026-04-27,-0.01280954755535656,0.00047092722300055997,0.03926316900565752,-0.01093113357236666,0.006278483691632188,0.01710034623908102,0.005304139433685585,0.01080814535934668,0.0017213241598695746
2026-04-28,0.01151746361085137,0.010373932738088273,-0.016008543515173078,-0.005452887403187945,-0.007022844604162197,-0.0015997191393576128,-0.010785562113415144,-0.0005777514150707867,-0.004877826001792575
2026-04-29,-0.0019966654409926303,-0.01122174710136712,-0.01856025148587312,0.01277897868001351,-0.008600254179982027,0.00045733626198783656,-0.0033123461075633275,-0.007088839621748922,-0.0001545530367001282
2026-04-30,0.004358082807074243,-0.04008994238092317,-0.047364620689692674,0.007650061888693173,0.023409515563600516,0.0949619688753806,-0.08937823995625656,0.012787768771847204,0.009900455774975739
2026-05-01,0.03188000749804144,0.016200406979112132,-0.005627924828786003,0.012000489635761667,0.02379554904158833,0.002310257253367211,-0.005177494589848189,-0.0024293115696581713,0.002765286895853703
2026-05-04,-0.011885979632393856,-0.0019805511549451484,0.00015115400653788937,0.014029132183864344,0.004314924812415465,-0.006346426569940426,0.0027231441433330297,-0.015545715127440862,-0.0036701062781496277
2026-05-05,0.02620426356855262,-0.005430292700096225,-0.010025886548327841,0.0054985478239463976,-0.008032003657369561,0.013425436785244159,-0.008968442076669032,0.005672165064678918,0.007990179213504577
2026-05-06,0.011649861770647776,0.006251956738704464,0.05605801533201417,0.005250321971042334,0.023754487827164997,0.024439569677288858,0.013006789712097969,0.017620190312561176,0.01380372810615604
2026-05-07,-0.00024352490852545526,0.016317009838258165,0.017504551845002613,-0.01398871786017844,0.03222900776203085,-0.00012566941117652967,0.006391864694781777,-0.027788078746934338,-0.0030708152880456166
2026-05-08,0.020250036896777346,-0.01351871669925588,0.017342815620265937,0.005552939638259036,0.03942710124226755,0.007035664510709617,-0.011708807100912861,-0.013708921381398452,0.008222178062143842
2026-05-11,-0.0021843512044963736,-0.00594360506558952,0.019511043648370138,-0.013624751749596186,0.03813364950728898,-0.0308090163685948,-0.017824400303418166,-0.006975633940051706,0.0022749958288905154
2026-05-12,0.007217281916175962,-0.011920755212934458,0.0060878673061894135,-0.011854752338375166,-0.026297804689101322,-0.0033248101103760027,0.0068893732611732175,0.016135797924926032,-0.0015160886733100647
2026-05-13,0.013711560991706276,-0.0062978328654040286,0.02261578687616553,0.01608392713413966,0.02690433759547956,0.03866448410806777,0.022351979368377264,-0.015302811621034182,0.005579255007885031
2026-05-14,-0.002210772244144634,0.010360500468285534,0.04294701416288977,-0.010831048951722346,-0.004434100858338372,-0.003857183018249233,0.0029148204475002823,-0.0011330191021995362,0.007863259651000725
2026-05-15,0.006750976522238501,0.030049823808855416,-0.04520787956784801,-0.011592972656152402,-0.048672864587404434,-0.010754026086735393,-0.006814577502366525,-0.007026750786018527,-0.012102290069018232
2026-05-18,-0.007992466908238653,0.003832226380156052,-0.01340382815362892,0.0027220081197222258,-0.029441104289050234,0.0004031740765778371,-0.004928784116247305,0.00975719768823317,-0.0007036831481133525
2026-05-19,0.003786820722815226,-0.01455503947843467,-0.007721378904410723,-0.021061401192618883,-0.014445663458309575,-0.023656465669846662,-0.014170437918204189,-0.016867420619867207,-0.00668314190839915
2026-05-20,0.010911251503184886,0.008682394212164468,0.012880742844461066,0.021627669973466716,0.03202247022638431,0.003219287553663492,0.004057425625961704,0.021015358257061502,0.010196863400443316
2026-05-21,0.009024467670268961,-0.004689650289837887,-0.017879417779403134,0.012934297256761875,0.0014129789484986274,-0.003219287553663458,0.003827010245648098,0.0033719791120669024,0.0019811333287531405
2026-05-22,0.012479649444335736,-0.0012415277754476936,-0.01922602091738551,-0.0080032744617438,0.019340312041325056,-0.012172015926321337,0.0047304789901055425,0.011093372012293308,0.003923846005811892
2026-05-26,-0.0015880121843198519,-0.006086787367366893,-0.0021850875429076126,-0.0038750213028487137,0.017636535587117294,0.015314164974778664,0.0034026157931846004,0.0011742738641546096,0.006616670069624135
2026-05-27,0.008139905925081868,-0.008109095484610435,-0.01057416146232698,0.024426866578213892,0.015493162254673815,-0.00012862972358698542,0.03674665162179339,-0.024620865424725934,-0.00017321858553491748
2026-05-28,0.005325999563197865,0.03411229625288361,0.007731062861125708,0.007877640344363742,0.003943573700417892,0.0033378338599689356,4.717368385697495e-05,-0.008556914516570204,0.005501394045972513
2026-05-29,-0.0014410307239461104,0.0530201813564115,-0.014622139807083814,-0.012338527790443166,-0.014375619088440037,-0.025414449534057523,-0.004385506773942161,0.008657145992222965,0.002488294342467694
2026-06-01,-0.0185978161231111,0.02257550971290651,0.06073048968974255,-0.035273461160258576,-0.046763726698806594,-0.010492890778444477,-0.05198341307870981,-0.009162866165074548,0.0027194345745353604
2026-06-02,0.02860974364520492,-0.042608691140752344,-0.006887603858815381,-0.018309525985056377,0.018723267699191404,-0.03934291093750427,-0.004740791582047653,0.014660385888832514,0.0013569892364500282
2026-06-03,-0.0157967095998125,-0.032167630063060046,-0.03688974263736772,-0.025665659701418486,-9.435010681166908e-05,-0.007935272435608862,0.04154254265999393,-0.000365515206570832,-0.0070418865298849664
2026-06-04,0.0031215368741391546,0.0016600419254275758,0.01804346788993575,0.01496619519549892,-0.012468248792164637,0.03610997738707275,0.007340846047808919,0.03282737702805406,0.003771565399054162
2026-06-05,-0.012577609274253502,-0.02694540884818325,-0.06402033391723558,-0.03105365219156565,-0.06784987766553562,-0.009882367001615036,-0.05666083124217305,0.004749168010963519,-0.026148306223911042
2026-06-08,-0.01905190902330898,-0.011902515359320368,0.017112580975841913,-0.0032977029725941285,0.04488536904530807,-0.01426565854002426,-0.012916082199326898,-0.004041866685254569,0.0022616706310962516
2026-06-09,-0.03712706918079524,-0.02043863488144832,-0.0021591397984066225,-0.004209150987076249,-0.030463037176546175,0.0026114675903969463,-0.0013675240418858764,0.005097803193616544,-0.002939820675094705
2026-06-10,0.0035387281174611347,-0.015110789647077107,-0.03803598052040507,-0.025675947123681687,-0.0387831676710731,-0.02187033417947859,-0.023556644190179003,-0.011450007392661525,-0.015891143541041916
2026-06-11,0.013794324313997033,-0.0178244891134849,0.02196045231330065,0.014640183686286065,0.044990546617469984,0.0038927001272959978,-0.004475986888603294,0.0139731343776286,0.016854009305021588
2026-06-12,-0.015338769356976291,0.0010242073496361669,0.0015607832565316107,-0.012331912602696485,0.018074423616042716,0.005324435774413595,-0.0025541663885694566,0.022801041654107103,0.005393677475677045
2026-06-15,0.018007493246393634,0.022822039293822094,0.034770261132300154,0.03083390605189011,0.011546402155351725,0.026529993597646646,0.045679486883729435,-0.004124255468789436,0.017480321802260602
2026-06-16,0.009468481540986734,-0.014945081454071895,-0.02400912389906229,-8.131487459148037e-05,-0.015910879171028017,0.010503715919534504,0.011276148415824264,0.036097074244256205,-0.005979448438013993
2026-06-17,-0.011055331985774613,-0.03862059048154452,-0.013396355182919829,-0.035163912457666896,-0.020673857986175808,-0.025671634855025008,-0.05589789189536283,0.006981601591432449,-0.012566460148428235
2026-06-18,0.0069365133751416366,0.0012923218845768704,0.02908669731246372,0.028597683957913095,0.010315413608767319,0.01158765170421262,0.01684168688558637,-0.025021012356239235,0.007770380179555653
2026-06-22,-0.0033612346094813285,-0.03230320168250443,-0.009729692641559137,-0.04862857666526806,0.01132171311591987,-0.05114602365891787,-0.023435210199502732,0.019065628973056966,-0.0031519418478261887
2026-06-23,-0.009166227388095015,0.017807523534874563,-0.04214086479707091,0.005654362212000333,-0.059611379843779726,-0.010203988467657892,-0.0029305351940348474,0.007992601544750802,-0.014628429664887567
2026-06-24,-0.004154050285409865,-0.02293855257082976,-0.005212488263586544,0.0006832216006890583,-0.016060748057995154,-0.0024297727425915128,-0.008090321243322048,-0.0020671449822574485,-0.00046362452088405214
2026-06-25,-0.06312918215256177,-0.03517049422135125,-0.016517548663244935,-0.03148026940338524,-0.0010923964729650014,-0.004586414686523522,-0.026897487347296307,0.004995696381843436,0.001444591300819105
2026-06-26,0.030882904454319803,0.05551167425391712,-0.016535296660330157,0.024713060914308634,0.012161819203993191,-0.018558679034608522,0.013502848811789085,-0.018278984264111887,-0.00725764673618078
2026-06-29,-0.00721466060725805,-0.011867317971901738,0.012593727434429082,0.03151497796996931,0.08122713454703766,0.047068131545177694,0.022196132254121426,0.001032825722721407,0.016340624198741247
2026-06-30,0.02668691184994011,0.01200133530108292,0.025921540190744,-0.007523873763327147,0.02104736226435513,0.010463939752140269,0.00122570154494565,-0.0062737082139417205,0.007756640320927923
2026-07-01,0.017199929330940868,0.029739442308022564,-0.012623672142353475,0.013999064785619552,0.011112495777372573,0.01068783702050745,0.08442350821195795,0.020381778467124724,-0.0013534198977212118
2026-07-02,0.047271697894878145,0.016030885383640066,-0.014016182027723867,0.0040052130693041185,-0.07784074755080678,-0.003605472625997126,-0.05020237548230075,0.0011966193170223833,-0.0013149336271025228
2026-07-06,0.012973185615845364,-0.009649728377271917,0.0036887239515329033,0.006121274942382323,0.06475289005284912,0.018035341164537543,0.029397148242849627,0.009669960318587318,0.008689545400113111
2026-07-07,-0.0064172715140114545,0.0054153311635238436,0.00703218164456726,0.00742645135022292,-0.041018539011121395,0.0015542337224836163,0.0251521053920136,0.004431714626410532,-0.004763225841268043
2026-07-08,0.008749389702145728,-0.014245624245687366,0.03585973382237286,-0.009640600216052831,-0.022185201276039682,-0.014020355227894405,-0.020448766762634237,-0.025679203186040205,-0.0030942118529105555
2026-07-09,0.00898970969223071,0.0026572610086787393,-0.006586390769892466,0.013940625430091662,0.0312037168556396,-0.008407254362267986,0.04595006592667653,0.014562872418268957,0.008429620706500478
2026-07-10,-0.0028501583226974415,0.001923481372210687,0.03954693236574592,-0.0069052509812284075,0.0029718973532871238,-0.004776139779201448,0.058031705316322596,0.002976458417840585,0.0043008975551764635
2026-07-13,0.0062911868943995525,0.015178902564042165,-0.03585516570320906,0.007997611876585861,-0.03240077993929111,-0.013160817540296276,-0.018824999676927696,-0.005782437695950464,-0.007685633815530019
2026-07-14,-0.0077511572511698955,-0.015620478686443902,0.039829039408852435,0.0007275987930534227,0.003590624905497913,0.0196630020022463,0.006541373779806617,0.024683180746480203,0.003544353050495003
2026-07-15,0.039360006012478126,0.027417962843460583,0.0032995407884884027,0.029736497094527754,-0.004350915634406925,0.031244421783561214,0.030203092756913113,0.011655652124962753,0.003955801420061879
2026-07-16,0.017434940338492192,0.01373134460185696,-0.02429272199776063,-0.020085877850740792,-0.008656724657948154,-0.04539096161306361,-0.024922372997344264,-0.010897739299897794,-0.005433351714810401
2026-07-17,0.001439222043781139,-0.018316817278041388,-0.022379698238568935,-0.010701758429280527,-0.026481664853464253,-0.021933776227723696,-0.028280040257188097,-0.005991944249690522,-0.009946458438716834
2026-07-20,-0.0216566670967116,0.021279272100756832,0.0023147648787335633,0.011101878873679078,-0.03003914234140675,0.014941034067203166,-0.0002477577792032815,-0.006559168720411391,-0.0016156827599172101
2026-07-21,0.0035150309603428622,-0.01134957559776861,0.01953441361577837,-0.009808344900483996,0.02501128466509805,-0.013845792742100516,-0.003163593150473268,0.018594354799919808,0.00830671283160697
2026-07-22,-0.005660635258418789,-0.018805522396685516,0.02275049536218918,-0.010966791059379552,-0.013068910989716388,-0.014683095985228533,-0.02618603871567201,0.008594828111342118,-0.0011634178861416992
2026-07-23,-0.013064847610259141,-0.022697652711874124,-0.015684001522928887,-0.04677872011408177,-0.15693077724657808,-0.07399777740276084,-0.03417266033378101,0.0048416604209664225,-0.012426173368713682
2026-07-24,0.03470741679444188,0.00031449962254198236,-0.009239710638928346,-0.006655683102763052,-0.021052755196125365,0.006432062764840743,-0.018164262272286083,0.009415374777564975,0.0010154965735656703
2026-07-27,0.011613327993052387,0.01920140394486841,-0.0512322371769213,-0.0031068038827953906,-0.012246027070754707,0.021105556591049283,-0.0022202544348985716,0.00842964841811415,0.00021655211458314317
2026-07-28,0.009365001326460403,0.01086342061525974,0.0025411683422597504,-0.002293127145673238,-0.0057730474244629066,0.021658635153353648,-0.0007749174718241008,0.0031113403646732428,0.002391917734196567
2026-07-29,-0.005572969622900951,-0.007169397599894727,-0.03617778754375249,-0.01840451837298003,-0.03011319377555425,0.008949673639247408,-0.013231500507594106,-0.03590028644313343,-0.015507089295929732
2026-07-30,-0.01417494863771797,0.14415863925253233,0.026127957865361876,0.03830396299886934,0.034688981481862634,-0.009099478974902122,-0.08288273165174885,0.017655340047404072,0.016626804898639082
2026-07-31,-0.0763829421141604,0.029746018366382666,0.028855721516937157,0.1425457923711586,0.007612156102981297,0.0651733250412112,0.03227321515481961,0.0026756318530101815,0.0071740147835804915
2026-08-03,-0.017931955617150903,0.04816284659081634,0.02891779300701876,0.044787913707705275,0.034332022193839726,0.04764895767741519,0.05848471981006719,0.0024133171161717596,0.014142527904258826
2026-08-04,0.019452282016534168,0.010525776365323286,0.025325081432127396,-0.023511967798007637,0.016230033331529004,0.011023020475899278,-0.00390431127493151,0.013743525832079776,0.017868407620299842
2026-08-05,0.005222601588142109,-0.010915481007189708,0.03377257008995301,-0.017343752751158317,-0.017876938914546434,-0.04113649260668716,0.0014107421743722033,0.004799387722696735,-0.00199859787687683
