date,AAPL,MSFT,NVDA,AMZN,TSLA,GOOGL,META,JPM,SPY
2021-08-06,54126800,16589300,178497000,52752000,46869000,20488000,8925000,13328800,46930000
2021-08-09,48908700,16117600,146443000,42964000,44145900,17760000,7798900,9516900,41222600
2021-08-10,69023100,18616600,179238000,48252000,40296900,19414000,7469900,8667000,43339300
2021-08-11,48493500,13955900,185925000,58944000,29401800,15352000,8400300,9156500,44034300
2021-08-12,72282600,14561300,151652000,46282000,52377300,16506000,7170700,8844200,38909400
2021-08-13,59375000,18249000,183063000,41134000,50194500,15948000,7195700,8980900,39470300
2021-08-16,103296000,22507600,210876000,66394000,68032200,22384000,11222100,8755800,73740000
2021-08-17,92229700,20075300,204585000,67758000,71163900,21716000,12328700,9347200,92673900
2021-08-18,86326000,21813000,285913000,56086000,61048200,19258000,10042400,8065500,89351900
2021-08-19,86960300,29850500,766555000,75658000,42940500,21782000,12004500,9517700,92812200
2021-08-20,60549600,40817600,675741000,67168000,44525700,31194000,8697700,6974100,72008700
2021-08-23,60131800,22830200,575807000,65362000,60794700,28454000,10942000,7934600,54973000
2021-08-24,48606400,18175800,297299000,51036000,39249300,19268000,9235100,7670900,38744700
2021-08-25,58991300,20006100,347701000,33606000,37936800,15848000,9684500,11335000,40529700
2021-08-26,48597200,17666100,237940000,41976000,39642900,20610000,7888700,11027500,57829600
2021-08-27,55802400,22605700,304722000,48048000,41501400,28780000,11219100,8780200,77235100
2021-08-30,90956700,16348100,262580000,63844000,55812600,24434000,13547300,7937600,48357400
2021-08-31,86453100,26285300,259850000,87128000,62566200,22448000,12345400,12340800,59300200
2021-09-01,80313700,18983800,201767000,72598000,39612900,21936000,11567200,8729900,48721400
2021-09-02,71115500,16285600,187834000,58474000,38331900,32342000,14832900,8813300,42501000
2021-09-03,57808700,14747900,280532000,51514000,45738300,19850000,7509600,7959700,47170500
2021-09-07,82278300,17180400,198107000,54758000,60119400,20124000,10793800,9285600,51671500
2021-09-08,74420200,15046800,254434000,61068000,56379000,18344000,11067200,7852700,56181900
2021-09-09,57305700,19927000,196856000,54384000,42233100,15314000,9098900,7904300,57970400
2021-09-10,140893200,19633400,248376000,47946000,45552600,36840000,11549600,8311600,89948200
2021-09-13,102404300,23652900,297500000,51380000,68857500,22094000,13026300,10052800,83738600
2021-09-14,109296300,21853400,199755000,38738000,55574700,19674000,8711600,11685600,78197100
2021-09-15,83281300,28356300,166538000,59150000,46073100,27408000,17940300,11691500,78792200
2021-09-16,68034100,19550800,156033000,51672000,41770200,26190000,11934200,10880900,77786700
2021-09-17,129868800,41372500,294503000,92332000,84612600,53384000,26299000,25581600,118425000
2021-09-20,123478900,38278700,349440000,93382000,74273100,46518000,19822800,15819900,166445500
2021-09-21,75834000,22364100,204688000,55618000,48992100,25332000,11751900,8999900,92526100
2021-09-22,76404300,26626300,268726000,48228000,45378900,25056000,43692900,11236200,102350100
2021-09-23,64838200,18604600,248555000,47588000,35842500,20952000,21806300,12336100,76396000
2021-09-24,53477900,14999000,217655000,42324000,64119000,22984000,18801900,10102400,62094800
2021-09-27,74150700,23571700,245215000,72690000,84212100,21882000,15205800,13220900,61371100
2021-09-28,108972300,43186200,343069000,88616000,76144200,45772000,21710300,13387900,130436300
2021-09-29,74602000,26353700,218394000,51246000,62828700,30848000,14452200,7777100,82329200
2021-09-30,89056700,32343600,221009000,56848000,53868000,37996000,16547100,13161200,140506000
2021-10-01,94639600,30086300,240978000,56712000,51094200,35360000,14905300,11285000,129240100
2021-10-04,98322000,31350700,345635000,90462000,91449900,51202000,42885000,14120000,128570000
2021-10-05,80861100,24993000,279282000,65384000,55297800,32404000,35377900,12292900,90682500
2021-10-06,83221100,28002600,297202000,50660000,43898400,24364000,26443000,8692600,113032200
2021-10-07,61732700,20430500,256919000,48182000,57587400,25110000,28307500,10195400,72437500
2021-10-08,58773200,17685700,151258000,39964000,50215800,26526000,15946100,8190100,74557400
2021-10-11,64452200,19298600,163388000,40684000,42600900,17954000,14708200,12154700,65233300
2021-10-12,73035900,17974100,162134000,36392000,66060000,36332000,31658700,13032600,71181200
2021-10-13,78762700,23416300,180652000,48402000,42360300,19654000,14761500,22753500,72974000
2021-10-14,69907100,27262900,243589000,42190000,36741600,31894000,14302200,15176800,70236800
2021-10-15,67940300,25384800,226994000,103598000,56773800,30274000,21596400,14267400,66260200
2021-10-18,85589200,22729300,189494000,63482000,72621600,20396000,21585000,12672900,62213200
2021-10-19,76378900,17682100,161473000,47722000,52143300,20164000,18786300,8053900,46996800
2021-10-20,58418800,16537100,146276000,42796000,42096300,23288000,13639500,8185600,49571600
2021-10-21,61421000,16918100,187590000,37628000,94444500,26292000,16354400,8415200,41305400
2021-10-22,58883400,17449300,249384000,62782000,68642400,50588000,35224500,8817900,58845100
2021-10-25,50720600,17554500,230235000,44520000,188556300,34412000,38409000,10159200,45214500
2021-10-26,60893400,28107300,485898000,53966000,187245000,49236000,65654000,8015100,56075100
2021-10-27,56094900,52588700,245990000,54044000,115579500,85782000,29971800,9847000,72438000
2021-10-28,100077900,26297900,234204000,114174000,81639600,36206000,50806800,7212900,51437900
2021-10-29,124953200,34766000,292503000,129722000,89755200,43320000,37059400,8140100,70162400
2021-11-01,74588300,27073200,265740000,72178000,168146100,46924000,31518900,7435500,48433600
2021-11-02,69122000,26487100,294112000,52552000,128213400,33482000,28353000,7173800,48908400
2021-11-03,54511500,21500100,239910000,67944000,103885500,27494000,20786500,8402700,52509800
2021-11-04,60394600,23992200,1153631000,107060000,76192200,38412000,22495300,9574200,52847100
2021-11-05,65463900,22570100,851260000,99940000,64886400,38354000,26872800,7975600,66390600
2021-11-08,55020900,20897000,503101000,61480000,100337100,23052000,18342500,6413700,50405200
2021-11-09,56787900,21307400,646746000,85898000,177317400,19530000,17556700,7990300,51149100
2021-11-10,65187100,25500900,636206000,80548000,128408100,29970000,21872600,6999200,69429700
2021-11-11,41000000,16849800,332172000,45288000,67189800,16518000,12376600,5815300,34848500
2021-11-12,63804000,23831000,413054000,53788000,76719300,22360000,25414300,8113400,53466700
2021-11-15,59222800,16723000,384909000,58594000,104326800,23508000,25076600,6492500,46980500
2021-11-16,59256200,20886800,264484000,44342000,79627200,18904000,18181100,9706100,48857500
2021-11-17,88807000,19053400,428508000,51206000,94336200,19594000,13602800,9909600,47858300
2021-11-18,137827700,22463500,781711000,114070000,62696700,35608000,17487200,8122500,50625600
2021-11-19,117305600,21963400,533867000,98734000,64926900,33682000,26488500,12193600,57315600
2021-11-22,117467900,31031100,754335000,96844000,99217500,30594000,27116800,14549900,72762000
2021-11-23,96041900,30427600,532163000,73804000,108515100,27218000,17225000,12354400,73206500
2021-11-24,69463600,21661300,435162000,46560000,67680600,18040000,13566200,9629800,61858800
2021-11-26,76959800,24217200,283069000,59826000,35042700,30470000,14750700,13619300,112669600
2021-11-29,88748200,28563500,454964000,65312000,58393500,32596000,16650900,12104400,86268800
2021-11-30,174048100,42885600,622066000,80022000,81276000,42068000,25390000,18922600,148559600
2021-12-01,152052500,33337600,484368000,74916000,68450400,34020000,30329600,12253400,131939200
2021-12-02,136739200,30766000,472890000,64726000,73114800,29194000,24396200,12969900,127637800
2021-12-03,118023100,41779300,544325000,80712000,92322000,41230000,27471000,12681800,137331600
2021-12-06,107497000,30032600,658938000,68860000,81663000,30618000,21758300,11186500,98977500
2021-12-07,120405400,31021900,593053000,66410000,56084700,32240000,18794000,9851600,95484700
2021-12-08,116998900,24761000,475551000,45254000,41906400,24270000,19937700,11705700,72238800
2021-12-09,108923700,22214200,488507000,46062000,59438400,23270000,16879200,11189600,61272600
2021-12-10,115402700,38095700,488825000,60690000,59664300,24458000,14528000,10405400,77159800
2021-12-13,153237000,28899400,598344000,62170000,78595500,27070000,22948700,12069000,87724700
2021-12-14,139380400,44438700,667035000,55976000,70806300,38446000,20461000,12563600,97264100
2021-12-15,131063300,35381100,698297000,75794000,75169200,36370000,24681300,14014200,116899300
2021-12-16,150185800,35034800,707366000,60876000,82771500,33650000,22635000,19542800,116568600
2021-12-17,195432700,47750300,713758000,85542000,100437300,50416000,40012600,28082000,135511600
2021-12-20,107499100,28326500,461847000,57372000,56480100,27192000,17901800,15148000,107134800
2021-12-21,91185900,24740600,524385000,55956000,71517900,28756000,16116800,11291300,69806300
2021-12-22,92135300,24831500,395184000,55036000,93634200,26322000,16764600,7273000,58890200
2021-12-23,68356600,19617800,343022000,36788000,92713200,26384000,13987700,8055200,56439700
2021-12-27,74919600,19947000,403686000,58688000,71145900,15976000,17795000,6188100,56808600
2021-12-28,79144300,15661500,420591000,54638000,60324000,18200000,16637600,6342300,47274600
2021-12-29,62348900,15042000,343139000,35754000,56154000,17788000,10747000,6398900,54503000
2021-12-30,59773000,15994500,308864000,37584000,47040900,15688000,10593300,6948200,55329000
2021-12-31,64062300,18000800,266530000,47830000,40733700,18136000,12870500,5805900,65237400
2022-01-03,104487900,28865100,391547000,63520000,103931400,28646000,14537900,13120900,72668200
2022-01-04,99310400,32674300,527154000,70726000,100248300,28400000,15998000,20195800,71178700
2022-01-05,94537600,40054300,498064000,64302000,80119800,54618000,20564500,17539400,104538900
2022-01-06,96904000,39646100,454186000,51958000,90336600,37348000,27962800,14047500,86858900
2022-01-07,86709100,32720000,409939000,46606000,84164700,29760000,14722000,13913300,85111600
2022-01-10,106765600,44289500,594681000,87798000,91815000,44408000,24942400,12922500,119362000
2022-01-11,76138300,29386800,404089000,62806000,66063300,28730000,16226800,11854100,74303100
2022-01-12,74805200,34372200,383413000,50030000,83739000,26108000,14104900,12568000,67605400
2022-01-13,84505800,45366000,540171000,52188000,97209900,31436000,14797100,13623400,91173100
2022-01-14,80440800,39846400,395832000,45974000,72924300,29662000,16868500,40158400,95890900
2022-01-18,90956700,42333200,424270000,67292000,66743400,34872000,22645600,32324800,109709100
2022-01-19,94815000,45933900,488315000,53242000,75442500,28648000,20814700,22380000,109357600
2022-01-20,91420500,35380700,435181000,71974000,70488600,29908000,16925000,14860800,122379700
2022-01-21,122848900,57984400,718958000,163972000,103416000,55652000,28710700,20705400,202271200
2022-01-24,162294600,85731500,913982000,155624000,151565700,76622000,38878100,28471400,251783900
2022-01-25,115798400,72848600,664616000,90824000,86595900,46960000,25108500,18915900,167997300
2022-01-26,108275300,90428900,755959000,95602000,104867400,49130000,28348800,20709100,186391100
2022-01-27,121954600,53481300,573353000,77516000,147109500,31950000,21629900,17536800,149878300
2022-01-28,179935700,49743700,543774000,74392000,134789100,34362000,21871600,14117000,164457400
2022-01-31,115541600,46444500,564680000,78308000,104436000,39986000,21579500,13985700,152251400
2022-02-01,86213900,40950400,518925000,59220000,73138200,68644000,18023800,14584900,123155400
2022-02-02,84914300,36636000,543419000,87330000,66792900,123200000,58458300,12441100,117361000
2022-02-03,89418100,43730000,410178000,225532000,78855600,71518000,188119900,12474900,118024400
2022-02-04,82465400,35096500,354829000,253456000,73625400,57998000,89342200,16654400,118454400
2022-02-07,77251200,28533300,376868000,102624000,60994500,54974000,88613800,12572300,84472900
2022-02-08,74829200,32421200,410359000,76040000,50729100,54284000,94729700,20411400,81012000
2022-02-09,71285000,31284700,524282000,68786000,52259400,40144000,86563300,9131100,92589900
2022-02-10,90865900,45386200,513200000,68268000,66126900,39330000,49310400,16455600,140103700
2022-02-11,98670700,39175600,605472000,77100000,79645800,39958000,46156900,16830000,153214600
2022-02-14,86185500,36359500,440424000,83230000,67756500,34302000,38184000,17026500,123006300
2022-02-15,62527400,27058300,699869000,56440000,57286200,26680000,42685500,9500000,88482700
2022-02-16,61177400,29982100,732676000,52704000,51294300,25022000,45817500,9076500,84863600
2022-02-17,69589300,32461600,810595000,64032000,55178400,38950000,38747500,11367500,102259100
2022-02-18,82772700,34264000,761255000,63604000,68501700,45620000,37128400,11733300,132642900
2022-02-22,91162800,41736100,633422000,66128000,83288100,44990000,39852400,11333500,124391800
2022-02-23,90009200,37811200,566511000,64244000,95256900,32786000,44481400,11799000,132578000
2022-02-24,141147500,56989700,735801000,100786000,135322200,54456000,49957200,25655100,213942900
2022-02-25,91974200,32546700,528866000,62396000,76067700,36406000,37627600,18367700,121804500
2022-02-28,95056600,34627500,477319000,57684000,99006900,38864000,34239800,31315300,145615000
2022-03-01,83474400,31217800,412056000,44874000,74766900,26496000,27094900,36840400,137785900
2022-03-02,79724800,31873000,389642000,47334000,74643300,23520000,29452100,19405600,117726500
2022-03-03,76678400,27314500,365095000,65198000,61623600,24604000,27263500,16640800,105501700
2022-03-04,83737200,32356500,431415000,60934000,66999600,30430000,32130900,21016000,113978200
2022-03-07,96418800,43157200,450821000,86934000,72494100,45112000,38560600,27560100,137896600
2022-03-08,131148300,48159500,557467000,91662000,80399100,40428000,37508100,19207800,164772700
2022-03-09,91454900,35204500,492742000,82656000,59184000,37026000,31894700,17536200,116990800
2022-03-10,105342000,30628000,428066000,135062000,58648500,27102000,24853000,15604200,93972700
2022-03-11,96970100,27209300,367209000,68900000,67037100,31526000,34694500,20061800,95636300
2022-03-14,108732100,30660700,385354000,74086000,71152200,38812000,31010500,15786900,95729200
2022-03-15,92964300,34245100,491996000,75584000,66841200,30920000,31721700,15096600,106219100
2022-03-16,102300200,37826300,671422000,84958000,84028800,35576000,40640300,20354900,144954800
2022-03-17,75615400,30816600,471941000,72934000,66582900,28264000,29499700,17050500,102676900
2022-03-18,123511700,43390600,730719000,102962000,100414200,44566000,52128000,23656500,106345500
2022-03-21,95811400,28351200,591727000,66538000,81981600,26832000,30142300,12676100,88349800
2022-03-22,81532000,27599700,547007000,64086000,105868500,35496000,31998800,13548600,74650400
2022-03-23,98062700,25715400,502120000,55812000,120676200,25154000,23717300,12093200,79426100
2022-03-24,90131400,24484500,877379000,56798000,68920800,26396000,31502300,10017600,64736900
2022-03-25,80546200,22566500,579016000,49032000,62031600,24126000,40039000,8383500,77101300
2022-03-28,90371900,29578200,425494000,59854000,102506100,35050000,26224100,10818100,68529800
2022-03-29,100589400,30393400,488984000,66154000,73614900,34318000,31417900,11316500,86581500
2022-03-30,92633200,28163600,463487000,56168000,59865000,19884000,25588000,8771000,79666900
2022-03-31,103049300,33422100,523440000,59966000,48992700,37524000,24192300,17353900,121699900
2022-04-01,78751300,27110500,517235000,57090000,54263100,25942000,19544800,15721300,89048800
2022-04-04,76468400,24289600,397120000,49882000,82035900,25942000,28054800,17416400,59601000
2022-04-05,73401800,23156700,436615000,53728000,80075100,21418000,29727200,12110300,74214500
2022-04-06,89058800,40110400,703833000,79056000,89348400,32468000,28995100,12914700,106898000
2022-04-07,77594700,31411200,557992000,68136000,79447200,26234000,21037200,12994200,78097200
2022-04-08,76575500,24361900,524781000,46002000,55013700,25142000,18375700,13126900,79272700
2022-04-11,72246700,34569300,575207000,52112000,59357100,36884000,20516600,10466400,89770500
2022-04-12,79265200,30966700,662258000,55178000,65976000,32710000,20128800,12989900,84363600
2022-04-13,70618900,21907200,516943000,53390000,55121100,27928000,19231800,30838000,74070400
2022-04-14,75329400,28221600,569097000,51598000,58422300,31598000,18379500,18835200,97869500
2022-04-18,69023900,20778000,525701000,46514000,51715200,20808000,16580800,11834400,66002500
2022-04-19,67723800,22297700,512781000,54926000,49847700,26490000,20089900,15015400,77821000
2022-04-20,67929800,22906700,468974000,59630000,70711200,31696000,43036500,13430200,65224400
2022-04-21,87227800,29454600,656209000,63970000,105416400,36446000,49954100,12174200,85417300
2022-04-22,84882400,29405800,624713000,73078000,69696600,56884000,36426800,14318800,132471800
2022-04-25,96046400,35678900,641566000,61874000,68341200,46128000,29281100,17149000,119647700
2022-04-26,95623200,46518400,653143000,77530000,136133700,73054000,31747400,17209500,103996300
2022-04-27,88063200,63477700,499460000,71336000,76956300,91820000,71062900,17215200,122030000
2022-04-28,130216800,33646600,570327000,117316000,124948500,48884000,100890600,13015600,105449100
2022-04-29,131747600,37073900,500435000,272662000,88133100,42676000,49193400,14874800,145491100
2022-05-02,123055300,35151100,572049000,148788000,75781500,35534000,49915300,18545000,158312500
2022-05-03,88966500,25978600,475751000,79134000,63709500,24968000,41556300,15720900,100028200
2022-05-04,108256500,33599300,648855000,110746000,81643800,49916000,41375900,17128500,144247900
2022-05-05,130525300,43260400,626331000,144392000,92519100,45840000,41129200,15055400,172929100
2022-05-06,116124600,37780300,633297000,124260000,72903000,39710000,34747200,14417900,151770800
2022-05-09,131577900,47726000,644455000,128124000,90810300,40802000,36303200,14312300,155586100
2022-05-10,115366700,39336400,761474000,105434000,84401700,39900000,34452500,16382400,132497200
2022-05-11,142689800,48975900,670167000,109704000,97224600,37534000,31153400,14630300,142361000
2022-05-12,182602000,51033800,708728000,132026000,140313000,53836000,38262200,16318800,125090800
2022-05-13,113990900,34925100,670437000,93684000,92150700,35038000,24549800,10443200,104174400
2022-05-16,86643800,32550900,521446000,74566000,86098500,25990000,27112600,10269000,78622400
2022-05-17,78336300,28828800,585830000,76448000,80236200,23054000,24872700,11160200,83029700
2022-05-18,109742900,31356000,545161000,108380000,87811800,35126000,23960000,12664900,117674500
2022-05-19,136095600,32692300,621310000,88142000,90296700,34144000,24446900,12765800,98510700
2022-05-20,137426100,39199300,739105000,99500000,144973200,48962000,31465600,13150100,131432200
2022-05-23,117726300,33175400,639889000,107798000,88903500,37184000,25059200,24376700,76414900
2022-05-24,104132700,29043900,588550000,102934000,89092500,76780000,50406300,19324900,91448800
2022-05-25,92482700,28547900,781132000,93120000,92139300,40258000,28030200,12780400,91472900
2022-05-26,90601500,25002100,996575000,93002000,106003200,37948000,23056500,15990900,82168300
2022-05-27,90978500,26910800,738379000,93660000,89295000,37914000,22562700,11177800,84768700
2022-05-31,103718400,37827700,664100000,144634000,101914500,50012000,26131100,17015000,95937000
2022-06-01,74286600,25292200,544514000,127528000,77247900,36606000,36623500,10768000,86585800
2022-06-02,72348100,44008200,648656000,100560000,93473100,37992000,31951600,8374800,79609600
2022-06-03,88570300,28059000,598779000,97604000,112393800,26136000,19465000,8596000,71874300
2022-06-06,71598400,22400300,422406000,135269000,84204600,33542000,30574200,11323500,57508900
2022-06-07,67808200,22860700,388914000,85156700,72808500,31590000,18828700,6722200,59272400
2022-06-08,53950200,17372300,363252000,64926600,76210500,26108000,22267200,8422100,64350000
2022-06-09,69473000,26439700,395574000,67029800,96491400,25798000,23501600,13560100,86289800
2022-06-10,91437900,31422800,465248000,87266000,97536600,41452000,27450800,12945200,132893900
2022-06-13,122207100,46135800,604153000,99277700,102767400,47252000,31749300,16805600,170004900
2022-06-14,84784300,28651500,469680000,69728800,97988700,33706000,27244300,13357900,104011800
2022-06-15,91533000,33111700,563936000,85011100,119131800,39698000,30008300,14083500,125666800
2022-06-16,108123900,33169200,545749000,82186300,107390700,51684000,26944100,16724900,134473300
2022-06-17,134520300,43084800,630334000,99772100,92641800,51376000,31374200,30919900,111113900
2022-06-21,81000500,29928300,483089000,70901200,122793000,47416000,50724900,11680500,76811900
2022-06-22,73409200,25939900,437135000,60040100,101107500,30774000,47267800,9842700,90059400
2022-06-23,72433800,25861400,463680000,64345300,104202600,28362000,40499200,11851500,79292100
2022-06-24,89116800,33923200,472153000,69867600,95770800,41164000,68736000,14841100,98050300
2022-06-27,70207900,24615100,427968000,62133200,89178300,36420000,29174600,11280500,66009600
2022-06-28,67083400,27295500,461149000,74942900,90391200,35792000,27744500,11590900,86548900
2022-06-29,66242400,20069800,482352000,66375300,82897200,24716000,28595200,9338400,65676000
2022-06-30,98964500,31730900,686070000,97679400,94600500,43170000,35250600,15172600,112508300
2022-07-01,71051600,22837700,577610000,73021200,74460300,35476000,31423900,10573600,74839700
2022-07-05,73353800,22941000,651397000,76583700,84581100,39342000,28618600,12514200,81438000
2022-07-06,74064300,23824400,529066000,66958900,71853600,37432000,23085900,10656200,70426200
2022-07-07,66253700,20859900,492903000,57872300,81930600,40936000,24083400,10347400,64525900
2022-07-08,64547800,19658800,467972000,45719700,101854200,38238000,19249200,8807800,72397800
2022-07-11,63141600,19455200,437321000,53487600,99241200,31196000,21885600,7939500,58366900
2022-07-12,77588800,35868500,458483000,54280300,87930900,29960000,16639700,11250900,62219200
2022-07-13,71185600,29497400,521918000,61353800,97954500,43722000,16555100,12979900,84224600
2022-07-14,78140700,25102800,456235000,51163100,78557400,37004000,23765200,26204800,89704800
2022-07-15,76259900,29774100,385935000,84317800,69683100,46770000,23342800,18863900,79060400
2022-07-18,81420900,20975000,670517000,59115400,82537500,43164600,23574300,13977900,63203600
2022-07-19,82982400,25012600,702366000,60990000,80890200,36530900,25933700,11862300,78506000
2022-07-20,64823400,22788300,760538000,71268300,88864200,35600400,24784300,11667500,71843800
2022-07-21,65086600,22404700,557049000,60239900,142032300,32676200,27195800,11595900,64903900
2022-07-22,66675400,21881300,536671000,51463800,103472700,48901200,42583900,7645500,72197300
2022-07-25,53623900,21056000,480748000,50221300,64073400,34690900,26166300,9394000,53631500
2022-07-26,55138700,39348000,397865000,67075100,66820800,47991000,28468400,10675100,52946400
2022-07-27,78620700,45994000,569776000,61582000,88110000,59858500,43846600,9337400,82342100
2022-07-28,81378700,33459300,474646000,82245500,84723000,32816600,73214300,10384800,73966600
2022-07-29,101786900,32152800,435460000,148892900,95313000,37223400,42065400,12944500,87003700
2022-08-01,67829400,21539600,476469000,76846900,117042900,26034300,40596700,14740400,69997500
2022-08-02,59907000,22754200,489527000,61922400,95577600,20236000,27374500,14942900,63435400
2022-08-03,82507500,23518900,418146000,71827800,80091000,28499000,31721900,14394500,67820600
2022-08-04,55474100,18098700,409652000,70585000,72256200,21602900,23938200,18033900,45656600
2022-08-05,56697000,16774600,386068000,50686900,113172900,19159500,25832700,14174600,56814900
2022-08-08,60276900,18739200,981859000,52229000,98994000,19138300,27299100,10332500,53886100
2022-08-09,63135500,23405200,668263000,40434700,86244600,19086500,18655100,10233800,44931800
2022-08-10,70170500,24687800,597422000,54773800,94918800,30930400,30262100,12847300,68665700
2022-08-11,57149200,20065900,509327000,44867300,70155000,24293700,24079100,11684900,59489700
2022-08-12,68039400,22619700,478094000,47643500,79657200,19096300,21274000,9906700,61694500
2022-08-15,54091700,18085700,457666000,39014600,89359200,19494800,15878700,8456200,54048300
2022-08-16,56377100,18102900,451240000,59102900,88136400,19041200,21156700,9555000,59289000
2022-08-17,79542000,18253400,446799000,48149800,68766000,22847000,20118100,8149300,63563400
2022-08-18,62290100,17186200,415447000,37458700,47500500,17987700,18844500,9531800,49023200
2022-08-19,70346300,20570000,441588000,47792800,61395300,21809500,26240800,13464500,68016900
2022-08-22,69026800,25061100,409593000,50461500,55843200,21456600,19499700,8967600,77695600
2022-08-23,54147100,17527400,369986000,36252100,63984900,15870400,18111800,7607000,49105200
2022-08-24,53841500,18137000,522661000,38627000,57259800,17734600,20891500,9771300,49177800
2022-08-25,51218200,16583400,770691000,37496300,53230000,16956800,15550500,10758900,50942300
2022-08-26,78961000,27549300,769127000,53322700,57163900,37245700,24023600,11276200,103087000
2022-08-29,73314000,20338500,496132000,48101600,41864700,21191200,20052700,8117300,65370800
2022-08-30,77906200,22767100,530181000,49203000,50541800,27513300,19567900,10745400,85652400
2022-08-31,87991100,24791800,573710000,53648700,52107300,28627000,40953000,10738300,76029700
2022-09-01,74229900,23263400,1178865000,56636100,54287000,28360900,30145700,9979800,78740100
2022-09-02,76957800,22855400,743157000,57429800,50890100,24160700,22634200,10666600,99632100
2022-09-06,73714800,21328200,535751000,43888600,55860000,25068300,19339800,9751900,76637400
2022-09-07,87449600,24126700,512657000,47900300,50028900,23167000,16831200,10647900,70964200
2022-09-08,84923800,20319900,624873000,43988500,53713100,24238300,22530800,11435000,80821700
2022-09-09,68028800,22084700,486612000,49387600,54338100,23197700,22086800,9299700,76706900
2022-09-12,104956000,18747700,484159000,53826900,48674600,22966800,23220400,8614600,69256300
2022-09-13,122656600,33353300,714956000,72694000,68229600,38172900,44444100,12904600,122947100
2022-09-14,87965400,23913000,588507000,45316800,72628700,26395100,43064200,9345700,85023700
2022-09-15,90481100,31530900,523625000,52887200,64795500,34188300,34606300,10821400,87633800
2022-09-16,162278800,39791800,670751000,115667800,87087800,42797200,40122800,14844100,103084800
2022-09-19,81474200,26826900,569685000,47279700,60231200,23036800,22169500,8201300,73278500
2022-09-20,107689800,26660300,524818000,47698400,61642800,26517100,23217400,9619000,77274900
2022-09-21,101696800,28625600,807679000,58498900,62555700,31487300,38338600,12606300,106746600
2022-09-22,86652500,31061200,759162000,55229200,70545400,34298600,34418500,11684500,89472600
2022-09-23,96029900,34176000,663309000,65126700,63748400,31625400,31710700,18138600,122346900
2022-09-26,93339400,27694200,547343000,62723300,58076900,27072700,30497000,15753600,92581200
2022-09-27,84442700,27018700,553854000,60094700,61925200,30072800,30826500,12793600,108294100
2022-09-28,146691400,29029700,542414000,55763800,54664800,32466300,32658500,12762600,110802200
2022-09-29,128138200,27484200,532763000,58969700,77620600,31047200,38985400,12713900,112952300
2022-09-30,124925300,35694800,565638000,59479600,67726600,32941500,33166400,15973400,153711200
2022-10-03,114311700,28880400,547478000,50941900,98363500,27982000,27723100,12248100,89756500
2022-10-04,87830100,34888400,584182000,62812600,109578500,28850800,34670700,16013600,103602800
2022-10-05,79471000,20347100,507131000,48217500,86982700,22176900,27979300,10943500,88065700
2022-10-06,68402200,20239900,644157000,42253800,69298400,22324000,36231100,11521400,82333500
2022-10-07,85925600,37769600,672478000,54678000,83916800,27502800,33214800,11681100,107789500
2022-10-10,74899000,29743600,698699000,42339700,67925000,18225100,24024000,8931700,76042800
2022-10-11,77033700,30474000,667482000,56432200,77013200,26507100,38481400,12739700,92482800
2022-10-12,70433700,21903900,492590000,45728700,66860700,21876400,34605200,13181000,76991800
2022-10-13,113224000,42551800,850103000,86868100,91483000,34574500,34325700,22398700,147254500
2022-10-14,88598000,30198600,713432000,67737300,94124500,25410700,23559400,33387100,123737000
2022-10-17,85250900,28142300,580774000,62782000,79428800,28419200,29612200,22276300,93168200
2022-10-18,99136600,26329600,659362000,65607400,75891900,24060700,25445000,21539700,97162900
2022-10-19,61758300,19985700,523131000,47198100,66571500,23811100,30691000,17072000,79746900
2022-10-20,64522000,21811000,652398000,48795100,117798100,25323200,26356300,12207400,88283100
2022-10-21,86548600,26299700,609494000,55660500,75713800,32458700,46348600,20593300,131038400
2022-10-24,75981900,24911200,517457000,49531500,100446800,27176400,63563400,12624200,85436900
2022-10-25,74732300,34775500,505482000,50934600,96507900,40611400,38433200,11289100,78846300
2022-10-26,88194300,82543200,532953000,68802300,85012500,88114100,82791500,11667000,104087300
2022-10-27,109180200,40424600,583113000,129605400,61638800,60710900,232316600,10727600,81971800
2022-10-28,164762400,40647700,521040000,223133400,69152400,43697300,95928300,11859500,100302000
2022-10-31,97943200,28357300,486341000,99251400,61554300,31675000,121361400,13295200,96631300
2022-11-01,80379300,30592300,432817000,153370000,62688800,47161400,110189600,13386900,85407600
2022-11-02,93604600,38407000,672628000,135761800,63070300,57038300,71821100,16546100,126990400
2022-11-03,97918500,36633900,500065000,136683300,56538800,61288000,60664000,12474400,87100100
2022-11-04,140814800,36789100,612576000,129101300,98622200,51124900,55638100,14953200,103505200
2022-11-07,83374600,33498000,410061000,77495700,93916500,34078900,81987300,12011200,68286900
2022-11-08,89908500,28192500,595292000,88703400,128803400,30429000,52088300,9884100,84641100
2022-11-09,74917800,27852900,454414000,90796200,127062700,31769100,107677300,9494000,78495500
2022-11-10,118854000,46268000,700819000,173414900,132703000,51620100,80671000,16351600,141455800
2022-11-11,93979700,34620200,655487000,111590500,114403600,33090500,59961700,10704700,93839900
2022-11-14,73374100,31123300,527852000,99533100,92226600,30179500,53395000,11085600,71903500
2022-11-15,89868300,31390100,545876000,111336300,91293800,41640800,50670500,14038300,93194500
2022-11-16,64218300,24093300,649547000,87958800,66567600,29105200,33287800,7893400,68508500
2022-11-17,80389400,23123500,710894000,82617900,64336000,26052600,35093800,8820200,74496300
2022-11-18,74829600,27613500,492072000,72428200,76048900,28342300,33357700,9468500,92922500
2022-11-21,58724100,26394700,404739000,84330300,92882700,21647400,24351100,7800500,51243200
2022-11-22,51804100,19665700,472866000,62192000,78452300,23438500,29029000,9185700,60429000
2022-11-23,58301400,19508500,427241000,59414700,109536700,18868100,21343100,7316200,68261600
2022-11-25,35195900,9200800,167934000,35088600,50672700,9701400,12007600,3220500,30545400
2022-11-28,69246000,24778200,303741000,74943100,92905200,26237500,23309400,9906900,67881600
2022-11-29,83763800,17956300,298384000,65567300,83357100,20061700,23899200,7925300,52310000
2022-11-30,111380900,47594200,565298000,102805800,109186400,43647500,43348600,14761200,144566700
2022-12-01,71250400,26041500,470977000,68488000,80046200,28687100,36551400,8858500,76398200
2022-12-02,65447400,21528500,371389000,72496400,73645900,21480700,39950500,8931900,85342700
2022-12-05,68826400,23435300,352255000,71535500,93122700,24405100,35474900,10154500,77289800
2022-12-06,64727200,22463700,352694000,75503600,92150800,24910700,43689200,13966700,77972200
2022-12-07,69721100,20481500,372388000,68086900,84213300,31045400,29461100,11739400,65927900
2022-12-08,62128300,22611800,515456000,73305900,97624500,32213300,30619400,8907300,60737900
2022-12-09,76097000,20609700,465338000,67398500,104872300,28225400,26033400,7957800,81447700
2022-12-12,70462700,30665100,457328000,61999800,109794500,29420000,24747100,8841600,75405800
2022-12-13,93886200,42196900,656589000,100212000,175862700,40593700,44701100,10025400,123782500
2022-12-14,82291200,35410900,496888000,70298000,140682300,28733600,36922000,9966100,108111300
2022-12-15,98931900,35560400,478542000,84802900,122334500,40107000,34531000,12087800,117705900
2022-12-16,160156900,86102000,478232000,146144100,139032200,58011800,67064000,21133700,119858000
2022-12-19,79592600,29696400,354039000,83531500,139390600,29493000,29769900,9017200,79878100
2022-12-20,77432800,25150800,403260000,74348300,159563300,23453800,28742500,8549900,74427200
2022-12-21,85928000,23690600,325025000,59267200,145417400,24745600,20392800,8051700,78167400
2022-12-22,77852100,28651700,565045000,81431300,210090300,27658300,23618100,8648200,100120900
2022-12-23,63814900,21207000,349326000,57433700,166989700,23003000,17796600,5091900,59857300
2022-12-27,69007800,16688600,464902000,57284000,208643400,20097300,21392300,5411000,51638200
2022-12-28,85438400,17457100,351066000,58228600,221070500,19523200,19612500,8827700,70911500
2022-12-29,75703700,19770700,354923000,54995900,221923300,23333500,22366200,6585200,66970900
2022-12-30,77034200,21938500,310490000,62401200,157777300,23986300,19583800,9292500,84022200
2023-01-03,112117500,25740000,401277000,76706000,231402800,28131200,35528500,11054800,74850700
2023-01-04,89113600,50623400,431324000,68885100,180389000,34854800,32397100,11687600,85934100
2023-01-05,80962700,39585600,389168000,67930800,157986300,27194400,25447100,8381300,76970500
2023-01-06,87754700,43613600,405044000,83303400,220911100,41381500,27584500,10029100,104189600
2023-01-09,70790800,27369800,504231000,65266100,190284000,29003900,26649100,8482300,73978100
2023-01-10,63896200,27033900,384101000,67756600,167642500,30467800,28684400,9048700,65358100
2023-01-11,69458900,28669300,353285000,103126200,183810800,26862000,25423000,8703700,68881100
2023-01-12,71379600,27269500,551409000,85254800,169400900,30258100,30757700,11001700,90157700
2023-01-13,57809700,21333300,447287000,85549400,180714100,26329200,22423800,20200000,63903900
2023-01-17,63646600,29831300,511102000,72755000,186477000,32602400,21147600,14292900,62677300
2023-01-18,69672800,30028700,439624000,79570400,195680300,29116700,20215500,13392600,99632300
2023-01-19,58280400,28623000,452932000,69002700,170291900,37000400,28625200,13303400,86958900
2023-01-20,80223600,35389800,564967000,67481500,138858100,63191100,28688600,13092500,91806400
2023-01-23,81760300,31934000,655163000,76501100,203119200,40005100,27470100,10487100,84178800
2023-01-24,66435100,40234400,496204000,66929500,158699100,33078500,21970200,6945000,59524900
2023-01-25,65799300,66526600,449537000,94261600,192734300,42330000,26622000,8967000,84800300
2023-01-26,54105100,33454500,489535000,68523600,234815100,30114000,25482100,7487600,72287400
2023-01-27,70555800,26498900,542142000,87775600,306590600,33879800,35771900,7489900,68346200
2023-01-30,64015300,25867400,488611000,70691900,230878800,27226200,28040100,6729300,74202000
2023-01-31,65874500,26541100,498017000,66527300,196813500,29870700,29842100,9188700,86811800
2023-02-01,77663600,31259900,660477000,80450100,213806300,35531100,55661000,8841800,101459200
2023-02-02,118339000,39940400,564276000,158154200,217448300,69883800,150475700,11822100,101654500
2023-02-03,154357300,29077300,429366000,144374800,232662000,65309300,76809700,11501200,94736800
2023-02-06,69858300,22518000,452197000,81945200,186188100,31999600,42483800,8406200,60295300
2023-02-07,83322600,50841400,664150000,119501300,186010300,49010200,47080700,10447900,90990700
2023-02-08,64120100,54686000,559651000,75878300,180673600,94743500,36139100,6958000,76227500
2023-02-09,56007100,42375100,523876000,64622500,215431400,119455000,37118800,6443100,78694900
2023-02-10,57450700,25818500,550737000,52740100,204754100,54980700,33433600,6582900,70769700
2023-02-13,62199000,44630900,474919000,52841500,172475500,50076100,31463200,7134600,64913500
2023-02-14,61707600,37047900,675474000,56202900,216455700,54726100,24034600,9249400,88389300
2023-02-15,65573800,28922400,420575000,47957600,181006400,50169000,25308900,6728300,61555700
2023-02-16,68167900,29603600,412026000,56339200,229586500,42462600,25827500,8165300,76431500
2023-02-17,59144100,30000100,465888000,60029400,213738500,34284100,24171300,7948800,89257800
2023-02-21,58867200,28397400,410015000,56580400,180018600,33629300,34592600,9996300,82655900
2023-02-22,51011300,22491100,513184000,59534100,191828500,30884000,22433200,11107500,83742300
2023-02-23,48394200,29219100,1117995000,48467000,146360000,41206400,20017800,8068000,96242400
2023-02-24,55469600,24990900,589716000,57053800,142228100,36585100,19791300,9126900,108194400
2023-02-27,44998500,21190000,452994000,47470300,161028300,27502300,19277000,10014700,80444700
2023-02-28,50547000,22491000,455963000,43959300,153144900,30142000,46051100,11019800,96438600
2023-03-01,55479000,27565300,460026000,52299500,156852800,31111200,30998400,7139200,99706800
2023-03-02,52238100,24808200,389415000,55509400,181500700,32204400,17352000,11106800,85127800
2023-03-03,70732300,30760100,412393000,55759600,154193300,35160100,45877700,9513100,90120000
2023-03-06,87558000,24109800,437429000,52112400,128100100,32639300,33209400,9261300,72795900
2023-03-07,56182000,21473200,515154000,49100700,148125800,27835500,36701500,11747600,108310600
2023-03-08,47204800,17340200,513573000,44899100,151897800,34103300,19432400,10002500,74746600
2023-03-09,53833600,26653400,501257000,56218700,170023800,28813500,26582800,25888100,111945300
2023-03-10,68572400,28333900,474866000,69827500,191488900,35941000,25665000,37599700,189253000
2023-03-13,84457100,33339700,421890000,72397100,167790300,37335600,24728000,42901100,157790000
2023-03-14,73695900,33620300,474910000,60912700,143717900,36050200,41642600,29648100,149752400
2023-03-15,77167900,46028000,524486000,70731800,145995600,50622100,42123600,34280600,172996900
2023-03-16,76161100,54768800,583253000,84446900,121136800,65492000,50447100,24558500,143254200
2023-03-17,98944600,69527400,848547000,87300200,133197100,61028500,50141100,38396000,140553400
2023-03-20,73641400,43466600,432747000,62388900,129684400,32960400,25186300,22875500,93055800
2023-03-21,73938300,34558700,547408000,58597300,153391400,42110300,31827000,17807800,91524200
2023-03-22,75701800,34873300,797295000,57475400,150376400,43427400,28477800,17250200,111746600
2023-03-23,67622100,36610900,564889000,57559300,144193900,40797800,27389700,16677600,119351300
2023-03-24,59196500,28172000,454920000,56095400,116312400,30393300,27716400,22311100,107682400
2023-03-27,52390300,26840200,361026000,46721300,120851600,31120900,18527200,18853900,74010400
2023-03-28,45992200,21878600,356104000,38720100,98654600,32057900,19127300,10820500,62871700
2023-03-29,51305700,25087000,393694000,49783300,123660000,28779600,18851100,14595300,77497900
2023-03-30,49501700,25053400,364516000,53633400,110252200,33086200,22608300,12134700,69840000
2023-03-31,68749800,32766000,433933000,56750300,170222100,36863400,25440300,13105200,112062600
2023-04-03,56976200,24883300,398716000,41135700,169545900,25035400,17924600,11775400,67391100
2023-04-04,46278300,25824300,368592000,48662500,126463800,24420100,21026400,11579900,66601500
2023-04-05,51511700,22064800,515015000,45175400,133882500,28290500,19396600,9614700,65200200
2023-04-06,45390100,29770300,397654000,43808000,123857900,48711500,26104400,8760200,63743300
2023-04-10,47716900,23103000,395279000,37261200,142154600,27067400,16106100,9477300,63681000
2023-04-11,47644200,27276600,314378000,60417800,115770900,26311800,16710100,10516300,59297900
2023-04-12,50133100,27403400,446259000,56735000,150256300,24370300,18972200,11821000,86420400
2023-04-13,68445600,24222700,353615000,67925100,112933000,24843600,23310400,12450200,85814800
2023-04-14,49386500,20987900,395660000,51450500,96438700,26578000,21591200,43931300,78161500
2023-04-17,41516200,23836200,321471000,39919500,116662200,37571200,15481900,16050500,66436400
2023-04-18,49923000,20161800,604812000,39790500,92067000,26596400,12281000,13760100,63560000
2023-04-19,47720200,17150300,358660000,58398900,125732700,20905700,15898100,9158100,55227300
2023-04-20,52456400,23244400,427713000,57696900,210970800,27820800,16475400,10586200,75840400
2023-04-21,58337300,21676400,345103000,86774200,123539000,25800100,17717200,11842500,73457400
2023-04-24,41949600,26611000,339282000,69575600,140006600,23542800,15750900,7567500,64332100
2023-04-25,48714100,45772200,378527000,65026800,121999300,46664100,19198200,10629300,97766700
2023-04-26,45498800,64599200,406337000,73803800,153364100,53347600,41992700,14416100,80447000
2023-04-27,64902300,46462600,377161000,149961200,127015200,50089200,71196500,9041100,92968400
2023-04-28,55275900,36469600,292216000,130715900,122515800,36139800,39554000,9887300,89433100
2023-05-01,52472900,21294100,570329000,74728100,109015000,26681700,29143900,20415800,62122300
2023-05-02,48425700,26404400,402730000,73469400,128259700,30997200,24350100,14113400,103998500
2023-05-03,65136000,22360800,383387000,65051900,119728000,21795400,34463900,12930900,91531800
2023-05-04,81235400,22519900,321850000,45345500,95108500,23419500,17889400,17089200,94901900
2023-05-05,113453200,28197100,361494000,56951700,107607300,26639300,27000500,11261400,87891800
2023-05-08,55962800,21318600,344979000,49430900,112249400,26511400,16400500,7484900,50046800
2023-05-09,45326900,21340800,314869000,44089400,88965000,36360100,16865600,7343600,49220100
2023-05-10,53724500,30078000,369350000,78627600,119840700,63153400,19119000,8133400,96142900
2023-05-11,49514700,31680200,322149000,74924800,103889900,78900000,20449000,7057300,70157100
2023-05-12,45533100,19774700,274222000,49852700,157849600,41102300,16161400,9988600,70481500
2023-05-15,37266700,16336500,293926000,53011100,105592500,36266800,20653200,7639500,54289400
2023-05-16,42110300,26730300,449405000,71472900,98288800,45035600,18163800,6477200,57705500
2023-05-17,57951600,24315000,432535000,65655200,125473600,33323600,21193100,12711500,87287000
2023-05-18,65496700,27276000,748725000,73174100,109520300,35234200,22943300,10999600,97177200
2023-05-19,55809500,27546700,473908000,55056300,136196700,41353400,21733600,13492200,103793300
2023-05-22,43570900,24115700,372000000,70741100,132001400,35253000,27738500,11402500,60745400
2023-05-23,50747300,30797200,356253000,67576300,156952100,34046300,17748100,9514900,86383500
2023-05-24,45143500,23384900,721419000,63487900,137605100,34182600,17724300,8578000,89213700
2023-05-25,56058300,43301700,1543911000,66496700,96870700,42317000,22371400,8472500,90961600
2023-05-26,54835000,36630600,714397000,96779900,162061500,35635900,25727200,8579900,93830000
2023-05-30,55964400,29503100,923401000,64314800,128818700,35076700,23816500,7399900,72216000
2023-05-31,99625300,45950600,1002580000,72800800,150711700,37325800,25473700,14219900,110811800
2023-06-01,68901800,26773900,635873000,54375100,148029900,30772700,25609500,12248100,88865000
2023-06-02,61996900,25873800,482731000,61264400,164398400,26980100,19416900,12922500,91426200
2023-06-05,121946500,21307100,396094000,47950100,151143100,32305500,20742900,8511900,65460200
2023-06-06,64848400,20396200,388729000,45695200,146911600,26638300,19419000,9329500,64022200
2023-06-07,61944600,40717100,511998000,95663300,185710800,52539000,26163600,9281400,85373300
2023-06-08,50214900,23277700,417772000,62159300,164489700,29389200,20899400,7368100,61952800
2023-06-09,48900000,22529000,427717000,51396000,200242400,23778300,16949800,7249100,85742800
2023-06-12,54274900,24260300,388701000,51338000,150337900,28306400,15442500,7596600,76104300
2023-06-13,54929100,22951300,613208000,50564800,162384300,22278300,16164000,7701600,95899700
2023-06-14,57462900,26003800,740465000,52422500,170575500,30592300,19175100,9068700,100612100
2023-06-15,65433200,38899100,568622000,60458500,160171200,35246300,25973500,9343100,110303100
2023-06-16,101256200,46552000,655709000,84247100,167915600,45535600,43127700,13813500,114165800
2023-06-20,49799100,26375400,451153000,56930100,165611200,26097500,20701600,8428600,76160400
2023-06-21,49515700,25117800,551603000,52137700,211797100,30306300,20556200,9926500,76982300
2023-06-22,51245300,23556800,417737000,90354600,166875900,26952200,17563100,10075200,70637200
2023-06-23,53117000,23146900,358140000,71927800,177460800,34913600,51092000,9919500,92074500
2023-06-26,48088700,21520600,594322000,59989300,179990600,33969900,24232700,8429700,72823600
2023-06-27,50730800,24354100,462175000,46801000,164968200,39535900,26108300,8154000,72813700
2023-06-28,51216800,20259500,582639000,52149500,159770800,27091400,16722100,7558600,75636000
2023-06-29,46347300,16997000,380514000,40761000,131283400,24090900,15395700,15423200,67882300
2023-06-30,85213200,26832800,501148000,54350700,112620800,29532200,19694900,14212800,104964000
2023-07-03,31458200,12508700,198209000,28264800,119685900,14467900,8629300,8021600,32793400
2023-07-05,46920300,18172400,323618000,35895400,131530900,27584800,33865500,8934900,58418400
2023-07-06,45094300,28161200,303582000,40639900,120332100,24745200,47600500,9709500,80658300
2023-07-07,46815000,21214800,355881000,41992300,113879200,21709500,25586000,8981500,86134200
2023-07-10,59922200,32791400,353908000,61889300,119425400,35315200,37058300,9100100,62443500
2023-07-11,46638100,26698200,298244000,49951500,91972400,23078800,27585900,11260900,64463800
2023-07-12,60750200,29995300,481277000,54022800,95672100,30404400,36677100,11323200,91924500
2023-07-13,41342300,20567200,478204000,61170900,112681500,44297900,30281000,11234900,72425200
2023-07-14,41616200,28352700,772075000,54487100,120062400,33283100,23054100,27028400,69815800
2023-07-17,50520200,20363900,510488000,48450200,131569600,25716200,25323100,17262400,52680200
2023-07-18,48288200,64738600,569164000,54882900,112120300,26193600,20731900,13491700,80668200
2023-07-19,80507300,39732900,427502000,54531000,142355400,37224000,21763700,12510000,65891700
2023-07-20,59581200,33778400,537865000,59820600,175158300,37906800,23836900,9935900,70591600
2023-07-21,71951700,69405400,963769000,133307300,161796100,72937900,42139300,10636400,71275600
2023-07-24,45377800,26678100,382516000,45591100,136508500,29686100,24915700,14381400,54023400
2023-07-25,37283200,41637700,348081000,39236700,112757300,52509600,19585600,9944700,55191200
2023-07-26,47471900,58383700,364237000,53910100,95856200,61682100,47256900,8728600,71052900
2023-07-27,47460200,39635300,455976000,52610700,103697300,44952100,64229200,10778400,92194400
2023-07-28,48291400,28484900,331194000,46317400,111446000,36591200,39220300,9103800,80011800
2023-07-31,38824100,25446000,251055000,41901500,84582200,28055500,25799600,8892700,62040400
2023-08-01,35175100,18311900,237858000,42098500,83166000,23166800,22817900,6853900,55291500
2023-08-02,50389300,27761300,530142000,51027600,101752900,26273300,20461100,8299400,93933400
2023-08-03,61235200,18253700,324176000,88585200,97569100,20089500,15180200,6084000,64276100
2023-08-04,115956800,23741500,362666000,153128500,99539900,26147200,17612800,6209400,100128900
2023-08-07,97576100,17741500,322154000,71213100,111097900,22746300,16236500,7251800,58357500
2023-08-08,67823000,22327600,353843000,51710500,96642200,23535200,15183500,8623400,71361300
2023-08-09,60378500,22373300,586449000,50017300,101596300,24912900,19955800,6277800,78789600
2023-08-10,54686900,20113700,492705000,58928400,109498600,20857800,14358900,5995100,93005500
2023-08-11,52036700,24355500,533085000,42905800,99038600,19591100,14046300,5180700,68690900
2023-08-14,43675600,18836100,690286000,47148700,98595300,24695600,15641900,5044300,47867400
2023-08-15,43622600,16966300,676512000,42781500,88197600,19770700,11623600,10300300,75707500
2023-08-16,46964900,20698900,527451000,41675900,112484500,25216100,18547700,6978200,80107200
2023-08-17,66062900,21257200,452395000,48354100,120718400,33446300,23950100,9953900,95711300
2023-08-18,61172200,24755000,583768000,48497700,136276600,30504800,35347900,8517500,98852000
2023-08-21,46311900,24040000,692573000,41442500,135702700,25248700,20181500,8327000,68719000
2023-08-22,42038900,16084600,755293000,32905400,130442800,22054900,12980200,9673300,64994200
2023-08-23,52722800,21166400,779046000,42801000,101077600,27819700,18287000,7858000,68441000
2023-08-24,54945800,23281400,1156044000,43646300,99777400,28500700,18360900,6534000,88517300
2023-08-25,51449600,21684100,925341000,44147500,106612200,26762900,23701400,6695500,102325100
2023-08-28,43820700,14808500,685192000,34108400,107673700,20543300,14239300,5094100,61595400
2023-08-29,53003900,19284600,701397000,38646100,134047600,43075600,20844500,6337000,83081900
2023-08-30,60813900,15222100,735206000,36137000,121988400,28315800,17717000,6277300,69053900
2023-08-31,60794500,26411000,528570000,58781300,108861700,30053800,17229900,10933900,66084600
2023-09-01,45766500,14942000,463830000,40991500,132541600,21543700,12842300,7903500,58944100
2023-09-05,45280000,18553900,382653000,40636700,129469600,19403100,14956000,7854700,55166200
2023-09-06,81755800,17535800,468670000,41785500,116959800,18684500,15418100,8629200,70758500
2023-09-07,112488800,18381000,433330000,48498900,115312900,18844300,33748700,8373700,70355400
2023-09-08,65551300,19530100,473069000,38348200,118367700,23558300,17548000,7107900,61659700
2023-09-11,58953100,16583300,473966000,56764500,174667900,20763400,19489300,6854200,60180100
2023-09-12,90370200,17565500,349256000,42668500,135999900,18405500,13480400,8363200,67565400
2023-09-13,84267900,16544400,398355000,60465200,111673700,20749500,13210900,8325900,60199300
2023-09-14,60895800,20267000,370097000,64033600,107709800,24751000,19343100,10034900,83430800
2023-09-15,109259500,37679800,506831000,102909300,133692300,38919600,28131100,19863400,111848900
2023-09-18,67257600,16834200,500271000,42823500,101543300,21861300,14234200,6512400,55752200
2023-09-19,51826900,16505900,373064000,61482500,103704000,20353700,15924400,7943400,66514600
2023-09-20,58436200,21436500,367108000,46263700,122514600,29927500,19379500,7332000,82562600
2023-09-21,63149100,35560400,450736000,70343300,119951500,31503900,21319600,8052400,104095800
2023-09-22,56725400,21447900,479236000,59904300,127524100,26397300,25369600,7071700,100829700
2023-09-25,46172700,17836000,419091000,46017800,104636600,20094600,18987000,7044700,70874500
2023-09-26,64588900,26297600,402282000,73048200,101993600,25718700,19417200,7468400,96168400
2023-09-27,66921800,19410100,444935000,66553400,136597200,22746500,36429800,6717800,104705800
2023-09-28,56294400,19683600,424663000,54555000,117058900,22513100,22167100,8868100,92258300
2023-09-29,51861100,24147300,397830000,62411700,128522700,30859800,25373700,11917800,115111300
2023-10-02,52164500,20570000,433298000,48029700,123810400,22288000,16265600,9170600,83798600
2023-10-03,49594600,21033500,470850000,51565000,101985300,22989400,17362300,9431100,103760600
2023-10-04,53020300,20720100,361821000,44203900,129721600,26752300,16880500,8128700,87453000
2023-10-05,48527900,16965600,393483000,39660600,119159200,19832600,19130000,8576200,70142700
2023-10-06,57266700,25673600,434436000,46836700,118121800,27597600,21803900,10270600,113273300
2023-10-09,42390800,19891200,409675000,38773700,101377900,19278100,22503700,6964900,80374400
2023-10-10,43698000,20557100,368582000,42178600,122656000,27786600,19038000,11288800,78607300
2023-10-11,47551100,20063200,378137000,40741800,103706300,25884300,22036300,8698200,62451700
2023-10-12,56743100,19313100,481325000,55528600,111508100,24765500,20530500,10484400,81154200
2023-10-13,51427100,21072400,474115000,45786600,102073800,23420500,21341000,29427000,95143100
2023-10-16,52517000,22158000,375099000,42832900,88917200,28501900,16536100,12663500,75433200
2023-10-17,57549400,18338500,812333000,49344600,93562900,23515800,16387800,11482700,75324700
2023-10-18,54764400,23153600,627294000,42699500,125147800,23375000,16851000,9620300,93559800
2023-10-19,59302900,25052100,501233000,60961400,170772700,26066000,18709200,11143600,121323000
2023-10-20,64244000,25027700,477266000,56406400,138010100,26335700,22312300,13332900,123919900
2023-10-23,55980100,24374700,478530000,48260000,150683400,26317900,17796800,10133400,92035100
2023-10-24,43816600,31153600,401463000,46477400,118231100,44814300,19525500,8881400,78564200
2023-10-25,57157000,55053800,398379000,74577500,107065100,84366200,42192500,8242600,94223200
2023-10-26,70625300,37828500,541001000,100419500,115112600,57061100,66684100,9109400,115156800
2023-10-27,58499100,29856500,416784000,125309300,94881200,44566500,29596300,17434700,107367700
2023-10-30,51131000,22828100,388028000,72485500,136448200,28940100,28435100,9855500,86562700
2023-10-31,44846000,20265300,517969000,51589400,118068300,26292300,19434200,9672500,79665200
2023-11-01,56934900,28158800,437593000,61529400,121661700,30082400,20434600,9432000,98068100
2023-11-02,77334800,24348100,409172000,52236700,125987600,27124600,21631800,10186200,94938900
2023-11-03,79829200,23637700,424610000,44059800,119534800,26393100,16764300,9538700,100167800
2023-11-06,63841300,23828300,400733000,44970400,117335800,19052700,12887700,7625100,67831700
2023-11-07,70530000,25833900,343165000,53553500,116900100,29757300,14055600,6297900,64256100
2023-11-08,49340300,26767800,346719000,44521700,106584800,26425800,13609700,7618200,61746000
2023-11-09,53763500,24847300,540496000,36235400,142110500,23747800,16103100,7992500,83174400
2023-11-10,66133400,28042100,421245000,49287800,130994000,26913300,19096200,7983300,89462200
2023-11-13,43627500,19986500,384136000,35680600,140447600,18324800,16908900,6676300,52236100
2023-11-14,60108400,27683900,416954000,56674600,149771600,32395200,17179400,9927700,97176900
2023-11-15,53790500,26860100,475497000,63875700,150354000,23861500,14531200,8365300,77327600
2023-11-16,54412900,27182300,339756000,49653500,136816800,28013200,18932600,8126200,66665800
2023-11-17,50922700,40157000,325205000,49636700,142532800,37240600,14494400,7812400,83133200
2023-11-20,46505100,52465100,414120000,41951200,116320100,27815500,16960500,7019000,69936200
2023-11-21,38134500,28423100,565747000,71226000,122288000,22635300,12027900,7083500,49244600
2023-11-22,39617700,23345300,899420000,45669100,117950600,17813900,10702700,5174500,59394900
2023-11-24,24048300,10176600,294645000,22378400,65125200,12514300,5467500,3496900,29737400
2023-11-27,40552600,22179200,395662000,53762400,112031800,23436500,15684500,6259100,50506000
2023-11-28,38415400,20453100,401491000,42711700,148549900,18730000,12637200,6582700,62115000
2023-11-29,43014200,28963400,382005000,40610900,135401300,23967200,16024500,9126100,63146000
2023-11-30,48794400,30554400,526247000,65814000,132353200,38988300,23146400,9869800,79752700
2023-12-01,45704800,33040500,369317000,39951800,121331700,31442300,15276400,8916000,89183400
2023-12-04,43389500,32063300,437543000,48294200,104099800,36669900,19037100,9607500,72430900
2023-12-05,66628400,23065000,371718000,46822400,137971100,27384800,16952100,9135600,69793500
2023-12-06,41089700,21182100,380590000,39679000,126436200,23576200,11294300,9366000,69124700
2023-12-07,47477700,23118900,350823000,52352800,107142300,56767100,15905100,8130900,66995400
2023-12-08,53406400,20154400,359224000,41906000,103126800,32260100,14087400,7369400,83194400
2023-12-11,60943700,27708800,509728000,50907300,97913900,31138000,25802500,8093900,65002200
2023-12-12,52696900,24838300,372387000,44944300,95328300,29032800,18485500,10223000,68327600
2023-12-13,70404200,30955500,447792000,52766200,146286300,30104800,16353300,12379100,93278000
2023-12-14,66831600,43277500,391232000,58400800,160829200,38722400,19607300,13643000,119026000
2023-12-15,128538400,78502300,479948000,110089300,135932800,50847100,31776900,20309300,141553700
2023-12-18,55751900,21802900,412587000,62512800,116416500,32258000,18993900,8469600,70375300
2023-12-19,40714100,20603700,464444000,43171300,106737400,25476800,17729400,10345700,55761800
2023-12-20,52242800,26316700,397894000,50322100,125097000,49107200,16369900,10734700,102921000
2023-12-21,46482500,17708000,300425000,36305700,109594200,27488300,15289600,7601700,86667500
2023-12-22,37149600,17107500,252507000,29514100,93370100,26532200,11772800,6576300,67160400
2023-12-26,28919300,12673100,244200000,25067200,86892400,16780300,9898600,4683600,55387000
2023-12-27,48087700,14905400,233648000,31434700,106494400,19628600,13207900,6428600,68000300
2023-12-28,34049900,14327000,246587000,27057000,113619900,16045700,11798800,6320100,77158100
2023-12-29,42672100,18730800,389293000,39823200,100891600,18733000,14987100,6435100,122283100
2024-01-02,82488700,25258600,411254000,47339400,104654200,23711200,19042200,9977400,123623700
2024-01-03,58414500,23083500,320896000,49425500,121082600,24212100,15451100,9852300,103585900
2024-01-04,71983600,20901500,306535000,56039800,102629300,27137700,12099900,11972500,84232200
2024-01-05,62379700,21004600,415039000,45153100,92488900,22513900,13920700,10066000,86118900
2024-01-08,59144500,23134000,642510000,46757100,85166600,21404000,13890200,11229900,74879100
2024-01-09,42841800,20830000,773100000,43812600,96705700,24759600,13463900,9923600,65931400
2024-01-10,46792900,25514200,533796000,44421800,91628500,21320200,22117200,9670200,67310600
2024-01-11,49128400,27850800,596759000,49072700,105873600,24008700,17205400,11919500,77940700
2024-01-12,40477800,21661200,352994000,40484200,123043800,18785500,19310000,19436500,58026400
2024-01-16,65603000,27202300,449580000,41384600,115355000,22670500,15306900,17206400,85014900
2024-01-17,47317400,22234100,474394000,34953400,103164400,20968600,12724800,11107500,68843900
2024-01-18,78005800,23392100,491650000,37850200,108595400,25746400,16354300,9382300,91856200
2024-01-19,68903000,29331100,543501000,51651600,102260300,34271900,21670800,13115700,110834500
2024-01-22,60133900,27016900,452955000,43687500,117952500,32200400,17680500,12837500,75844900
2024-01-23,42355600,20525900,294654000,37986000,106605900,21636100,15506100,8360800,49945300
2024-01-24,53631300,24867000,560271000,48547300,123369900,25233500,15698500,9967100,81765000
2024-01-25,54822100,21021200,482777000,43638600,198076800,29149100,15091100,8873500,72525000
2024-01-26,44594000,17803300,390309000,51047400,107343200,26115500,13163700,7443000,76641600
2024-01-29,47145600,24510200,348733000,45270400,125013100,27784300,18742400,6971200,61322800
2024-01-30,55859400,33477600,410735000,45207400,109982300,36331800,18614700,10822100,58618400
2024-01-31,55467800,47871100,453795000,50284400,103221400,71910000,20180800,11521800,126011100
2024-02-01,64885400,30657700,369146000,76542400,91843300,40466500,29727100,9354800,91891600
2024-02-02,102551700,28256700,476578000,117218300,110612700,62499600,84707600,8607600,99228200
2024-02-05,69668800,25352300,680078000,55081300,134294400,38505400,40832400,7820200,75757100
2024-02-06,43490800,18382600,683111000,42505500,122676000,29128200,21655200,6764800,55918600
2024-02-07,53439000,22340500,495575000,47174100,111535200,25208900,23066000,7225500,70556500
2024-02-08,40962000,21225300,414422000,42316500,83034000,22563800,18815100,6060300,52343600
2024-02-09,45155200,22032800,436637000,56986000,84476300,26829500,18413100,6296700,63979400
2024-02-12,41781900,21202900,613710000,51050400,95498600,21564100,19382000,8539300,56502300
2024-02-13,56529500,27824900,602580000,56345100,86759500,27837700,20916600,8397600,113099200
2024-02-14,54630500,20401200,504917000,42815500,81203000,22704200,16858400,7056700,68387800
2024-02-15,65434500,21825500,420122000,49855200,120831800,37590700,24212300,8723400,61683000
2024-02-16,49752500,22296500,495327000,48107700,111346700,31468900,23324600,8152600,75532900
2024-02-20,53665600,24307900,704833000,41980300,104545800,25144700,18015500,9668000,71736700
2024-02-21,41371400,18518900,673755000,44420100,103500300,23223300,12921800,7024000,59293400
2024-02-22,52292200,27009900,865100000,55392400,92739500,27191900,21625800,9296500,76402500
2024-02-23,45119700,16295900,829388000,59715200,78841900,19493800,18374300,7105800,61321800
2024-02-26,40867400,16193500,503973000,44368600,111747100,53641800,12101400,7145400,50386700
2024-02-27,54318900,14835800,391705000,31141700,108645400,33099200,10809600,5717100,48854500
2024-02-28,48953900,13183100,393110000,28180500,99806200,37328600,12715500,6131600,56506600
2024-02-29,136682600,31947300,507289000,53805400,85907000,42133000,17732000,9643000,83924800
2024-03-01,73563100,17823400,479135000,31981200,82243100,31151100,16273600,6311800,76844800
2024-03-04,81510100,17596000,615616000,37381500,134334900,55999400,12324100,7063600,49799300
2024-03-05,95132400,26919200,520639000,37228300,119660800,40194800,15325300,6617800,72855600
2024-03-06,68587700,22344100,582520000,32090900,107920900,35318600,11757900,7572900,68382400
2024-03-07,71765100,18718500,608119000,34063300,102129000,37738200,18586400,7618300,58652100
2024-03-08,76267000,18002200,1142269000,37893200,85544600,39370400,18597100,6172200,86532500
2024-03-11,60139500,16120800,678364000,28484800,85391500,32437800,20428300,5762600,62557200
2024-03-12,59825400,22457000,668075000,36610600,87391700,27563400,15448200,5708400,73114400
2024-03-13,52488700,17115900,635713000,30772600,106524500,23347200,12090700,7795500,55104100
2024-03-14,72913500,34157300,602318000,43705800,126325700,42753400,12620000,10310900,110171800
2024-03-15,121752700,45079900,642086000,72147400,97146800,49475400,29153600,17214200,107646300
2024-03-18,75604200,20106000,668976000,31250700,108214400,69273700,11755300,9013800,88893300
2024-03-19,55215200,19837900,672171000,26880900,77271400,24070400,10903100,8478700,60755300
2024-03-20,53423100,17860100,479063000,29947200,83846700,21311500,11711100,9367000,69594600
2024-03-21,106181300,21296200,480372000,32824300,73178000,24755600,9712500,11203800,60256100
2024-03-22,71160100,17648500,586719000,27995400,75580600,29211800,8120600,8108800,79070800
2024-03-25,54288300,18060500,552136000,29815500,74228600,19229300,8380600,8620000,48512100
2024-03-26,57388400,16725600,513648000,29659000,113186200,22149100,11205400,5961500,65463700
2024-03-27,60273300,16705000,586067000,33272600,81804000,22879200,9989700,8725800,82999800
2024-03-28,65672700,21871200,435212000,38051600,77654800,24485400,15212800,8628300,96294900
2024-04-01,46240500,16316000,452441000,29174500,81562100,31730800,9247000,7309000,62477500
2024-04-02,49329500,17912000,433064000,32611500,116650600,24586000,11081000,7014700,74230300
2024-04-03,47691700,16502300,370067000,31046600,82950100,24705000,12099200,9353400,59155800
2024-04-04,53704400,19370900,434965000,41624300,123162000,34724700,26476300,9243800,96858100
2024-04-05,42104800,16554800,399678000,42374000,143157600,23459200,19263300,6532300,74546500
2024-04-08,37425500,14272400,283220000,39221300,104423300,20702000,13260600,8001000,48401800
2024-04-09,42373800,12496900,501700000,36520100,102951700,31079500,10863800,7351500,68049200
2024-04-10,49709300,16216600,431929000,35879200,84532400,22838600,11418500,7681400,82652800
2024-04-11,91070300,17966400,431637000,40020700,94516000,27166400,10369500,10137700,70099000
2024-04-12,101670900,19253800,426805000,38608800,64722700,25353700,11984500,31532300,92561100
2024-04-15,73531800,20273500,443077000,48052400,100245300,27136500,13512900,14766600,92101400
2024-04-16,73711200,16765600,370453000,32891300,97000000,20779500,9847900,16451800,73484000
2024-04-17,50901200,15855500,495400000,31359700,82439700,21763100,12193700,9017100,75910300
2024-04-18,43122900,21029900,447260000,30723800,96098800,19883000,14808700,9557700,74548100
2024-04-19,68149400,30565800,875198000,56000700,87074500,32615600,25215400,13402300,102212600
2024-04-22,48116400,20286900,596341000,37924900,107097600,26446200,17271100,11529700,67961000
2024-04-23,49537800,15734500,438559000,37046500,124545100,21151600,15079200,9144400,64633600
2024-04-24,48251800,15065300,512208000,34185100,181178000,22779100,37772700,6964900,55928100
2024-04-25,50558300,40586500,424641000,49249400,126427500,57109700,82890700,9802300,69122400
2024-04-26,44838400,29694700,551011000,43919800,109815700,64665300,32691400,6413700,64306100
2024-04-29,68169400,19582100,388971000,54063900,243869700,45610000,21502600,5387800,46415400
2024-04-30,65934800,28781400,363709000,94639800,127031800,33562900,18429500,8153700,77483600
2024-05-01,50383100,23562500,559863000,94645100,92829700,33493200,20344900,7445300,80242800
2024-05-02,94214900,17709400,377898000,54303500,89148000,24294500,15221300,6501700,62550200
2024-05-03,163224100,17446700,398341000,39172000,75491500,34662400,16489100,8922800,72756700
2024-05-06,78569700,16996600,376203000,34725300,84390300,21871300,15094600,7911100,47264700
2024-05-07,77305800,20018200,437342000,34048900,75045900,28039700,13406800,7688800,52561300
2024-05-08,45057100,11792300,325721000,26136400,79969500,19569100,11683900,9227600,42047200
2024-05-09,48983000,14689700,378013000,43368400,65950300,15346700,9437700,7977300,43643700
2024-05-10,50759500,13402300,335325000,34141800,72627200,29799900,10750000,7529800,52233200
2024-05-13,72044800,15440200,289680000,24898600,67018900,31327600,14668800,7049200,36716400
2024-05-14,52393600,15109300,296507000,38698200,86407400,25127100,10478600,8596200,57535900
2024-05-15,70400000,22239500,417735000,75459900,79663000,26948400,13100500,8370000,59504900
2024-05-16,52845200,17530100,323952000,38834500,59812200,27867900,16608200,8497900,50244800
2024-05-17,41282900,15352200,359691000,33175700,77445800,24479300,10807300,9260500,59187600
2024-05-20,44361300,16272100,318764000,30511800,61727400,22554400,11745100,17373300,37764200
2024-05-21,42309400,21453300,328946000,50839100,115266500,16989400,11742200,14420800,33437000
2024-05-22,34648500,18073700,548648000,28148800,88313500,17880000,10078600,9425300,48390000
2024-05-23,51005900,17211700,835065000,33670200,71975500,21024900,11747900,8069400,57211200
2024-05-24,36327000,11855300,429494000,27471600,65584500,16579400,12024300,7356200,41291100
2024-05-28,52280100,15718000,652728000,29927000,59736600,20572200,10175800,6910200,36269600
2024-05-29,53068000,15517100,557442000,32009300,54782600,23388700,9226200,6120000,45190300
2024-05-30,49889100,28394500,484553000,29184700,77618400,22931500,10719600,6829100,46377600
2024-05-31,75158300,47995300,613263000,58903900,67314600,37638900,16919800,14417900,90785800
2024-06-03,50080500,17484700,438392000,30786600,68568900,27459100,11279400,6444300,46835700
2024-06-04,47471400,14348900,403324000,27198400,60056300,26879600,7088700,6848300,34632700
2024-06-05,54156800,16988000,528402000,32116400,57953800,22068500,15690500,8351600,47610400
2024-06-06,41181800,14861300,664696000,31371200,69887000,23251000,10667300,7640300,30808500
2024-06-07,53103900,13621700,412386000,28021500,56244900,19661400,9380700,6964500,43224500
2024-06-10,97010200,13982900,313434100,34445600,50774600,23726700,11220900,6070800,35686100
2024-06-11,172373300,14551100,222551200,27265100,64761900,21540600,9673700,9235300,36383400
2024-06-12,198134300,22366200,299595000,33984200,90389400,27864700,11983200,12751300,63251300
2024-06-13,97862700,15960600,260704500,39721500,118984100,20913300,9954600,8587800,44760900
2024-06-14,70122700,13582000,309320400,25456400,82038200,18063600,10243300,6874000,40089900
2024-06-17,93728300,20790000,288504400,35601900,109786100,19618500,11266600,8725400,55839500
2024-06-18,79943300,17112500,294335100,36659200,68982300,21869900,13060400,9023000,41376400
2024-06-20,86172500,19877400,517768400,44726800,55893100,20160100,11801200,8731100,70328200
2024-06-21,241805100,34187100,649445800,70792500,61937300,57759000,22359200,20972100,64338600
2024-06-24,80727000,15913700,476060900,50610400,61992100,18298000,13525300,9785900,45528700
2024-06-25,55549700,16413400,414192600,45366400,62905700,23130200,12063200,6862500,37936200
2024-06-26,66213200,16507000,362975900,65103900,95737100,19839000,8882300,7758600,38550600
2024-06-27,49772700,14806300,252571700,74397500,72746500,18848900,10121200,7913500,35041500
2024-06-28,82542700,28362300,315516700,76930200,95438100,29156600,15855100,15307600,76144500
2024-07-01,60402900,17662800,284885500,41192000,135691400,16006100,10328200,10205800,40297800
2024-07-02,58046200,13979800,218374000,45600000,205047900,17372500,7739500,7802900,40434800
2024-07-03,37369800,9932800,215749000,31597900,166561500,10242100,6005600,5560900,32789900
2024-07-05,60412400,16000300,214176700,39858900,154501200,20967500,21354100,8093100,41488400
2024-07-08,59085900,12962300,237677300,34767300,157219600,21035900,14917500,8707000,36110500
2024-07-09,48076100,17207200,285366600,32700100,160210900,15121400,8753200,9058900,27289700
2024-07-10,62627700,18196100,248978600,32883800,128519400,15952500,10983300,8328500,38701200
2024-07-11,64710600,23111200,374782700,44565000,221707300,25625800,16458300,10658100,53054200
2024-07-12,53046500,16324300,252680500,30598500,155955800,22898400,19750500,15443400,53084400
2024-07-15,62631300,14429400,208326200,40683200,146912900,16474000,12539200,10719700,40584300
2024-07-16,43234300,17175700,214769500,33994700,126332500,18290700,14075800,11557000,36475300
2024-07-17,57345900,21778000,390086200,48076100,115584800,20734100,28076600,11572500,57119000
2024-07-18,66034600,20794800,320979500,51043600,110869000,25315700,19267200,12415100,56270400
2024-07-19,49151500,20940400,217223800,43081800,87403900,18881900,15149400,8095900,65509100
2024-07-22,48201800,15808800,258068900,39931900,101225400,24100300,12023100,7663200,43346700
2024-07-23,39960300,13107100,173911000,47537700,111928200,36352700,9455500,5557300,34439600
2024-07-24,61777600,26805800,327776900,41532400,167942900,49585200,17649700,7119000,74515300
2024-07-25,51391200,29943800,460067000,44464200,100636500,44852000,18240500,6403800,61158300
2024-07-26,41601300,23583800,293399100,29506000,94604100,41336900,14222400,8027800,53763800
2024-07-29,36311800,15125800,248152100,33270100,129201800,20293800,11339600,6533600,39515800
2024-07-30,41643800,32687600,486833300,39508600,100560300,18959700,11390400,8850700,46853600
2024-07-31,50036300,42891400,473174200,41667300,67497000,25729100,24285800,9071600,65663400
2024-08-01,62501000,30296400,523462300,70435600,83861900,24531400,43083100,10918600,76428700
2024-08-02,105568600,29437900,482027500,141448400,82880100,29130100,24044700,18041700,82789100
2024-08-05,119548600,40709200,552842400,83149400,100308800,53630700,21396200,13927000,146267400
2024-08-06,69660500,24946500,409012100,59950800,73783900,49004600,20955000,10605800,84826300
2024-08-07,63516400,20650900,411440400,48408200,71159800,25138600,20105300,9204400,70698300
2024-08-08,47161100,20203000,391910000,44616200,65033900,25578800,16156800,7761200,63276600
2024-08-09,42201600,19276700,290844200,36401000,58648300,28602300,13696600,5540200,45619600
2024-08-12,38028100,16762900,325559900,30072800,64044900,15895300,9767400,6936000,42542100
2024-08-13,44155300,19414300,312646700,39237900,76247400,18551700,13743800,6387800,52333100
2024-08-14,41960600,18267000,339246400,28843800,70250000,40591100,11444200,6999800,42446900
2024-08-15,46414000,20752100,318086700,51698500,89848500,31524300,13482100,7001000,60846800
2024-08-16,44340200,22775600,302589900,31489200,88765100,24208600,14776700,7931200,44430700
2024-08-19,40687800,15234000,318333600,31129800,76435200,22416200,9879700,6090800,39121800
2024-08-20,30299000,16387600,300087400,26255200,74001200,18341500,7944400,5640000,33732300
2024-08-21,34765500,16067300,257883600,35599100,70146000,22902000,13423300,5202300,41514600
2024-08-22,43695300,19361900,376189100,32047500,79514500,22493300,15708300,5247100,56121500
2024-08-23,38677300,18493800,323230300,29150100,81525200,13955700,11323900,7214000,50639400
2024-08-26,30602200,13152800,331964700,22366200,59301200,14190400,9584000,5105200,35788600
2024-08-27,35934600,13492900,303134600,29842000,62821400,11821900,6282700,5185200,32693900
2024-08-28,38052200,14882700,448101100,29045000,64116400,16407400,9106100,6506400,41066000
2024-08-29,51906300,17045200,453023300,26407800,62308800,19699800,8317400,6416100,38715200
2024-08-30,52990800,24308300,333751600,43429400,63370600,22123800,9157500,8574100,62700100
2024-09-03,50190600,20313600,477155100,37817500,76714200,38945300,12459100,8956100,60600100
2024-09-04,43840200,15135800,372470300,30309200,80651800,19353800,8335200,7389500,47224900
2024-09-05,36615400,14195500,306850700,40170500,119355000,18688700,8640900,8067900,44264300
2024-09-06,48423000,19609500,413638100,41466500,112177000,37912100,14744500,7777000,68493800
2024-09-09,67180000,15295100,273912000,29037400,67443500,39260500,11047800,8935100,40445800
2024-09-10,51591000,19594300,268283700,36233800,78891100,31118800,9899000,28406900,36394600
2024-09-11,44587100,19266900,441422400,42564700,83548600,29607700,10782500,13658700,75248600
2024-09-12,37455600,17395700,366052700,33544200,71894900,29621500,11970500,9054400,51819600
2024-09-13,36766600,15874600,238358300,26495400,59515100,29591200,10321400,10226700,39310500
2024-09-16,59357400,13834700,248772300,26065500,54323000,18379800,9527600,8634900,36656100
2024-09-17,45519300,18874200,231925900,26091700,66761600,20715600,11690800,7573300,49321000
2024-09-18,59894900,18898000,310318900,34448100,78010200,23677300,10323500,8259900,59044900
2024-09-19,66781300,21706600,293506400,39543200,102694600,26587700,15647000,11635200,75315500
2024-09-20,318679900,55167100,382462400,100378600,99879100,40896400,22066800,20885000,77503100
2024-09-23,54146000,15128900,206228500,36993100,86927200,24150900,12830700,7223500,44116900
2024-09-24,43556100,17015800,354966800,43478900,88491000,23332100,12993000,7323200,46805700
2024-09-25,42308700,13396400,284692900,26391100,65034300,18869200,16543400,8976500,38428600
2024-09-26,36636700,14492000,302582900,36334900,67142200,20319300,14400800,7807500,48336000
2024-09-27,34026000,14896100,271009200,36002300,70988100,21101300,9398400,7032500,42100900
2024-09-30,54541900,16807300,226553700,41583900,80705700,20413900,12792300,8663800,63557400
2024-10-01,63285000,19092900,302094500,36044900,87397600,28338100,15259300,8540100,72668800
2024-10-02,32880600,16582300,221845900,23704100,93983900,17760200,6524700,5810900,38097800
2024-10-03,34044200,13686400,277118000,30204300,80729200,15073100,11581000,7251300,40846500
2024-10-04,37245100,19169700,243678100,40890300,86573200,19047400,14169500,10211700,42939100
2024-10-07,39505400,20919800,346250200,42364200,68113300,22463100,12014200,6718900,49964700
2024-10-08,31855700,19229300,285722500,26372100,56303200,23072700,7857400,6021800,37398700
2024-10-09,33591100,14974300,246191600,26343100,66289500,31181800,9529700,7024000,37912200
2024-10-10,28183500,13848400,242311300,27785000,83087100,14144100,7740400,7927100,44138100
2024-10-11,31759200,14144900,170209500,25751600,142628900,15344300,8587100,18320700,42268000
2024-10-14,39882100,16653100,232347700,22614400,86291900,19016100,8252000,9048900,36217200
2024-10-15,64751400,18900200,377831000,32178900,62988800,20247200,9564200,9235800,54203600
2024-10-16,34082200,15508900,264879700,23456800,49632800,16406000,11268400,6382500,30725400
2024-10-17,32993800,14820000,306435900,25039400,50791800,21453400,8701200,6470200,34393700
2024-10-18,46431500,17145300,176090200,37417700,49611900,19757700,7694300,7000500,37416800
2024-10-21,36254500,14206100,264554500,24639400,47329000,20946500,8171900,5870000,36439000
2024-10-22,38846600,25482200,226311600,29650600,43268700,16568100,8544500,9586800,34183800
2024-10-23,52287000,19654400,285930000,31937100,80938900,18280500,14248400,6180500,49314600
2024-10-24,31109500,13581600,172354900,21647400,204491900,22412500,7184700,6002200,34979900
2024-10-25,38802300,16899100,205122100,29362100,161611900,19828900,11337900,6369700,47268200
2024-10-28,36087100,14882400,173586700,27930800,107653600,32138600,10925100,6843000,30174700
2024-10-29,35417200,17644100,157593600,35690200,80521800,42169000,13019100,6580000,42899700
2024-10-30,47070900,29749100,179418100,37707600,53993600,68890800,26864900,7110900,41435800
2024-10-31,64370100,53971000,270039600,75146800,66575300,44769000,26838400,7829900,60182500
2024-11-01,65276700,24230400,207127800,99687800,57544800,31796500,15303200,6923500,45667500
2024-11-04,44944500,19672300,187528200,38492100,68802400,21492700,12064600,8229600,38217000
2024-11-05,28111300,17626000,160537400,30564800,69282500,18242100,9775400,5600700,39478300
2024-11-06,54561100,26681800,242043900,72292200,165228700,33695500,18305400,23987800,68182000
2024-11-07,42137700,19901800,207323300,52878400,117309200,25352900,14653700,16451100,47233200
2024-11-08,38328800,16891400,175665800,36075800,204782800,22006200,9415700,9502100,46444900
2024-11-11,42005600,24503300,182325600,35456000,210521600,17450400,10209100,9017100,37586800
2024-11-12,40398300,19401200,198634700,38942900,155726000,25134900,16287700,6861000,43006100
2024-11-13,48566200,21502200,191903300,46212900,125405600,23184000,10757600,11472600,47388600
2024-11-14,44923900,30246900,194463300,42620300,120726100,31007500,11053700,10172200,38904100
2024-11-15,47923700,28247600,250132900,86591100,114440300,32504600,17712900,11518800,75988800
2024-11-18,44633700,24727000,221205300,36409900,126085600,20135300,14327300,9051400,37001700
2024-11-19,36211800,18133500,227834900,31197900,88852500,23434900,9522400,6792700,49412000
2024-11-20,35169600,19191700,309871700,32769000,66340700,18997100,9797300,9015300,50032600
2024-11-21,42108300,20780200,400946600,58800000,58011700,59734400,11154700,8783500,46750300
2024-11-22,38168300,24814600,236406200,31530800,89140700,38604600,9164000,7997300,38226400
2024-11-25,90152800,27691100,344941900,40685700,95890900,33135300,13599800,10295400,42441400
2024-11-26,45986200,23458900,190287700,41673700,62295900,20486700,10356600,6212100,45621300
2024-11-27,33498400,18332400,226370900,28061600,57896400,19266500,7200200,5472300,34000200
2024-11-29,28481400,16271900,141863200,24892400,37167600,14257200,7130500,5494800,30177400
2024-12-02,48137100,20207200,171682800,39523200,77986500,23789100,12522400,8899700,31746000
2024-12-03,38861000,18302000,164414000,32214800,58267200,22248700,14907200,6657700,26906600
2024-12-04,44383900,26009400,231224300,48745700,50810900,31615100,14697000,7346300,42787600
2024-12-05,40033900,21697800,172621200,41140200,81403600,21356200,8081200,6572500,28762200
2024-12-06,36870600,18821000,188505600,44178100,81455800,21462400,16935500,5519700,31241500
2024-12-09,44649200,19144400,189308600,46819400,96359200,25389600,11426000,7076500,34742700
2024-12-10,36914800,18469500,210020900,31199900,97563600,54813000,10938900,9108300,37234500
2024-12-11,45205800,19200200,184905200,35385800,104287600,67894100,10837200,7884400,28677700
2024-12-12,32777500,20834800,159211400,28204100,87752200,34817500,7474700,6113800,31543800
2024-12-13,33155300,20177800,231514900,28768100,89000200,25143500,8453300,10392700,35904700
2024-12-16,51694800,23598800,237951100,37552100,114083800,44934900,10885600,9032000,43695200
2024-12-17,51356400,22733500,259410300,35948100,131223000,43504000,12897800,8083600,55773500
2024-12-18,56774100,24444500,277444500,43281400,149340800,34166100,17075500,11322400,108248700
2024-12-19,60882300,22963700,209719200,39918700,118566100,32265200,14958100,11790800,85919500
2024-12-20,147495300,64263700,306528600,88279200,132216200,63462900,48989400,32348400,125716700
2024-12-23,40858800,19152500,176053500,28070000,72698100,25675000,10205800,8611500,57635800
2024-12-24,23234700,7164500,105157000,15007500,59551800,10403300,4726100,3729100,33160100
2024-12-26,27237100,8194200,116205600,16146700,76366400,12046600,6081400,4451800,41219100
2024-12-27,42355300,18117700,170582600,27367100,82666800,18891400,8084200,5730200,64969300
2024-12-30,35557500,13158700,167734700,28321200,64941000,14264700,7025900,5723800,56578800
2024-12-31,39480700,13246500,155659200,24819700,76825100,17466900,6019500,4871000,57052700
2025-01-02,55740700,16896500,198247200,33956600,109710700,20370800,12682300,9220900,50204000
2025-01-03,40244100,16662900,229322500,27515600,95423300,18596200,11436800,9491100,37888500
2025-01-06,45045600,20573600,265377400,31849800,85516500,29563600,14560800,9917800,47679400
2025-01-07,40856000,18139100,351782200,28084200,75699500,26487200,12071500,8753400,60393100
2025-01-08,37628900,15054600,227349900,25033300,73038800,24864800,10085800,8675300,47304700
2025-01-10,61710900,20201100,207602500,36811500,62287300,26665200,19256600,10256800,73105000
2025-01-13,49630700,17604800,204808900,27262700,67580500,21823700,10785000,10005300,47910100
2025-01-14,39435300,16935900,195590500,24711700,84565000,17174900,13598000,12407400,48420600
2025-01-15,39832000,19637800,185217300,31291300,81375500,21776000,15524300,18448500,56900200
2025-01-16,71759100,15300000,209235600,24757300,68335200,17815400,8355300,15292300,43319700
2025-01-17,68488300,26197500,201188800,42370100,94991400,27735100,17280600,17678100,58070600
2025-01-21,98070400,26085700,197749000,39951500,87320900,29971300,11674000,13712100,42532900
2025-01-22,64126500,27803800,237651400,41448200,60963300,26200600,12274000,9021900,48196000
2025-01-23,60234800,18389300,155915500,26404400,50690600,26951400,9910200,10749700,41152100
2025-01-24,54697900,15549500,234657600,25890700,56427100,23877500,19065300,7666300,34604700
2025-01-27,94863400,35647800,818830900,49428300,58125500,41728900,28399200,7522300,70361100
2025-01-28,75707600,23491700,579666400,41587200,48910700,24157900,20950100,7375400,44433300
2025-01-29,45486100,23581400,467120600,26091700,68033600,18218300,21377800,7684900,37177400
2025-01-30,55658300,54586300,392925500,32020700,98092900,24354700,29322900,8753500,39281300
2025-01-31,100959800,34161900,388161100,36110200,83283600,32001100,19303900,7193800,66566900
2025-02-03,73063300,25679100,371235700,37285900,93732100,27838300,21415700,8381400,65857200
2025-02-04,45067300,20532100,256550000,29713800,57072200,43856400,13826300,5626000,33457800
2025-02-05,39620300,16316700,262230800,38727300,57223300,70373900,17778200,5704400,30653100
2025-02-06,29925300,16309800,251483600,60897100,77918200,29297400,13080700,7264400,35771500
2025-02-07,39707200,22886800,228186300,77539300,70298300,49315000,16427100,6857900,50788500
2025-02-10,33115600,20817900,216989100,35419900,77514900,23105600,12904300,8627400,26048700
2025-02-11,53718400,18140600,178902400,23713700,118543400,21239500,12998000,7196400,30056700
2025-02-12,45243300,19121700,160278600,32285200,105382700,22072600,12016500,6683900,45076100
2025-02-13,53614100,23891700,197430000,31346500,89441500,21402500,12569100,8398700,40921300
2025-02-14,40896200,22758500,195479600,27031100,68277300,20448400,16901200,5688600,26910400
2025-02-18,48822500,21423100,219176600,42975100,51631700,29916700,21938700,7919800,26749000
2025-02-19,32204200,24114200,167536000,28566700,67094400,19549400,17535500,7007200,31011100
2025-02-20,32316900,23508700,143903600,30001700,45965400,20441500,12587400,13846700,36554000
2025-02-21,53197400,27524800,228217600,55323900,74058600,35199200,15660400,12835600,76519800
2025-02-24,51326400,26443700,251381100,42387600,76052300,29854200,15677000,10372800,50737200
2025-02-25,48013300,29387400,271428700,58958000,134228800,41913400,20579700,9608400,58266500
2025-02-26,44433600,19619000,322553800,39120600,100118300,35431300,14488700,5943600,43321600
2025-02-27,41153600,21127400,443175800,40548600,101748200,39991000,12500000,8204400,74196700
2025-02-28,56833400,32845700,389091100,51771700,115697000,48130600,17534200,10467100,88744100
2025-03-03,47184000,23007700,411381400,42948400,115551400,40770500,10843800,9058300,74249200
2025-03-04,53798100,29342900,398163300,60853100,126706600,45388000,21495200,13465600,109648200
2025-03-05,47227600,23433100,284337900,38610100,94042900,30954900,13770000,7861400,71230500
2025-03-06,45170400,23304600,321181900,49863800,98451600,28302000,13446500,9983200,80094900
2025-03-07,46273600,22034100,341755500,59802800,102369600,27385800,21375700,20498700,81158800
2025-03-10,72071200,32840100,366487400,62350900,189076900,43604000,21999900,18887200,99326600
2025-03-11,76137400,30380200,354865700,54002900,174896400,39587400,17401500,18143000,88102100
2025-03-12,62547500,24253600,323857500,43679300,142215700,28372400,15747000,16054000,69588200
2025-03-13,61368300,20473000,299033100,41270800,114813500,31756200,16480300,16467900,74079400
2025-03-14,60107600,19952800,277593500,38096700,100242300,31995900,12364500,11962100,62660300
2025-03-17,48073400,22474300,255501500,47341800,111900600,31184300,15473900,9586000,49008700
2025-03-18,42432400,19486900,299686900,40414900,111477600,42074800,20297700,10344900,66041400
2025-03-19,54385400,19185500,273426200,39442900,111993800,34275600,20537500,10120600,66556000
2025-03-20,48862900,18470500,248829700,38921100,99028300,28138500,24336500,8328500,62958200
2025-03-21,94127800,39675900,266498500,60056900,132728700,36625800,25015900,19326900,83763000
2025-03-24,44299500,21004500,228452500,41625400,169079900,30879100,15741300,9422700,58766800
2025-03-25,34493600,15775000,167447200,31171200,150361500,24174400,15312500,9287700,38355700
2025-03-26,34466100,16108400,293463300,32855300,153629800,28901600,12609800,12779300,51848300
2025-03-27,37094800,13766800,236902100,27317700,162572100,24508300,10436500,8022500,42164200
2025-03-28,39818600,21632000,229872500,52548200,123809400,48669300,17602800,11978400,71662700
2025-03-31,65299300,35184700,299212700,63547600,134008900,54603500,21124700,13603000,95328200
2025-04-01,36412700,19689500,222614000,41267300,146486900,30672900,12836600,8054700,54609600
2025-04-02,35905900,16092600,220601200,53679200,212787800,25041700,13470800,7758800,76014500
2025-04-03,103419000,30198000,338769400,95553600,136174300,46883400,34777500,17188500,125986000
2025-04-04,125910900,49209900,532273800,123159400,181229400,62259500,38589800,27170700,217965100
2025-04-07,160466300,50425000,611041300,109327100,183453800,76794100,36606100,22914400,256611400
2025-04-08,120859500,35868900,476243400,87710400,171603500,52200200,28034200,19485700,165816600
2025-04-09,184395900,50199700,612918300,116804300,219433400,70406200,39216600,24022400,241867300
2025-04-10,121880000,38024400,437812400,68302000,181722600,48022000,28173500,18896400,162331200
2025-04-11,87435900,23839200,313417300,50594300,128948100,33636200,17642300,20284500,97866300
2025-04-14,101352900,19251200,264705000,48002500,100135200,30333000,14130900,13017800,68034000
2025-04-15,51343900,17199900,228966900,43642000,79594300,27551500,15558700,10912900,56892900
2025-04-16,59732400,21967800,397016900,51875300,112378700,28187400,18735100,9322300,83484800
2025-04-17,52164700,21120200,292517500,44726500,83404800,33046600,14593500,9557900,79868100
2025-04-21,46742500,20807300,288501100,48126100,97768000,26049100,16166000,8716200,69368100
2025-04-22,52976400,19485000,241004800,56607200,120858500,26971800,17399400,10701400,75948100
2025-04-23,52929200,20545500,247526000,63470100,150381900,31128800,18173900,14126800,90590700
2025-04-24,47311000,22232300,220815000,43763200,94464200,45894000,13910000,9055200,64150400
2025-04-25,38222300,18973200,251064700,36414300,167560700,56034000,17098900,8588600,61119600
2025-04-28,38743100,16579400,207708500,33224700,151731800,29745800,15179000,7394300,47613800
2025-04-29,36827600,14974000,170444300,41667300,108906600,26809000,11835000,7216800,47775100
2025-04-30,52286500,36461100,235044600,55176500,128961100,34981100,29244000,12991700,93101500
2025-05-01,57365700,58938100,236121500,74266000,99659000,30203200,31159000,8689600,63186100
2025-05-02,101010600,30757400,190194800,77903500,114454700,25715000,24739300,7165000,60717300
2025-05-05,69018500,20136100,133163200,35217500,94618900,21341800,13887700,5450700,38659200
2025-05-06,51216500,15104200,158525600,29314100,76715800,21277200,10600700,6369900,48264700
2025-05-07,68536700,23295300,206758800,43948600,71592600,127490100,13139100,8724100,55588000
2025-05-08,50478900,23491300,198428100,41043600,97539400,57498700,14622800,8320100,65130800
2025-05-09,36453900,15324200,132972200,29663100,132387800,32435300,10427300,5087600,37603400
2025-05-12,63775800,22821900,225023300,75205000,112826700,44138800,21965100,9603900,78993600
2025-05-13,51909300,23618800,330430100,56193700,136992600,42382100,18570800,8589000,67947200
2025-05-14,49325800,19902800,281180800,38492100,136997300,48755900,12348200,8643100,66283500
2025-05-15,45029500,21992300,226632600,64347300,97882600,33146700,14341800,9214600,71268100
2025-05-16,54737900,23849800,226542500,43318500,95895700,42846900,18519000,8932900,76052100
2025-05-19,46140500,21336500,193154600,34314800,88869900,30426100,9592400,12145000,68168500
2025-05-20,42496600,15441800,161514200,29470400,131715500,46607700,6743500,8436300,60614500
2025-05-21,59211800,19216900,270608700,42460900,102354800,73416000,11464600,7464000,95197700
2025-05-22,46742400,18025600,187344000,38938900,97113400,74864400,8228400,6514100,70860400
2025-05-23,78432900,16883500,198821300,33393500,84654800,35211400,8454100,6671800,76029000
2025-05-27,56288500,20974300,192953600,34892000,120146400,37995700,9508400,7506600,72588500
2025-05-28,45339700,17086300,304021100,28549800,91404300,34784000,9042900,5535400,68445500
2025-05-29,51396800,13974800,369241900,34650000,88087800,29317300,8858800,5081200,69973300
2025-05-30,70819900,34770500,333170900,51679400,123474900,52639900,16241000,10977700,90601200
2025-06-02,35423300,16626500,197663100,29113300,81873800,38612300,15766300,6011200,61630500
2025-06-03,46381600,15743800,225578800,33139100,99324500,45084900,11585000,6998400,63606200
2025-06-04,43604000,14162700,167120800,29915600,98912100,26900800,14031900,5915700,57314200
2025-06-05,55126100,20131700,231397900,51864200,287499800,36379100,13083100,8173800,92278700
2025-06-06,46607700,15285600,153986200,39832500,164747700,35731800,11728000,7738100,66588700
2025-06-09,72862600,16469900,185114500,38102500,140908900,28935900,12773200,8285000,53016400
2025-06-10,54672600,15375900,155881900,31303300,151256500,61766100,10850100,7538100,66247000
2025-06-11,60989900,16399200,167694000,39326000,122611400,31646800,9582500,7434100,73658200
2025-06-12,43904600,18950600,162365000,27640000,105127500,20941900,7322700,6618000,64129000
2025-06-13,51447300,16814500,180820600,29337800,128964300,27663100,9274400,7098300,89506000
2025-06-16,43020700,15626100,183133700,33284200,83925900,27389200,13720300,8566000,79984100
2025-06-17,38856200,15414100,139108000,32086300,88282700,24973000,10066100,6739300,82209400
2025-06-18,45394700,17526500,161494100,44360500,95137700,28707500,10068300,9586400,76605000
2025-06-20,96813500,37576200,242956200,75350700,108688000,75659900,22538600,13969700,94051400
2025-06-23,55814300,24864000,154308900,37311700,190716800,57671000,11080100,8094600,87426000
2025-06-24,54064000,22305600,187566100,38378800,114736200,40524300,13823200,9267900,67735300
2025-06-25,39525700,17495100,269146500,31755700,119845100,35479000,9320400,6826900,62114800
2025-06-26,50799100,21578900,198145700,50480800,80440900,31796700,13964800,8942100,78548400
2025-06-27,73188600,34539200,263234500,119217100,89067000,108140200,18775700,17868600,86258400
2025-06-30,91912800,28369000,194580300,58887800,76695100,63378900,15402100,12689200,92502500
2025-07-01,78788900,19945400,213143600,39256800,145085700,35904500,13431200,9338300,70030100
2025-07-02,67941800,16319600,171224100,30894200,119483700,29128900,9336700,8158700,66510400
2025-07-03,34955800,13984800,143716100,29632400,58042300,21689700,8601700,6541600,51065800
2025-07-07,50229000,13981600,140139000,36604100,131177900,34175600,9457100,8825700,74814500
2025-07-08,42848900,11846600,138133000,45692000,103246700,40442500,7770700,15440900,59024600
2025-07-09,48749400,18659500,183656400,38155100,75586800,43025600,11418000,11273800,66113300
2025-07-10,44443600,16492100,167704100,30370600,104365300,29252400,9913600,8410900,57529000
2025-07-11,39765800,16459500,193633300,50518300,79236400,34282900,10873900,7384700,63670200
2025-07-14,38840100,12058800,136975800,35702600,78043400,32536600,8939400,9079900,51898500
2025-07-15,42296300,14927200,230627400,34907300,77556300,33448300,11529500,12526100,74317300
2025-07-16,47490500,15154400,158831500,39535900,97284800,33104200,13067600,9979800,88987500
2025-07-17,48068100,17503100,160841100,31855800,73922900,31992600,11803300,8509500,68885700
2025-07-18,48974600,21209700,146456400,37833800,94255000,34014500,12779800,12217000,65621600
2025-07-21,51377400,14066800,123126100,40297600,75768800,45803100,9404400,7898100,63375000
2025-07-22,46404100,13868600,193114300,37483700,77370400,44660200,8921100,6717500,60046300
2025-07-23,46989300,16396600,154082200,28294900,92553800,58681900,8771600,7083500,70511000
2025-07-24,46022600,16107000,128984600,42902300,156966000,74881700,10920800,7001200,71307100
2025-07-25,40268800,19125700,122316800,28712100,148227000,39785900,8271700,5918500,56865400
2025-07-28,37858000,14308000,140023500,26300100,112673800,38139500,8715700,5840400,54917100
2025-07-29,51411700,16469200,154077500,33716200,87358900,41389200,13267000,7635700,60556300
2025-07-30,45512500,26380400,174312200,32993300,83931900,32445400,27077300,8061700,80418900
2025-07-31,80698400,51617300,221685400,104357300,85270900,51329200,38831100,14749700,103385200
2025-08-01,104434500,28977600,204529000,122258800,89121400,34832200,19028700,12007100,140103600
2025-08-04,75109300,25349000,148174600,77890100,78683900,31547400,15801700,6649500,73218000
2025-08-05,44155100,19171600,156407600,51505100,57961300,31602300,11640300,7182300,68051400
2025-08-06,108483100,21355700,137192300,54823000,78523600,21562900,9733900,6330200,64357500
2025-08-07,90224800,16079100,151878400,40603500,66658700,26321800,9019700,8057100,74205800
2025-08-08,113854000,15531000,123396700,32970500,91200300,39161800,7320800,6634100,64051600
2025-08-11,61806100,20194400,138323200,31646200,105320200,25832400,7612000,5510100,58742300
2025-08-12,55626200,18667000,145485700,37185800,80522100,30397900,14563100,8570900,64730800
2025-08-13,69878500,19619200,179871700,36508300,67838900,28342900,8811800,8420400,60092800
2025-08-14,51916300,20269100,129554000,61545800,75000700,25230400,8116200,6322400,59327500
2025-08-15,56038700,25213300,156602200,39649200,74319800,34931400,13375400,7340500,68592500
2025-08-18,37476200,23760600,132008000,25248900,56956600,18526600,16513700,5386900,43804900
2025-08-19,39402600,21481000,185229200,29891000,75956000,24240200,12286700,6031500,69750700
2025-08-20,42263900,27723000,215142700,36604300,77481800,28955500,11898200,7374200,88890300
2025-08-21,30621200,18443300,140040900,32140500,55744400,19774600,8876300,6624000,54805800
2025-08-22,42477800,24324200,172789400,37315300,94016300,42827000,10612700,8552800,84083200
2025-08-25,30983100,21638600,163012800,22633700,86670000,29928900,6861200,5856300,51274300
2025-08-26,54575100,30835700,168688200,26105400,76651600,28464100,7601800,6714700,51581600
2025-08-27,31259500,17277900,235518900,21254500,65519000,23022900,8315400,6056500,48341100
2025-08-28,38074700,18015600,281787800,33679600,67903200,32339300,7468000,6410500,61519500
2025-08-29,39418400,20961600,243257900,26199200,81145700,39728400,9070500,6796400,74522200
2025-09-02,44075600,18128000,231164900,38843900,58392000,47523000,9350900,7221900,81983500
2025-09-03,66427800,16345100,164424900,29223100,88733300,103336100,7699300,6316900,70820900
2025-09-04,47549400,15509500,141670100,59391800,60711000,51684200,11439100,6605800,65219200
2025-09-05,54870400,31994800,224441400,36721800,108989800,46588900,9663400,9837700,85178900
2025-09-08,48999500,16771000,163769100,33947100,75208300,32474700,13087800,8188500,63133100
2025-09-09,66313900,14410500,157548400,27033800,53816000,38061000,10999000,7848200,66133900
2025-09-10,83440800,21611800,226852000,60907700,72121700,35141100,12478300,7787300,78034500
2025-09-11,50208600,18881600,151159300,37485600,103756000,30599300,7923300,7942500,69934400
2025-09-12,55824200,23624900,124911000,38496200,168156400,26771600,8248600,6846700,72780100
2025-09-15,42699500,17143800,147061600,33243300,163823700,58383800,10533800,7122000,63772400
2025-09-16,63421100,19711900,140737800,38203900,104285700,34109700,11782500,10525600,61169000
2025-09-17,46508000,15816600,211843800,42815200,106133500,34108000,9400900,8657800,101952200
2025-09-18,44249600,18913700,191763300,37931700,90454500,31239500,10955000,8050700,90459200
2025-09-19,163741300,52474100,237182100,97943200,93131000,55571400,23696800,23568600,97945600
2025-09-22,105517400,20009300,269637000,45914500,97108800,32290500,11706900,7520200,69452200
2025-09-23,60275200,19799600,192559600,70956200,83422700,26628000,10872600,8584400,81708900
2025-09-24,42303700,13533700,143564100,49509000,93133600,28201000,8828200,7310500,68082200
2025-09-25,55202100,15786500,191586700,52226300,96746400,31020400,10591100,7083200,89622100
2025-09-26,46076300,16213100,148573700,41650100,101628200,18503200,9696300,7258100,69179200
2025-09-29,40127700,17617800,193063500,44259200,79491500,32505800,9246800,6462400,73499000
2025-09-30,37704300,19728200,236981000,48396400,74358000,34724300,16226800,11823300,86288000
2025-10-01,48713900,22632300,173844900,43933800,98122300,31658200,20419600,9235200,72545400
2025-10-02,42630200,21222900,136805800,41258600,137009000,25483300,11415300,7600000,56896000
2025-10-03,49155600,15112300,137596900,43639000,133188200,30249600,16154300,6029900,70494400
2025-10-06,44664100,21388600,157678100,43690900,85324900,28894700,21654700,7214500,54623300
2025-10-07,31955800,14615200,140088000,31194700,102296100,23181300,12062900,8454200,72020100
2025-10-08,36496900,13363400,130168900,46686000,71192100,21307100,10790600,6489900,60702200
2025-10-09,38322000,18343600,182997200,46412100,69339900,27892100,12717200,7060300,66501900
2025-10-10,61999100,24133800,268774400,72367500,112107900,33180300,16980100,8597400,159422600
2025-10-13,38142900,14284200,153482800,37809700,79552800,24995000,9251800,10788700,79560500
2025-10-14,35478000,14684300,205641400,45665600,72669400,22111600,8829800,16178800,88779600
2025-10-15,33893600,14694700,214450500,45909500,71558200,27007700,10246800,11354800,81702600
2025-10-16,39777000,15559600,179723300,42414600,77189900,27997200,9017000,10549400,110563300
2025-10-17,49147000,19867800,173135200,45986900,89331600,29671600,12232400,10153500,96500900
2025-10-20,90483000,14665600,128544700,38882800,63719000,22350200,8900200,6894900,60493400
2025-10-21,46695900,15586200,124240200,50494600,54412200,47312100,7647300,7372700,56249000
2025-10-22,45015300,18962700,162249600,44308500,84023500,35029400,8734500,8054100,80564000
2025-10-23,32754900,14023500,111363700,31540000,126709800,19901400,9856000,5438800,65604500
2025-10-24,38253700,15532400,131296700,38685100,94727800,28655100,9151300,7228300,74356500
2025-10-27,44888200,18734700,153452700,38267000,105867500,35235200,11321100,5642200,63339800
2025-10-28,41534800,29986700,297986200,47100000,80185700,29738600,12193800,6336000,61738100
2025-10-29,51086700,36023000,308829600,52036200,67983500,43580300,26818600,7520300,85657100
2025-10-30,69886500,41023100,178864400,102252900,72447900,74876000,88440100,7514600,76335800
2025-10-31,86167100,34006400,179802200,166340800,83135800,39267900,56953200,7721300,87164100
2025-11-03,50194600,22374700,180267300,95997800,84595200,29786000,33003600,7770000,57315000
2025-11-04,49274800,20958700,188919300,51546300,87756600,30078400,27356600,7085200,78427000
2025-11-05,43683100,23024300,171350300,40610700,85573000,31010300,20219900,6865200,74402400
2025-11-06,51204000,27406500,223029800,46004200,109622900,37173600,23628800,7206100,85035300
2025-11-07,48227400,24019800,264942300,46374300,103471500,34479600,29946800,7302300,100592400
2025-11-10,41312400,26101500,198897100,36476500,76515900,29557300,19245000,5794100,75842900
2025-11-11,46208300,17980000,176483300,23564100,60533200,19842100,13302200,5030200,58953400
2025-11-12,48398000,26574900,154935300,31190100,58513500,24829900,24493300,10578300,62312500
2025-11-13,49602800,25273100,207423100,41401700,118948000,29494000,20973800,8973300,103457800
2025-11-14,47431300,28505700,186591900,38956700,105506700,31647200,20724100,10327000,96846700
2025-11-17,45018300,19092800,173628900,59919000,102214300,52670200,16501300,8344000,90456100
2025-11-18,45677300,33815100,213598900,60608400,80688600,49158700,25500600,8077300,114467500
2025-11-19,40424500,23245300,247246400,58335600,72047700,68198900,24744700,5546600,94703000
2025-11-20,45823600,26802500,343504800,50309000,113548800,62025200,20603000,7501600,165293500
2025-11-21,59030800,31769200,346926200,68490500,100460600,74137700,21052600,11766800,123956200
2025-11-24,65585800,34421000,256618300,54318400,96806400,85165100,23554900,10940200,80437900
2025-11-25,46914200,28019800,320600300,39379300,71915600,88632100,25213000,8877200,81077100
2025-11-26,33431400,25709100,183852000,38497900,63463000,51373400,15209500,7910900,71879600
2025-11-28,20135600,14386700,121332800,20292300,36252900,26018600,11033200,4322400,49212000
2025-12-01,46587700,23964000,188131000,42904000,57463600,41183000,13029900,7727300,61201200
2025-12-02,53669500,19562700,182632200,45785400,69336600,35854700,11640900,7249000,62953800
2025-12-03,43538700,34615100,165138000,35495100,87483000,41838300,11134300,8535300,57238500
2025-12-04,43989100,22318200,167364900,45683200,71906500,31240900,29874600,9627800,61970300
2025-12-05,47265800,22608700,143971100,33117400,56427500,28851700,21207900,6518900,79241000
2025-12-08,38211800,21965900,204378100,35019200,69165800,33909400,13161000,7417200,55231500
2025-12-09,32193300,14696100,144719700,25841700,62367400,30194000,12997100,18049200,58310100
2025-12-10,33038300,35756200,162785400,38790700,63257500,33428900,16910900,18874100,85671300
2025-12-11,33248000,24669200,182136600,28249600,55979500,42353700,13056700,9721900,86173700
2025-12-12,39532900,21248100,204274900,35639100,95656700,35940200,14016900,8982900,113160300
2025-12-15,50409100,23727700,164775600,47286100,114542200,29151900,15549100,10864100,90811000
2025-12-16,37648600,20705600,148588100,39298900,107608100,30585000,14309100,8331300,122030600
2025-12-17,50138700,24527200,222775500,44034400,106490400,43930400,15598500,8718700,110625200
2025-12-18,51630700,28573500,176096000,50272400,95168400,33518000,20260300,11444900,108650100
2025-12-19,144632000,70836100,324925900,85544400,103305400,59943200,49977100,24494400,103599500
2025-12-22,36571800,16963000,129064400,32261300,86916100,26429900,15659400,8354600,69556700
2025-12-23,29642000,14683600,174873600,29230200,58223600,25478700,8486800,6668300,64840000
2025-12-24,17910600,5855900,65528500,11420500,41285400,10097400,5627500,4289300,39445600
2025-12-26,21521800,8842200,139740300,15994700,58780700,10899000,7133800,4158300,41613300
2025-12-29,23715200,10893400,120006100,19797900,66263000,19621800,8506500,8635300,62559500
2025-12-30,22139600,13944500,97687300,21910500,59238500,17380900,9187500,7904300,47160700
2025-12-31,27293600,15601600,120100500,24383700,49078000,16377700,7940400,5048500,74144800
2026-01-02,37838100,25571600,148240500,51456200,85535400,32009400,13726500,8054000,89377200
2026-01-05,45647200,25250300,183529700,49733300,67940800,30195600,12213700,10752600,71927200
2026-01-06,52352100,23037700,176862600,53764700,89093800,31212100,11074400,7660800,69273800
2026-01-07,48309800,25564200,153543200,42236500,59828800,35104400,12846300,9815200,75588300
2026-01-08,50419300,18162600,172457000,39509800,57041100,31896100,11921700,11737100,64019200
2026-01-09,39997000,18491000,131327500,34560000,67331500,26214200,11634900,6738100,80125500
2026-01-12,45263800,23519900,137968500,35867800,61649600,33923900,14797200,12805100,63976000
2026-01-13,45730800,28545800,160128900,38371800,53719200,33517600,18030400,19371200,78309700
2026-01-14,40019400,28184300,159586100,41410600,57259500,28525600,15527900,25951500,94676700
2026-01-15,39388600,23225800,206188600,43003600,49465800,28442400,13076100,14751400,77862000
2026-01-16,72142800,34246700,187967200,45888300,60220600,40341600,17012500,14652500,79289200
2026-01-20,80267500,26130000,223345300,47737900,63187300,35361000,15169600,12900600,111623300
2026-01-21,54641700,37980500,200381000,47276100,68124000,35386600,14494700,10270100,127844500
2026-01-22,39708300,25349400,139636600,31913300,71546700,26253600,21394700,10535800,77112200
2026-01-23,41689000,38000200,142748100,33778500,56771400,27280000,22797700,11107900,63059600
2026-01-26,55969200,29291200,124799600,32825500,49397400,26042100,16327400,11752700,60473800
2026-01-27,49648300,29213900,143711600,38029200,37733100,21636200,13297400,11527400,55506100
2026-01-28,41288000,36875400,148552700,40882700,54857400,27434400,25709600,9556700,61172200
2026-01-29,67253000,128855300,171764400,47229600,81686100,39785600,59852900,11580000,97486200
2026-01-30,92443400,58566800,179489500,46585000,82626100,31024000,23744600,11953200,101835100
2026-02-02,73913400,42219900,165794100,37546100,58739500,32006100,14365200,9839400,79286500
2026-02-03,64394700,61424100,204019600,53831300,56886500,36506700,13760700,12688000,107904600
2026-02-04,90545700,45012400,207014100,51299900,74606900,70618400,16882800,9848800,105204600
2026-02-05,52977400,66289200,206312900,103509200,72819800,88205800,17131800,9388000,113610800
2026-02-06,50453400,53515300,231346200,179210900,62677100,56380500,18159300,17797400,89127600
2026-02-09,44623400,45480500,196387400,91178400,54484300,39640100,14837500,11477500,73885200
2026-02-10,34376900,44857900,136764800,67175000,64450200,39170000,10455800,9902200,65185700
2026-02-11,51931300,42491000,144192700,65545500,57362000,45406400,14323800,8703500,76353900
2026-02-12,81077200,40802400,189932500,83975400,61933400,47761300,14960100,13443400,118829000
2026-02-13,56290700,34091600,161888000,66321600,51434100,38499700,12336400,9114500,96267500
2026-02-17,58469100,32078800,162276900,69879200,59678800,39247600,12674700,8896800,81354700
2026-02-18,34203300,23223400,164749100,51003300,45921400,28482100,14649200,7209600,73570300
2026-02-19,30845300,28234000,126554500,35669600,51019600,25834400,10035700,6737700,58649400
2026-02-20,42070500,34015200,178422300,65881600,57912200,53210800,14183500,7792700,100034000
2026-02-23,37308200,43238300,171584800,53581500,69680000,31423000,8605900,12955400,90558100
2026-02-24,47014600,33884700,175123600,41137200,58579500,25615600,10135600,13554100,73798700
2026-02-25,33714300,43625500,250637100,41346400,54809700,29963600,11330700,8095500,56369500
2026-02-26,32345100,34405900,360807900,47756800,53602500,36431200,10637700,7007800,71671000
2026-02-27,72366500,51367200,311636500,57422800,56890100,44640600,15703000,18620800,83308900
2026-03-02,41827900,35474900,209095300,46001000,55088300,34790200,9816100,8508900,87477200
2026-03-03,38568900,38199200,178099400,43184900,62617300,35497000,12263800,10278200,105003100
2026-03-04,39803100,35808000,177731200,54731100,68305500,29536200,10810100,8055700,79182200
2026-03-05,49658600,39001300,198779700,60943400,51925900,35752300,13341400,12732500,106606500
2026-03-06,41120000,31123900,189021900,51152700,64054600,25576900,13159400,13496500,100687000
2026-03-09,38218500,30131900,177213600,54642900,67018900,29312100,13489700,12241100,102667700
2026-03-10,30590800,31706400,179118500,35678800,59258700,23239700,9859300,8344900,81505300
2026-03-11,26218900,25512100,145280400,34199300,62559900,24125700,8977200,10205000,68441700
2026-03-12,40794000,27263900,155762700,44349500,60973800,24928300,11617500,13760500,108882200
2026-03-13,36930000,26848000,160988400,35662100,58504100,23693100,18957600,9091200,97200200
2026-03-16,32074200,27733700,217307400,42209300,58068300,23519700,15134900,8149000,82023100
2026-03-17,32361600,26228300,182497800,44969900,46890500,21955200,10348800,8961200,87128000
2026-03-18,35757900,25908500,156683100,37846600,50853100,20009800,11726300,10057000,82062600
2026-03-19,34864100,25138800,170968500,36440600,67078300,25075800,13247700,9846700,111272500
2026-03-20,88331100,50853200,241323500,63694600,78628600,44364100,21214900,22436500,163617500
2026-03-23,40546100,29680100,182836300,44277400,74606000,29326900,13638000,11470800,134802700
2026-03-24,45152300,42733600,147667800,35351400,60004900,36864300,10739700,11092300,96457500
2026-03-25,28476700,31181200,162602100,36388800,55157300,29460700,12585000,12188200,90653800
2026-03-26,41796700,36836600,186152200,46746000,55522900,39080600,35780100,8669200,96494400
2026-03-27,47900000,37883400,196212700,56009800,62065700,35890600,30133000,9873300,103649400
2026-03-30,39446200,44797000,185627000,46373800,67954400,35141200,22795200,11734400,99275900
2026-03-31,49598100,45244400,226181300,58470100,75534900,43875400,32898300,12956900,152534100
2026-04-01,40059400,29417200,168132000,45955400,58683800,37684500,23608100,11267200,97841500
2026-04-02,31289400,24099100,143143200,31453000,83031200,21666500,13518500,6669300,68358700
2026-04-06,29329900,16146600,107564300,25385500,77697600,16945500,9515700,7142600,39105800
2026-04-07,62148000,21443300,132534900,28154600,74515400,23205400,9580800,7849100,69980400
2026-04-08,41032800,33064800,147732700,51092700,78838600,33547100,32036600,10590200,93606100
2026-04-09,28121600,30435300,116428500,65964200,62164000,23739200,19012900,6586600,57134400
2026-04-10,31291500,28111100,160459500,56912800,51336000,19152600,13294800,6069700,42253500
2026-04-13,36234700,35745800,133648200,42166200,53617500,18866400,9538900,8318200,54185800
2026-04-14,48370700,37504500,161307000,72685000,59979600,27721400,17818000,11455500,63480500
2026-04-15,49913500,45063400,185338400,43045200,113810400,24918800,14952600,9885800,58240400
2026-04-16,43323100,41642400,134012900,41895700,63515100,20541500,9544800,8208600,49972400
2026-04-17,61436200,48568200,160324400,52029300,90640000,25581900,16283500,11082400,70661900
2026-04-20,36590200,27582200,119381400,39463100,64603900,18784200,12534000,10772000,43546800
2026-04-21,50209800,32048500,107945300,42922400,50530600,23123800,8660100,7084300,58941400
2026-04-22,43249200,29378200,107501000,36065100,62362800,20293000,9215600,5545900,42518500
2026-04-23,33399600,38308000,113561800,39091400,93969500,18650300,11667000,6969700,56174000
2026-04-24,38157100,27457400,214134400,53777400,62893300,26426100,13348300,5215300,45182000
2026-04-27,41466800,30867300,187172400,44906800,66735800,28576900,12805200,7925300,33135900
2026-04-28,40018900,30438100,180275400,42204400,50864400,27824100,10606800,7398600,43117400
2026-04-29,30047900,38288300,123711800,72367900,45384800,35376300,18947500,8031800,41859200
2026-04-30,91848200,70909400,225239200,100974900,51076000,72040000,52765000,8865400,67240900
2026-05-01,79915400,31372400,128647000,50825200,65338300,30105200,21404000,6135400,43049800
2026-05-04,46668400,28066500,125368100,49083700,48765100,26298600,16203900,7338200,51950600
2026-05-05,49311700,25700900,113406600,41908500,47780600,23878600,17171300,6316800,36933200
2026-05-06,58336100,30285900,188362800,44552000,53465400,31308500,19915500,8629500,53288900
2026-05-07,45224300,34942400,168307900,35892900,64294200,24433500,12307400,8359600,51724600
2026-05-08,52692800,33383800,136421400,34732700,65050000,21461800,13557000,9464300,47227100
2026-05-11,42247300,35657900,160685800,38176700,78376100,30753700,15940600,9512000,44024000
2026-05-12,45748100,38594200,159176600,36776200,60569300,26017500,11351600,9498200,54185300
2026-05-13,52684300,29667100,150405400,39670900,68283200,28144600,14634400,7709500,44200200
2026-05-14,35324900,27077500,180782900,31338400,46070400,21136700,10651200,7364300,45307600
2026-05-15,54862800,50771200,180977600,40770300,52688700,20309700,13272600,8699300,60410800
2026-05-18,34483000,32564100,146280900,33690800,52474200,26837200,13772400,7546300,47843900
2026-05-19,42243600,33018700,140948200,40340700,46500600,39545700,11749900,8066900,54255900
2026-05-20,38229800,27864000,184201600,34933200,45294700,31744400,11329700,9327000,45768000
2026-05-21,42965100,31393500,203381800,36591700,42636900,24852800,13476100,7874400,43332200
2026-05-22,43670200,22390300,169275700,27535500,46104700,20442100,11688600,5973900,41762000
2026-05-26,48000500,30398000,187202600,38028100,45658900,27747400,12234200,7725400,41123600
2026-05-27,50430900,28901500,167601200,40061900,44656500,23087300,23143600,11779200,42106300
2026-05-28,48220400,47250500,143996000,40630400,32435000,24357500,16772400,9757700,41562600
2026-05-29,70026800,79654400,289410600,54749600,45176800,44415800,19806500,13969000,55075700
2026-06-01,48849900,53628900,212850700,53604400,44937900,28672100,29138800,7930000,43634900
2026-06-02,44534700,37036800,193362900,41811000,37596000,50412300,18252000,8296200,31581900
2026-06-03,50836700,39037000,160907000,51394200,44500700,55441600,23020100,7003900,51402500
2026-06-04,44869100,26899500,169022200,35609800,35323300,44055500,21469200,10345200,49923000
2026-06-05,65310500,34782200,219655500,55607800,63420200,37471200,30091600,9118800,93989400
2026-06-08,77949100,32086700,138372800,33899500,50328800,27942500,19512400,6827000,49319100
2026-06-09,70108800,35317300,180962500,44425400,59940200,29535100,16977400,11594600,87683500
2026-06-10,52793300,32576000,161746600,38590200,49695600,32357100,17064000,7446200,60341300
2026-06-11,42572500,47224100,158643200,41335400,45324300,35538200,17628000,9116600,86330500
2026-06-12,38742100,34865800,112001800,51186600,63514500,24704600,14326400,7426200,57079500
2026-06-15,45732600,32266400,149936700,41711600,45620500,27727500,17653300,7988900,60176400
2026-06-16,39874400,31506800,125694100,35187400,40255500,24876100,11344400,11094900,67093100
2026-06-17,42745100,41987800,128363500,44780800,43534300,24543600,20478300,12246400,85945200
2026-06-18,85962200,59714200,241272000,75624400,58384700,44470100,28824600,20111000,80875700
2026-06-22,44879900,45171100,122041400,68388500,47819500,52814800,15405500,10182500,46628100
2026-06-23,52010900,40647600,153496200,60492600,50420200,34007700,13103300,7582200,66846800
2026-06-24,53081900,44509900,151810700,70282600,37081400,44997300,13963600,7907400,57439500
2026-06-25,107013700,66179000,149550000,77674100,30138800,44491400,16968600,10043100,53934400
2026-06-26,261775500,186201600,179304100,248372100,53434100,114706300,18867700,17640900,71034000
2026-06-29,66427000,51229900,148835700,77619200,57645800,34213900,15011400,7981800,58035200
2026-06-30,65100200,44945700,166476700,66228300,43385600,35237200,18111100,8080100,55626000
2026-07-01,50164200,48065800,146147600,53829900,40127900,26736400,45536300,15210200,47100900
2026-07-02,75352800,42128900,142068700,48246400,73717700,25974800,21705900,8413900,57447800
2026-07-06,53590000,34224500,108999000,40044000,54727900,26915800,17674100,8673500,50673300
2026-07-07,42490000,29297500,124154600,40579600,38149900,24045600,18560800,7115800,43721500
2026-07-08,41323500,25908300,147419100,29653000,33844900,22094800,13606500,18505200,43767400
2026-07-09,48124500,31083200,132037400,38091700,37835000,24729100,26579700,15570600,41441700
2026-07-10,34132300,24644600,148421000,31654000,33410000,18146100,40608900,6299000,42191300
2026-07-13,43257800,28914900,121411000,34636100,32809200,15901700,19840700,7120300,44013600
2026-07-14,36336800,27863900,124379600,30108100,23385000,18259400,16748200,14537900,35143100
2026-07-15,60957600,36253700,124797200,45240600,31549800,28284600,19003400,10750000,43844800
2026-07-16,62970600,37047400,122986100,45343700,29269100,41158500,15816000,12432400,46409800
2026-07-17,63407100,33049800,144281900,43572400,31394600,29959300,22267900,9250900,62651000
2026-07-20,53468000,27915800,88701500,32406500,33901500,24736600,10225200,7723300,50422300
2026-07-21,41338900,24126600,108685600,27732100,32735300,23369800,9140500,6015300,34324300
2026-07-22,38755900,28142500,137645600,34112700,30646100,39334100,11019600,8040200,32836200
2026-07-23,40840800,30351800,110505300,47465300,115606400,69419700,15494800,10913000,55437300
2026-07-24,47489400,27659400,114836800,35017400,62760000,31806600,11503500,7520800,44782000
2026-07-27,49604300,27856200,154353700,34999500,44919400,28471600,11195300,7884900,41461200
2026-07-28,51859000,32367500,134111500,44521600,39802400,29511900,12009300,6533800,47322200
2026-07-29,56090800,47209000,147680800,44957500,39478000,27501600,22371100,8265300,70697200
2026-07-30,74817800,110160700,129010200,101839800,38005400,30168000,42271500,7606500,66811300
2026-07-31,132489100,60846000,139961200,129054800,36630600,46498000,24261500,6603400,62445900
2026-08-03,75052000,66762100,128406900,90830200,38281400,38669700,25938100,6436600,59927500
2026-08-04,68001000,50455500,134922000,69748100,33318300,35705700,17959200,8477200,69154800
2026-08-05,44330978,30476807,156378175,42366662,27506311,46331184,14756774,3454252,44246082
