date,AAPL,MSFT,NVDA,AMZN,TSLA,GOOGL,META,JPM,SPY
2021-08-06,146.13999938964844,289.4599914550781,20.365999221801758,167.2469940185547,233.03334045410156,135.73849487304688,363.510009765625,157.5,442.489990234375
2021-08-09,146.08999633789062,288.3299865722656,20.295000076293945,167.093505859375,237.9199981689453,136.91299438476562,361.6099853515625,157.3300018310547,442.1300048828125
2021-08-10,145.60000610351562,286.44000244140625,19.93600082397461,166.03399658203125,236.663330078125,136.8070068359375,361.1300048828125,159.25999450683594,442.67999267578125
2021-08-11,145.86000061035156,286.95001220703125,19.698999404907227,164.60549926757812,235.94000244140625,136.2790069580078,359.9599914550781,161.16000366210938,443.7799987792969
2021-08-12,148.88999938964844,289.80999755859375,19.905000686645508,165.1750030517578,240.75,137.19400024414062,362.6499938964844,161.7899932861328,445.1099853515625
2021-08-13,149.10000610351562,292.8500061035156,20.187999725341797,164.69850158691406,239.05667114257812,137.7274932861328,363.17999267578125,159.97999572753906,445.9200134277344
2021-08-16,151.1199951171875,294.6000061035156,19.950000762939453,164.94949340820312,228.72332763671875,138.3094940185547,366.55999755859375,158.92999267578125,446.9700012207031
2021-08-17,150.19000244140625,293.0799865722656,19.45800018310547,162.09800720214844,221.90333557128906,136.6614990234375,358.45001220703125,157.00999450683594,444.0400085449219
2021-08-18,146.36000061035156,290.7300109863281,19.040000915527344,160.06100463867188,229.663330078125,135.44900512695312,355.45001220703125,155.5800018310547,439.17999267578125
2021-08-19,146.6999969482422,296.7699890136719,19.79800033569336,159.3874969482422,224.49000549316406,135.67999267578125,355.1199951171875,154.27999877929688,439.8599853515625
2021-08-20,148.19000244140625,304.3599853515625,20.81599998474121,159.99749755859375,226.75332641601562,137.42950439453125,359.3699951171875,154.72000122070312,443.3599853515625
2021-08-23,149.7100067138672,304.6499938964844,21.95800018310547,163.2935028076172,235.43333435058594,140.04150390625,363.3500061035156,156.6999969482422,447.260009765625
2021-08-24,149.6199951171875,302.6199951171875,21.792999267578125,165.28900146484375,236.163330078125,141.26150512695312,365.510009765625,157.6699981689453,447.9700012207031
2021-08-25,148.36000061035156,302.010009765625,22.21299934387207,164.95899963378906,237.06666564941406,142.07899475097656,368.3900146484375,160.9199981689453,448.9100036621094
2021-08-26,147.5399932861328,299.0899963378906,22.06800079345703,165.8000030517578,233.72000122070312,141.4405059814453,364.3800048828125,161.75,446.260009765625
2021-08-27,148.60000610351562,299.7200012207031,22.63599967956543,167.48150634765625,237.30667114257812,144.00399780273438,372.6300048828125,163.0500030517578,450.25
2021-08-30,153.1199951171875,303.5899963378906,22.687999725341797,171.07850646972656,243.6366729736328,144.5904998779297,380.6600036621094,160.44000244140625,452.2300109863281
2021-08-31,151.8300018310547,301.8800048828125,22.385000228881836,173.5395050048828,245.24000549316406,144.69749450683594,379.3800048828125,159.9499969482422,451.55999755859375
2021-09-01,152.50999450683594,301.8299865722656,22.44099998474121,173.9499969482422,244.69667053222656,145.2154998779297,382.04998779296875,159.72000122070312,451.79998779296875
2021-09-02,153.64999389648438,301.1499938964844,22.395999908447266,173.156005859375,244.1300048828125,143.28700256347656,375.2799987792969,160.4600067138672,453.19000244140625
2021-09-03,154.3000030517578,301.1400146484375,22.843000411987305,173.90249633789062,244.52333068847656,143.739501953125,376.260009765625,159.49000549316406,453.0799865722656
2021-09-07,156.69000244140625,300.17999267578125,22.66200065612793,175.46449279785156,250.97332763671875,144.28050231933594,382.17999267578125,159.2100067138672,451.4599914550781
2021-09-08,155.11000061035156,300.2099914550781,22.339000701904297,176.27499389648438,251.2899932861328,143.6909942626953,377.57000732421875,158.5,450.9100036621094
2021-09-09,154.07000732421875,297.25,22.177000045776367,174.20799255371094,251.6199951171875,143.54100036621094,378.0,159.19000244140625,448.9800109863281
2021-09-10,148.97000122070312,295.7099914550781,22.47800064086914,173.45750427246094,245.42333984375,140.87600708007812,378.69000244140625,157.36000061035156,445.44000244140625
2021-09-13,149.5500030517578,296.989990234375,22.152000427246094,172.85850524902344,247.6666717529297,142.33250427246094,376.510009765625,159.86000061035156,446.5799865722656
2021-09-14,148.1199951171875,299.7900085449219,22.242000579833984,172.5,248.163330078125,142.54449462890625,376.5299987792969,157.07000732421875,444.1700134277344
2021-09-15,149.02999877929688,304.82000732421875,22.340999603271484,173.7895050048828,251.94332885742188,144.42950439453125,373.9200134277344,158.16000366210938,447.8800048828125
2021-09-16,148.7899932861328,305.2200012207031,22.242000579833984,174.41200256347656,252.3300018310547,143.61000061035156,373.05999755859375,158.08999633789062,447.1700134277344
2021-09-17,146.05999755859375,299.8699951171875,21.899999618530273,173.12600708007812,253.163330078125,140.8000030517578,364.7200012207031,157.67999267578125,441.3999938964844
2021-09-20,142.94000244140625,294.29998779296875,21.113000869750977,167.7864990234375,243.38999938964844,138.71949768066406,355.70001220703125,152.9600067138672,434.0400085449219
2021-09-21,143.42999267578125,294.79998779296875,21.246000289916992,167.18150329589844,246.4600067138672,139.0330047607422,357.4800109863281,152.97999572753906,433.6300048828125
2021-09-22,145.85000610351562,298.5799865722656,21.94099998474121,169.00250244140625,250.64666748046875,140.2834930419922,343.2099914550781,155.91000366210938,437.8599853515625
2021-09-23,146.8300018310547,299.55999755859375,22.48200035095215,170.8000030517578,251.2133331298828,141.21600341796875,345.9599914550781,161.17999267578125,443.17999267578125
2021-09-24,146.9199981689453,299.3500061035156,22.08099937438965,171.2760009765625,258.1300048828125,142.21499633789062,352.9599914550781,163.0399932861328,443.9100036621094
2021-09-27,145.3699951171875,294.1700134277344,21.65999984741211,170.2899932861328,263.78668212890625,141.07200622558594,353.5799865722656,166.97999572753906,442.6400146484375
2021-09-28,141.91000366210938,283.5199890136719,20.698999404907227,165.79800415039062,259.1866760253906,135.8300018310547,340.6499938964844,166.0800018310547,433.7200012207031
2021-09-29,142.8300018310547,284.0,20.517000198364258,165.05599975585938,260.4366760253906,134.35350036621094,339.6099853515625,165.9499969482422,434.45001220703125
2021-09-30,141.5,281.9200134277344,20.715999603271484,164.2519989013672,258.49334716796875,133.67599487304688,339.3900146484375,163.69000244140625,429.1400146484375
2021-10-01,142.64999389648438,289.1000061035156,20.742000579833984,164.16299438476562,258.40667724609375,136.54299926757812,343.010009765625,167.1300048828125,434.239990234375
2021-10-04,139.13999938964844,283.1099853515625,19.73200035095215,159.48899841308594,260.510009765625,133.6595001220703,326.2300109863281,166.9499969482422,428.6400146484375
2021-10-05,141.11000061035156,288.760009765625,20.451000213623047,161.0500030517578,260.1966552734375,136.0229949951172,332.9599914550781,168.66000366210938,433.1000061035156
2021-10-06,142.0,293.1099853515625,20.700000762939453,163.10049438476562,260.9166564941406,137.56500244140625,333.6400146484375,169.02000427246094,434.8999938964844
2021-10-07,143.2899932861328,294.8500061035156,21.075000762939453,165.1215057373047,264.53668212890625,139.22500610351562,329.2200012207031,170.08999633789062,438.6600036621094
2021-10-08,142.89999389648438,294.8500061035156,20.83099937438965,164.43099975585938,261.8299865722656,139.78550720214844,330.04998779296875,170.22000122070312,437.8599853515625
2021-10-11,142.80999755859375,294.2300109863281,20.69499969482422,162.31500244140625,263.9800109863281,138.91400146484375,325.45001220703125,166.63999938964844,434.69000244140625
2021-10-12,141.50999450683594,292.8800048828125,20.67099952697754,162.3665008544922,268.5733337402344,136.44900512695312,323.7699890136719,165.36000061035156,433.6199951171875
2021-10-13,140.91000366210938,296.30999755859375,20.93899917602539,164.21400451660156,270.3599853515625,137.58200073242188,324.5400085449219,161.0,435.17999267578125
2021-10-14,143.75999450683594,302.75,21.746000289916992,164.9929962158203,272.7733459472656,141.1510009765625,328.5299987792969,163.47000122070312,442.5
2021-10-15,144.83999633789062,304.2099914550781,21.86199951171875,170.4510040283203,281.010009765625,141.3679962158203,324.760009765625,166.61000061035156,445.8699951171875
2021-10-18,146.5500030517578,307.2900085449219,22.222000122070312,172.33700561523438,290.03668212890625,142.7779998779297,335.3399963378906,166.5500030517578,447.19000244140625
2021-10-19,148.75999450683594,308.2300109863281,22.290000915527344,172.20750427246094,288.0899963378906,143.23699951171875,339.989990234375,168.57000732421875,450.6400146484375
2021-10-20,149.25999450683594,307.4100036621094,22.10300064086914,170.7530059814453,288.6000061035156,141.7689971923828,340.7799987792969,170.83999633789062,452.4100036621094
2021-10-21,149.47999572753906,310.760009765625,22.691999435424805,171.75050354003906,298.0,141.88600158691406,341.8800048828125,169.5,453.5899963378906
2021-10-22,148.69000244140625,309.1600036621094,22.72599983215332,166.77749633789062,303.2266540527344,137.56649780273438,324.6099853515625,171.77999877929688,453.1199951171875
2021-10-25,148.63999938964844,308.1300048828125,23.166000366210938,166.01849365234375,341.6199951171875,137.44700622558594,328.69000244140625,170.94000244140625,455.54998779296875
2021-10-26,149.32000732421875,310.1099853515625,24.716999053955078,168.80349731445312,339.4766540527344,139.30850219726562,315.80999755859375,171.39999389648438,455.9599914550781
2021-10-27,148.85000610351562,323.1700134277344,24.451000213623047,169.62449645996094,345.9533386230469,146.21749877929688,312.2200012207031,167.8300018310547,453.94000244140625
2021-10-28,152.57000732421875,324.3500061035156,24.94099998474121,172.32850646972656,359.0133361816406,145.8489990234375,316.9200134277344,170.36000061035156,458.32000732421875
2021-10-29,149.8000030517578,331.6199951171875,25.566999435424805,168.6215057373047,371.3333435058594,148.04600524902344,323.57000732421875,169.88999938964844,459.25
2021-11-01,148.9600067138672,329.3699951171875,25.82699966430664,165.90550231933594,402.86334228515625,143.4969940185547,329.9800109863281,169.8000030517578,460.0400085449219
2021-11-02,150.02000427246094,333.1300048828125,26.400999069213867,165.6374969482422,390.6666564941406,145.4324951171875,328.0799865722656,170.47000122070312,461.8999938964844
2021-11-03,151.49000549316406,334.0,26.597999572753906,169.1999969482422,404.6199951171875,146.59800720214844,331.6199951171875,170.52999877929688,464.7200012207031
2021-11-04,150.9600067138672,336.44000244140625,29.801000595092773,173.85000610351562,409.9700012207031,148.2675018310547,335.8500061035156,168.2899932861328,466.9100036621094
2021-11-05,151.27999877929688,336.05999755859375,29.75200080871582,175.94949340820312,407.36334228515625,148.8520050048828,341.1300048828125,168.0500030517578,468.5299987792969
2021-11-08,150.44000244140625,336.989990234375,30.804000854492188,174.44900512695312,387.64666748046875,149.031005859375,338.6199951171875,169.05999755859375,468.92999267578125
2021-11-09,150.80999755859375,335.95001220703125,30.656999588012695,178.81149291992188,341.1666564941406,148.9185028076172,335.3699951171875,167.77999877929688,467.3800048828125
2021-11-10,147.9199981689453,330.79998779296875,29.458999633789062,174.1024932861328,355.98333740234375,145.89349365234375,327.6400146484375,167.6199951171875,463.6199951171875
2021-11-11,147.8699951171875,332.42999267578125,30.389999389648438,173.625,354.5033264160156,145.76649475097656,327.739990234375,167.61000061035156,463.7699890136719
2021-11-12,149.99000549316406,336.7200012207031,30.389999389648438,176.25750732421875,344.47332763671875,148.67799377441406,340.8900146484375,166.86000061035156,467.2699890136719
2021-11-15,150.0,336.07000732421875,30.024999618530273,177.28399658203125,337.7966613769531,148.45199584960938,347.55999755859375,166.55999755859375,467.42999267578125
2021-11-16,151.0,339.510009765625,30.202999114990234,177.03500366210938,351.57666015625,147.87600708007812,342.9599914550781,165.36000061035156,469.2799987792969
2021-11-17,153.49000549316406,339.1199951171875,29.26099967956543,177.4499969482422,363.0033264160156,148.0469970703125,340.7699890136719,164.47000122070312,468.1400146484375
2021-11-18,157.8699951171875,341.2699890136719,31.674999237060547,184.80299377441406,365.4599914550781,149.8385009765625,338.69000244140625,163.0500030517578,469.7300109863281
2021-11-19,160.5500030517578,343.1099853515625,32.98500061035156,183.82850646972656,379.0199890136719,148.92649841308594,345.29998779296875,160.9199981689453,468.8900146484375
2021-11-22,161.02000427246094,339.8299865722656,31.95599937438965,178.6284942626953,385.6233215332031,146.302001953125,341.010009765625,164.35000610351562,467.57000732421875
2021-11-23,161.41000366210938,337.67999267578125,31.746000289916992,179.0019989013672,369.6766662597656,145.78199768066406,337.25,168.27999877929688,468.19000244140625
2021-11-24,161.94000244140625,337.9100036621094,32.67399978637695,179.02049255371094,372.0,146.1199951171875,341.05999755859375,166.9600067138672,469.44000244140625
2021-11-26,156.80999755859375,329.67999267578125,31.503000259399414,175.22799682617188,360.6400146484375,142.18299865722656,333.1199951171875,161.92999267578125,458.9700012207031
2021-11-29,160.24000549316406,336.6300048828125,33.375999450683594,178.07850646972656,378.9966735839844,145.53050231933594,338.0299987792969,161.22999572753906,464.6000061035156
2021-11-30,165.3000030517578,330.5899963378906,32.67599868774414,175.35350036621094,381.586669921875,141.8975067138672,324.4599914550781,158.8300018310547,455.55999755859375
2021-12-01,164.77000427246094,330.0799865722656,31.434999465942383,172.18600463867188,365.0,141.05149841308594,310.6000061035156,157.88999938964844,450.5
2021-12-02,163.75999450683594,329.489990234375,32.125999450683594,171.8679962158203,361.5333251953125,142.96600341796875,310.3900146484375,161.2100067138672,457.3999938964844
2021-12-03,161.83999633789062,323.010009765625,30.69300079345703,169.489501953125,338.3233337402344,142.00149536132812,306.8399963378906,158.2899932861328,453.4200134277344
2021-12-06,165.32000732421875,326.19000244140625,30.03700065612793,171.36849975585938,336.336669921875,143.15499877929688,317.8699951171875,160.16000366210938,458.7900085449219
2021-12-07,171.17999267578125,334.9200134277344,32.426998138427734,176.1645050048828,350.5833435058594,147.26950073242188,322.80999755859375,162.57000732421875,468.2799987792969
2021-12-08,175.0800018310547,334.9700012207031,31.826000213623047,176.1580047607422,356.32000732421875,148.18649291992188,330.55999755859375,160.7100067138672,469.5199890136719
2021-12-09,174.55999755859375,333.1000061035156,30.489999771118164,174.17100524902344,334.6000061035156,147.6385040283203,329.82000732421875,160.4600067138672,466.3500061035156
2021-12-10,179.4499969482422,342.5400085449219,30.197999954223633,172.21200561523438,339.010009765625,148.00149536132812,329.75,159.82000732421875,470.739990234375
2021-12-13,175.74000549316406,339.3999938964844,28.160999298095703,169.5675048828125,322.13665771484375,145.82650756835938,334.489990234375,157.9199981689453,466.57000732421875
2021-12-14,174.3300018310547,328.3399963378906,28.336999893188477,169.0915069580078,319.5033264160156,143.90699768066406,333.739990234375,159.1300048828125,463.3599853515625
2021-12-15,179.3000030517578,334.6499938964844,30.458999633789062,173.31500244140625,325.3299865722656,146.4409942626953,341.6600036621094,157.94000244140625,470.6000061035156
2021-12-16,172.25999450683594,324.8999938964844,28.386999130249023,168.87100219726562,308.97332763671875,144.44500732421875,334.8999938964844,160.41000366210938,466.45001220703125
2021-12-17,171.13999938964844,323.79998779296875,27.801000595092773,170.0175018310547,310.8566589355469,141.72500610351562,333.7900085449219,156.75999450683594,459.8699951171875
2021-12-20,169.75,319.9100036621094,27.7189998626709,167.07899475097656,299.9800109863281,141.60699462890625,325.45001220703125,153.94000244140625,454.9800109863281
2021-12-21,172.99000549316406,327.2900085449219,29.075000762939453,170.41700744628906,312.84332275390625,143.47250366210938,334.20001220703125,156.08999633789062,463.05999755859375
2021-12-22,175.63999938964844,333.20001220703125,29.399999618530273,171.03700256347656,336.2900085449219,146.4149932861328,330.45001220703125,156.6999969482422,467.69000244140625
2021-12-23,176.27999877929688,334.69000244140625,29.639999389648438,171.06849670410156,355.6666564941406,146.91650390625,335.239990234375,157.25999450683594,470.6000061035156
2021-12-27,180.3300018310547,342.45001220703125,30.94499969482422,169.66949462890625,364.64666748046875,147.906494140625,346.17999267578125,158.16000366210938,477.260009765625
2021-12-28,179.2899932861328,341.25,30.32200050354004,170.66099548339844,362.8233337402344,146.68699645996094,346.2200012207031,158.63999938964844,476.8699951171875
2021-12-29,179.3800048828125,341.95001220703125,30.000999450683594,169.2010040283203,362.0633239746094,146.65499877929688,342.94000244140625,158.55999755859375,477.4800109863281
2021-12-30,178.1999969482422,339.32000732421875,29.586000442504883,168.64450073242188,356.7799987792969,146.20050048828125,344.3599853515625,158.47999572753906,476.1600036621094
2021-12-31,177.57000732421875,336.32000732421875,29.410999298095703,166.7169952392578,352.260009765625,144.8520050048828,336.3500061035156,158.35000610351562,474.9599914550781
2022-01-03,182.00999450683594,334.75,30.121000289916992,170.4044952392578,399.9266662597656,144.9915008544922,338.5400085449219,161.6999969482422,477.7099914550781
2022-01-04,179.6999969482422,329.010009765625,29.290000915527344,167.52200317382812,383.1966552734375,144.39950561523438,336.5299987792969,167.8300018310547,477.54998779296875
2022-01-05,174.9199981689453,316.3800048828125,27.604000091552734,164.35699462890625,362.7066650390625,137.77499389648438,324.1700134277344,163.77999877929688,468.3800048828125
2022-01-06,172.0,313.8800048828125,28.17799949645996,163.25399780273438,354.8999938964844,137.74749755859375,332.4599914550781,165.52000427246094,467.94000244140625
2022-01-07,172.1699981689453,314.0400085449219,27.246999740600586,162.5540008544922,342.32000732421875,137.01699829101562,331.7900085449219,167.16000366210938,466.0899963378906
2022-01-10,172.19000244140625,314.2699890136719,27.399999618530273,161.48599243164062,352.7066650390625,138.66949462890625,328.07000732421875,167.32000732421875,465.510009765625
2022-01-11,175.0800018310547,314.9800109863281,27.816999435424805,165.36199951171875,354.79998779296875,139.73599243164062,334.3699951171875,167.49000549316406,469.75
2022-01-12,175.52999877929688,318.2699890136719,27.999000549316406,165.20700073242188,368.739990234375,141.4304962158203,333.260009765625,168.44000244140625,471.0199890136719
2022-01-13,172.19000244140625,304.79998779296875,26.575000762939453,161.21400451660156,343.85333251953125,138.58700561523438,326.4800109863281,168.22999572753906,464.5299987792969
2022-01-14,173.07000732421875,310.20001220703125,26.941999435424805,162.13800048828125,349.8699951171875,139.48049926757812,331.8999938964844,157.88999938964844,464.7200012207031
2022-01-18,169.8000030517578,302.6499938964844,25.902999877929688,158.91749572753906,343.5033264160156,135.9980010986328,318.1499938964844,151.27000427246094,456.489990234375
2022-01-19,166.22999572753906,303.3299865722656,25.066999435424805,156.2989959716797,331.8833312988281,135.1165008544922,319.5899963378906,148.92999267578125,451.75
2022-01-20,164.50999450683594,301.6000061035156,24.149999618530273,151.66749572753906,332.0899963378906,133.3074951171875,316.55999755859375,147.66000366210938,446.75
2022-01-21,162.41000366210938,296.0299987792969,23.374000549316406,142.64300537109375,314.6333312988281,130.35150146484375,303.1700134277344,145.0800018310547,437.9800109863281
2022-01-24,161.6199951171875,296.3699951171875,23.371999740600586,144.54400634765625,310.0,130.8040008544922,308.7099914550781,144.9499969482422,439.8399963378906
2022-01-25,159.77999877929688,288.489990234375,22.323999404907227,139.98599243164062,306.1333312988281,126.93499755859375,300.1499938964844,146.52999877929688,434.4700012207031
2022-01-26,159.69000244140625,296.7099914550781,22.77199935913086,138.87249755859375,312.4700012207031,129.23300170898438,294.6300048828125,147.9199981689453,433.3800048828125
2022-01-27,159.22000122070312,299.8399963378906,21.944000244140625,139.6374969482422,276.3666687011719,129.0050048828125,294.6400146484375,145.30999755859375,431.239990234375
2022-01-28,170.3300018310547,308.260009765625,22.84000015258789,143.97799682617188,282.1166687011719,133.3509979248047,301.7099914550781,146.61000061035156,441.95001220703125
2022-01-31,174.77999877929688,310.9800109863281,24.486000061035156,149.57350158691406,312.239990234375,135.30349731445312,313.260009765625,148.60000610351562,449.9100036621094
2022-02-01,174.61000061035156,308.760009765625,24.63800048828125,151.19349670410156,310.4166564941406,137.6439971923828,319.0,151.14999389648438,452.95001220703125
2022-02-02,175.83999633789062,313.4599914550781,25.242000579833984,150.6125030517578,301.88665771484375,148.0,323.0,149.94000244140625,457.3500061035156
2022-02-03,172.89999389648438,301.25,23.947999954223633,138.8455047607422,297.0466613769531,143.08999633789062,237.75999450683594,148.6999969482422,446.6000061035156
2022-02-04,172.38999938964844,305.94000244140625,24.319000244140625,157.63949584960938,307.7733459472656,143.29299926757812,237.08999633789062,152.55999755859375,448.70001220703125
2022-02-07,171.66000366210938,300.95001220703125,24.72800064086914,157.9355010986328,302.4466552734375,139.2010040283203,224.91000366210938,153.07000732421875,447.260009765625
2022-02-08,174.8300018310547,304.55999755859375,25.107999801635742,161.4134979248047,307.3333435058594,139.3990020751953,220.17999267578125,155.9499969482422,450.94000244140625
2022-02-09,176.27999877929688,311.2099914550781,26.704999923706055,161.1894989013672,310.6666564941406,141.5919952392578,232.0,156.60000610351562,457.5400085449219
2022-02-10,172.1199951171875,302.3800048828125,25.823999404907227,159.0034942626953,301.51666259765625,138.6199951171875,228.07000732421875,155.9499969482422,449.32000732421875
2022-02-11,168.63999938964844,295.0400085449219,23.948999404907227,153.2935028076172,286.6666564941406,134.28250122070312,219.5500030517578,153.9199981689453,440.4599914550781
2022-02-14,168.8800048828125,295.0,24.267000198364258,155.16700744628906,291.9200134277344,135.5260009765625,217.6999969482422,152.49000549316406,439.0199890136719
2022-02-15,172.7899932861328,300.4700012207031,26.4950008392334,156.510498046875,307.4766540527344,136.60850524902344,221.0,154.72000122070312,446.1000061035156
2022-02-16,172.5500030517578,299.5,26.51099967956543,158.10049438476562,307.7966613769531,137.73800659179688,216.5399932861328,155.0,446.6000061035156
2022-02-17,168.8800048828125,290.7300109863281,24.506999969482422,154.65249633789062,292.1166687011719,132.53900146484375,207.7100067138672,151.42999267578125,437.05999755859375
2022-02-18,167.3000030517578,287.92999267578125,23.642000198364258,152.60150146484375,285.6600036621094,130.4029998779297,206.16000366210938,152.13999938964844,434.2300109863281
2022-02-22,164.32000732421875,287.7200012207031,23.389999389648438,150.19749450683594,273.84332275390625,129.81350708007812,202.0800018310547,151.8699951171875,429.57000732421875
2022-02-23,160.07000732421875,280.2699890136719,22.386999130249023,144.82699584960938,254.67999267578125,127.58799743652344,198.4499969482422,148.69000244140625,421.95001220703125
2022-02-24,162.74000549316406,294.5899963378906,23.74799919128418,151.35800170898438,266.92333984375,132.6909942626953,207.60000610351562,144.5500030517578,428.29998779296875
2022-02-25,164.85000610351562,297.30999755859375,24.156999588012695,153.7884979248047,269.9566650390625,134.45950317382812,210.47999572753906,147.97000122070312,437.75
2022-02-28,165.1199951171875,298.7900085449219,24.385000228881836,153.56300354003906,290.1433410644531,135.0570068359375,211.02999877929688,141.8000030517578,436.6300048828125
2022-03-01,163.1999969482422,294.95001220703125,23.476999282836914,151.14199829101562,288.1233215332031,134.06149291992188,203.49000549316406,136.4499969482422,429.9800109863281
2022-03-02,166.55999755859375,300.19000244140625,24.219999313354492,152.05250549316406,293.2966613769531,134.57150268554688,208.11000061035156,139.27999877929688,437.8900146484375
2022-03-03,166.22999572753906,295.9200134277344,23.714000701904297,147.89849853515625,279.7633361816406,133.89950561523438,202.97000122070312,138.2899932861328,435.7099914550781
2022-03-04,163.1699981689453,289.8599853515625,22.93600082397461,145.64100646972656,279.42999267578125,131.906494140625,200.05999755859375,134.39999389648438,432.1700134277344
2022-03-07,159.3000030517578,278.9100036621094,21.351999282836914,137.4530029296875,268.1933288574219,126.37850189208984,187.47000122070312,129.2100067138672,419.42999267578125
2022-03-08,157.44000244140625,275.8500061035156,21.513999938964844,136.01449584960938,274.79998779296875,127.10449981689453,190.2899932861328,128.3000030517578,416.25
2022-03-09,162.9499969482422,288.5,23.013999938964844,139.2790069580078,286.3233337402344,133.4199981689453,198.5,133.44000244140625,427.4100036621094
2022-03-10,158.52000427246094,285.5899963378906,22.658000946044922,146.8175048828125,279.4333190917969,132.42950439453125,195.2100067138672,131.86000061035156,425.4800109863281
2022-03-11,154.72999572753906,280.07000732421875,22.100000381469727,145.52450561523438,265.1166687011719,129.87049865722656,187.61000061035156,128.88999938964844,420.07000732421875
2022-03-14,150.6199951171875,276.44000244140625,21.329999923706055,141.85299682617188,255.4566650390625,125.95099639892578,186.6300048828125,130.1699981689453,417.0
2022-03-15,155.08999633789062,287.1499938964844,22.972999572753906,147.3665008544922,267.2966613769531,129.197998046875,192.02999877929688,132.47999572753906,426.1700134277344
2022-03-16,159.58999633789062,294.3900146484375,24.496000289916992,153.10400390625,280.07666015625,133.28050231933594,203.6300048828125,138.39999389648438,435.6199951171875
2022-03-17,160.6199951171875,295.2200012207031,24.766000747680664,157.23899841308594,290.5333251953125,133.83900451660156,207.83999633789062,140.14999389648438,441.07000732421875
2022-03-18,163.97999572753906,300.42999267578125,26.452999114990234,161.25050354003906,301.7966613769531,136.12550354003906,216.49000549316406,140.10000610351562,444.5199890136719
2022-03-21,165.3800048828125,299.1600036621094,26.733999252319336,161.4915008544922,307.0533447265625,136.10150146484375,211.49000549316406,139.64999389648438,444.3900146484375
2022-03-22,168.82000732421875,304.05999755859375,26.52400016784668,164.88900756835938,331.32666015625,139.8679962158203,216.64999389648438,142.6199951171875,449.5899963378906
2022-03-23,170.2100067138672,299.489990234375,25.634000778198242,163.4080047607422,333.03668212890625,138.27549743652344,213.4600067138672,139.77999877929688,443.79998779296875
2022-03-24,174.07000732421875,304.1000061035156,28.149999618530273,163.64950561523438,337.97332763671875,141.57200622558594,219.57000732421875,140.69000244140625,450.489990234375
2022-03-25,174.72000122070312,303.67999267578125,27.691999435424805,164.77349853515625,336.8800048828125,141.67300415039062,221.82000732421875,141.9199981689453,452.69000244140625
2022-03-28,175.60000610351562,310.70001220703125,28.2189998626709,168.99049377441406,363.9466552734375,141.45550537109375,223.58999633789062,140.8699951171875,455.9100036621094
2022-03-29,178.9600067138672,315.4100036621094,28.6560001373291,169.31500244140625,366.5233459472656,142.5054931640625,229.86000061035156,141.17999267578125,461.54998779296875
2022-03-30,177.77000427246094,313.8599853515625,27.690000534057617,166.30099487304688,364.663330078125,141.93850708007812,227.85000610351562,140.5399932861328,458.70001220703125
2022-03-31,174.61000061035156,308.30999755859375,27.285999298095703,162.99749755859375,359.20001220703125,139.0675048828125,222.36000061035156,136.32000732421875,451.6400146484375
2022-04-01,174.30999755859375,309.4200134277344,26.711999893188477,163.55999755859375,361.5299987792969,140.15049743652344,224.85000610351562,135.30999755859375,452.9200134277344
2022-04-04,178.44000244140625,314.9700012207031,27.360000610351562,168.34649658203125,381.8166809082031,142.97149658203125,233.88999938964844,135.91000366210938,456.79998779296875
2022-04-05,175.05999755859375,310.8800048828125,25.930999755859375,164.05499267578125,363.7533264160156,140.59100341796875,231.83999633789062,133.33999633789062,451.0299987792969
2022-04-06,171.8300018310547,299.5,24.406999588012695,158.75599670410156,348.586669921875,136.54800415039062,223.3000030517578,131.49000549316406,446.5199890136719
2022-04-07,172.13999938964844,301.3699951171875,24.20800018310547,157.7845001220703,352.4200134277344,135.8885040283203,222.9499969482422,131.08999633789062,448.7699890136719
2022-04-08,170.08999633789062,296.9700012207031,23.118999481201172,154.4604949951172,341.8299865722656,133.28750610351562,222.3300018310547,133.49000549316406,447.57000732421875
2022-04-11,165.75,285.260009765625,21.91699981689453,151.1219940185547,325.30999755859375,128.82350158691406,216.4600067138672,133.0,439.9200134277344
2022-04-12,167.66000366210938,282.05999755859375,21.503999710083008,150.78750610351562,328.98333740234375,127.7145004272461,214.13999938964844,131.5399932861328,438.2900085449219
2022-04-13,170.39999389648438,287.6199951171875,22.202999114990234,155.54100036621094,340.7900085449219,129.8939971923828,214.99000549316406,127.30000305175781,443.30999755859375
2022-04-14,165.2899932861328,279.8299865722656,21.257999420166016,151.7064971923828,328.3333435058594,126.7300033569336,210.17999267578125,126.12000274658203,437.7900085449219
2022-04-18,165.07000732421875,280.5199890136719,21.783000946044922,152.78500366210938,334.7633361816406,127.67649841308594,210.77000427246094,128.4600067138672,437.9700012207031
2022-04-19,167.39999389648438,285.29998779296875,22.197999954223633,158.11549377441406,342.7166748046875,130.00900268554688,217.30999755859375,131.1199951171875,445.0400085449219
2022-04-20,167.22999572753906,286.3599853515625,21.48200035095215,153.9980010986328,325.73333740234375,128.0399932861328,200.4199981689453,131.5800018310547,444.7099914550781
2022-04-21,166.4199981689453,280.80999755859375,20.183000564575195,148.29600524902344,336.260009765625,124.81449890136719,188.07000732421875,130.55999755859375,438.05999755859375
2022-04-22,161.7899932861328,274.0299987792969,19.514999389648438,144.35000610351562,335.01666259765625,119.635498046875,184.11000061035156,126.80999755859375,426.0400085449219
2022-04-25,162.8800048828125,280.7200012207031,19.902000427246094,146.07400512695312,332.67333984375,123.0739974975586,186.99000549316406,126.7699966430664,428.510009765625
2022-04-26,156.8000030517578,270.2200012207031,18.788000106811523,139.39100646972656,292.1400146484375,118.6500015258789,180.9499969482422,123.0199966430664,416.1000061035156
2022-04-27,156.57000732421875,283.2200012207031,18.415000915527344,138.16700744628906,293.836669921875,114.29450225830078,174.9499969482422,121.41999816894531,417.2699890136719
2022-04-28,163.63999938964844,289.6300048828125,19.781999588012695,144.59649658203125,292.5033264160156,118.52249908447266,205.72999572753906,123.33999633789062,427.80999755859375
2022-04-29,157.64999389648438,277.5199890136719,18.547000885009766,124.28150177001953,290.2533264160156,114.1094970703125,200.47000122070312,119.36000061035156,412.0
2022-05-02,157.9600067138672,284.4700012207031,19.533000946044922,124.5,300.9800109863281,116.58300018310547,211.1300048828125,120.44999694824219,414.4800109863281
2022-05-03,159.47999572753906,281.7799987792969,19.601999282836914,124.25350189208984,303.0833435058594,117.33399963378906,212.02999877929688,123.02999877929688,416.3800048828125
2022-05-04,166.02000427246094,289.9800109863281,20.333999633789062,125.92849731445312,317.5400085449219,122.26100158691406,223.41000366210938,127.0999984741211,429.05999755859375
2022-05-05,156.77000427246094,277.3500061035156,18.8439998626709,116.40699768066406,291.09332275390625,116.50550079345703,208.27999877929688,123.91999816894531,413.80999755859375
2022-05-06,157.27999877929688,274.7300109863281,18.674999237060547,114.77249908447266,288.54998779296875,115.74649810791016,203.77000427246094,123.72000122070312,411.3399963378906
2022-05-09,152.05999755859375,264.5799865722656,16.950000762939453,108.78900146484375,262.3699951171875,112.51100158691406,196.2100067138672,121.86000061035156,398.1700134277344
2022-05-10,154.50999450683594,269.5,17.594999313354492,108.85900115966797,266.67999267578125,114.3949966430664,197.64999389648438,118.88999938964844,399.0899963378906
2022-05-11,146.5,260.54998779296875,16.6299991607666,105.37200164794922,244.6666717529297,113.60250091552734,188.74000549316406,118.13999938964844,392.75
2022-05-12,142.55999755859375,255.35000610351562,16.174999237060547,106.93049621582031,242.6666717529297,112.84400177001953,191.24000549316406,118.04000091552734,392.3399963378906
2022-05-13,147.11000061035156,261.1199951171875,17.70599937438965,113.05500030517578,256.5299987792969,116.05049896240234,198.6199951171875,119.08999633789062,401.7200012207031
2022-05-16,145.5399932861328,261.5,17.263999938964844,110.81050109863281,241.4566650390625,114.44499969482422,200.0399932861328,118.26000213623047,400.0899963378906
2022-05-17,149.24000549316406,266.82000732421875,18.177000045776367,115.36849975585938,253.8699951171875,116.4729995727539,202.6199951171875,122.18000030517578,408.32000732421875
2022-05-18,140.82000732421875,254.0800018310547,16.937999725341797,107.11250305175781,236.60333251953125,111.89949798583984,192.24000549316406,120.08999633789062,391.8599853515625
2022-05-19,137.35000610351562,253.13999938964844,17.124000549316406,107.31900024414062,236.47332763671875,110.38400268554688,191.2899932861328,118.30999755859375,389.4599914550781
2022-05-20,137.58999633789062,252.55999755859375,16.694000244140625,107.59100341796875,221.3000030517578,108.90799713134766,193.5399932861328,117.33999633789062,389.6300048828125
2022-05-23,143.11000061035156,260.6499938964844,16.898000717163086,107.55699920654297,224.96665954589844,111.48799896240234,196.22999572753906,124.5999984741211,396.9200134277344
2022-05-24,140.36000061035156,259.6199951171875,16.15399932861328,104.0999984741211,209.3866729736328,105.97000122070312,181.27999877929688,126.36000061035156,393.8900146484375
2022-05-25,140.52000427246094,262.5199890136719,16.975000381469727,106.7750015258789,219.60000610351562,105.80500030517578,183.8300018310547,127.23999786376953,397.3699951171875
2022-05-26,143.77999877929688,265.8999938964844,17.85099983215332,111.07749938964844,235.91000366210938,107.7925033569336,191.6300048828125,129.44000244140625,405.30999755859375
2022-05-27,149.63999938964844,273.239990234375,18.81100082397461,115.14649963378906,253.2100067138672,112.31649780273438,195.1300048828125,131.27000427246094,415.260009765625
2022-05-31,148.83999633789062,271.8699951171875,18.672000885009766,120.20950317382812,252.75332641601562,113.76200103759766,193.63999938964844,132.22999572753906,412.92999267578125
2022-06-01,148.7100067138672,272.4200134277344,18.31999969482422,121.68399810791016,246.7899932861328,113.89199829101562,188.63999938964844,129.91000366210938,409.5899963378906
2022-06-02,151.2100067138672,274.5799865722656,19.591999053955078,125.51100158691406,258.3333435058594,117.62249755859375,198.86000061035156,132.0,417.3900146484375
2022-06-03,145.3800048828125,270.0199890136719,18.719999313354492,122.3499984741211,234.51666259765625,114.54100036621094,190.77999877929688,130.16000366210938,410.5400085449219
2022-06-06,146.13999938964844,268.75,18.785999298095703,124.79000091552734,238.27999877929688,116.82050323486328,194.25,129.72999572753906,411.7900085449219
2022-06-07,148.7100067138672,272.5,18.926000595092773,123.0,238.8866729736328,117.14949798583984,195.64999389648438,130.07000732421875,415.739990234375
2022-06-08,147.9600067138672,270.4100036621094,18.648000717163086,121.18000030517578,241.86666870117188,117.19400024414062,196.63999938964844,128.0,411.2200012207031
2022-06-09,142.63999938964844,264.7900085449219,18.04800033569336,116.1500015258789,239.7066650390625,114.83550262451172,184.0,125.30999755859375,401.44000244140625
2022-06-10,137.1300048828125,252.99000549316406,16.974000930786133,109.6500015258789,232.22999572753906,111.1614990234375,175.57000732421875,119.55000305175781,389.79998779296875
2022-06-13,131.8800048828125,242.25999450683594,15.647000312805176,103.66999816894531,215.73666381835938,106.39250183105469,164.25999450683594,115.98999786376953,375.0
2022-06-14,132.75999450683594,244.49000549316406,15.836000442504883,102.30999755859375,220.88999938964844,106.71549987792969,163.72999572753906,114.05999755859375,373.8699951171875
2022-06-15,135.42999267578125,251.75999450683594,16.527000427246094,107.66999816894531,233.0,109.7645034790039,169.35000610351562,115.41000366210938,379.20001220703125
2022-06-16,130.05999755859375,244.97000122070312,15.60099983215332,103.66000366210938,213.10000610351562,106.03350067138672,160.8699951171875,113.43000030517578,366.6499938964844
2022-06-17,131.55999755859375,247.64999389648438,15.880000114440918,106.22000122070312,216.75999450683594,107.14350128173828,163.74000549316406,113.02999877929688,365.8599853515625
2022-06-21,135.8699951171875,253.74000549316406,16.56599998474121,108.68000030517578,237.0366668701172,111.54399871826172,157.0500030517578,115.83000183105469,375.07000732421875
2022-06-22,135.35000610351562,253.1300048828125,16.360000610351562,108.94999694824219,236.086669921875,111.48750305175781,155.85000610351562,115.18000030517578,374.3900146484375
2022-06-23,138.27000427246094,258.8599853515625,16.225000381469727,112.44000244140625,235.07000732421875,112.24199676513672,158.75,113.91999816894531,378.05999755859375
2022-06-24,141.66000366210938,267.70001220703125,17.125999450683594,116.45999908447266,245.7066650390625,117.9749984741211,170.16000366210938,117.31999969482422,390.0799865722656
2022-06-27,141.66000366210938,264.8900146484375,16.868999481201172,113.22000122070312,244.9199981689453,115.83350372314453,169.49000549316406,116.37999725341797,388.5899963378906
2022-06-28,137.44000244140625,256.4800109863281,15.982000350952148,107.4000015258789,232.663330078125,112.00749969482422,160.67999267578125,115.81999969482422,380.6499938964844
2022-06-29,139.22999572753906,260.260009765625,15.541999816894531,108.91999816894531,228.49000549316406,111.70149993896484,163.94000244140625,115.30000305175781,380.3399963378906
2022-06-30,136.72000122070312,256.8299865722656,15.159000396728516,106.20999908447266,224.47332763671875,108.96299743652344,161.25,112.61000061035156,377.25
2022-07-01,138.92999267578125,259.5799865722656,14.52299976348877,109.55999755859375,227.26333618164062,108.73750305175781,160.02999877929688,114.05000305175781,381.239990234375
2022-07-05,141.55999755859375,262.8500061035156,14.96399974822998,113.5,233.06666564941406,113.26300048828125,168.19000244140625,112.62000274658203,381.9599914550781
2022-07-06,142.9199981689453,266.2099914550781,15.130000114440918,114.33000183105469,231.73333740234375,114.5719985961914,169.77000427246094,111.88999938964844,383.25
2022-07-07,146.35000610351562,268.3999938964844,15.857999801635742,116.33000183105469,244.5433349609375,118.78299713134766,172.19000244140625,114.72000122070312,388.989990234375
2022-07-08,147.0399932861328,267.6600036621094,15.838000297546387,115.54000091552734,250.76333618164062,119.35350036621094,170.8800048828125,114.36000061035156,388.6700134277344
2022-07-11,144.8699951171875,264.510009765625,15.152000427246094,111.75,234.3433380126953,115.67649841308594,162.8800048828125,112.86000061035156,384.2300109863281
2022-07-12,145.86000061035156,253.6699981689453,15.081999778747559,109.22000122070312,233.07000732421875,114.02050018310547,163.27000427246094,112.97000122070312,380.8299865722656
2022-07-13,145.49000549316406,252.72000122070312,15.163999557495117,110.4000015258789,237.0399932861328,111.35350036621094,163.49000549316406,111.91000366210938,378.8299865722656
2022-07-14,148.47000122070312,254.0800018310547,15.371999740600586,110.62999725341797,238.31333923339844,110.36750030517578,158.0500030517578,108.0,377.9100036621094
2022-07-15,150.1699981689453,256.7200012207031,15.76200008392334,113.55000305175781,240.06666564941406,111.77749633789062,164.6999969482422,112.94999694824219,385.1300048828125
2022-07-18,147.07000732421875,254.25,16.10099983215332,113.76000213623047,240.54666137695312,109.02999877929688,167.22999572753906,111.79000091552734,381.95001220703125
2022-07-19,151.0,259.5299987792969,16.992000579833984,118.20999908447266,245.52999877929688,113.80999755859375,175.77999877929688,114.55999755859375,392.2699890136719
2022-07-20,153.0399932861328,262.2699890136719,17.80699920654297,122.7699966430664,247.5,113.9000015258789,183.08999633789062,114.54000091552734,394.7699890136719
2022-07-21,155.35000610351562,264.8399963378906,18.049999237060547,124.62999725341797,271.7066650390625,114.33999633789062,183.1699981689453,115.31999969482422,398.7900085449219
2022-07-22,154.08999633789062,260.3599853515625,17.319000244140625,122.41999816894531,272.24334716796875,107.9000015258789,169.27000427246094,114.76000213623047,395.0899963378906
2022-07-25,152.9499969482422,258.8299865722656,17.02400016784668,121.13999938964844,268.4333190917969,107.51000213623047,166.64999389648438,115.22000122070312,395.57000732421875
2022-07-26,151.60000610351562,251.89999389648438,16.533000946044922,114.80999755859375,258.8599853515625,105.0199966430664,159.14999389648438,113.41999816894531,390.8900146484375
2022-07-27,156.7899932861328,268.739990234375,17.790000915527344,120.97000122070312,274.82000732421875,113.05999755859375,169.5800018310547,115.23999786376953,401.0400085449219
2022-07-28,157.35000610351562,276.4100036621094,17.983999252319336,122.27999877929688,280.8999938964844,114.22000122070312,160.72000122070312,114.80999755859375,406.07000732421875
2022-07-29,162.50999450683594,280.739990234375,18.163000106811523,134.9499969482422,297.1499938964844,116.31999969482422,159.10000610351562,115.36000061035156,411.989990234375
2022-08-01,161.50999450683594,278.010009765625,18.44099998474121,135.38999938964844,297.27667236328125,114.86000061035156,159.92999267578125,114.20999908447266,410.7699890136719
2022-08-02,160.00999450683594,274.82000732421875,18.525999069213867,134.16000366210938,300.586669921875,115.12999725341797,160.19000244140625,112.43000030517578,408.05999755859375
2022-08-03,166.1300048828125,282.4700012207031,18.89299964904785,139.52000427246094,307.39666748046875,118.08000183105469,168.8000030517578,113.61000061035156,414.45001220703125
2022-08-04,165.80999755859375,283.6499938964844,19.21500015258789,142.57000732421875,308.6333312988281,118.19000244140625,170.57000732421875,112.36000061035156,414.1700134277344
2022-08-05,165.35000610351562,282.9100036621094,18.98900032043457,140.8000030517578,288.1700134277344,117.47000122070312,167.11000061035156,115.76000213623047,413.4700012207031
2022-08-08,164.8699951171875,280.32000732421875,17.792999267578125,139.41000366210938,290.42333984375,117.30000305175781,170.25,114.3499984741211,412.989990234375
2022-08-09,164.9199981689453,282.29998779296875,17.086000442504883,137.8300018310547,283.3333435058594,116.62999725341797,168.52999877929688,115.37999725341797,411.3500061035156
2022-08-10,169.24000549316406,289.1600036621094,18.097000122070312,142.69000244140625,294.3566589355469,119.69999694824219,178.33999633789062,118.38999938964844,419.989990234375
2022-08-11,168.49000549316406,287.0199890136719,17.941999435424805,140.63999938964844,286.6300048828125,118.83999633789062,177.49000549316406,120.13999938964844,419.989990234375
2022-08-12,172.10000610351562,291.9100036621094,18.708999633789062,143.5500030517578,300.0299987792969,121.68000030517578,180.5,122.12999725341797,427.1000061035156
2022-08-15,173.19000244140625,293.4700012207031,19.031999588012695,143.17999267578125,309.32000732421875,122.08000183105469,180.88999938964844,122.45999908447266,428.8599853515625
2022-08-16,173.02999877929688,292.7099914550781,18.878999710083008,144.77999877929688,306.5633239746094,121.69999694824219,179.47000122070312,123.62999725341797,429.70001220703125
2022-08-17,174.5500030517578,291.32000732421875,18.334999084472656,142.10000610351562,303.9966735839844,119.55000305175781,174.85000610351562,122.58999633789062,426.6499938964844
2022-08-18,174.14999389648438,290.1700134277344,18.773000717163086,142.3000030517578,302.8699951171875,120.16999816894531,174.66000366210938,121.63999938964844,427.8900146484375
2022-08-19,171.52000427246094,286.1499938964844,17.849000930786133,138.22999572753906,296.6666564941406,117.20999908447266,167.9600067138672,118.62999725341797,422.1400146484375
2022-08-22,167.57000732421875,277.75,17.034000396728516,133.22000122070312,289.913330078125,114.23999786376953,163.0500030517578,116.66999816894531,413.3500061035156
2022-08-23,167.22999572753906,276.44000244140625,17.180999755859375,133.6199951171875,296.4533386230469,113.86000061035156,161.11000061035156,115.5199966430664,412.3500061035156
2022-08-24,167.52999877929688,275.7900085449219,17.222000122070312,133.8000030517578,297.0966796875,113.69000244140625,163.25999450683594,115.80000305175781,413.6700134277344
2022-08-25,170.02999877929688,278.8500061035156,17.913000106811523,137.27999877929688,296.07000732421875,116.6500015258789,168.77999877929688,118.55000305175781,419.510009765625
2022-08-26,163.6199951171875,268.0899963378906,16.260000228881836,130.75,288.0899963378906,110.33999633789062,161.77999877929688,114.66999816894531,405.30999755859375
2022-08-29,161.3800048828125,265.2300109863281,15.800999641418457,129.7899932861328,284.82000732421875,109.41999816894531,159.1699981689453,114.38999938964844,402.6300048828125
2022-08-30,158.91000366210938,262.9700012207031,15.468000411987305,128.72999572753906,277.70001220703125,108.94000244140625,157.16000366210938,114.41000366210938,398.2099914550781
2022-08-31,157.22000122070312,261.4700012207031,15.093999862670898,126.7699966430664,275.6099853515625,108.22000122070312,162.92999267578125,113.7300033569336,395.17999267578125
2022-09-01,157.9600067138672,260.3999938964844,13.937000274658203,127.81999969482422,277.1600036621094,109.73999786376953,165.36000061035156,114.51000213623047,396.4200134277344
2022-09-02,155.80999755859375,256.05999755859375,13.647000312805176,127.51000213623047,270.2099914550781,107.8499984741211,160.32000732421875,113.70999908447266,392.239990234375
2022-09-06,154.52999877929688,253.25,13.46500015258789,126.11000061035156,274.4200134277344,106.80999755859375,158.5399932861328,113.73999786376953,390.760009765625
2022-09-07,155.9600067138672,258.0899963378906,13.71399974822998,129.47999572753906,283.70001220703125,109.44999694824219,160.38999938964844,115.9000015258789,397.7799987792969
2022-09-08,154.4600067138672,258.5199890136719,13.989999771118164,129.82000732421875,289.260009765625,108.37999725341797,162.05999755859375,118.5999984741211,400.3800048828125
2022-09-09,157.3699951171875,264.4599914550781,14.38700008392334,133.27000427246094,299.67999267578125,110.6500015258789,169.14999389648438,119.16999816894531,406.6000061035156
2022-09-12,163.42999267578125,266.6499938964844,14.505000114440918,136.4499969482422,304.4200134277344,110.86000061035156,168.9600067138672,120.58000183105469,410.9700012207031
2022-09-13,153.83999633789062,251.99000549316406,13.130999565124512,126.81999969482422,292.1300048828125,104.31999969482422,153.1300048828125,116.38999938964844,393.1000061035156
2022-09-14,155.30999755859375,252.22000122070312,13.128000259399414,128.5500030517578,302.6099853515625,105.0,151.47000122070312,116.12000274658203,394.6000061035156
2022-09-15,152.3699951171875,245.3800048828125,12.928999900817871,126.27999877929688,303.75,102.91000366210938,149.5500030517578,117.87000274658203,390.1199951171875
2022-09-16,150.6999969482422,244.74000549316406,13.197999954223633,123.52999877929688,303.3500061035156,102.80000305175781,146.2899932861328,117.08000183105469,385.55999755859375
2022-09-19,154.47999572753906,244.52000427246094,13.381999969482422,124.66000366210938,309.07000732421875,103.06999969482422,148.02000427246094,118.16000366210938,388.54998779296875
2022-09-20,156.89999389648438,242.4499969482422,13.175999641418457,122.19000244140625,308.7300109863281,101.13999938964844,146.08999633789062,115.83000183105469,384.0899963378906
2022-09-21,153.72000122070312,238.9499969482422,13.26099967956543,118.54000091552734,300.79998779296875,99.27999877929688,142.1199951171875,112.48999786376953,377.3900146484375
2022-09-22,152.74000549316406,240.97999572753906,12.560999870300293,117.30999755859375,288.5899963378906,100.13999938964844,142.82000732421875,111.20999908447266,374.2200012207031
2022-09-23,150.42999267578125,237.9199981689453,12.515999794006348,113.77999877929688,275.3299865722656,98.73999786376953,140.41000366210938,109.13999938964844,367.95001220703125
2022-09-26,150.77000427246094,237.4499969482422,12.227999687194824,115.1500015258789,276.010009765625,98.16999816894531,136.3699951171875,106.79000091552734,364.30999755859375
2022-09-27,151.75999450683594,236.41000366210938,12.413000106811523,114.41000366210938,282.94000244140625,97.5,134.39999389648438,105.8499984741211,363.3800048828125
2022-09-28,149.83999633789062,241.07000732421875,12.736000061035156,118.01000213623047,287.80999755859375,100.05000305175781,141.61000061035156,107.98999786376953,370.5299987792969
2022-09-29,142.47999572753906,237.5,12.220000267028809,114.80000305175781,268.2099914550781,97.41999816894531,136.41000366210938,106.16000366210938,362.7900085449219
2022-09-30,138.1999969482422,232.89999389648438,12.138999938964844,113.0,265.25,95.6500015258789,135.67999267578125,104.5,357.17999267578125
2022-10-03,142.4499969482422,240.74000549316406,12.51200008392334,115.87999725341797,242.39999389648438,98.63999938964844,138.61000061035156,107.7300033569336,366.6099853515625
2022-10-04,146.10000610351562,248.8800048828125,13.166999816894531,121.08999633789062,249.44000244140625,101.63999938964844,140.27999877929688,112.7699966430664,377.9700012207031
2022-10-05,146.39999389648438,249.1999969482422,13.208999633789062,120.94999694824219,240.80999755859375,101.43000030517578,138.97999572753906,110.38999938964844,377.0899963378906
2022-10-06,145.42999267578125,246.7899932861328,13.130000114440918,120.30000305175781,238.1300048828125,101.41999816894531,139.07000732421875,108.13999938964844,373.20001220703125
2022-10-07,140.08999633789062,234.24000549316406,12.076000213623047,114.55999755859375,223.07000732421875,98.68000030517578,133.4499969482422,105.9800033569336,362.7900085449219
2022-10-10,140.4199981689453,229.25,11.670000076293945,113.66999816894531,222.9600067138672,97.86000061035156,133.7899932861328,104.98999786376953,360.0199890136719
2022-10-11,138.97999572753906,225.41000366210938,11.586000442504883,112.20999908447266,216.5,97.18000030517578,128.5399932861328,101.95999908447266,357.739990234375
2022-10-12,138.33999633789062,225.75,11.5,112.9000015258789,217.24000549316406,97.55999755859375,127.5,103.61000061035156,356.55999755859375
2022-10-13,142.99000549316406,234.24000549316406,11.960000038146973,112.52999877929688,221.72000122070312,99.05999755859375,130.2899932861328,109.37000274658203,365.9700012207031
2022-10-14,138.3800048828125,228.55999755859375,11.22700023651123,106.9000015258789,204.99000549316406,96.55999755859375,126.76000213623047,111.19000244140625,357.6300048828125
2022-10-17,142.41000366210938,237.52999877929688,11.887999534606934,113.79000091552734,219.35000610351562,99.97000122070312,134.0399932861328,115.86000061035156,366.82000732421875
2022-10-18,143.75,238.5,11.967000007629395,116.36000061035156,220.19000244140625,100.7699966430664,132.8000030517578,118.83999633789062,371.1300048828125
2022-10-19,143.86000061035156,236.47999572753906,12.050999641418457,115.06999969482422,222.0399932861328,99.62999725341797,133.22999572753906,116.51000213623047,368.5
2022-10-20,143.38999938964844,236.14999389648438,12.194000244140625,115.25,207.27999877929688,99.97000122070312,131.52999877929688,116.12999725341797,365.4100036621094
2022-10-21,147.27000427246094,242.1199951171875,12.465999603271484,119.31999969482422,214.44000244140625,101.12999725341797,130.00999450683594,122.2300033569336,374.2900085449219
2022-10-24,149.4499969482422,247.25,12.598999977111816,119.81999969482422,211.25,102.5199966430664,129.72000122070312,122.37999725341797,378.8699951171875
2022-10-25,152.33999633789062,250.66000366210938,13.26099967956543,120.5999984741211,222.4199981689453,104.4800033569336,137.50999450683594,122.69999694824219,384.9200134277344
2022-10-26,149.35000610351562,231.32000732421875,12.895999908447266,115.66000366210938,224.63999938964844,94.93000030517578,129.82000732421875,124.11000061035156,382.0199890136719
2022-10-27,144.8000030517578,226.75,13.175999641418457,110.95999908447266,225.08999633789062,92.22000122070312,97.94000244140625,124.5999984741211,379.9800109863281
2022-10-28,155.74000549316406,235.8699951171875,13.833999633789062,103.41000366210938,228.52000427246094,96.29000091552734,99.19999694824219,126.08000183105469,389.0199890136719
2022-10-31,153.33999633789062,232.1300048828125,13.496999740600586,102.44000244140625,227.5399932861328,94.51000213623047,93.16000366210938,125.87999725341797,386.2099914550781
2022-11-01,150.64999389648438,228.1699981689453,13.543000221252441,96.79000091552734,227.82000732421875,90.47000122070312,95.19999694824219,128.14999389648438,384.5199890136719
2022-11-02,145.02999877929688,220.10000610351562,13.218999862670898,92.12000274658203,214.97999572753906,86.97000122070312,90.54000091552734,126.97000122070312,374.8699951171875
2022-11-03,138.8800048828125,214.25,13.420999526977539,89.30000305175781,215.30999755859375,83.43000030517578,88.91000366210938,127.19999694824219,371.010009765625
2022-11-04,138.3800048828125,221.38999938964844,14.156000137329102,90.9800033569336,207.47000122070312,86.58000183105469,90.79000091552734,130.67999267578125,376.3500061035156
2022-11-07,138.9199981689453,227.8699951171875,14.300999641418457,90.52999877929688,197.0800018310547,88.48999786376953,96.72000122070312,131.3699951171875,379.95001220703125
2022-11-08,139.5,228.8699951171875,14.60200023651123,89.9800033569336,191.3000030517578,88.9000015258789,96.47000122070312,131.4499969482422,382.0
2022-11-09,134.8699951171875,224.50999450683594,13.776000022888184,86.13999938964844,177.58999633789062,87.31999969482422,101.47000122070312,129.74000549316406,374.1300048828125
2022-11-10,146.8699951171875,242.97999572753906,15.75,96.62999725341797,190.72000122070312,93.94000244140625,111.87000274658203,135.0800018310547,394.69000244140625
2022-11-11,149.6999969482422,247.11000061035156,16.32699966430664,100.79000091552734,195.97000122070312,96.41000366210938,113.0199966430664,135.3000030517578,398.510009765625
2022-11-14,148.27999877929688,241.5500030517578,16.295000076293945,98.48999786376953,190.9499969482422,95.69999694824219,114.22000122070312,133.91000366210938,395.1199951171875
2022-11-15,150.0399932861328,241.97000122070312,16.666000366210938,98.94000244140625,194.4199981689453,98.44000244140625,117.08000183105469,132.94000244140625,398.489990234375
2022-11-16,148.7899932861328,241.72999572753906,15.90999984741211,97.12000274658203,186.9199981689453,98.8499984741211,113.2300033569336,133.1199951171875,395.45001220703125
2022-11-17,150.72000122070312,241.67999267578125,15.677000045776367,94.8499984741211,183.1699981689453,98.36000061035156,111.44999694824219,132.5399932861328,394.239990234375
2022-11-18,151.2899932861328,241.22000122070312,15.409000396728516,94.13999938964844,180.19000244140625,97.43000030517578,112.05000305175781,133.83999633789062,396.0299987792969
2022-11-21,148.00999450683594,242.0500030517578,15.317000389099121,92.45999908447266,167.8699951171875,95.5999984741211,109.86000061035156,133.0500030517578,394.5899963378906
2022-11-22,150.17999267578125,245.02999877929688,16.038000106811523,93.19999694824219,169.91000366210938,97.05000305175781,111.44000244140625,135.0399932861328,399.8999938964844
2022-11-23,151.07000732421875,247.5800018310547,16.518999099731445,94.12999725341797,183.1999969482422,98.45999908447266,112.23999786376953,136.47999572753906,402.4200134277344
2022-11-25,148.11000061035156,247.49000549316406,16.270000457763672,93.41000366210938,182.86000061035156,97.45999908447266,111.41000366210938,136.74000549316406,402.3299865722656
2022-11-28,144.22000122070312,241.75999450683594,15.82699966430664,93.94999694824219,182.9199981689453,96.05000305175781,108.77999877929688,134.35000610351562,395.9100036621094
2022-11-29,141.1699981689453,240.3300018310547,15.638999938964844,92.41999816894531,180.8300018310547,95.19000244140625,109.45999908447266,136.55999755859375,395.2300109863281
2022-11-30,148.02999877929688,255.13999938964844,16.92300033569336,96.54000091552734,194.6999969482422,100.98999786376953,118.0999984741211,138.17999267578125,407.67999267578125
2022-12-01,148.30999755859375,254.69000244140625,17.135000228881836,95.5,194.6999969482422,100.98999786376953,120.44000244140625,136.24000549316406,407.3800048828125
2022-12-02,147.80999755859375,255.02000427246094,16.875999450683594,94.12999725341797,194.86000061035156,100.44000244140625,123.48999786376953,135.16000366210938,406.9100036621094
2022-12-05,146.6300048828125,250.1999969482422,16.610000610351562,91.01000213623047,182.4499969482422,99.4800033569336,122.43000030517578,131.3699951171875,399.5899963378906
2022-12-06,142.91000366210938,245.1199951171875,15.987000465393066,88.25,179.82000732421875,96.9800033569336,114.12000274658203,131.58999633789062,393.8299865722656
2022-12-07,140.94000244140625,244.3699951171875,16.1200008392334,88.45999908447266,174.0399932861328,94.94000244140625,113.93000030517578,131.5,393.1600036621094
2022-12-08,142.64999389648438,247.39999389648438,17.16900062561035,90.3499984741211,173.44000244140625,93.70999908447266,115.33000183105469,132.8800048828125,396.239990234375
2022-12-09,142.16000366210938,245.4199981689453,17.000999450683594,89.08999633789062,179.0500030517578,92.83000183105469,115.9000015258789,132.16000366210938,393.2799987792969
2022-12-12,144.49000549316406,252.50999450683594,17.53499984741211,90.55000305175781,167.82000732421875,93.30999755859375,114.70999908447266,134.2100067138672,398.95001220703125
2022-12-13,145.47000122070312,256.9200134277344,18.07200050354004,92.48999786376953,160.9499969482422,95.62999725341797,120.1500015258789,134.0800018310547,401.9700012207031
2022-12-14,143.2100067138672,257.2200012207031,17.673999786376953,91.58000183105469,156.8000030517578,95.06999969482422,121.58999633789062,133.41000366210938,399.3999938964844
2022-12-15,136.5,249.00999450683594,16.95199966430664,88.44999694824219,157.6699981689453,90.86000061035156,116.1500015258789,130.10000610351562,389.6300048828125
2022-12-16,134.50999450683594,244.69000244140625,16.570999145507812,87.86000061035156,150.22999572753906,90.26000213623047,119.43000030517578,129.2899932861328,383.2699890136719
2022-12-19,132.3699951171875,240.4499969482422,16.253999710083008,84.91999816894531,149.8699951171875,88.44000244140625,114.4800033569336,130.05999755859375,380.0199890136719
2022-12-20,132.3000030517578,241.8000030517578,16.084999084472656,85.19000244140625,137.8000030517578,89.0199966430664,117.08999633789062,130.69000244140625,380.5400085449219
2022-12-21,135.4499969482422,244.42999267578125,16.500999450683594,86.7699966430664,137.57000732421875,89.58000183105469,119.76000213623047,132.16000366210938,386.2300109863281
2022-12-22,132.22999572753906,238.19000244140625,15.33899974822998,83.79000091552734,125.3499984741211,87.76000213623047,117.12000274658203,130.66000366210938,380.7200012207031
2022-12-23,131.86000061035156,238.72999572753906,15.206000328063965,85.25,123.1500015258789,89.2300033569336,118.04000091552734,131.27999877929688,382.9100036621094
2022-12-27,130.02999877929688,236.9600067138672,14.121000289916992,83.04000091552734,109.0999984741211,87.38999938964844,116.87999725341797,131.74000549316406,381.3999938964844
2022-12-28,126.04000091552734,234.52999877929688,14.03600025177002,81.81999969482422,112.70999908447266,86.0199966430664,115.62000274658203,132.4600067138672,376.6600036621094
2022-12-29,129.61000061035156,241.00999450683594,14.602999687194824,84.18000030517578,121.81999969482422,88.44999694824219,120.26000213623047,133.22000122070312,383.44000244140625
2022-12-30,129.92999267578125,239.82000732421875,14.61400032043457,84.0,123.18000030517578,88.2300033569336,120.33999633789062,134.10000610351562,382.42999267578125
2023-01-03,125.06999969482422,239.5800018310547,14.3149995803833,85.81999969482422,108.0999984741211,89.12000274658203,124.73999786376953,135.1199951171875,380.82000732421875
2023-01-04,126.36000061035156,229.10000610351562,14.74899959564209,85.13999938964844,113.63999938964844,88.08000183105469,127.37000274658203,136.3800048828125,383.760009765625
2023-01-05,125.0199966430664,222.30999755859375,14.265000343322754,83.12000274658203,110.33999633789062,86.19999694824219,126.94000244140625,135.35000610351562,379.3800048828125
2023-01-06,129.6199951171875,224.92999267578125,14.859000205993652,86.08000183105469,113.05999755859375,87.33999633789062,130.02000427246094,137.94000244140625,388.0799865722656
2023-01-09,130.14999389648438,227.1199951171875,15.628000259399414,87.36000061035156,119.7699966430664,88.0199966430664,129.47000122070312,137.3699951171875,387.8599853515625
2023-01-10,130.72999572753906,228.85000610351562,15.909000396728516,89.87000274658203,118.8499984741211,88.41999816894531,132.99000549316406,138.60000610351562,390.5799865722656
2023-01-11,133.49000549316406,235.77000427246094,16.000999450683594,95.08999633789062,123.22000122070312,91.5199966430664,132.88999938964844,139.6300048828125,395.5199890136719
2023-01-12,133.41000366210938,238.50999450683594,16.51099967956543,95.2699966430664,123.55999755859375,91.12999725341797,136.7100067138672,139.49000549316406,396.9599914550781
2023-01-13,134.75999450683594,239.22999572753906,16.89900016784668,98.12000274658203,122.4000015258789,92.12000274658203,136.97999572753906,143.00999450683594,398.5
2023-01-17,135.94000244140625,240.35000610351562,17.70199966430664,96.05000305175781,131.49000549316406,91.29000091552734,135.36000061035156,140.8000030517578,397.7699890136719
2023-01-18,135.2100067138672,235.80999755859375,17.37700080871582,95.45999908447266,128.77999877929688,91.12000274658203,133.02000427246094,136.57000732421875,391.489990234375
2023-01-19,135.27000427246094,231.92999267578125,16.764999389648438,93.68000030517578,127.16999816894531,93.05000305175781,136.14999389648438,134.75,388.6400146484375
2023-01-20,137.8699951171875,240.22000122070312,17.839000701904297,97.25,133.4199981689453,98.0199966430664,139.3699951171875,135.0800018310547,395.8800048828125
2023-01-23,141.11000061035156,242.5800018310547,19.19300079345703,97.5199966430664,143.75,99.79000091552734,143.27000427246094,137.27000427246094,400.6300048828125
2023-01-24,142.52999877929688,242.0399932861328,19.264999389648438,96.31999969482422,143.88999938964844,97.69999694824219,143.13999938964844,138.4499969482422,400.20001220703125
2023-01-25,141.86000061035156,240.61000061035156,19.322999954223633,97.18000030517578,144.42999267578125,95.22000122070312,141.5,139.1199951171875,400.3500061035156
2023-01-26,143.9600067138672,248.0,19.802000045776367,99.22000122070312,160.27000427246094,97.5199966430664,147.3000030517578,139.97999572753906,404.75
2023-01-27,145.92999267578125,248.16000366210938,20.364999771118164,102.23999786376953,177.89999389648438,99.37000274658203,151.74000549316406,140.32000732421875,405.67999267578125
2023-01-30,143.0,242.7100067138672,19.16200065612793,100.55000305175781,166.66000366210938,96.94000244140625,147.05999755859375,139.1300048828125,400.5899963378906
2023-01-31,144.2899932861328,247.80999755859375,19.53700065612793,103.12999725341797,173.22000122070312,98.83999633789062,148.97000122070312,139.9600067138672,406.4800109863281
2023-02-01,145.42999267578125,252.75,20.94300079345703,105.1500015258789,181.41000366210938,100.43000030517578,153.1199951171875,139.58999633789062,410.79998779296875
2023-02-02,150.82000732421875,264.6000061035156,21.708999633789062,112.91000366210938,188.27000427246094,107.73999786376953,188.77000427246094,138.94000244140625,416.7799987792969
2023-02-03,154.5,258.3500061035156,21.100000381469727,103.38999938964844,189.97999572753906,104.77999877929688,186.52999877929688,141.08999633789062,412.3500061035156
2023-02-06,151.72999572753906,256.7699890136719,21.089000701904297,102.18000030517578,194.75999450683594,102.9000015258789,186.05999755859375,141.9199981689453,409.8299865722656
2023-02-07,154.64999389648438,267.55999755859375,22.17300033569336,102.11000061035156,196.80999755859375,107.63999938964844,191.6199951171875,143.64999389648438,415.19000244140625
2023-02-08,151.9199981689453,266.7300109863281,22.204999923706055,100.05000305175781,201.2899932861328,99.37000274658203,183.42999267578125,142.63999938964844,410.6499938964844
2023-02-09,150.8699951171875,263.6199951171875,22.336999893188477,98.23999786376953,207.32000732421875,95.01000213623047,177.9199981689453,140.4199981689453,407.0899963378906
2023-02-10,151.00999450683594,263.1000061035156,21.264999389648438,97.61000061035156,196.88999938964844,94.56999969482422,174.14999389648438,141.0399932861328,408.0400085449219
2023-02-13,153.85000610351562,271.32000732421875,21.788000106811523,99.54000091552734,194.63999938964844,94.61000061035156,179.42999267578125,142.57000732421875,412.8299865722656
2023-02-14,153.1999969482422,272.1700134277344,22.97100067138672,99.69999694824219,209.25,94.68000030517578,179.47999572753906,143.1999969482422,412.6400146484375
2023-02-15,155.3300018310547,269.32000732421875,22.763999938964844,101.16000366210938,214.24000549316406,96.94000244140625,177.16000366210938,143.8000030517578,413.9800109863281
2023-02-16,153.7100067138672,262.1499938964844,22.00200080871582,98.1500015258789,202.0399932861328,95.51000213623047,172.44000244140625,141.82000732421875,408.2799987792969
2023-02-17,152.5500030517578,258.05999755859375,21.38800048828125,97.19999694824219,208.30999755859375,94.3499984741211,172.8800048828125,142.24000549316406,407.260009765625
2023-02-21,148.47999572753906,252.6699981689453,20.655000686645508,94.58000183105469,197.3699951171875,91.79000091552734,172.0800018310547,139.6300048828125,399.0899963378906
2023-02-22,148.91000366210938,251.50999450683594,20.753999710083008,95.79000091552734,200.86000061035156,91.6500015258789,171.1199951171875,138.55999755859375,398.5400085449219
2023-02-23,149.39999389648438,254.77000427246094,23.663999557495117,95.81999969482422,202.07000732421875,90.88999938964844,172.0399932861328,139.6699981689453,400.6600036621094
2023-02-24,146.7100067138672,249.22000122070312,23.285999298095703,93.5,196.8800048828125,89.12999725341797,170.38999938964844,140.92999267578125,396.3800048828125
2023-02-27,147.9199981689453,250.16000366210938,23.500999450683594,93.76000213623047,207.6300048828125,89.87000274658203,169.5399932861328,142.16000366210938,397.7300109863281
2023-02-28,147.41000366210938,249.4199981689453,23.215999603271484,94.2300033569336,205.7100067138672,90.05999755859375,174.94000244140625,143.35000610351562,396.260009765625
2023-03-01,145.30999755859375,246.27000427246094,22.697999954223633,92.16999816894531,202.77000427246094,90.36000061035156,173.4199981689453,142.5500030517578,394.739990234375
2023-03-02,145.91000366210938,251.11000061035156,23.31399917602539,92.12999725341797,190.89999389648438,92.0,174.52999877929688,141.07000732421875,397.80999755859375
2023-03-03,151.02999877929688,255.2899932861328,23.889999389648438,94.9000015258789,197.7899932861328,93.6500015258789,185.25,143.66000366210938,404.19000244140625
2023-03-06,153.8300018310547,256.8699951171875,23.554000854492188,93.75,193.80999755859375,95.12999725341797,184.89999389648438,142.82000732421875,404.4700012207031
2023-03-07,151.60000610351562,254.14999389648438,23.288000106811523,93.55000305175781,187.7100067138672,93.86000061035156,184.50999450683594,138.6199951171875,398.2699890136719
2023-03-08,152.8699951171875,253.6999969482422,24.180999755859375,93.91999816894531,182.0,94.25,184.97000122070312,137.8000030517578,398.9200134277344
2023-03-09,150.58999633789062,252.32000732421875,23.43600082397461,92.25,172.9199981689453,92.31999969482422,181.69000244140625,130.33999633789062,391.55999755859375
2023-03-10,148.5,248.58999633789062,22.96500015258789,90.7300033569336,173.44000244140625,90.62999725341797,179.50999450683594,133.64999389648438,385.9100036621094
2023-03-13,150.47000122070312,253.9199981689453,22.965999603271484,92.43000030517578,174.47999572753906,91.11000061035156,180.89999389648438,131.25,385.3599853515625
2023-03-14,152.58999633789062,260.7900085449219,24.062999725341797,94.87999725341797,183.25999450683594,93.97000122070312,194.02000427246094,134.6199951171875,391.7300109863281
2023-03-15,152.99000549316406,265.44000244140625,24.22800064086914,96.19999694824219,180.4499969482422,96.11000061035156,197.75,128.25999450683594,389.2799987792969
2023-03-16,155.85000610351562,276.20001220703125,25.541000366210938,100.04000091552734,184.1300048828125,100.31999969482422,204.92999267578125,130.75,396.1099853515625
2023-03-17,155.0,279.42999267578125,25.725000381469727,98.94999694824219,180.1300048828125,101.62000274658203,195.61000061035156,125.80999755859375,389.989990234375
2023-03-20,157.39999389648438,272.2300109863281,25.899999618530273,97.70999908447266,183.25,101.22000122070312,197.80999755859375,127.13999938964844,393.739990234375
2023-03-21,159.27999877929688,273.7799987792969,26.198999404907227,100.61000061035156,197.5800018310547,104.91999816894531,202.16000366210938,130.5500030517578,398.9100036621094
2023-03-22,157.8300018310547,272.2900085449219,26.468000411987305,98.69999694824219,191.14999389648438,103.37000274658203,199.80999755859375,127.18000030517578,392.1099853515625
2023-03-23,158.92999267578125,277.6600036621094,27.19099998474121,98.70999908447266,192.22000122070312,105.5999984741211,204.27999877929688,126.83999633789062,393.1700134277344
2023-03-24,160.25,280.57000732421875,26.77899932861328,98.12999725341797,190.41000366210938,105.44000244140625,206.00999450683594,124.91000366210938,395.75
2023-03-27,158.27999877929688,276.3800048828125,26.5310001373291,98.04000091552734,191.80999755859375,102.45999908447266,202.83999633789062,128.49000549316406,396.489990234375
2023-03-28,157.64999389648438,275.2300109863281,26.40999984741211,97.23999786376953,189.19000244140625,101.02999877929688,200.67999267578125,128.8800048828125,395.6000061035156
2023-03-29,160.77000427246094,280.510009765625,26.983999252319336,100.25,193.8800048828125,101.38999938964844,205.35000610351562,129.13999938964844,401.3500061035156
2023-03-30,162.36000061035156,284.04998779296875,27.382999420166016,102.0,195.27999877929688,100.88999938964844,207.83999633789062,128.75,403.70001220703125
2023-03-31,164.89999389648438,288.29998779296875,27.777000427246094,103.29000091552734,207.4600067138672,103.7300033569336,211.94000244140625,130.30999755859375,409.3900146484375
2023-04-03,166.1699981689453,287.2300109863281,27.96500015258789,102.41000366210938,194.77000427246094,104.36000061035156,213.07000732421875,130.16000366210938,410.95001220703125
2023-04-04,165.6300048828125,287.17999267578125,27.452999114990234,103.94999694824219,192.5800018310547,104.72000122070312,214.72000122070312,128.4199981689453,408.6700134277344
2023-04-05,163.75999450683594,284.3399963378906,26.881000518798828,101.0999984741211,185.52000427246094,104.47000122070312,211.47999572753906,127.61000061035156,407.6000061035156
2023-04-06,164.66000366210938,291.6000061035156,27.03700065612793,102.05999755859375,185.05999755859375,108.41999816894531,216.10000610351562,127.47000122070312,409.19000244140625
2023-04-10,162.02999877929688,289.3900146484375,27.57900047302246,102.16999816894531,184.50999450683594,106.44000244140625,214.75,127.88999938964844,409.6099853515625
2023-04-11,160.8000030517578,282.8299865722656,27.16900062561035,99.91999816894531,186.7899932861328,105.3499984741211,213.85000610351562,128.52000427246094,409.7200012207031
2023-04-12,160.10000610351562,283.489990234375,26.4950008392334,97.83000183105469,180.5399932861328,104.63999938964844,214.0,128.5,408.04998779296875
2023-04-13,165.55999755859375,289.8399963378906,26.46299934387207,102.4000015258789,185.89999389648438,107.43000030517578,220.35000610351562,128.99000549316406,413.4700012207031
2023-04-14,165.2100067138672,286.1400146484375,26.757999420166016,102.51000213623047,185.0,108.87000274658203,221.49000549316406,138.72999572753906,412.4599914550781
2023-04-17,165.22999572753906,288.79998779296875,27.00200080871582,102.73999786376953,187.0399932861328,105.97000122070312,218.86000061035156,139.8300018310547,413.94000244140625
2023-04-18,166.47000122070312,288.3699951171875,27.66699981689453,102.30000305175781,184.30999755859375,104.5,217.88999938964844,141.39999389648438,414.2099914550781
2023-04-19,167.6300048828125,288.45001220703125,27.930999755859375,104.30000305175781,180.58999633789062,104.18000030517578,215.6999969482422,141.22000122070312,414.1400146484375
2023-04-20,166.64999389648438,286.1099853515625,27.104000091552734,103.80999755859375,162.99000549316406,105.29000091552734,213.07000732421875,140.80999755859375,411.8800048828125
2023-04-21,165.02000427246094,285.760009765625,27.118999481201172,106.95999908447266,165.0800018310547,105.41000366210938,212.88999938964844,140.5399932861328,412.20001220703125
2023-04-24,165.3300018310547,281.7699890136719,27.04199981689453,106.20999908447266,162.5500030517578,105.97000122070312,212.7899932861328,140.72999572753906,412.6300048828125
2023-04-25,163.77000427246094,275.4200134277344,26.240999221801758,102.56999969482422,160.6699981689453,103.8499984741211,207.5500030517578,137.6699981689453,406.0799865722656
2023-04-26,163.75999450683594,295.3699951171875,26.95599937438965,104.9800033569336,153.75,103.70999908447266,209.39999389648438,135.22999572753906,404.3599853515625
2023-04-27,168.41000366210938,304.8299865722656,27.22599983215332,109.81999969482422,160.19000244140625,107.58999633789062,238.55999755859375,137.0500030517578,412.4100036621094
2023-04-28,169.67999267578125,307.260009765625,27.749000549316406,105.44999694824219,164.30999755859375,107.33999633789062,240.32000732421875,138.24000549316406,415.92999267578125
2023-05-01,169.58999633789062,305.55999755859375,28.90999984741211,102.05000305175781,161.8300018310547,107.19999694824219,243.17999267578125,141.1999969482422,415.510009765625
2023-05-02,168.5399932861328,305.4100036621094,28.209999084472656,103.62999725341797,160.30999755859375,105.31999969482422,239.24000549316406,138.9199981689453,410.8399963378906
2023-05-03,167.4499969482422,304.3999938964844,27.802000045776367,103.6500015258789,160.61000061035156,105.41000366210938,237.02999877929688,135.97999572753906,408.0199890136719
2023-05-04,165.7899932861328,305.4100036621094,27.562000274658203,104.0,161.1999969482422,104.69000244140625,233.52000427246094,134.1199951171875,405.1300048828125
2023-05-05,173.57000732421875,310.6499938964844,28.68000030517578,105.66000366210938,170.05999755859375,105.56999969482422,232.77999877929688,136.74000549316406,412.6300048828125
2023-05-08,173.5,308.6499938964844,29.150999069213867,105.83000183105469,171.7899932861328,107.7699966430664,233.27000427246094,137.07000732421875,412.739990234375
2023-05-09,171.77000427246094,307.0,28.570999145507812,106.62000274658203,169.14999389648438,107.3499984741211,233.3699951171875,136.41000366210938,410.92999267578125
2023-05-10,173.55999755859375,312.30999755859375,28.885000228881836,110.19000244140625,168.5399932861328,111.75,233.0800018310547,136.47999572753906,412.8500061035156
2023-05-11,173.75,310.1099853515625,28.577999114990234,112.18000030517578,172.0800018310547,116.56999969482422,235.7899932861328,136.0500030517578,412.1300048828125
2023-05-12,172.57000732421875,308.9700012207031,28.34000015258789,110.26000213623047,167.97999572753906,117.51000213623047,233.80999755859375,134.10000610351562,411.5899963378906
2023-05-15,172.07000732421875,309.4599914550781,28.952999114990234,111.19999694824219,166.35000610351562,116.51000213623047,238.86000061035156,135.22999572753906,413.010009765625
2023-05-16,172.07000732421875,311.739990234375,29.21299934387207,113.4000015258789,166.52000427246094,119.51000213623047,238.82000732421875,134.32000732421875,410.25
2023-05-17,172.69000244140625,314.0,30.17799949645996,115.5,173.86000061035156,120.83999633789062,242.49000549316406,138.4499969482422,415.2300109863281
2023-05-18,175.0500030517578,318.5199890136719,31.67799949645996,118.1500015258789,176.88999938964844,122.83000183105469,246.85000610351562,139.5,419.2300109863281
2023-05-19,175.16000366210938,318.3399963378906,31.263999938964844,116.25,180.13999938964844,122.76000213623047,245.63999938964844,139.17999267578125,418.6199951171875
2023-05-22,174.1999969482422,321.17999267578125,31.176000595092773,115.01000213623047,188.8699951171875,125.05000305175781,248.32000732421875,138.02999877929688,418.7900085449219
2023-05-23,171.55999755859375,315.260009765625,30.687999725341797,114.98999786376953,185.77000427246094,122.55999755859375,246.74000549316406,136.58999633789062,414.0899963378906
2023-05-24,171.83999633789062,313.8500061035156,30.538000106811523,116.75,182.89999389648438,120.9000015258789,249.2100067138672,135.33999633789062,411.0899963378906
2023-05-25,172.99000549316406,325.9200134277344,37.97999954223633,115.0,184.47000122070312,123.4800033569336,252.69000244140625,135.6699981689453,414.6499938964844
2023-05-26,175.42999267578125,332.8900146484375,38.94599914550781,120.11000061035156,193.1699981689453,124.61000061035156,262.0400085449219,136.94000244140625,420.0199890136719
2023-05-30,177.3000030517578,331.2099914550781,40.111000061035156,121.66000366210938,201.16000366210938,123.66999816894531,262.5199890136719,137.4600067138672,420.17999267578125
2023-05-31,177.25,328.3900146484375,37.83399963378906,120.58000183105469,203.92999267578125,122.87000274658203,264.7200012207031,135.7100067138672,417.8500061035156
2023-06-01,180.08999633789062,332.5799865722656,39.77000045776367,122.7699966430664,207.52000427246094,123.72000122070312,272.6099853515625,137.5800018310547,421.82000732421875
2023-06-02,180.9499969482422,335.3999938964844,39.32699966430664,124.25,213.97000122070312,124.66999816894531,272.6099853515625,140.47000122070312,427.9200134277344
2023-06-05,179.5800018310547,335.94000244140625,39.17100143432617,125.30000305175781,217.61000061035156,126.01000213623047,271.3900146484375,139.08999633789062,427.1000061035156
2023-06-06,179.2100067138672,333.67999267578125,38.65399932861328,126.61000061035156,221.30999755859375,127.30999755859375,271.1199951171875,139.33999633789062,428.0299987792969
2023-06-07,177.82000732421875,323.3800048828125,37.474998474121094,121.2300033569336,224.57000732421875,122.5,263.6000061035156,140.69000244140625,426.54998779296875
2023-06-08,180.57000732421875,325.260009765625,38.5099983215332,124.25,234.86000061035156,122.13999938964844,264.5799865722656,140.72999572753906,429.1300048828125
2023-06-09,180.9600067138672,326.7900085449219,38.77000045776367,123.43000030517578,244.39999389648438,122.2300033569336,264.95001220703125,141.00999450683594,429.8999938964844
2023-06-12,183.7899932861328,331.8500061035156,39.481998443603516,126.56999969482422,249.8300018310547,123.63999938964844,271.04998779296875,141.0,433.79998779296875
2023-06-13,183.30999755859375,334.2900085449219,41.02199935913086,126.66000366210938,258.7099914550781,123.83000183105469,271.32000732421875,142.02000427246094,436.6600036621094
2023-06-14,183.9499969482422,337.3399963378906,42.99700164794922,126.41999816894531,256.7900085449219,123.66999816894531,273.3500061035156,141.49000549316406,437.17999267578125
2023-06-15,186.00999450683594,348.1000061035156,42.65299987792969,127.11000061035156,255.89999389648438,125.08999633789062,281.8299865722656,143.08999633789062,442.6000061035156
2023-06-16,184.9199981689453,342.3299865722656,42.69200134277344,125.48999786376953,260.5400085449219,123.52999877929688,281.0,143.25999450683594,439.4599914550781
2023-06-20,185.00999450683594,338.04998779296875,43.80799865722656,125.77999877929688,274.45001220703125,123.0999984741211,284.3299865722656,142.52999877929688,437.17999267578125
2023-06-21,183.9600067138672,333.55999755859375,43.04499816894531,124.83000183105469,259.4599914550781,120.55000305175781,281.6400146484375,142.32000732421875,434.94000244140625
2023-06-22,187.0,339.7099914550781,43.025001525878906,130.14999389648438,264.6099853515625,123.1500015258789,284.8800048828125,139.5800018310547,436.510009765625
2023-06-23,186.67999267578125,335.0199890136719,42.20899963378906,129.3300018310547,256.6000061035156,122.33999633789062,288.7300109863281,138.85000610351562,433.2099914550781
2023-06-26,185.27000427246094,328.6000061035156,40.63199996948242,127.33000183105469,241.0500030517578,118.33999633789062,278.4700012207031,139.19000244140625,431.44000244140625
2023-06-27,188.05999755859375,334.57000732421875,41.875999450683594,129.17999267578125,250.2100067138672,118.33000183105469,287.04998779296875,139.1999969482422,436.1700134277344
2023-06-28,189.25,335.8500061035156,41.117000579833984,129.0399932861328,256.239990234375,120.18000030517578,285.2900085449219,138.58999633789062,436.3900146484375
2023-06-29,189.58999633789062,335.04998779296875,40.821998596191406,127.9000015258789,257.5,119.0999984741211,281.5299987792969,143.42999267578125,438.1099853515625
2023-06-30,193.97000122070312,340.5400085449219,42.301998138427734,130.36000061035156,261.7699890136719,119.69999694824219,286.9800109863281,145.44000244140625,443.2799987792969
2023-07-03,192.4600067138672,337.989990234375,42.41299819946289,130.22000122070312,279.82000732421875,119.9000015258789,286.0199890136719,146.61000061035156,443.7900085449219
2023-07-05,191.3300018310547,338.1499938964844,42.31700134277344,130.3800048828125,282.4800109863281,121.75,294.3699951171875,144.63999938964844,443.1300048828125
2023-07-06,191.80999755859375,341.2699890136719,42.10300064086914,128.36000061035156,276.5400085449219,120.11000061035156,291.989990234375,143.2100067138672,439.6600036621094
2023-07-07,190.67999267578125,337.2200012207031,42.50299835205078,129.77999877929688,274.42999267578125,119.4800033569336,290.5299987792969,144.33999633789062,438.54998779296875
2023-07-10,188.61000061035156,331.8299865722656,42.18000030517578,127.12999725341797,269.6099853515625,116.44999694824219,294.1000061035156,145.14999389648438,439.6600036621094
2023-07-11,188.0800018310547,332.4700012207031,42.404998779296875,128.77999877929688,269.7900085449219,117.13999938964844,298.2900085449219,147.4199981689453,442.4599914550781
2023-07-12,189.77000427246094,337.20001220703125,43.902000427246094,130.8000030517578,271.989990234375,118.93000030517578,309.3399963378906,148.14999389648438,446.0199890136719
2023-07-13,190.5399932861328,342.6600036621094,45.97700119018555,134.3000030517578,277.8999938964844,124.54000091552734,313.4100036621094,148.8699951171875,449.55999755859375
2023-07-14,190.69000244140625,345.239990234375,45.46900177001953,134.67999267578125,281.3800048828125,125.41999816894531,308.8699951171875,149.77000427246094,449.2799987792969
2023-07-17,193.99000549316406,345.7300109863281,46.46099853515625,133.55999755859375,290.3800048828125,124.6500015258789,310.6199951171875,153.3800048828125,450.8399963378906
2023-07-18,193.72999572753906,359.489990234375,47.49399948120117,132.8300018310547,293.3399963378906,123.76000213623047,312.04998779296875,153.66000366210938,454.19000244140625
2023-07-19,195.10000610351562,355.0799865722656,47.07699966430664,135.36000061035156,291.260009765625,122.02999877929688,316.010009765625,154.25,455.20001220703125
2023-07-20,193.1300048828125,346.8699951171875,45.52000045776367,129.9600067138672,262.8999938964844,119.19999694824219,302.5199890136719,156.14999389648438,452.17999267578125
2023-07-21,191.94000244140625,343.7699890136719,44.308998107910156,130.0,260.0199890136719,120.0199966430664,294.260009765625,154.9499969482422,452.17999267578125
2023-07-24,192.75,345.1099853515625,44.61199951171875,128.8000030517578,269.05999755859375,121.52999877929688,291.6099853515625,158.0,454.20001220703125
2023-07-25,193.6199951171875,350.9800109863281,45.67900085449219,129.1300048828125,265.2799987792969,122.20999908447266,294.4700012207031,156.82000732421875,455.44000244140625
2023-07-26,194.5,337.7699890136719,45.45199966430664,128.14999389648438,264.3500061035156,129.27000427246094,298.57000732421875,157.75999450683594,455.510009765625
2023-07-27,193.22000122070312,330.7200012207031,45.900001525878906,128.25,255.7100067138672,129.39999389648438,311.7099914550781,156.02000427246094,452.489990234375
2023-07-28,195.8300018310547,338.3699951171875,46.75,132.2100067138672,266.44000244140625,132.5800018310547,325.4800109863281,156.91000366210938,456.9200134277344
2023-07-31,196.4499969482422,335.9200134277344,46.729000091552734,133.67999267578125,267.42999267578125,132.72000122070312,318.6000061035156,157.9600067138672,457.7900085449219
2023-08-01,195.61000061035156,336.3399963378906,46.50699996948242,131.69000244140625,261.07000732421875,131.5500030517578,322.7099914550781,157.17999267578125,456.4800109863281
2023-08-02,192.5800018310547,327.5,44.26900100708008,128.2100067138672,254.11000061035156,128.3800048828125,314.30999755859375,155.39999389648438,450.1300048828125
2023-08-03,191.1699981689453,326.6600036621094,44.51499938964844,128.91000366210938,259.32000732421875,128.4499969482422,313.19000244140625,156.35000610351562,448.8399963378906
2023-08-04,181.99000549316406,327.7799987792969,44.68000030517578,139.57000732421875,253.86000061035156,128.11000061035156,310.7300109863281,156.02000427246094,446.80999755859375
2023-08-07,178.85000610351562,330.1099853515625,45.41699981689453,142.22000122070312,251.4499969482422,131.52999877929688,316.55999755859375,156.75999450683594,450.7099914550781
2023-08-08,179.8000030517578,326.04998779296875,44.66400146484375,139.94000244140625,249.6999969482422,131.39999389648438,312.6400146484375,155.8800048828125,448.75
2023-08-09,178.19000244140625,322.2300109863281,42.55400085449219,137.85000610351562,242.19000244140625,129.66000366210938,305.2099914550781,153.7899932861328,445.75
2023-08-10,177.97000122070312,322.92999267578125,42.38800048828125,138.55999755859375,245.33999633789062,129.69000244140625,305.739990234375,153.55999755859375,445.9100036621094
2023-08-11,177.7899932861328,321.010009765625,40.85499954223633,138.41000366210938,242.64999389648438,129.55999755859375,301.6400146484375,154.4499969482422,445.6499938964844
2023-08-14,179.4600067138672,324.0400085449219,43.75299835205078,140.57000732421875,239.75999450683594,131.3300018310547,306.19000244140625,154.77000427246094,448.1099853515625
2023-08-15,177.4499969482422,321.8599853515625,43.939998626708984,137.6699981689453,232.9600067138672,129.77999877929688,301.95001220703125,150.8300018310547,442.8900146484375
2023-08-16,176.57000732421875,320.3999938964844,43.486000061035156,135.07000732421875,225.60000610351562,128.6999969482422,294.2900085449219,150.19000244140625,439.6400146484375
2023-08-17,174.0,316.8800048828125,43.34400177001953,133.97999572753906,219.22000122070312,129.9199981689453,285.0899963378906,148.6300048828125,436.2900085449219
2023-08-18,174.49000549316406,316.4800109863281,43.29899978637695,133.22000122070312,215.49000549316406,127.45999908447266,283.25,148.97000122070312,436.5
2023-08-21,175.83999633789062,321.8800048828125,46.96699905395508,134.67999267578125,231.27999877929688,128.3699951171875,289.8999938964844,149.47999572753906,439.3399963378906
2023-08-22,177.22999572753906,322.4599914550781,45.667999267578125,134.25,233.19000244140625,129.0800018310547,287.6000061035156,146.3800048828125,438.1499938964844
2023-08-23,181.1199951171875,327.0,47.11600112915039,135.52000427246094,236.86000061035156,132.3699951171875,294.239990234375,147.3699951171875,443.0299987792969
2023-08-24,176.3800048828125,319.9700012207031,47.16299819946289,131.83999633789062,230.0399932861328,129.77999877929688,286.75,147.22999572753906,436.8900146484375
2023-08-25,178.61000061035156,322.9800109863281,46.018001556396484,133.25999450683594,238.58999633789062,129.8800048828125,285.5,147.0500030517578,439.9700012207031
2023-08-28,180.19000244140625,323.70001220703125,46.834999084472656,133.13999938964844,238.82000732421875,131.00999450683594,290.260009765625,147.55999755859375,442.760009765625
2023-08-29,184.1199951171875,328.4100036621094,48.784000396728516,134.91000366210938,257.17999267578125,134.57000732421875,297.989990234375,148.75999450683594,449.1600036621094
2023-08-30,187.64999389648438,328.7900085449219,49.263999938964844,135.07000732421875,256.8999938964844,135.8800048828125,295.1000061035156,148.16000366210938,451.010009765625
2023-08-31,187.8699951171875,327.760009765625,49.35499954223633,138.00999450683594,258.0799865722656,136.1699981689453,295.8900146484375,146.3300018310547,450.3500061035156
2023-09-01,189.4600067138672,328.6600036621094,48.50899887084961,138.1199951171875,245.00999450683594,135.66000366210938,296.3800048828125,146.82000732421875,451.19000244140625
2023-09-05,189.6999969482422,333.54998779296875,48.54800033569336,137.27000427246094,256.489990234375,135.77000427246094,300.1499938964844,145.1999969482422,449.239990234375
2023-09-06,182.91000366210938,332.8800048828125,47.06100082397461,135.36000061035156,251.9199981689453,134.4600067138672,299.1700134277344,144.9600067138672,446.2200012207031
2023-09-07,177.55999755859375,329.9100036621094,46.24100112915039,137.85000610351562,251.49000549316406,135.25999450683594,298.6700134277344,143.72000122070312,444.8500061035156
2023-09-08,178.17999267578125,334.2699890136719,45.571998596191406,138.22999572753906,248.5,136.3800048828125,297.8900146484375,143.8300018310547,445.5199890136719
2023-09-11,179.36000061035156,337.94000244140625,45.178001403808594,143.10000610351562,273.5799865722656,136.9199981689453,307.55999755859375,144.4600067138672,448.45001220703125
2023-09-12,176.3000030517578,331.7699890136719,44.869998931884766,141.22999572753906,267.4800109863281,135.33999633789062,301.6600036621094,146.33999633789062,445.989990234375
2023-09-13,174.2100067138672,336.05999755859375,45.48500061035156,144.85000610351562,271.29998779296875,136.7100067138672,305.05999755859375,146.41000366210938,446.510009765625
2023-09-14,175.74000549316406,338.70001220703125,45.58100128173828,144.72000122070312,276.0400085449219,138.10000610351562,311.7200012207031,149.25,450.3599853515625
2023-09-15,175.00999450683594,330.2200012207031,43.900001525878906,140.38999938964844,274.3900146484375,137.39999389648438,300.30999755859375,148.80999755859375,443.3699951171875
2023-09-18,177.97000122070312,329.05999755859375,43.965999603271484,139.97999572753906,265.2799987792969,138.2100067138672,302.54998779296875,149.1199951171875,443.6300048828125
2023-09-19,179.07000732421875,328.6499938964844,43.52000045776367,137.6300048828125,266.5,138.0399932861328,305.07000732421875,148.92999267578125,442.7099914550781
2023-09-20,175.49000549316406,320.7699890136719,42.23899841308594,135.2899932861328,262.5899963378906,133.74000549316406,299.6700134277344,148.3000030517578,438.6400146484375
2023-09-21,173.92999267578125,319.5299987792969,41.016998291015625,129.3300018310547,255.6999969482422,130.44000244140625,295.7300109863281,147.13999938964844,431.3900146484375
2023-09-22,174.7899932861328,317.010009765625,41.61000061035156,129.1199951171875,244.8800048828125,130.25,299.0799865722656,145.72999572753906,430.4200134277344
2023-09-25,176.0800018310547,317.5400085449219,42.22200012207031,131.27000427246094,246.99000549316406,131.11000061035156,300.8299865722656,146.4499969482422,432.2300109863281
2023-09-26,171.9600067138672,312.1400146484375,41.9109992980957,125.9800033569336,244.1199951171875,128.57000732421875,298.9599914550781,144.92999267578125,425.8800048828125
2023-09-27,170.42999267578125,312.7900085449219,42.46799850463867,125.9800033569336,240.5,130.5399932861328,297.739990234375,145.77999877929688,426.04998779296875
2023-09-28,170.69000244140625,313.6400146484375,43.0890007019043,125.9800033569336,246.3800048828125,132.30999755859375,303.9599914550781,147.58999633789062,428.5199890136719
2023-09-29,171.2100067138672,315.75,43.499000549316406,127.12000274658203,250.22000122070312,130.86000061035156,300.2099914550781,145.02000427246094,427.4800109863281
2023-10-02,173.75,321.79998779296875,44.78200149536133,129.4600067138672,251.60000610351562,134.1699981689453,306.82000732421875,143.77000427246094,427.30999755859375
2023-10-03,172.39999389648438,313.3900146484375,43.516998291015625,124.72000122070312,246.52999877929688,132.42999267578125,300.94000244140625,142.7100067138672,421.5899963378906
2023-10-04,173.66000366210938,318.9599914550781,44.04100036621094,127.0,261.1600036621094,135.24000549316406,305.5799865722656,143.35000610351562,424.6600036621094
2023-10-05,174.91000366210938,319.3599853515625,44.6879997253418,125.95999908447266,260.04998779296875,135.07000732421875,304.7900085449219,142.89999389648438,424.5
2023-10-06,177.49000549316406,327.260009765625,45.762001037597656,127.95999908447266,260.5299987792969,137.5800018310547,315.42999267578125,145.10000610351562,429.5400085449219
2023-10-09,178.99000549316406,329.82000732421875,45.27299880981445,128.25999450683594,259.6700134277344,138.4199981689453,318.3599853515625,144.77000427246094,432.2900085449219
2023-10-10,178.38999938964844,328.3900146484375,45.79800033569336,129.47999572753906,263.6199951171875,138.05999755859375,321.8399963378906,145.64999389648438,434.5400085449219
2023-10-11,179.8000030517578,332.4200134277344,46.805999755859375,131.8300018310547,262.989990234375,140.5500030517578,327.82000732421875,146.14999389648438,436.32000732421875
2023-10-12,180.7100067138672,331.1600036621094,46.94499969482422,132.3300018310547,258.8699951171875,138.97000122070312,324.1600036621094,145.80999755859375,433.6600036621094
2023-10-13,178.85000610351562,327.7300109863281,45.46099853515625,129.7899932861328,251.1199951171875,137.36000061035156,314.69000244140625,148.0,431.5
2023-10-16,178.72000122070312,332.6400146484375,46.095001220703125,132.5500030517578,253.9199981689453,139.10000610351562,321.1499938964844,147.85000610351562,436.0400085449219
2023-10-17,177.14999389648438,332.05999755859375,43.9379997253418,131.47000122070312,254.85000610351562,139.72000122070312,324.0,147.52999877929688,436.0199890136719
2023-10-18,175.83999633789062,330.1099853515625,42.19599914550781,128.1300048828125,242.67999267578125,137.9600067138672,316.9700012207031,145.91000366210938,430.2099914550781
2023-10-19,175.4600067138672,331.32000732421875,42.10100173950195,128.39999389648438,220.11000061035156,137.75,312.80999755859375,145.2899932861328,426.42999267578125
2023-10-20,172.8800048828125,326.6700134277344,41.387001037597656,125.16999816894531,211.99000549316406,135.60000610351562,308.6499938964844,142.9499969482422,421.19000244140625
2023-10-23,173.0,329.32000732421875,42.974998474121094,126.55999755859375,212.0800018310547,136.5,314.010009765625,141.0,420.4599914550781
2023-10-24,173.44000244140625,330.5299987792969,43.66299819946289,128.55999755859375,216.52000427246094,138.80999755859375,312.54998779296875,141.1699981689453,423.6300048828125
2023-10-25,171.10000610351562,340.6700134277344,41.77899932861328,121.38999938964844,212.4199981689453,125.61000061035156,299.5299987792969,140.39999389648438,417.54998779296875
2023-10-26,166.88999938964844,327.8900146484375,40.32600021362305,119.56999969482422,205.75999450683594,122.27999877929688,288.3500061035156,140.75999450683594,412.54998779296875
2023-10-27,168.22000122070312,329.80999755859375,40.5,127.73999786376953,207.3000030517578,122.16999816894531,296.7300109863281,135.69000244140625,410.67999267578125
2023-10-30,170.2899932861328,337.30999755859375,41.1609992980957,132.7100067138672,197.36000061035156,124.45999908447266,302.6600036621094,137.4199981689453,415.5899963378906
2023-10-31,170.77000427246094,338.1099853515625,40.779998779296875,133.08999633789062,200.83999633789062,124.08000183105469,301.2699890136719,139.05999755859375,418.20001220703125
2023-11-01,173.97000122070312,346.07000732421875,42.32500076293945,137.0,205.66000366210938,126.44999694824219,311.8500061035156,138.94000244140625,422.6600036621094
2023-11-02,177.57000732421875,348.32000732421875,43.50600051879883,138.07000732421875,218.50999450683594,127.48999786376953,310.8699951171875,141.4199981689453,430.760009765625
2023-11-03,176.64999389648438,352.79998779296875,45.005001068115234,138.60000610351562,219.9600067138672,129.10000610351562,314.6000061035156,143.0,434.69000244140625
2023-11-06,179.22999572753906,356.5299987792969,45.750999450683594,139.74000549316406,219.27000427246094,130.25,315.79998779296875,144.0800018310547,435.69000244140625
2023-11-07,181.82000732421875,360.5299987792969,45.95500183105469,142.7100067138672,222.17999267578125,130.97000122070312,318.82000732421875,144.00999450683594,436.92999267578125
2023-11-08,182.88999938964844,363.20001220703125,46.57400131225586,142.0800018310547,222.11000061035156,131.83999633789062,319.7799987792969,144.72000122070312,437.25
2023-11-09,182.41000366210938,360.69000244140625,46.95000076293945,140.60000610351562,209.97999572753906,130.24000549316406,320.54998779296875,144.2899932861328,433.8399963378906
2023-11-10,186.39999389648438,369.6700134277344,48.334999084472656,143.55999755859375,214.64999389648438,132.58999633789062,328.7699890136719,146.42999267578125,440.6099853515625
2023-11-13,184.8000030517578,366.67999267578125,48.619998931884766,142.58999633789062,223.7100067138672,132.08999633789062,329.19000244140625,145.77999877929688,440.19000244140625
2023-11-14,187.44000244140625,370.2699890136719,49.65599822998047,145.8000030517578,237.41000366210938,133.6199951171875,336.30999755859375,148.44000244140625,448.7300109863281
2023-11-15,188.00999450683594,369.6700134277344,48.88800048828125,143.1999969482422,242.83999633789062,134.6199951171875,332.7099914550781,149.74000549316406,449.67999267578125
2023-11-16,189.7100067138672,376.1700134277344,49.47999954223633,142.8300018310547,233.58999633789062,136.92999267578125,334.19000244140625,151.4499969482422,450.2300109863281
2023-11-17,189.69000244140625,369.8500061035156,49.29800033569336,145.17999267578125,234.3000030517578,135.30999755859375,335.0400085449219,152.82000732421875,450.7900085449219
2023-11-20,191.4499969482422,377.44000244140625,50.409000396728516,146.1300048828125,235.60000610351562,136.25,339.9700012207031,153.2899932861328,454.260009765625
2023-11-21,190.63999938964844,373.07000732421875,49.944000244140625,143.89999389648438,241.1999969482422,136.97000122070312,336.9800109863281,152.97000122070312,453.2699890136719
2023-11-22,191.30999755859375,377.8500061035156,48.715999603271484,146.7100067138672,234.2100067138672,138.49000549316406,341.489990234375,153.3300018310547,455.0199890136719
2023-11-24,189.97000122070312,377.42999267578125,47.7760009765625,146.74000549316406,235.4499969482422,136.69000244140625,338.2300109863281,153.5399932861328,455.29998779296875
2023-11-27,189.7899932861328,378.6099853515625,48.242000579833984,147.72999572753906,236.0800018310547,136.41000366210938,334.70001220703125,153.19000244140625,454.4800109863281
2023-11-28,190.39999389648438,382.70001220703125,47.82099914550781,147.02999877929688,246.72000122070312,137.1999969482422,338.989990234375,153.5399932861328,454.92999267578125
2023-11-29,189.3699951171875,378.8500061035156,48.13999938964844,146.32000732421875,244.13999938964844,134.99000549316406,332.20001220703125,154.32000732421875,454.6099853515625
2023-11-30,189.9499969482422,378.9100036621094,46.77000045776367,146.08999633789062,240.0800018310547,132.52999877929688,327.1499938964844,156.0800018310547,456.3999938964844
2023-12-01,191.24000549316406,374.510009765625,46.76499938964844,147.02999877929688,238.8300018310547,131.86000061035156,324.82000732421875,156.83999633789062,459.1000061035156
2023-12-04,189.42999267578125,369.1400146484375,45.5099983215332,144.83999633789062,235.5800018310547,129.27000427246094,320.0199890136719,157.99000549316406,456.69000244140625
2023-12-05,193.4199981689453,372.5199890136719,46.566001892089844,146.8800048828125,238.72000122070312,130.99000549316406,318.2900085449219,157.97000122070312,456.6000061035156
2023-12-06,192.32000732421875,368.79998779296875,45.50299835205078,144.52000427246094,239.3699951171875,130.02000427246094,317.45001220703125,156.30999755859375,454.760009765625
2023-12-07,194.27000427246094,370.95001220703125,46.59600067138672,146.8800048828125,242.63999938964844,136.92999267578125,326.5899963378906,156.7899932861328,458.2300109863281
2023-12-08,195.7100067138672,374.2300109863281,47.50600051879883,147.4199981689453,243.83999633789062,134.99000549316406,332.75,158.52000427246094,460.20001220703125
2023-12-11,193.17999267578125,371.29998779296875,46.62699890136719,145.88999938964844,239.74000549316406,133.2899932861328,325.2799987792969,159.10000610351562,461.989990234375
2023-12-12,194.7100067138672,374.3800048828125,47.65700149536133,147.47999572753906,237.00999450683594,132.52000427246094,334.2200012207031,160.52000427246094,464.1000061035156
2023-12-13,197.9600067138672,374.3699951171875,48.0880012512207,148.83999633789062,239.2899932861328,132.57000732421875,334.739990234375,161.05999755859375,470.5
2023-12-14,198.11000061035156,365.92999267578125,48.349998474121094,147.4199981689453,251.0500030517578,131.94000244140625,333.1700134277344,163.99000549316406,472.010009765625
2023-12-15,197.57000732421875,370.7300109863281,48.88999938964844,149.97000122070312,253.5,132.60000610351562,334.9200134277344,165.22999572753906,469.3299865722656
2023-12-18,195.88999938964844,372.6499938964844,50.07699966430664,154.07000732421875,252.0800018310547,135.8000030517578,344.6199951171875,166.22999572753906,471.9700012207031
2023-12-19,196.94000244140625,373.260009765625,49.604000091552734,153.7899932861328,257.2200012207031,136.64999389648438,350.3599853515625,168.4499969482422,474.8399963378906
2023-12-20,194.8300018310547,370.6199951171875,48.111000061035156,152.1199951171875,247.13999938964844,138.33999633789062,349.2799987792969,166.5500030517578,468.260009765625
2023-12-21,194.67999267578125,373.5400085449219,48.9900016784668,153.83999633789062,254.5,140.4199981689453,354.0899963378906,167.5,472.70001220703125
2023-12-22,193.60000610351562,374.5799865722656,48.83000183105469,153.4199981689453,252.5399932861328,141.49000549316406,353.3900146484375,167.39999389648438,473.6499938964844
2023-12-26,193.0500030517578,374.6600036621094,49.27899932861328,153.41000366210938,256.6099853515625,141.52000427246094,354.8299865722656,168.38999938964844,475.6499938964844
2023-12-27,193.14999389648438,374.07000732421875,49.41699981689453,153.33999633789062,261.44000244140625,140.3699951171875,357.8299865722656,169.39999389648438,476.510009765625
2023-12-28,193.5800018310547,375.2799987792969,49.52199935913086,153.3800048828125,253.17999267578125,140.22999572753906,358.32000732421875,170.3000030517578,476.69000244140625
2023-12-29,192.52999877929688,376.0400085449219,49.52199935913086,151.94000244140625,248.47999572753906,139.69000244140625,353.9599914550781,170.10000610351562,475.30999755859375
2024-01-02,185.63999938964844,370.8699951171875,48.167999267578125,149.92999267578125,248.4199981689453,138.1699981689453,346.2900085449219,172.0800018310547,472.6499938964844
2024-01-03,184.25,370.6000061035156,47.569000244140625,148.47000122070312,238.4499969482422,138.9199981689453,344.4700012207031,171.3300018310547,468.7900085449219
2024-01-04,181.91000366210938,367.94000244140625,47.99800109863281,144.57000732421875,237.92999267578125,136.38999938964844,347.1199951171875,171.41000366210938,467.2799987792969
2024-01-05,181.17999267578125,367.75,49.09700012207031,145.24000549316406,237.49000549316406,135.72999572753906,351.95001220703125,172.27000427246094,467.9200134277344
2024-01-08,185.55999755859375,374.69000244140625,52.25299835205078,149.10000610351562,240.4499969482422,138.83999633789062,358.6600036621094,172.02000427246094,474.6000061035156
2024-01-09,185.13999938964844,375.7900085449219,53.13999938964844,151.3699951171875,234.9600067138672,140.9499969482422,357.42999267578125,170.66000366210938,473.8800048828125
2024-01-10,186.19000244140625,382.7699890136719,54.349998474121094,153.72999572753906,233.94000244140625,142.27999877929688,370.4700012207031,171.02000427246094,476.55999755859375
2024-01-11,185.58999633789062,384.6300048828125,54.821998596191406,155.17999267578125,227.22000122070312,142.0800018310547,369.6700134277344,170.3000030517578,476.3500061035156
2024-01-12,185.9199981689453,388.4700012207031,54.709999084472656,154.6199951171875,218.88999938964844,142.64999389648438,374.489990234375,169.0500030517578,476.67999267578125
2024-01-16,183.6300048828125,390.2699890136719,56.38199996948242,153.16000366210938,219.91000366210938,142.49000549316406,367.4599914550781,167.99000549316406,474.92999267578125
2024-01-17,182.67999267578125,389.4700012207031,56.053001403808594,151.7100067138672,215.5500030517578,141.47000122070312,368.3699951171875,167.08999633789062,472.2900085449219
2024-01-18,188.6300048828125,393.8699951171875,57.106998443603516,153.5,211.8800048828125,143.47999572753906,376.1300048828125,167.4199981689453,476.489990234375
2024-01-19,191.55999755859375,398.6700134277344,59.49100112915039,155.33999633789062,212.19000244140625,146.3800048828125,383.45001220703125,170.30999755859375,482.42999267578125
2024-01-22,193.88999938964844,396.510009765625,59.65399932861328,154.77999877929688,208.8000030517578,145.99000549316406,381.7799987792969,170.11000061035156,483.45001220703125
2024-01-23,195.17999267578125,398.8999938964844,59.87300109863281,156.02000427246094,209.13999938964844,147.0399932861328,385.20001220703125,168.99000549316406,484.8599853515625
2024-01-24,194.5,402.55999755859375,61.36199951171875,156.8699951171875,207.8300018310547,148.6999969482422,390.70001220703125,170.5,485.3900146484375
2024-01-25,194.1699981689453,404.8699951171875,61.617000579833984,157.75,182.6300048828125,151.8699951171875,393.17999267578125,172.94000244140625,488.0299987792969
2024-01-26,192.4199981689453,403.92999267578125,61.03099822998047,159.1199951171875,183.25,152.19000244140625,394.1400146484375,172.27999877929688,487.4100036621094
2024-01-29,191.72999572753906,409.7200012207031,62.46500015258789,161.25999450683594,190.92999267578125,153.50999450683594,401.0199890136719,172.72999572753906,491.2699890136719
2024-01-30,188.0399932861328,408.5899963378906,62.77399826049805,159.0,191.58999633789062,151.4600067138672,400.05999755859375,176.27000427246094,490.8900146484375
2024-01-31,184.39999389648438,397.5799865722656,61.527000427246094,155.1999969482422,187.2899932861328,140.10000610351562,390.1400146484375,174.36000061035156,482.8800048828125
2024-02-01,186.86000061035156,403.7799987792969,63.027000427246094,159.27999877929688,188.86000061035156,141.16000366210938,394.7799987792969,173.72999572753906,489.20001220703125
2024-02-02,185.85000610351562,411.2200012207031,66.16000366210938,171.80999755859375,187.91000366210938,142.3800048828125,474.989990234375,174.72999572753906,494.3500061035156
2024-02-05,187.67999267578125,405.6499938964844,69.33200073242188,170.30999755859375,181.05999755859375,143.67999267578125,459.4100036621094,174.5,492.54998779296875
2024-02-06,189.3000030517578,405.489990234375,68.2229995727539,169.14999389648438,185.10000610351562,144.10000610351562,454.7200012207031,175.10000610351562,493.9800109863281
2024-02-07,189.41000366210938,414.04998779296875,70.0989990234375,170.52999877929688,187.5800018310547,145.5399932861328,469.5899963378906,175.42999267578125,498.1000061035156
2024-02-08,188.32000732421875,414.1099853515625,69.64099884033203,169.83999633789062,189.55999755859375,145.91000366210938,470.0,174.8000030517578,498.32000732421875
2024-02-09,188.85000610351562,420.54998779296875,72.13300323486328,174.4499969482422,193.57000732421875,149.0,468.1099853515625,175.00999450683594,501.20001220703125
2024-02-12,187.14999389648438,415.260009765625,72.24800109863281,172.33999633789062,188.1300048828125,147.52999877929688,468.8999938964844,175.7899932861328,500.9800109863281
2024-02-13,185.0399932861328,406.32000732421875,72.12799835205078,168.63999938964844,184.02000427246094,145.13999938964844,460.1199951171875,174.25999450683594,494.0799865722656
2024-02-14,184.14999389648438,409.489990234375,73.9000015258789,170.97999572753906,188.7100067138672,145.94000244140625,473.2799987792969,176.02999877929688,498.57000732421875
2024-02-15,183.86000061035156,406.55999755859375,72.65799713134766,169.8000030517578,200.4499969482422,142.77000427246094,484.0299987792969,179.8699951171875,502.010009765625
2024-02-16,182.30999755859375,404.05999755859375,72.61299896240234,169.50999450683594,199.9499969482422,140.52000427246094,473.32000732421875,179.02999877929688,499.510009765625
2024-02-20,181.55999755859375,402.7900085449219,69.4520034790039,167.0800018310547,193.75999450683594,141.1199951171875,471.75,179.72999572753906,496.760009765625
2024-02-21,182.32000732421875,402.17999267578125,67.47200012207031,168.58999633789062,194.77000427246094,142.5500030517578,468.0299987792969,180.89999389648438,497.2099914550781
2024-02-22,184.3699951171875,411.6499938964844,78.53800201416016,174.5800018310547,197.41000366210938,144.08999633789062,486.1300048828125,183.07000732421875,507.5
2024-02-23,182.52000427246094,410.3399963378906,78.81700134277344,174.99000549316406,191.97000122070312,143.9600067138672,484.0299987792969,183.99000549316406,507.8500061035156
2024-02-26,181.16000366210938,407.5400085449219,79.09200286865234,174.72999572753906,199.39999389648438,137.57000732421875,481.739990234375,183.36000061035156,505.989990234375
2024-02-27,182.6300048828125,407.4800109863281,78.70099639892578,173.5399932861328,199.72999572753906,138.8800048828125,487.04998779296875,183.4499969482422,506.92999267578125
2024-02-28,181.4199981689453,407.7200012207031,77.66300201416016,173.16000366210938,202.0399932861328,136.3800048828125,484.0199890136719,184.3800048828125,506.260009765625
2024-02-29,180.75,413.6400146484375,79.11199951171875,176.75999450683594,201.8800048828125,138.4600067138672,490.1300048828125,186.05999755859375,508.0799865722656
2024-03-01,179.66000366210938,415.5,82.27899932861328,178.22000122070312,202.63999938964844,137.13999938964844,502.29998779296875,185.2899932861328,512.8499755859375
2024-03-04,175.10000610351562,414.9200134277344,85.23699951171875,177.5800018310547,188.13999938964844,133.35000610351562,498.19000244140625,186.67999267578125,512.2999877929688
2024-03-05,170.1199951171875,402.6499938964844,85.96399688720703,174.1199951171875,180.74000549316406,132.6699981689453,490.2200012207031,188.5500030517578,507.17999267578125
2024-03-06,169.1199951171875,402.0899963378906,88.69999694824219,173.50999450683594,176.5399932861328,131.39999389648438,496.0899963378906,189.52999877929688,509.75
2024-03-07,169.0,409.1400146484375,92.66899871826172,176.82000732421875,178.64999389648438,134.3800048828125,512.1900024414062,187.8699951171875,514.8099975585938
2024-03-08,170.72999572753906,406.2200012207031,87.52799987792969,175.35000610351562,175.33999633789062,135.41000366210938,505.95001220703125,188.22000122070312,511.7200012207031
2024-03-11,172.75,404.5199890136719,85.77400207519531,171.9600067138672,177.77000427246094,137.6699981689453,483.5899963378906,188.2899932861328,511.2799987792969
2024-03-12,173.22999572753906,415.2799987792969,91.91300201416016,175.38999938964844,177.5399932861328,138.5,499.75,189.83999633789062,516.780029296875
2024-03-13,171.1300048828125,415.1000061035156,90.88800048828125,176.55999755859375,169.47999572753906,139.7899932861328,495.57000732421875,191.3800048828125,515.969970703125
2024-03-14,173.0,425.2200012207031,87.94400024414062,178.75,162.5,143.10000610351562,491.8299865722656,187.97000122070312,514.9500122070312
2024-03-15,172.6199951171875,416.4200134277344,87.83699798583984,174.4199981689453,163.57000732421875,141.17999267578125,484.1000061035156,190.3000030517578,509.8299865722656
2024-03-18,173.72000122070312,417.32000732421875,88.45500183105469,174.47999572753906,173.8000030517578,147.67999267578125,496.9800109863281,192.66000366210938,512.8599853515625
2024-03-19,176.0800018310547,421.4100036621094,89.39800262451172,175.89999389648438,171.32000732421875,147.02999877929688,496.239990234375,193.7899932861328,515.7100219726562
2024-03-20,178.6699981689453,425.2300109863281,90.37200164794922,178.14999389648438,175.66000366210938,148.74000549316406,505.5199890136719,196.3300018310547,520.47998046875
2024-03-21,171.3699951171875,429.3699951171875,91.43499755859375,178.14999389648438,172.82000732421875,147.60000610351562,507.760009765625,199.05999755859375,522.2000122070312
2024-03-22,172.27999877929688,428.739990234375,94.28900146484375,178.8699951171875,170.8300018310547,150.77000427246094,509.5799865722656,196.6199951171875,521.2100219726562
2024-03-25,170.85000610351562,422.8599853515625,95.00199890136719,179.7100067138672,172.6300048828125,150.07000732421875,503.0199890136719,194.82000732421875,519.77001953125
2024-03-26,169.7100067138672,421.6499938964844,92.56099700927734,178.3000030517578,177.6699981689453,150.6699981689453,495.8900146484375,195.72999572753906,518.8099975585938
2024-03-27,173.30999755859375,421.42999267578125,90.25,179.8300018310547,179.8300018310547,150.8699951171875,493.8599853515625,199.52000427246094,523.1699829101562
2024-03-28,171.47999572753906,420.7200012207031,90.35600280761719,180.3800048828125,175.7899932861328,150.92999267578125,485.5799865722656,200.3000030517578,523.0700073242188
2024-04-01,170.02999877929688,424.57000732421875,90.36299896240234,180.97000122070312,175.22000122070312,155.49000549316406,491.3500061035156,198.94000244140625,522.1599731445312
2024-04-02,168.83999633789062,421.44000244140625,89.4520034790039,180.69000244140625,166.6300048828125,154.55999755859375,497.3699951171875,198.86000061035156,518.8400268554688
2024-04-03,169.64999389648438,420.45001220703125,88.96399688720703,182.41000366210938,168.3800048828125,154.9199981689453,506.739990234375,198.3000030517578,519.4099731445312
2024-04-04,168.82000732421875,417.8800048828125,85.90499877929688,180.0,171.11000061035156,150.52999877929688,510.9200134277344,195.64999389648438,513.0700073242188
2024-04-05,169.5800018310547,425.5199890136719,88.00800323486328,185.07000732421875,164.89999389648438,152.5,527.3400268554688,197.4499969482422,518.4299926757812
2024-04-08,168.4499969482422,424.5899963378906,87.13300323486328,185.19000244140625,172.97999572753906,154.85000610351562,519.25,198.47999572753906,518.719970703125
2024-04-09,169.6699981689453,426.2799987792969,85.35399627685547,185.6699981689453,176.8800048828125,156.60000610351562,516.9000244140625,197.14999389648438,519.3200073242188
2024-04-10,167.77999877929688,423.260009765625,87.03900146484375,185.9499969482422,171.75999450683594,156.13999938964844,519.8300170898438,195.47000122070312,514.1199951171875
2024-04-11,175.0399932861328,427.92999267578125,90.61599731445312,189.0500030517578,174.60000610351562,159.41000366210938,523.1599731445312,195.42999267578125,518.0
2024-04-12,176.5500030517578,421.8999938964844,88.18599700927734,186.1300048828125,171.0500030517578,157.72999572753906,511.8999938964844,182.7899932861328,510.8500061035156
2024-04-15,172.69000244140625,413.6400146484375,86.0009994506836,183.6199951171875,161.47999572753906,154.86000061035156,500.2300109863281,182.88999938964844,504.45001220703125
2024-04-16,169.3800048828125,414.5799865722656,87.41500091552734,183.32000732421875,157.11000061035156,154.39999389648438,499.760009765625,180.8000030517578,503.5299987792969
2024-04-17,168.0,411.8399963378906,84.03500366210938,181.27999877929688,155.4499969482422,155.47000122070312,494.1700134277344,180.0800018310547,500.54998779296875
2024-04-18,167.0399932861328,404.2699890136719,84.6709976196289,179.22000122070312,149.92999267578125,156.00999450683594,501.79998779296875,181.25,499.5199890136719
2024-04-19,165.0,399.1199951171875,76.19999694824219,174.6300048828125,147.0500030517578,154.08999633789062,481.07000732421875,185.8000030517578,495.1600036621094
2024-04-22,165.83999633789062,400.9599914550781,79.51799774169922,177.22999572753906,142.0500030517578,156.27999877929688,481.7300109863281,189.41000366210938,499.7200012207031
2024-04-23,166.89999389648438,407.57000732421875,82.4229965209961,179.5399932861328,144.67999267578125,158.25999450683594,496.1000061035156,192.13999938964844,505.6499938964844
2024-04-24,169.02000427246094,409.05999755859375,79.677001953125,176.58999633789062,162.1300048828125,159.1300048828125,493.5,193.0800018310547,505.4100036621094
2024-04-25,169.88999938964844,399.0400085449219,82.63200378417969,173.6699981689453,170.17999267578125,156.0,441.3800048828125,193.3699951171875,503.489990234375
2024-04-26,169.3000030517578,406.32000732421875,87.73500061035156,179.6199951171875,168.2899932861328,171.9499969482422,443.2900085449219,193.49000549316406,508.260009765625
2024-04-29,173.5,402.25,87.75700378417969,180.9600067138672,194.0500030517578,166.14999389648438,432.6199951171875,193.27999877929688,510.05999755859375
2024-04-30,170.3300018310547,389.3299865722656,86.4020004272461,175.0,183.27999877929688,162.77999877929688,430.1700134277344,191.74000549316406,501.9800109863281
2024-05-01,169.3000030517578,394.94000244140625,83.04100036621094,179.0,179.99000549316406,163.86000061035156,439.19000244140625,191.86000061035156,500.3500061035156
2024-05-02,173.02999877929688,397.8399963378906,85.81700134277344,184.72000122070312,180.00999450683594,166.6199951171875,441.67999267578125,191.66000366210938,505.0299987792969
2024-05-03,183.3800048828125,406.6600036621094,88.78900146484375,186.2100067138672,181.19000244140625,167.24000549316406,451.9599914550781,190.50999450683594,511.2900085449219
2024-05-06,181.7100067138672,413.5400085449219,92.13999938964844,188.6999969482422,184.75999450683594,168.10000610351562,465.67999267578125,192.0,516.5700073242188
2024-05-07,182.39999389648438,409.3399963378906,90.55400085449219,188.75999450683594,177.80999755859375,171.25,468.239990234375,191.75,517.1400146484375
2024-05-08,182.74000549316406,410.5400085449219,90.41200256347656,188.0,174.72000122070312,169.3800048828125,472.6000061035156,195.64999389648438,517.1900024414062
2024-05-09,184.57000732421875,412.32000732421875,88.74700164794922,189.5,171.97000122070312,169.9600067138672,475.4200134277344,197.5,520.1699829101562
2024-05-10,183.0500030517578,414.739990234375,89.87799835205078,187.47999572753906,168.47000122070312,168.64999389648438,476.20001220703125,198.77000427246094,520.8400268554688
2024-05-13,186.27999877929688,413.7200012207031,90.39900207519531,186.57000732421875,171.88999938964844,169.13999938964844,468.010009765625,198.72999572753906,520.9099731445312
2024-05-14,187.42999267578125,416.55999755859375,91.35600280761719,187.07000732421875,177.5500030517578,170.33999633789062,471.8500061035156,201.50999450683594,523.2999877929688
2024-05-15,189.72000122070312,423.0799865722656,94.62999725341797,185.99000549316406,173.99000549316406,172.50999450683594,481.5400085449219,202.11000061035156,529.780029296875
2024-05-16,189.83999633789062,420.989990234375,94.35900115966797,183.6300048828125,174.83999633789062,174.17999267578125,473.2300109863281,202.47000122070312,528.6900024414062
2024-05-17,189.8699951171875,420.2099914550781,92.47899627685547,184.6999969482422,177.4600067138672,176.05999755859375,471.9100036621094,204.7899932861328,529.4500122070312
2024-05-20,191.0399932861328,425.3399963378906,94.77999877929688,183.5399932861328,174.9499969482422,176.9199981689453,468.8399963378906,195.5800018310547,530.0599975585938
2024-05-21,192.35000610351562,429.0400085449219,95.38600158691406,183.14999389648438,186.60000610351562,177.85000610351562,464.6300048828125,199.52000427246094,531.3599853515625
2024-05-22,190.89999389648438,430.5199890136719,94.94999694824219,183.1300048828125,180.11000061035156,176.3800048828125,467.7799987792969,198.30999755859375,529.8300170898438
2024-05-23,186.8800048828125,427.0,103.79900360107422,181.0500030517578,173.74000549316406,173.5500030517578,465.7799987792969,196.9199981689453,525.9600219726562
2024-05-24,189.97999572753906,430.1600036621094,106.46900177001953,180.75,179.24000549316406,174.99000549316406,478.2200012207031,200.7100067138672,529.4400024414062
2024-05-28,189.99000549316406,430.32000732421875,113.9010009765625,182.14999389648438,176.75,176.39999389648438,479.9200134277344,199.5,529.8099975585938
2024-05-29,190.2899932861328,429.1700134277344,114.82499694824219,182.02000427246094,176.19000244140625,175.89999389648438,474.3599853515625,198.11000061035156,526.0999755859375
2024-05-30,191.2899932861328,414.6700134277344,110.5,179.32000732421875,178.7899932861328,172.11000061035156,467.04998779296875,199.3300018310547,522.6099853515625
2024-05-31,192.25,415.1300048828125,109.63300323486328,176.44000244140625,178.0800018310547,172.5,466.8299865722656,202.6300048828125,527.3699951171875
2024-06-03,194.02999877929688,413.5199890136719,115.0,178.33999633789062,176.2899932861328,173.1699981689453,477.489990234375,201.82000732421875,527.7999877929688
2024-06-04,194.35000610351562,416.07000732421875,116.43699645996094,179.33999633789062,174.77000427246094,173.7899932861328,476.989990234375,199.16000366210938,528.3900146484375
2024-06-05,195.8699951171875,424.010009765625,122.44000244140625,181.27999877929688,175.0,175.41000366210938,495.05999755859375,197.25999450683594,534.6699829101562
2024-06-06,194.47999572753906,424.5199890136719,120.99800109863281,185.0,177.94000244140625,176.72999572753906,493.760009765625,196.91000366210938,534.6599731445312
2024-06-07,196.88999938964844,423.8500061035156,120.88800048828125,184.3000030517578,177.47999572753906,174.4600067138672,492.9599914550781,199.9499969482422,534.010009765625
2024-06-10,193.1199951171875,427.8699951171875,121.79000091552734,187.05999755859375,173.7899932861328,175.00999450683594,502.6000061035156,199.61000061035156,535.6599731445312
2024-06-11,207.14999389648438,432.67999267578125,120.91000366210938,187.22999572753906,170.66000366210938,176.6199951171875,507.4700012207031,194.36000061035156,536.9500122070312
2024-06-12,213.07000732421875,441.05999755859375,125.19999694824219,186.88999938964844,177.2899932861328,177.7899932861328,508.8399963378906,191.52999877929688,541.3599853515625
2024-06-13,214.24000549316406,441.5799865722656,129.61000061035156,183.8300018310547,182.47000122070312,175.16000366210938,504.1000061035156,193.66000366210938,542.4500122070312
2024-06-14,212.49000549316406,442.57000732421875,131.8800048828125,183.66000366210938,178.00999450683594,176.7899932861328,504.1600036621094,193.77999877929688,542.780029296875
2024-06-17,216.6699981689453,448.3699951171875,130.97999572753906,184.05999755859375,187.44000244140625,177.24000549316406,506.6300048828125,194.97999572753906,547.0999755859375
2024-06-18,214.2899932861328,446.3399963378906,135.5800018310547,182.80999755859375,184.86000061035156,175.08999633789062,499.489990234375,197.0,548.489990234375
2024-06-20,209.67999267578125,445.70001220703125,130.77999877929688,186.10000610351562,181.57000732421875,176.3000030517578,501.70001220703125,198.6699981689453,547.0
2024-06-21,207.49000549316406,449.7799987792969,126.56999969482422,189.0800018310547,183.00999450683594,179.6300048828125,494.7799987792969,196.3000030517578,544.510009765625
2024-06-24,208.13999938964844,447.6700134277344,118.11000061035156,185.57000732421875,182.5800018310547,179.22000122070312,498.9100036621094,198.8800048828125,542.739990234375
2024-06-25,209.07000732421875,450.95001220703125,126.08999633789062,186.33999633789062,187.35000610351562,184.02999877929688,510.6000061035156,198.07000732421875,544.8300170898438
2024-06-26,213.25,452.1600036621094,126.4000015258789,193.61000061035156,196.3699951171875,183.8800048828125,513.1199951171875,197.42999267578125,545.510009765625
2024-06-27,214.10000610351562,452.8500061035156,123.98999786376953,197.85000610351562,197.4199981689453,185.41000366210938,519.5599975585938,199.1699981689453,546.3699951171875
2024-06-28,210.6199951171875,446.95001220703125,123.54000091552734,193.25,197.8800048828125,182.14999389648438,504.2200012207031,202.25999450683594,544.219970703125
2024-07-01,216.75,456.7300109863281,124.30000305175781,197.1999969482422,209.86000061035156,182.99000549316406,504.67999267578125,205.4499969482422,545.3400268554688
2024-07-02,220.27000427246094,459.2799987792969,122.66999816894531,200.0,231.25999450683594,185.24000549316406,509.5,208.8300018310547,549.010009765625
2024-07-03,221.5500030517578,460.7699890136719,128.27999877929688,197.58999633789062,246.38999938964844,185.82000732421875,509.9599914550781,208.69000244140625,551.4600219726562
2024-07-05,226.33999633789062,467.55999755859375,125.83000183105469,200.0,251.52000427246094,190.60000610351562,539.9099731445312,204.7899932861328,554.6400146484375
2024-07-08,227.82000732421875,466.239990234375,128.1999969482422,199.2899932861328,252.94000244140625,189.02999877929688,529.3200073242188,205.1699981689453,555.280029296875
2024-07-09,228.67999267578125,459.5400085449219,131.3800048828125,199.33999633789062,262.3299865722656,188.97999572753906,530.0,207.6300048828125,555.8200073242188
2024-07-10,232.97999572753906,466.25,134.91000366210938,199.7899932861328,263.260009765625,191.17999267578125,534.6900024414062,207.8000030517578,561.3200073242188
2024-07-11,227.57000732421875,454.70001220703125,127.4000015258789,195.0500030517578,241.02999877929688,185.57000732421875,512.7000122070312,207.4499969482422,556.47998046875
2024-07-12,230.5399932861328,453.54998779296875,129.24000549316406,194.49000549316406,248.22999572753906,185.07000732421875,498.8699951171875,204.94000244140625,559.989990234375
2024-07-15,234.39999389648438,453.9599914550781,128.44000244140625,192.72000122070312,252.63999938964844,186.52999877929688,496.1600036621094,210.0500030517578,561.530029296875
2024-07-16,234.82000732421875,449.5199890136719,126.36000061035156,193.02000427246094,256.55999755859375,183.9199981689453,489.7900085449219,213.6199951171875,564.8599853515625
2024-07-17,228.8800048828125,443.5199890136719,117.98999786376953,187.92999267578125,248.5,181.02000427246094,461.989990234375,216.8699951171875,556.9400024414062
2024-07-18,224.17999267578125,440.3699951171875,121.08999633789062,183.75,249.22999572753906,177.69000244140625,475.8500061035156,209.97999572753906,552.6599731445312
2024-07-19,224.30999755859375,437.1099853515625,117.93000030517578,183.1300048828125,239.1999969482422,177.66000366210938,476.7900085449219,209.77999877929688,548.989990234375
2024-07-22,223.9600067138672,442.94000244140625,123.54000091552734,182.5500030517578,251.50999450683594,181.6699981689453,487.3999938964844,210.27999877929688,554.6500244140625
2024-07-23,225.00999450683594,444.8500061035156,122.58999633789062,186.41000366210938,246.3800048828125,181.7899932861328,488.69000244140625,210.3300018310547,553.780029296875
2024-07-24,218.5399932861328,428.8999938964844,114.25,180.8300018310547,215.99000549316406,172.6300048828125,461.2699890136719,208.58999633789062,541.22998046875
2024-07-25,217.49000549316406,418.3999938964844,112.27999877929688,179.85000610351562,220.25,167.27999877929688,453.4100036621094,208.6699981689453,538.4099731445312
2024-07-26,217.9600067138672,425.2699890136719,113.05999755859375,182.5,219.8000030517578,167.0,465.70001220703125,212.24000549316406,544.4400024414062
2024-07-29,218.24000549316406,426.7300109863281,111.58999633789062,183.1999969482422,232.10000610351562,169.52999877929688,465.7099914550781,210.85000610351562,544.760009765625
2024-07-30,218.8000030517578,422.9200134277344,103.7300033569336,181.7100067138672,222.6199951171875,170.2899932861328,463.19000244140625,215.19000244140625,542.0
2024-07-31,222.0800018310547,418.3500061035156,117.0199966430664,186.97999572753906,232.07000732421875,171.5399932861328,474.8299865722656,212.8000030517578,550.8099975585938
2024-08-01,218.36000061035156,417.1099853515625,109.20999908447266,184.07000732421875,216.86000061035156,170.75999450683594,497.739990234375,207.9600067138672,543.010009765625
2024-08-02,219.86000061035156,408.489990234375,107.2699966430664,167.89999389648438,207.6699981689453,166.66000366210938,488.1400146484375,199.13999938964844,532.9000244140625
2024-08-05,209.27000427246094,395.1499938964844,100.44999694824219,161.02000427246094,198.8800048828125,159.25,475.7300109863281,194.89999389648438,517.3800048828125
2024-08-06,207.22999572753906,399.6099853515625,104.25,161.92999267578125,200.63999938964844,158.2899932861328,494.0899963378906,200.33999633789062,522.1500244140625
2024-08-07,209.82000732421875,398.42999267578125,98.91000366210938,162.77000427246094,191.75999450683594,158.94000244140625,488.9200134277344,200.39999389648438,518.6599731445312
2024-08-08,213.30999755859375,402.69000244140625,104.97000122070312,165.8000030517578,198.83999633789062,162.02999877929688,509.6300048828125,204.05999755859375,530.6500244140625
2024-08-09,216.24000549316406,406.0199890136719,104.75,166.94000244140625,200.0,163.6699981689453,517.77001953125,205.8000030517578,532.989990234375
2024-08-12,217.52999877929688,406.80999755859375,109.0199966430664,166.8000030517578,197.49000549316406,162.2899932861328,515.9500122070312,206.19000244140625,533.27001953125
2024-08-13,221.27000427246094,414.010009765625,116.13999938964844,170.22999572753906,207.8300018310547,164.16000366210938,528.5399780273438,207.94000244140625,542.0399780273438
2024-08-14,221.72000122070312,416.8599853515625,118.08000183105469,170.10000610351562,201.3800048828125,160.3699951171875,526.760009765625,210.24000549316406,543.75
2024-08-15,224.72000122070312,421.0299987792969,122.86000061035156,177.58999633789062,214.13999938964844,161.3000030517578,537.3300170898438,211.5500030517578,553.0700073242188
2024-08-16,226.0500030517578,418.4700012207031,124.58000183105469,177.05999755859375,216.1199951171875,162.9600067138672,527.4199829101562,213.97000122070312,554.3099975585938
2024-08-19,225.88999938964844,421.5299987792969,130.0,178.22000122070312,222.72000122070312,166.6699981689453,529.280029296875,215.4499969482422,559.6099853515625
2024-08-20,226.50999450683594,424.79998779296875,127.25,178.8800048828125,221.10000610351562,167.17999267578125,526.72998046875,214.52000427246094,558.7000122070312
2024-08-21,226.39999389648438,424.1400146484375,128.5,180.11000061035156,223.27000427246094,165.85000610351562,535.1599731445312,214.60000610351562,560.6199951171875
2024-08-22,224.52999877929688,415.54998779296875,123.73999786376953,176.1300048828125,210.66000366210938,163.8000030517578,531.9299926757812,216.6300048828125,556.219970703125
2024-08-23,226.83999633789062,416.7900085449219,129.3699951171875,177.0399932861328,220.32000732421875,165.6199951171875,528.0,218.30999755859375,562.1300048828125
2024-08-26,227.17999267578125,413.489990234375,126.45999908447266,175.5,213.2100067138672,166.16000366210938,521.1199951171875,219.1699981689453,560.7899780273438
2024-08-27,228.02999877929688,413.8399963378906,128.3000030517578,173.1199951171875,209.2100067138672,164.67999267578125,519.0999755859375,220.17999267578125,561.5599975585938
2024-08-28,226.49000549316406,410.6000061035156,125.61000061035156,170.8000030517578,205.75,162.85000610351562,516.780029296875,221.2899932861328,558.2999877929688
2024-08-29,229.7899932861328,413.1199951171875,117.58999633789062,172.1199951171875,206.27999877929688,161.77999877929688,518.219970703125,222.2100067138672,558.3499755859375
2024-08-30,229.0,417.1400146484375,119.37000274658203,178.5,214.11000061035156,163.3800048828125,521.3099975585938,224.8000030517578,563.6799926757812
2024-09-03,222.77000427246094,409.44000244140625,108.0,176.25,210.60000610351562,157.36000061035156,511.760009765625,220.3000030517578,552.0800170898438
2024-09-04,220.85000610351562,408.8999938964844,106.20999908447266,173.3300018310547,219.41000366210938,156.4499969482422,512.739990234375,219.3300018310547,550.9500122070312
2024-09-05,222.3800048828125,408.3900146484375,107.20999908447266,177.88999938964844,230.1699981689453,157.24000549316406,516.8599853515625,217.6300048828125,549.6099853515625
2024-09-06,220.82000732421875,401.70001220703125,102.83000183105469,171.38999938964844,210.72999572753906,150.9199981689453,500.2699890136719,212.4600067138672,540.3599853515625
2024-09-09,220.91000366210938,405.7200012207031,106.47000122070312,175.39999389648438,216.27000427246094,148.7100067138672,504.7900085449219,216.80999755859375,546.4099731445312
2024-09-10,220.11000061035156,414.20001220703125,108.0999984741211,179.5500030517578,226.1699981689453,148.66000366210938,504.7900085449219,205.55999755859375,548.7899780273438
2024-09-11,222.66000366210938,423.0400085449219,116.91000366210938,184.52000427246094,228.1300048828125,151.16000366210938,511.8299865722656,207.22999572753906,554.4199829101562
2024-09-12,222.77000427246094,427.0,119.13999938964844,187.0,229.80999755859375,154.69000244140625,525.5999755859375,206.60000610351562,559.0900268554688
2024-09-13,222.5,430.5899963378906,119.0999984741211,186.49000549316406,230.2899932861328,157.4600067138672,524.6199951171875,204.32000732421875,562.010009765625
2024-09-16,216.32000732421875,431.3399963378906,116.77999877929688,184.88999938964844,226.77999877929688,158.05999755859375,533.280029296875,207.86000061035156,562.8400268554688
2024-09-17,216.7899932861328,435.1499938964844,115.58999633789062,186.8800048828125,227.8699951171875,159.32000732421875,536.3200073242188,209.25,563.0700073242188
2024-09-18,220.69000244140625,430.80999755859375,113.37000274658203,186.42999267578125,227.1999969482422,159.80999755859375,537.9500122070312,207.52999877929688,561.4000244140625
2024-09-19,228.8699951171875,438.69000244140625,117.87000274658203,189.8699951171875,243.9199981689453,162.13999938964844,559.0999755859375,210.47999572753906,570.97998046875
2024-09-20,228.1999969482422,435.2699890136719,116.0,191.60000610351562,238.25,163.58999633789062,561.3499755859375,211.08999633789062,568.25
2024-09-23,226.47000122070312,433.510009765625,116.26000213623047,193.8800048828125,250.0,161.85000610351562,564.4099731445312,211.44000244140625,569.6699829101562
2024-09-24,227.3699951171875,429.1700134277344,120.87000274658203,193.9600067138672,254.27000427246094,162.2899932861328,563.3300170898438,211.58999633789062,571.2999877929688
2024-09-25,226.3699951171875,432.1099853515625,123.51000213623047,192.52999877929688,257.0199890136719,161.49000549316406,568.3099975585938,210.19000244140625,570.0399780273438
2024-09-26,227.52000427246094,431.30999755859375,124.04000091552734,191.16000366210938,254.22000122070312,162.72999572753906,567.8400268554688,209.77999877929688,572.2999877929688
2024-09-27,227.7899932861328,428.0199890136719,121.4000015258789,187.97000122070312,260.4599914550781,163.9499969482422,567.3599853515625,210.5,571.469970703125
2024-09-30,233.0,430.29998779296875,121.44000244140625,186.3300018310547,261.6300048828125,165.85000610351562,572.4400024414062,210.86000061035156,573.760009765625
2024-10-01,226.2100067138672,420.69000244140625,117.0,185.1300048828125,258.0199890136719,166.99000549316406,576.469970703125,207.0399932861328,568.6199951171875
2024-10-02,226.77999877929688,417.1300048828125,118.8499984741211,184.75999450683594,249.02000427246094,165.86000061035156,572.8099975585938,207.2899932861328,568.8599853515625
2024-10-03,225.6699981689453,416.5400085449219,122.8499984741211,181.9600067138672,240.66000366210938,165.86000061035156,582.77001953125,205.22999572753906,567.8200073242188
2024-10-04,226.8000030517578,416.05999755859375,124.91999816894531,186.50999450683594,250.0800018310547,167.05999755859375,595.9400024414062,211.22000122070312,572.97998046875
2024-10-07,221.69000244140625,409.5400085449219,127.72000122070312,180.8000030517578,240.8300018310547,162.97999572753906,584.780029296875,210.92999267578125,567.7999877929688
2024-10-08,225.77000427246094,414.7099914550781,132.88999938964844,182.72000122070312,244.5,164.3800048828125,592.8900146484375,210.75,573.1699829101562
2024-10-09,229.5399932861328,417.4599914550781,132.64999389648438,185.1699981689453,241.0500030517578,161.86000061035156,590.510009765625,213.4199981689453,577.1400146484375
2024-10-10,229.0399932861328,415.8399963378906,134.80999755859375,186.64999389648438,238.77000427246094,162.0800018310547,583.8300170898438,212.83999633789062,576.1300048828125
2024-10-11,227.5500030517578,416.32000732421875,134.8000030517578,188.82000732421875,217.8000030517578,163.24000549316406,589.9500122070312,222.2899932861328,579.5800170898438
2024-10-14,231.3000030517578,419.1400146484375,138.07000732421875,187.5399932861328,219.16000366210938,164.9600067138672,590.4199829101562,221.47999572753906,584.3200073242188
2024-10-15,233.85000610351562,418.739990234375,131.60000610351562,187.69000244140625,219.57000732421875,165.4600067138672,586.27001953125,222.38999938964844,579.780029296875
2024-10-16,231.77999877929688,416.1199951171875,135.72000122070312,186.88999938964844,221.3300018310547,165.16000366210938,576.7899780273438,223.63999938964844,582.2999877929688
2024-10-17,232.14999389648438,416.7200012207031,136.92999267578125,187.52999877929688,220.88999938964844,162.92999267578125,576.9299926757812,224.4199981689453,582.3499755859375
2024-10-18,235.0,418.1600036621094,138.0,188.99000549316406,220.6999969482422,163.4199981689453,576.469970703125,225.3699951171875,584.5900268554688
2024-10-21,236.47999572753906,418.7799987792969,143.7100067138672,189.07000732421875,218.85000610351562,164.07000732421875,575.1599731445312,223.0,583.6300048828125
2024-10-22,235.86000061035156,427.510009765625,143.58999633789062,189.6999969482422,217.97000122070312,165.13999938964844,582.010009765625,224.1199951171875,583.3200073242188
2024-10-23,230.75999450683594,424.6000061035156,139.55999755859375,184.7100067138672,213.64999389648438,162.77999877929688,563.6900024414062,223.41000366210938,577.989990234375
2024-10-24,230.57000732421875,424.7300109863281,140.41000366210938,186.3800048828125,260.4800109863281,162.72000122070312,567.780029296875,224.97999572753906,579.239990234375
2024-10-25,231.41000366210938,428.1499938964844,141.5399932861328,187.8300018310547,269.19000244140625,165.27000427246094,573.25,222.30999755859375,579.0399780273438
2024-10-28,233.39999389648438,426.5899963378906,140.52000427246094,188.38999938964844,262.510009765625,166.72000122070312,578.1599731445312,225.5,580.8300170898438
2024-10-29,233.6699981689453,431.95001220703125,141.25,190.8300018310547,259.5199890136719,169.67999267578125,593.280029296875,222.89999389648438,581.77001953125
2024-10-30,230.10000610351562,432.5299987792969,139.33999633789062,192.72999572753906,257.54998779296875,174.4600067138672,591.7999877929688,224.41000366210938,580.010009765625
2024-10-31,225.91000366210938,406.3500061035156,132.75999450683594,186.39999389648438,249.85000610351562,171.11000061035156,567.5800170898438,221.9199981689453,568.6400146484375
2024-11-01,222.91000366210938,410.3699951171875,135.39999389648438,197.92999267578125,248.97999572753906,171.2899932861328,567.1599731445312,222.94000244140625,571.0399780273438
2024-11-04,222.00999450683594,408.4599914550781,136.0500030517578,195.77999877929688,242.83999633789062,169.24000549316406,560.6799926757812,219.77999877929688,569.8099975585938
2024-11-05,223.4499969482422,411.4599914550781,139.91000366210938,199.5,251.44000244140625,169.74000549316406,572.4299926757812,221.49000549316406,576.7000122070312
2024-11-06,222.72000122070312,420.17999267578125,145.61000061035156,207.08999633789062,288.5299987792969,176.50999450683594,572.0499877929688,247.05999755859375,591.0399780273438
2024-11-07,227.47999572753906,425.42999267578125,148.8800048828125,210.0500030517578,296.9100036621094,180.75,591.7000122070312,236.3800048828125,595.6099853515625
2024-11-08,226.9600067138672,422.5400085449219,147.6300048828125,208.17999267578125,321.2200012207031,178.35000610351562,589.3400268554688,236.97999572753906,598.1900024414062
2024-11-11,224.22999572753906,418.010009765625,145.25999450683594,206.83999633789062,350.0,180.35000610351562,583.1699829101562,239.2899932861328,598.760009765625
2024-11-12,224.22999572753906,423.0299987792969,148.2899932861328,208.91000366210938,328.489990234375,181.6199951171875,584.8200073242188,239.55999755859375,596.9000244140625
2024-11-13,225.1199951171875,425.20001220703125,146.27000427246094,214.10000610351562,330.239990234375,178.8800048828125,580.0,241.16000366210938,597.1900024414062
2024-11-14,228.22000122070312,426.8900146484375,146.75999450683594,211.47999572753906,311.17999267578125,175.5800018310547,577.1599731445312,241.8699951171875,593.3499755859375
2024-11-15,225.0,415.0,141.97999572753906,202.61000061035156,320.7200012207031,172.49000549316406,554.0800170898438,245.30999755859375,585.75
2024-11-18,228.02000427246094,415.760009765625,140.14999389648438,201.6999969482422,338.739990234375,175.3000030517578,554.4000244140625,245.02999877929688,588.1500244140625
2024-11-19,228.27999877929688,417.7900085449219,147.00999450683594,204.61000061035156,346.0,178.1199951171875,561.0900268554688,243.08999633789062,590.2999877929688
2024-11-20,229.0,415.489990234375,145.88999938964844,202.8800048828125,342.0299987792969,175.97999572753906,565.52001953125,240.77999877929688,590.5
2024-11-21,228.52000427246094,412.8699951171875,146.6699981689453,198.3800048828125,339.6400146484375,167.6300048828125,563.0900268554688,244.75999450683594,593.6699829101562
2024-11-22,229.8699951171875,417.0,141.9499969482422,197.1199951171875,352.55999755859375,164.75999450683594,559.1400146484375,248.5500030517578,595.510009765625
2024-11-25,232.8699951171875,418.7900085449219,136.02000427246094,201.4499969482422,338.5899963378906,167.64999389648438,565.1099853515625,250.2899932861328,597.530029296875
2024-11-26,235.05999755859375,427.989990234375,136.9199981689453,207.86000061035156,338.2300109863281,169.1199951171875,573.5399780273438,249.97000122070312,600.6500244140625
2024-11-27,234.92999267578125,422.989990234375,135.33999633789062,205.74000549316406,332.8900146484375,169.22999572753906,569.2000122070312,249.7899932861328,598.8300170898438
2024-11-29,237.3300018310547,423.4599914550781,138.25,207.88999938964844,345.1600036621094,168.9499969482422,574.3200073242188,249.72000122070312,602.5499877929688
2024-12-02,239.58999633789062,430.9800109863281,138.6300048828125,210.7100067138672,357.0899963378906,171.49000549316406,592.8300170898438,246.25,603.6300048828125
2024-12-03,242.64999389648438,431.20001220703125,140.25999450683594,213.44000244140625,351.4200134277344,171.33999633789062,613.6500244140625,244.82000732421875,603.9099731445312
2024-12-04,243.00999450683594,437.4200134277344,145.13999938964844,218.16000366210938,357.92999267578125,174.3699951171875,613.780029296875,243.39999389648438,607.6599731445312
2024-12-05,243.0399932861328,442.6199951171875,145.05999755859375,220.5500030517578,369.489990234375,172.63999938964844,608.9299926757812,245.47999572753906,606.6599731445312
2024-12-06,242.83999633789062,443.57000732421875,142.44000244140625,227.02999877929688,389.2200012207031,174.7100067138672,623.77001953125,247.36000061035156,607.8099975585938
2024-12-09,246.75,446.0199890136719,138.80999755859375,226.08999633789062,389.7900085449219,175.3699951171875,613.5700073242188,243.80999755859375,604.6799926757812
2024-12-10,247.77000427246094,443.3299865722656,135.07000732421875,225.0399932861328,400.989990234375,185.1699981689453,619.3200073242188,242.86000061035156,602.7999877929688
2024-12-11,246.49000549316406,448.989990234375,139.30999755859375,230.25999450683594,424.7699890136719,195.39999389648438,632.6799926757812,243.52999877929688,607.4600219726562
2024-12-12,247.9600067138672,449.55999755859375,137.33999633789062,228.97000122070312,418.1000061035156,191.9600067138672,630.7899780273438,241.52999877929688,604.3300170898438
2024-12-13,248.1300048828125,447.2699890136719,134.25,227.4600067138672,436.2300109863281,189.82000732421875,620.3499755859375,239.94000244140625,604.2100219726562
2024-12-16,251.0399932861328,451.5899963378906,132.0,232.92999267578125,463.0199890136719,196.66000366210938,624.239990234375,239.5800018310547,606.7899780273438
2024-12-17,253.47999572753906,454.4599914550781,130.38999938964844,231.14999389648438,479.8599853515625,195.4199981689453,619.4400024414062,238.36000061035156,604.2899780273438
2024-12-18,248.0500030517578,437.3900146484375,128.91000366210938,220.52000427246094,440.1300048828125,188.39999389648438,597.1900024414062,230.3699951171875,586.280029296875
2024-12-19,249.7899932861328,437.0299987792969,130.67999267578125,223.2899932861328,436.1700134277344,188.50999450683594,595.5700073242188,232.9600067138672,586.0999755859375
2024-12-20,254.49000549316406,436.6000061035156,134.6999969482422,224.9199981689453,421.05999755859375,191.41000366210938,585.25,237.60000610351562,591.1500244140625
2024-12-23,255.27000427246094,435.25,139.6699981689453,225.05999755859375,430.6000061035156,194.6300048828125,599.8499755859375,238.38999938964844,594.6900024414062
2024-12-24,258.20001220703125,439.3299865722656,140.22000122070312,229.0500030517578,462.2799987792969,196.11000061035156,607.75,242.30999755859375,601.2999877929688
2024-12-26,259.0199890136719,438.1099853515625,139.92999267578125,227.0500030517578,454.1300048828125,195.60000610351562,603.3499755859375,243.13999938964844,601.3400268554688
2024-12-27,255.58999633789062,430.5299987792969,137.00999450683594,223.75,431.6600036621094,192.75999450683594,599.8099975585938,241.1699981689453,595.010009765625
2024-12-30,252.1999969482422,424.8299865722656,137.49000549316406,221.3000030517578,417.4100036621094,191.24000549316406,591.239990234375,239.32000732421875,588.219970703125
2024-12-31,250.4199981689453,421.5,134.2899932861328,219.38999938964844,403.8399963378906,189.3000030517578,585.510009765625,239.7100067138672,586.0800170898438
2025-01-02,243.85000610351562,418.5799865722656,138.30999755859375,220.22000122070312,379.2799987792969,189.42999267578125,599.239990234375,240.0,584.6400146484375
2025-01-03,243.36000061035156,423.3500061035156,144.47000122070312,224.19000244140625,410.44000244140625,191.7899932861328,604.6300048828125,243.27999877929688,591.9500122070312
2025-01-06,245.0,427.8500061035156,149.42999267578125,227.61000061035156,411.04998779296875,196.8699951171875,630.2000122070312,240.85000610351562,595.3599853515625
2025-01-07,242.2100067138672,422.3699951171875,140.13999938964844,222.11000061035156,394.3599853515625,195.49000549316406,617.8900146484375,243.1699981689453,588.6300048828125
2025-01-08,242.6999969482422,424.55999755859375,140.11000061035156,222.1300048828125,394.94000244140625,193.9499969482422,610.719970703125,243.1300048828125,589.489990234375
2025-01-10,236.85000610351562,418.95001220703125,135.91000366210938,218.94000244140625,394.739990234375,192.0399932861328,615.8599853515625,239.8699951171875,580.489990234375
2025-01-13,234.39999389648438,417.19000244140625,133.22999572753906,218.4600067138672,403.30999755859375,191.00999450683594,608.3300170898438,244.2100067138672,581.3900146484375
2025-01-14,233.27999877929688,415.6700134277344,131.75999450683594,217.75999450683594,396.3599853515625,189.66000366210938,594.25,247.47000122070312,582.1900024414062
2025-01-15,237.8699951171875,426.30999755859375,136.24000549316406,223.35000610351562,428.2200012207031,195.5500030517578,617.1199951171875,252.35000610351562,592.780029296875
2025-01-16,228.25999450683594,424.5799865722656,133.57000732421875,220.66000366210938,413.82000732421875,192.91000366210938,611.2999877929688,254.27000427246094,591.6400146484375
2025-01-17,229.97999572753906,429.0299987792969,137.7100067138672,225.94000244140625,426.5,196.0,612.77001953125,259.1600036621094,597.5800170898438
2025-01-21,222.63999938964844,428.5,140.8300018310547,230.7100067138672,424.07000732421875,198.0500030517578,616.4600219726562,263.0299987792969,603.0499877929688
2025-01-22,223.8300018310547,446.20001220703125,147.07000732421875,235.00999450683594,415.1099853515625,198.3699951171875,623.5,262.8399963378906,606.4400024414062
2025-01-23,223.66000366210938,446.7099914550781,147.22000122070312,235.4199981689453,412.3800048828125,197.97999572753906,636.4500122070312,265.95001220703125,609.75
2025-01-24,222.77999877929688,444.05999755859375,142.6199951171875,234.85000610351562,406.5799865722656,200.2100067138672,647.489990234375,264.8399963378906,607.969970703125
2025-01-27,229.86000061035156,434.55999755859375,118.41999816894531,235.4199981689453,397.1499938964844,191.80999755859375,659.8800048828125,265.8500061035156,599.3699951171875
2025-01-28,238.25999450683594,447.20001220703125,128.99000549316406,238.14999389648438,398.0899963378906,195.3000030517578,674.3300170898438,267.1400146484375,604.52001953125
2025-01-29,239.36000061035156,442.3299865722656,123.69999694824219,237.07000732421875,389.1000061035156,195.41000366210938,676.489990234375,266.5799865722656,601.8099975585938
2025-01-30,237.58999633789062,414.989990234375,124.6500015258789,234.63999938964844,400.2799987792969,200.8699951171875,687.0,268.2300109863281,605.0399780273438
2025-01-31,236.0,415.05999755859375,120.06999969482422,237.67999267578125,404.6000061035156,204.02000427246094,689.1799926757812,267.29998779296875,601.8200073242188
2025-02-03,228.00999450683594,410.9200134277344,116.66000366210938,237.4199981689453,383.67999267578125,201.22999572753906,697.4600219726562,266.80999755859375,597.77001953125
2025-02-04,232.8000030517578,412.3699951171875,118.6500015258789,242.05999755859375,392.2099914550781,206.3800048828125,704.1900024414062,267.94000244140625,601.780029296875
2025-02-05,232.47000122070312,413.2900085449219,124.83000183105469,236.1699981689453,378.1700134277344,191.3300018310547,704.8699951171875,270.42999267578125,604.219970703125
2025-02-06,233.22000122070312,415.82000732421875,128.67999267578125,238.8300018310547,374.32000732421875,191.60000610351562,711.989990234375,276.8999938964844,606.3200073242188
2025-02-07,227.6300048828125,409.75,129.83999633789062,229.14999389648438,361.6199951171875,185.33999633789062,714.52001953125,275.79998779296875,600.77001953125
2025-02-10,227.64999389648438,412.2200012207031,133.57000732421875,233.13999938964844,350.7300109863281,186.47000122070312,717.4000244140625,271.0400085449219,604.8499755859375
2025-02-11,232.6199951171875,411.44000244140625,132.8000030517578,232.75999450683594,328.5,185.32000732421875,719.7999877929688,274.989990234375,605.3099975585938
2025-02-12,236.8699951171875,409.0400085449219,131.13999938964844,228.92999267578125,336.510009765625,183.61000061035156,725.3800048828125,275.45001220703125,603.3599853515625
2025-02-13,241.52999877929688,410.5400085449219,135.2899932861328,230.3699951171875,355.94000244140625,186.13999938964844,728.5599975585938,276.32000732421875,609.72998046875
2025-02-14,244.60000610351562,408.42999267578125,138.85000610351562,228.67999267578125,355.8399963378906,185.22999572753906,736.6699829101562,276.5899963378906,609.7000122070312
2025-02-18,244.47000122070312,409.6400146484375,139.39999389648438,226.64999389648438,354.1099853515625,183.77000427246094,716.3699951171875,279.95001220703125,611.489990234375
2025-02-19,244.8699951171875,414.7699890136719,139.22999572753906,226.6300048828125,360.55999755859375,185.27000427246094,703.77001953125,279.25,612.9299926757812
2025-02-20,245.8300018310547,416.1300048828125,140.11000061035156,222.8800048828125,354.3999938964844,184.55999755859375,694.8400268554688,266.79998779296875,610.3800048828125
2025-02-21,245.5500030517578,408.2099914550781,134.42999267578125,216.5800018310547,337.79998779296875,179.66000366210938,683.5499877929688,264.239990234375,599.9400024414062
2025-02-24,247.10000610351562,404.0,130.27999877929688,212.7100067138672,330.5299987792969,179.25,668.1300048828125,261.3399963378906,597.2100219726562
2025-02-25,247.0399932861328,397.8999938964844,126.62999725341797,212.8000030517578,302.79998779296875,175.4199981689453,657.5,257.3999938964844,594.239990234375
2025-02-26,240.36000061035156,399.7300109863281,131.27999877929688,214.35000610351562,290.79998779296875,172.72999572753906,673.7000122070312,258.7900085449219,594.5399780273438
2025-02-27,237.3000030517578,392.5299987792969,120.1500015258789,208.74000549316406,281.95001220703125,168.5,658.239990234375,259.04998779296875,585.0499877929688
2025-02-28,241.83999633789062,396.989990234375,124.91999816894531,212.27999877929688,292.9800109863281,170.27999877929688,668.2000122070312,264.6499938964844,594.1799926757812
2025-03-03,238.02999877929688,388.489990234375,114.05999755859375,205.02000427246094,284.6499938964844,167.00999450683594,655.0499877929688,260.6199951171875,583.77001953125
2025-03-04,235.92999267578125,388.6099853515625,115.98999786376953,203.8000030517578,272.0400085449219,170.9199981689453,640.0,250.25,576.8599853515625
2025-03-05,235.74000549316406,401.0199890136719,117.30000305175781,208.36000061035156,279.1000061035156,173.02000427246094,656.469970703125,251.52999877929688,583.0599975585938
2025-03-06,235.3300018310547,396.8900146484375,110.56999969482422,200.6999969482422,263.45001220703125,172.35000610351562,627.9299926757812,246.5399932861328,572.7100219726562
2025-03-07,239.07000732421875,393.30999755859375,112.69000244140625,199.25,262.6700134277344,173.86000061035156,625.6599731445312,242.27999877929688,575.9199829101562
2025-03-10,227.47999572753906,380.1600036621094,106.9800033569336,194.5399932861328,222.14999389648438,165.8699951171875,597.989990234375,232.22000122070312,560.5800170898438
2025-03-11,220.83999633789062,380.45001220703125,108.76000213623047,196.58999633789062,230.5800018310547,164.0399932861328,605.7100219726562,229.13999938964844,555.9199829101562
2025-03-12,216.97999572753906,383.2699890136719,115.73999786376953,198.88999938964844,248.08999633789062,167.11000061035156,619.5599975585938,227.89999389648438,558.8699951171875
2025-03-13,209.67999267578125,378.7699890136719,115.58000183105469,193.88999938964844,240.67999267578125,162.75999450683594,590.6400146484375,225.19000244140625,551.4199829101562
2025-03-14,213.49000549316406,388.55999755859375,121.66999816894531,197.9499969482422,249.97999572753906,165.49000549316406,607.5999755859375,232.44000244140625,562.8099975585938
2025-03-17,214.0,388.70001220703125,119.52999877929688,195.74000549316406,238.00999450683594,164.2899932861328,604.9000244140625,233.92999267578125,567.1500244140625
2025-03-18,212.69000244140625,383.5199890136719,115.43000030517578,192.82000732421875,225.30999755859375,160.6699981689453,582.3599853515625,234.97000122070312,561.02001953125
2025-03-19,215.24000549316406,387.82000732421875,117.5199966430664,195.5399932861328,235.86000061035156,163.88999938964844,584.0599975585938,239.11000061035156,567.1300048828125
2025-03-20,214.10000610351562,386.8399963378906,118.52999877929688,194.9499969482422,236.25999450683594,162.8000030517578,586.0,239.00999450683594,565.489990234375
2025-03-21,218.27000427246094,391.260009765625,117.69999694824219,196.2100067138672,248.7100067138672,163.99000549316406,596.25,241.6300048828125,563.97998046875
2025-03-24,220.72999572753906,393.0799865722656,121.41000366210938,203.25999450683594,278.3900146484375,167.67999267578125,618.8499755859375,248.05999755859375,574.0800170898438
2025-03-25,223.75,395.1600036621094,120.69000244140625,205.7100067138672,288.1400146484375,170.55999755859375,626.3099975585938,251.1300048828125,575.4600219726562
2025-03-26,221.52999877929688,389.9700012207031,113.76000213623047,201.1300048828125,272.05999755859375,165.05999755859375,610.97998046875,251.02999877929688,568.5900268554688
2025-03-27,223.85000610351562,390.5799865722656,111.43000030517578,201.36000061035156,273.1300048828125,162.24000549316406,602.5800170898438,248.1199951171875,567.0800170898438
2025-03-28,217.89999389648438,378.79998779296875,109.66999816894531,192.72000122070312,263.54998779296875,154.3300018310547,576.739990234375,242.85000610351562,555.6599731445312
2025-03-31,222.1300048828125,375.3900146484375,108.37999725341797,190.25999450683594,259.1600036621094,154.63999938964844,576.3599853515625,245.3000030517578,559.3900146484375
2025-04-01,223.19000244140625,382.19000244140625,110.1500015258789,192.1699981689453,268.4599914550781,157.07000732421875,586.0,243.66000366210938,560.969970703125
2025-04-02,223.88999938964844,382.1400146484375,110.41999816894531,196.00999450683594,282.760009765625,157.0399932861328,583.9299926757812,245.82000732421875,564.52001953125
2025-04-03,203.19000244140625,373.1099853515625,101.80000305175781,178.41000366210938,267.2799987792969,150.72000122070312,531.6199951171875,228.69000244140625,536.7000122070312
2025-04-04,188.3800048828125,359.8399963378906,94.30999755859375,171.0,239.42999267578125,145.60000610351562,504.7300109863281,210.27999877929688,505.2799987792969
2025-04-07,181.4600067138672,357.8599853515625,97.63999938964844,175.25999450683594,233.2899932861328,146.75,516.25,214.44000244140625,504.3800048828125
2025-04-08,172.4199981689453,354.55999755859375,96.30000305175781,170.66000366210938,221.86000061035156,144.6999969482422,510.45001220703125,216.8699951171875,496.4800109863281
2025-04-09,198.85000610351562,390.489990234375,114.33000183105469,191.10000610351562,272.20001220703125,158.7100067138672,585.77001953125,234.33999633789062,548.6199951171875
2025-04-10,190.4199981689453,381.3500061035156,107.56999969482422,181.22000122070312,252.39999389648438,152.82000732421875,546.2899780273438,227.11000061035156,524.5800170898438
2025-04-11,198.14999389648438,388.45001220703125,110.93000030517578,184.8699951171875,252.30999755859375,157.13999938964844,543.5700073242188,236.1999969482422,533.9400024414062
2025-04-14,202.52000427246094,387.80999755859375,110.70999908447266,182.1199951171875,252.35000610351562,159.07000732421875,531.47998046875,234.72000122070312,539.1199951171875
2025-04-15,202.13999938964844,385.7300109863281,112.19999694824219,179.58999633789062,254.11000061035156,156.30999755859375,521.52001953125,233.1300048828125,537.6099853515625
2025-04-16,194.27000427246094,371.6099853515625,104.48999786376953,174.3300018310547,241.5500030517578,153.3300018310547,502.30999755859375,229.61000061035156,525.6599731445312
2025-04-17,196.97999572753906,367.7799987792969,101.48999786376953,172.61000061035156,241.3699951171875,151.16000366210938,501.4800109863281,231.9600067138672,526.4099731445312
2025-04-21,193.16000366210938,359.1199951171875,96.91000366210938,167.32000732421875,227.5,147.6699981689453,484.6600036621094,228.99000549316406,513.8800048828125
2025-04-22,199.74000549316406,366.82000732421875,98.88999938964844,173.17999267578125,237.97000122070312,151.47000122070312,500.2799987792969,235.58999633789062,527.25
2025-04-23,204.60000610351562,374.3900146484375,102.70999908447266,180.60000610351562,250.74000549316406,155.35000610351562,520.27001953125,240.8800048828125,535.4199829101562
2025-04-24,208.3699951171875,387.29998779296875,106.43000030517578,186.5399932861328,259.510009765625,159.27999877929688,533.1500244140625,244.63999938964844,546.6900024414062
2025-04-25,209.27999877929688,391.8500061035156,111.01000213623047,188.99000549316406,284.95001220703125,161.9600067138672,547.27001953125,243.5500030517578,550.6400146484375
2025-04-28,210.13999938964844,391.1600036621094,108.7300033569336,187.6999969482422,285.8800048828125,160.61000061035156,549.739990234375,243.22000122070312,550.8499755859375
2025-04-29,211.2100067138672,394.0400085449219,109.0199966430664,187.38999938964844,292.0299987792969,160.16000366210938,554.4400024414062,244.6199951171875,554.3200073242188
2025-04-30,212.5,395.260009765625,108.91999816894531,184.4199981689453,282.1600036621094,158.8000030517578,549.0,244.6199951171875,554.5399780273438
2025-05-01,213.32000732421875,425.3999938964844,111.61000061035156,190.1999969482422,280.5199890136719,161.3000030517578,572.2100219726562,246.88999938964844,558.469970703125
2025-05-02,205.35000610351562,435.2799987792969,114.5,189.97999572753906,287.2099914550781,164.02999877929688,597.02001953125,252.50999450683594,566.760009765625
2025-05-05,198.88999938964844,436.1700134277344,113.81999969482422,186.35000610351562,280.260009765625,164.2100067138672,599.27001953125,252.55999755859375,563.510009765625
2025-05-06,198.50999450683594,433.30999755859375,113.54000091552734,185.00999450683594,275.3500061035156,163.22999572753906,587.3099975585938,249.25,558.7999877929688
2025-05-07,196.25,433.3500061035156,117.05999755859375,188.7100067138672,276.2200012207031,151.3800048828125,596.8099975585938,249.38999938964844,561.1500244140625
2025-05-08,197.49000549316406,438.1700134277344,117.37000274658203,192.0800018310547,284.82000732421875,154.27999877929688,598.010009765625,253.47000122070312,565.0599975585938
2025-05-09,198.52999877929688,438.7300109863281,116.6500015258789,193.05999755859375,298.260009765625,152.75,592.489990234375,253.0800018310547,564.3400268554688
2025-05-12,210.7899932861328,449.260009765625,123.0,208.63999938964844,318.3800048828125,158.4600067138672,639.4299926757812,260.04998779296875,582.989990234375
2025-05-13,212.92999267578125,449.1400146484375,129.92999267578125,211.3699951171875,334.07000732421875,159.52999877929688,656.030029296875,263.010009765625,586.8400268554688
2025-05-14,212.3300018310547,452.94000244140625,135.33999633789062,210.25,347.67999267578125,165.3699951171875,659.3599853515625,265.6400146484375,587.5900268554688
2025-05-15,211.4499969482422,453.1300048828125,134.8300018310547,205.1699981689453,342.82000732421875,163.9600067138672,643.8800048828125,267.489990234375,590.4600219726562
2025-05-16,211.25999450683594,454.2699890136719,135.39999389648438,205.58999633789062,349.9800109863281,166.19000244140625,640.3400268554688,267.55999755859375,594.2000122070312
2025-05-19,208.77999877929688,458.8699951171875,135.57000732421875,206.16000366210938,342.0899963378906,166.5399932861328,640.4299926757812,264.8800048828125,594.8499755859375
2025-05-20,206.86000061035156,458.1700134277344,134.3800048828125,204.07000732421875,343.82000732421875,163.97999572753906,637.0999755859375,265.67999267578125,592.8499755859375
2025-05-21,202.08999633789062,452.57000732421875,131.8000030517578,201.1199951171875,334.6199951171875,168.55999755859375,635.5,261.0400085449219,582.8599853515625
2025-05-22,201.36000061035156,454.8599853515625,132.8300018310547,203.10000610351562,341.0400085449219,170.8699951171875,636.5700073242188,260.6700134277344,583.0900268554688
2025-05-23,195.27000427246094,450.17999267578125,131.2899932861328,200.99000549316406,339.3399963378906,168.47000122070312,627.0599975585938,260.7099914550781,579.1099853515625
2025-05-27,200.2100067138672,460.69000244140625,135.5,206.02000427246094,362.8900146484375,172.89999389648438,642.3200073242188,265.2900085449219,591.1500244140625
2025-05-28,200.4199981689453,457.3599853515625,134.80999755859375,204.72000122070312,356.8999938964844,172.36000061035156,643.5800170898438,263.489990234375,587.72998046875
2025-05-29,199.9499969482422,458.67999267578125,139.19000244140625,205.6999969482422,358.42999267578125,171.86000061035156,645.0499877929688,264.3699951171875,590.0499877929688
2025-05-30,200.85000610351562,460.3599853515625,135.1300048828125,205.00999450683594,346.4599914550781,171.74000549316406,647.489990234375,264.0,589.3900146484375
2025-06-02,201.6999969482422,461.9700012207031,137.3800048828125,206.64999389648438,342.69000244140625,169.02999877929688,670.9000244140625,264.6600036621094,592.7100219726562
2025-06-03,203.27000427246094,462.9700012207031,141.22000122070312,205.7100067138672,344.2699890136719,166.17999267578125,666.8499755859375,266.2699890136719,596.0900268554688
2025-06-04,202.82000732421875,463.8699951171875,141.9199981689453,207.22999572753906,332.04998779296875,168.0500030517578,687.9500122070312,264.2200012207031,595.9299926757812
2025-06-05,200.6300048828125,467.67999267578125,139.99000549316406,207.91000366210938,284.70001220703125,168.2100067138672,684.6199951171875,261.95001220703125,593.0499877929688
2025-06-06,203.9199981689453,470.3800048828125,141.72000122070312,213.57000732421875,295.1400146484375,173.67999267578125,697.7100219726562,265.7300109863281,599.1400146484375
2025-06-09,201.4499969482422,472.75,142.6300048828125,216.97999572753906,308.5799865722656,176.08999633789062,694.0599975585938,266.739990234375,599.6799926757812
2025-06-10,202.6699981689453,470.9200134277344,143.9600067138672,217.61000061035156,326.0899963378906,178.60000610351562,702.4000244140625,268.6000061035156,603.0800170898438
2025-06-11,198.77999877929688,472.6199951171875,142.8300018310547,213.1999969482422,326.42999267578125,177.35000610351562,694.1400146484375,268.1499938964844,601.3599853515625
2025-06-12,199.1999969482422,478.8699951171875,145.0,213.24000549316406,319.1099853515625,175.6999969482422,693.3599853515625,268.239990234375,603.75
2025-06-13,196.4499969482422,474.9599914550781,141.97000122070312,212.10000610351562,325.30999755859375,174.6699981689453,682.8699951171875,264.95001220703125,597.0
2025-06-16,198.4199981689453,479.1400146484375,144.69000244140625,216.10000610351562,329.1300048828125,176.77000427246094,702.1199951171875,270.3599853515625,602.6799926757812
2025-06-17,195.63999938964844,478.0400085449219,144.1199951171875,214.82000732421875,316.3500061035156,175.9499969482422,697.22998046875,269.5199890136719,597.530029296875
2025-06-18,196.5800018310547,480.239990234375,145.47999572753906,212.52000427246094,322.04998779296875,173.32000732421875,695.77001953125,273.9599914550781,597.4400024414062
2025-06-20,201.0,477.3999938964844,143.85000610351562,209.69000244140625,322.1600036621094,166.63999938964844,682.3499755859375,275.0,594.280029296875
2025-06-23,201.5,486.0,144.1699981689453,208.47000122070312,348.67999267578125,165.19000244140625,698.530029296875,278.2699890136719,600.1500244140625
2025-06-24,200.3000030517578,490.1099853515625,147.89999389648438,212.77000427246094,340.4700012207031,166.77000427246094,712.2000122070312,281.260009765625,606.780029296875
2025-06-25,201.55999755859375,492.2699890136719,154.30999755859375,211.99000549316406,327.54998779296875,170.67999267578125,708.6799926757812,284.05999755859375,607.1199951171875
2025-06-26,201.0,497.45001220703125,155.02000427246094,217.1199951171875,325.7799987792969,173.5399932861328,726.0900268554688,288.75,611.8699951171875
2025-06-27,201.0800018310547,495.94000244140625,157.75,223.3000030517578,323.6300048828125,178.52999877929688,733.6300048828125,287.1099853515625,614.9099731445312
2025-06-30,205.1699981689453,497.4100036621094,157.99000549316406,219.38999938964844,317.6600036621094,176.22999572753906,738.0900268554688,289.9100036621094,617.8499755859375
2025-07-01,207.82000732421875,492.04998779296875,153.3000030517578,220.4600067138672,300.7099914550781,175.83999633789062,719.219970703125,290.4100036621094,617.6500244140625
2025-07-02,212.44000244140625,491.0899963378906,157.25,219.9199981689453,315.6499938964844,178.63999938964844,713.5700073242188,292.0,620.4500122070312
2025-07-03,213.5500030517578,498.8399963378906,159.33999633789062,223.41000366210938,315.3500061035156,179.52999877929688,719.010009765625,296.0,625.3400268554688
2025-07-07,209.9499969482422,497.7200012207031,158.24000549316406,223.47000122070312,293.94000244140625,176.7899932861328,718.3499755859375,291.9700012207031,620.6799926757812
2025-07-08,210.00999450683594,496.6199951171875,160.0,219.36000061035156,297.80999755859375,174.36000061035156,720.6699829101562,282.7799987792969,620.3400268554688
2025-07-09,211.13999938964844,503.510009765625,162.8800048828125,222.5399932861328,295.8800048828125,176.6199951171875,732.780029296875,283.1600036621094,624.0599975585938
2025-07-10,212.41000366210938,501.4800109863281,164.10000610351562,222.25999450683594,309.8699951171875,177.6199951171875,727.239990234375,288.19000244140625,625.8200073242188
2025-07-11,211.16000366210938,503.32000732421875,164.9199981689453,225.02000427246094,313.510009765625,180.19000244140625,717.510009765625,286.8599853515625,623.6199951171875
2025-07-14,208.6199951171875,503.0199890136719,164.07000732421875,225.69000244140625,316.8999938964844,181.55999755859375,720.9199829101562,288.70001220703125,624.8099975585938
2025-07-15,209.11000061035156,505.82000732421875,170.6999969482422,226.35000610351562,310.7799987792969,182.0,710.3900146484375,286.54998779296875,622.1400146484375
2025-07-16,210.16000366210938,505.6199951171875,171.3699951171875,223.19000244140625,321.6700134277344,182.97000122070312,702.9099731445312,285.82000732421875,624.219970703125
2025-07-17,210.02000427246094,511.70001220703125,173.0,223.8800048828125,319.4100036621094,183.5800018310547,701.4099731445312,289.8999938964844,628.0399780273438
2025-07-18,211.17999267578125,510.04998779296875,172.41000366210938,226.1300048828125,329.6499938964844,185.05999755859375,704.280029296875,291.2699890136719,627.5800170898438
2025-07-21,212.47999572753906,510.05999755859375,171.3800048828125,229.3000030517578,328.489990234375,190.10000610351562,712.969970703125,290.9700012207031,628.77001953125
2025-07-22,214.39999389648438,505.2699890136719,167.02999877929688,227.47000122070312,332.1099853515625,191.33999633789062,704.8099975585938,291.42999267578125,628.8599853515625
2025-07-23,214.14999389648438,505.8699951171875,170.77999877929688,228.2899932861328,332.55999755859375,190.22999572753906,713.5800170898438,296.760009765625,634.2100219726562
2025-07-24,213.75999450683594,510.8800048828125,173.74000549316406,232.22999572753906,305.29998779296875,192.1699981689453,714.7999877929688,296.54998779296875,634.4199829101562
2025-07-25,213.8800048828125,513.7100219726562,173.5,231.44000244140625,316.05999755859375,193.17999267578125,712.6799926757812,298.6199951171875,637.0999755859375
2025-07-28,214.0500030517578,512.5,176.75,232.7899932861328,325.5899963378906,192.5800018310547,717.6300048828125,298.2799987792969,636.9400024414062
2025-07-29,211.27000427246094,512.5700073242188,175.50999450683594,231.00999450683594,321.20001220703125,195.75,700.0,297.0400085449219,635.260009765625
2025-07-30,209.0500030517578,513.239990234375,179.27000427246094,230.19000244140625,319.0400085449219,196.52999877929688,695.2100219726562,299.6300048828125,634.4600219726562
2025-07-31,207.57000732421875,533.5,177.8699951171875,234.11000061035156,308.2699890136719,191.89999389648438,773.4400024414062,296.239990234375,632.0800170898438
2025-08-01,202.3800048828125,524.1099853515625,173.72000122070312,214.75,302.6300048828125,189.1300048828125,750.010009765625,289.3699951171875,621.719970703125
2025-08-04,203.35000610351562,535.6400146484375,180.0,211.64999389648438,309.260009765625,195.0399932861328,776.3699951171875,294.260009765625,631.1699829101562
2025-08-05,202.9199981689453,527.75,178.25999450683594,213.75,308.7200012207031,194.6699981689453,763.4600219726562,291.3699951171875,627.969970703125
2025-08-06,213.25,524.9400024414062,179.4199981689453,222.30999755859375,319.9100036621094,196.08999633789062,771.989990234375,291.3500061035156,632.780029296875
2025-08-07,220.02999877929688,520.8400268554688,180.77000427246094,223.1300048828125,322.2699890136719,196.52000427246094,761.8300170898438,286.94000244140625,632.25
2025-08-08,229.35000610351562,522.0399780273438,182.6999969482422,222.69000244140625,329.6499938964844,201.4199981689453,769.2999877929688,288.760009765625,637.1799926757812
2025-08-11,227.17999267578125,521.77001953125,182.05999755859375,221.3000030517578,339.0299987792969,201.0,765.8699951171875,289.55999755859375,635.9199829101562
2025-08-12,229.64999389648438,529.239990234375,183.16000366210938,221.47000122070312,340.8399963378906,203.33999633789062,790.0,292.8500061035156,642.6900024414062
2025-08-13,233.3300018310547,520.5800170898438,181.58999633789062,224.55999755859375,339.3800048828125,201.9600067138672,780.0800170898438,290.5299987792969,644.8900146484375
2025-08-14,232.77999877929688,522.47998046875,182.02000427246094,230.97999572753906,335.5799865722656,202.94000244140625,782.1300048828125,294.1600036621094,644.9500122070312
2025-08-15,231.58999633789062,520.1699829101562,180.4499969482422,231.02999877929688,330.55999755859375,203.89999389648438,785.22998046875,290.489990234375,643.4400024414062
2025-08-18,230.88999938964844,517.0999755859375,182.00999450683594,231.49000549316406,335.1600036621094,203.5,767.3699951171875,291.5299987792969,643.2999877929688
2025-08-19,230.55999755859375,509.7699890136719,175.63999938964844,228.00999450683594,329.30999755859375,201.57000732421875,751.47998046875,290.6600036621094,639.8099975585938
2025-08-20,226.00999450683594,505.7200012207031,175.39999389648438,223.80999755859375,323.8999938964844,199.32000732421875,747.719970703125,292.239990234375,638.1099853515625
2025-08-21,224.89999389648438,504.239990234375,174.97999572753906,221.9499969482422,320.1099853515625,199.75,739.0999755859375,291.4700012207031,635.5499877929688
2025-08-22,227.75999450683594,507.2300109863281,177.99000549316406,228.83999633789062,340.010009765625,206.08999633789062,754.7899780273438,296.239990234375,645.3099975585938
2025-08-25,227.16000366210938,504.260009765625,179.80999755859375,227.94000244140625,346.6000061035156,208.49000549316406,753.2999877929688,294.8999938964844,642.469970703125
2025-08-26,229.30999755859375,502.0400085449219,181.77000427246094,228.7100067138672,351.6700134277344,207.13999938964844,754.0999755859375,298.57000732421875,645.1599731445312
2025-08-27,230.49000549316406,506.739990234375,181.60000610351562,229.1199951171875,349.6000061035156,207.47999572753906,747.3800048828125,299.2799987792969,646.6300048828125
2025-08-28,232.55999755859375,509.6400146484375,180.1699981689453,231.60000610351562,345.9800109863281,211.63999938964844,751.1099853515625,301.07000732421875,648.9199829101562
2025-08-29,232.13999938964844,506.69000244140625,174.17999267578125,229.0,333.8699951171875,212.91000366210938,738.7000122070312,301.4200134277344,645.0499877929688
2025-09-02,229.72000122070312,505.1199951171875,170.77999877929688,225.33999633789062,329.3599853515625,211.35000610351562,735.1099853515625,299.70001220703125,640.27001953125
2025-09-03,238.47000122070312,505.3500061035156,170.6199951171875,225.99000549316406,334.0899963378906,230.66000366210938,737.0499877929688,299.510009765625,643.739990234375
2025-09-04,239.77999877929688,507.9700012207031,171.66000366210938,235.67999267578125,338.5299987792969,232.3000030517578,748.6500244140625,303.82000732421875,649.1199951171875
2025-09-05,239.69000244140625,495.0,167.02000427246094,232.3300018310547,350.8399963378906,235.0,752.4500122070312,294.3800048828125,647.239990234375
2025-09-08,237.8800048828125,498.20001220703125,168.30999755859375,235.83999633789062,346.3999938964844,234.0399932861328,752.2999877929688,292.9100036621094,648.8300170898438
2025-09-09,234.35000610351562,498.4100036621094,170.75999450683594,238.24000549316406,346.9700012207031,239.6300048828125,765.7000122070312,297.8500061035156,650.3300170898438
2025-09-10,226.7899932861328,500.3699951171875,177.3300018310547,230.3300018310547,347.7900085449219,239.1699981689453,751.97998046875,300.5400085449219,652.2100219726562
2025-09-11,230.02999877929688,501.010009765625,177.1699981689453,229.9499969482422,368.80999755859375,240.3699951171875,750.9000244140625,305.55999755859375,657.6300048828125
2025-09-12,234.07000732421875,509.8999938964844,177.82000732421875,228.14999389648438,395.94000244140625,240.8000030517578,755.5900268554688,306.9100036621094,657.4099731445312
2025-09-15,236.6999969482422,515.3599853515625,177.75,231.42999267578125,410.0400085449219,251.61000061035156,764.7000122070312,308.8999938964844,660.9099731445312
2025-09-16,238.14999389648438,509.0400085449219,174.8800048828125,234.0500030517578,421.6199951171875,251.16000366210938,779.0,309.19000244140625,660.0
2025-09-17,238.99000549316406,510.0199890136719,170.2899932861328,231.6199951171875,425.8599853515625,249.52999877929688,775.719970703125,311.75,659.1799926757812
2025-09-18,237.8800048828125,508.45001220703125,176.24000549316406,231.22999572753906,416.8500061035156,252.02999877929688,780.25,313.2300109863281,662.260009765625
2025-09-19,245.5,517.9299926757812,176.6699981689453,231.47999572753906,426.07000732421875,254.72000122070312,778.3800048828125,314.7799987792969,663.7000122070312
2025-09-22,256.0799865722656,514.4500122070312,183.61000061035156,227.6300048828125,434.2099914550781,252.52999877929688,765.1599731445312,312.44000244140625,666.8400268554688
2025-09-23,254.42999267578125,509.2300109863281,178.42999267578125,220.7100067138672,425.8500061035156,251.66000366210938,755.4000244140625,312.739990234375,663.2100219726562
2025-09-24,252.30999755859375,510.1499938964844,176.97000122070312,220.2100067138672,442.7900085449219,247.13999938964844,760.6599731445312,313.4200134277344,661.0999755859375
2025-09-25,256.8699951171875,507.0299987792969,177.69000244140625,218.14999389648438,423.3900146484375,245.7899932861328,748.9099731445312,313.45001220703125,658.0499877929688
2025-09-26,255.4600067138672,511.4599914550781,178.19000244140625,219.77999877929688,440.3999938964844,246.5399932861328,743.75,316.05999755859375,661.8200073242188
2025-09-29,254.42999267578125,514.5999755859375,181.85000610351562,222.1699981689453,443.2099914550781,244.0500030517578,743.4000244140625,315.69000244140625,663.6799926757812
2025-09-30,254.6300048828125,517.9500122070312,186.5800018310547,219.57000732421875,444.7200012207031,243.10000610351562,734.3800048828125,315.42999267578125,666.1799926757812
2025-10-01,255.4499969482422,519.7100219726562,187.24000549316406,220.6300048828125,459.4599914550781,244.89999389648438,717.3400268554688,310.7099914550781,668.4500122070312
2025-10-02,257.1300048828125,515.739990234375,188.88999938964844,222.41000366210938,436.0,245.69000244140625,727.0499877929688,307.54998779296875,669.219970703125
2025-10-03,258.0199890136719,517.3499755859375,187.6199951171875,219.50999450683594,429.8299865722656,245.35000610351562,710.5599975585938,310.0299987792969,669.2100219726562
2025-10-06,256.69000244140625,528.5700073242188,185.5399932861328,220.89999389648438,453.25,250.42999267578125,715.6599731445312,309.17999267578125,671.6099853515625
2025-10-07,256.4800109863281,523.97998046875,185.0399932861328,221.77999877929688,433.0899963378906,245.75999450683594,713.0800170898438,307.69000244140625,669.1199951171875
2025-10-08,258.05999755859375,524.8499755859375,189.11000061035156,225.22000122070312,438.69000244140625,244.6199951171875,717.8400268554688,304.0299987792969,673.1099853515625
2025-10-09,254.0399932861328,522.4000244140625,192.57000732421875,227.74000549316406,435.5400085449219,241.52999877929688,733.510009765625,305.5299987792969,671.1599731445312
2025-10-10,245.27000427246094,510.9599914550781,183.16000366210938,216.3699951171875,413.489990234375,236.57000732421875,705.2999877929688,300.8900146484375,653.02001953125
2025-10-13,247.66000366210938,514.0499877929688,188.32000732421875,220.07000732421875,435.8999938964844,244.14999389648438,715.7000122070312,307.9700012207031,663.0399780273438
2025-10-14,247.77000427246094,513.5700073242188,180.02999877929688,216.38999938964844,429.239990234375,245.4499969482422,708.6500244140625,302.0799865722656,662.22998046875
2025-10-15,249.33999633789062,513.4299926757812,179.8300018310547,215.57000732421875,435.1499938964844,251.02999877929688,717.5499877929688,305.69000244140625,665.1699829101562
2025-10-16,247.4499969482422,511.6099853515625,181.80999755859375,214.47000122070312,428.75,251.4600067138672,712.0700073242188,298.5400085449219,660.6400146484375
2025-10-17,252.2899932861328,513.5800170898438,183.22000122070312,213.0399932861328,439.30999755859375,253.3000030517578,716.9199829101562,297.55999755859375,664.3900146484375
2025-10-20,262.239990234375,516.7899780273438,182.63999938964844,216.47999572753906,447.42999267578125,256.54998779296875,732.1699829101562,302.3599853515625,671.2999877929688
2025-10-21,262.7699890136719,517.6599731445312,181.16000366210938,222.02999877929688,442.6000061035156,250.4600067138672,733.27001953125,297.0899963378906,671.2899780273438
2025-10-22,258.45001220703125,520.5399780273438,180.27999877929688,217.9499969482422,438.9700012207031,251.69000244140625,733.4099731445312,294.1099853515625,667.7999877929688
2025-10-23,259.5799865722656,520.5599975585938,182.16000366210938,221.08999633789062,448.9800109863281,253.0800018310547,734.0,294.5400085449219,671.760009765625
2025-10-24,262.82000732421875,523.6099853515625,186.25999450683594,224.2100067138672,433.7200012207031,259.9200134277344,738.3599853515625,300.44000244140625,677.25
2025-10-27,268.80999755859375,531.52001953125,191.49000549316406,226.97000122070312,452.4200134277344,269.2699890136719,750.8200073242188,304.1499938964844,685.239990234375
2025-10-28,269.0,542.0700073242188,201.02999877929688,229.25,460.54998779296875,267.4700012207031,751.4400024414062,305.3599853515625,687.0599975585938
2025-10-29,269.70001220703125,541.5499877929688,207.0399932861328,230.3000030517578,461.510009765625,274.57000732421875,751.6699829101562,305.510009765625,687.3900146484375
2025-10-30,271.3999938964844,525.760009765625,202.88999938964844,222.86000061035156,440.1000061035156,281.4800109863281,666.469970703125,309.44000244140625,679.8300170898438
2025-10-31,270.3699951171875,517.8099975585938,202.49000549316406,244.22000122070312,456.55999755859375,281.19000244140625,648.3499755859375,311.1199951171875,682.0599975585938
2025-11-03,269.04998779296875,517.030029296875,206.8800048828125,254.0,468.3699951171875,283.7200012207031,637.7100219726562,309.3500061035156,683.3400268554688
2025-11-04,270.0400085449219,514.3300170898438,198.69000244140625,249.32000732421875,444.260009765625,277.5400085449219,627.3200073242188,309.25,675.239990234375
2025-11-05,270.1400146484375,507.1600036621094,195.2100067138672,250.1999969482422,462.07000732421875,284.30999755859375,635.9500122070312,311.67999267578125,677.5800170898438
2025-11-06,269.7699890136719,497.1000061035156,188.0800018310547,243.0399932861328,445.9100036621094,284.75,618.9400024414062,313.4200134277344,670.3099975585938
2025-11-07,268.4700012207031,496.82000732421875,188.14999389648438,244.41000366210938,429.5199890136719,278.8299865722656,621.7100219726562,314.2099914550781,670.969970703125
2025-11-10,269.42999267578125,506.0,199.0500030517578,248.39999389648438,445.2300109863281,290.1000061035156,631.760009765625,316.8900146484375,681.4400024414062
2025-11-11,275.25,508.67999267578125,193.16000366210938,249.10000610351562,439.6199951171875,291.30999755859375,627.0800170898438,315.6199951171875,683.0
2025-11-12,273.4700012207031,511.1400146484375,193.8000030517578,244.1999969482422,430.6000061035156,286.7099914550781,609.010009765625,320.4100036621094,683.3800048828125
2025-11-13,272.95001220703125,503.2900085449219,186.86000061035156,237.5800018310547,401.989990234375,278.57000732421875,609.8900146484375,309.4800109863281,672.0399780273438
2025-11-14,272.4100036621094,510.17999267578125,190.1699981689453,234.69000244140625,404.3500061035156,276.4100036621094,609.4600219726562,303.6099853515625,671.9299926757812
2025-11-17,267.4599914550781,507.489990234375,186.60000610351562,232.8699951171875,408.9200134277344,285.0199890136719,602.010009765625,300.3699951171875,665.6699829101562
2025-11-18,267.44000244140625,493.7900085449219,181.36000061035156,222.5500030517578,401.25,284.2799987792969,597.6900024414062,299.4100036621094,660.0800170898438
2025-11-19,268.55999755859375,487.1199951171875,186.52000427246094,222.69000244140625,403.989990234375,292.80999755859375,590.3200073242188,303.2699890136719,662.6300048828125
2025-11-20,266.25,478.42999267578125,180.63999938964844,217.13999938964844,395.2300109863281,289.45001220703125,589.1500244140625,298.3800048828125,652.530029296875
2025-11-21,271.489990234375,472.1199951171875,178.8800048828125,220.69000244140625,391.0899963378906,299.6600036621094,594.25,298.0199890136719,659.030029296875
2025-11-24,275.9200134277344,474.0,182.5500030517578,226.27999877929688,417.7799987792969,318.5799865722656,613.0499877929688,298.0,668.72998046875
2025-11-25,276.9700012207031,476.989990234375,177.82000732421875,229.6699981689453,419.3999938964844,323.44000244140625,636.219970703125,303.0,675.02001953125
2025-11-26,277.54998779296875,485.5,180.25999450683594,229.16000366210938,426.5799865722656,319.95001220703125,633.6099853515625,307.6400146484375,679.6799926757812
2025-11-28,278.8500061035156,492.010009765625,177.0,233.22000122070312,430.1700134277344,320.17999267578125,647.9500122070312,313.0799865722656,683.3900146484375
2025-12-01,283.1000061035156,486.739990234375,179.9199981689453,233.8800048828125,430.1400146484375,314.8900146484375,640.8699951171875,308.9200134277344,680.27001953125
2025-12-02,286.19000244140625,490.0,181.4600067138672,234.4199981689453,429.239990234375,315.80999755859375,647.0999755859375,307.8800048828125,681.530029296875
2025-12-03,284.1499938964844,477.7300109863281,179.58999633789062,232.3800048828125,446.739990234375,319.6300048828125,639.5999755859375,312.1300048828125,683.8900146484375
2025-12-04,280.70001220703125,480.8399963378906,183.3800048828125,229.11000061035156,454.5299987792969,317.6199951171875,661.530029296875,316.1000061035156,684.3900146484375
2025-12-05,278.7799987792969,483.1600036621094,182.41000366210938,229.52999877929688,455.0,321.2699890136719,673.4199829101562,315.0400085449219,685.6900024414062
2025-12-08,277.8900146484375,491.0199890136719,185.5500030517578,226.88999938964844,439.5799865722656,313.7200012207031,666.7999877929688,315.2099914550781,683.6300048828125
2025-12-09,277.17999267578125,492.0199890136719,184.97000122070312,227.9199981689453,445.1700134277344,317.0799865722656,656.9600219726562,300.510009765625,683.0399780273438
2025-12-10,278.7799987792969,478.55999755859375,183.77999877929688,231.77999877929688,451.45001220703125,320.2099914550781,650.1300048828125,310.1099853515625,687.5700073242188
2025-12-11,278.0299987792969,483.4700012207031,180.92999267578125,230.27999877929688,446.8900146484375,312.42999267578125,652.7100219726562,317.3800048828125,689.1699829101562
2025-12-12,278.2799987792969,478.5299987792969,175.02000427246094,226.19000244140625,458.9599914550781,309.2900085449219,644.22998046875,318.5199890136719,681.760009765625
2025-12-15,274.1099853515625,474.82000732421875,176.2899932861328,222.5399932861328,475.30999755859375,308.2200012207031,647.510009765625,320.0199890136719,680.72998046875
2025-12-16,274.6099853515625,476.3900146484375,177.72000122070312,222.55999755859375,489.8800048828125,306.57000732421875,657.1500244140625,315.54998779296875,678.8699951171875
2025-12-17,271.8399963378906,476.1199951171875,170.94000244140625,221.27000427246094,467.260009765625,296.7200012207031,649.5,314.9800109863281,671.4000244140625
2025-12-18,272.19000244140625,483.9800109863281,174.13999938964844,226.75999450683594,483.3699951171875,302.4599914550781,664.4500122070312,313.0,676.469970703125
2025-12-19,273.6700134277344,485.9200134277344,180.99000549316406,227.35000610351562,481.20001220703125,307.1600036621094,658.77001953125,317.2099914550781,680.5900268554688
2025-12-22,270.9700012207031,484.9200134277344,183.69000244140625,228.42999267578125,488.7300109863281,309.7799987792969,661.5,323.0899963378906,684.8300170898438
2025-12-23,272.3599853515625,486.8500061035156,189.2100067138672,232.13999938964844,485.55999755859375,314.3500061035156,664.9400024414062,325.92999267578125,687.9600219726562
2025-12-24,273.80999755859375,488.0199890136719,188.61000061035156,232.3800048828125,485.3999938964844,314.0899963378906,667.5499877929688,329.1700134277344,690.3800048828125
2025-12-26,273.3999938964844,487.7099914550781,190.52999877929688,232.52000427246094,475.19000244140625,313.510009765625,663.2899780273438,327.9100036621094,690.3099975585938
2025-12-29,273.760009765625,487.1000061035156,188.22000122070312,232.07000732421875,459.6400146484375,313.55999755859375,658.6900024414062,323.75,687.8499755859375
2025-12-30,273.0799865722656,487.4800109863281,187.5399932861328,232.52999877929688,454.42999267578125,313.8500061035156,665.9500122070312,323.4200134277344,687.010009765625
2025-12-31,271.8599853515625,483.6199951171875,186.5,230.82000732421875,449.7200012207031,313.0,660.0900268554688,322.2200012207031,681.9199829101562
2026-01-02,271.010009765625,472.94000244140625,188.85000610351562,226.5,438.07000732421875,315.1499938964844,650.4099731445312,325.4800109863281,683.1699829101562
2026-01-05,267.260009765625,472.8500061035156,188.1199951171875,233.05999755859375,451.6700134277344,316.5400085449219,658.7899780273438,334.0400085449219,687.719970703125
2026-01-06,262.3599853515625,478.510009765625,187.24000549316406,240.92999267578125,432.9599914550781,314.3399963378906,660.6199951171875,334.6099853515625,691.8099975585938
2026-01-07,260.3299865722656,483.4700012207031,189.11000061035156,241.55999755859375,431.4100036621094,321.9800109863281,648.6900024414062,326.989990234375,689.5800170898438
2026-01-08,259.0400085449219,478.1099853515625,185.0399932861328,246.2899932861328,435.79998779296875,325.44000244140625,646.0599975585938,329.7900085449219,689.510009765625
2026-01-09,259.3699951171875,479.2799987792969,184.86000061035156,247.3800048828125,445.010009765625,328.57000732421875,653.0599975585938,329.19000244140625,694.0700073242188
2026-01-12,260.25,477.17999267578125,184.94000244140625,246.47000122070312,448.9599914550781,331.8599853515625,641.969970703125,324.489990234375,695.1599731445312
2026-01-13,261.04998779296875,470.6700134277344,185.80999755859375,242.60000610351562,447.20001220703125,335.9700012207031,631.0900268554688,310.8999938964844,693.77001953125
2026-01-14,259.9599914550781,459.3800048828125,183.13999938964844,236.64999389648438,439.20001220703125,335.8399963378906,615.52001953125,307.8699951171875,690.3599853515625
2026-01-15,258.2099914550781,456.6600036621094,187.0500030517578,238.17999267578125,438.57000732421875,332.7799987792969,620.7999877929688,309.260009765625,692.239990234375
2026-01-16,255.52999877929688,459.8599853515625,186.22999572753906,239.1199951171875,437.5,330.0,620.25,312.4700012207031,691.6599731445312
2026-01-20,246.6999969482422,454.5199890136719,178.07000732421875,231.0,419.25,322.0,604.1199951171875,302.739990234375,677.5800170898438
2026-01-21,247.64999389648438,444.1099853515625,183.32000732421875,231.30999755859375,431.44000244140625,328.3800048828125,612.9600219726562,302.0400085449219,685.4000244140625
2026-01-22,248.35000610351562,451.1400146484375,184.83999633789062,234.33999633789062,449.3599853515625,330.5400085449219,647.6300048828125,303.6300048828125,688.97998046875
2026-01-23,248.0399932861328,465.95001220703125,187.6699981689453,239.16000366210938,449.05999755859375,327.92999267578125,658.760009765625,297.7200012207031,689.22998046875
2026-01-26,255.41000366210938,470.2799987792969,186.47000122070312,238.4199981689453,435.20001220703125,333.260009765625,672.3599853515625,301.0400085449219,692.72998046875
2026-01-27,258.2699890136719,480.5799865722656,188.52000427246094,244.67999267578125,430.8999938964844,334.54998779296875,672.969970703125,300.30999755859375,695.489990234375
2026-01-28,256.44000244140625,481.6300048828125,191.52000427246094,243.00999450683594,431.4599914550781,336.010009765625,668.72998046875,300.7699890136719,695.4199829101562
2026-01-29,258.2799987792969,433.5,192.50999450683594,241.72999572753906,416.55999755859375,338.25,738.3099975585938,306.4200134277344,694.0399780273438
2026-01-30,259.4800109863281,430.2900085449219,191.1300048828125,239.3000030517578,430.4100036621094,338.0,716.5,305.8900146484375,691.969970703125
2026-02-02,270.010009765625,423.3699951171875,185.61000061035156,242.9600067138672,421.80999755859375,343.69000244140625,706.4099731445312,308.1400146484375,695.4099731445312
2026-02-03,269.4800109863281,411.2099914550781,180.33999633789062,238.6199951171875,421.9599914550781,339.7099914550781,691.7000122070312,314.8500061035156,689.530029296875
2026-02-04,276.489990234375,414.19000244140625,174.19000244140625,232.99000549316406,406.010009765625,333.0400085449219,668.989990234375,317.2699890136719,686.1900024414062
2026-02-05,275.9100036621094,393.6700134277344,171.8800048828125,222.69000244140625,397.2099914550781,331.25,670.2100219726562,310.1600036621094,677.6199951171875
2026-02-06,278.1199951171875,401.1400146484375,185.41000366210938,210.32000732421875,411.1099853515625,322.8599853515625,661.4600219726562,322.3999938964844,690.6199951171875
2026-02-09,274.6199951171875,413.6000061035156,190.0399932861328,208.72000122070312,417.32000732421875,324.32000732421875,677.219970703125,322.1000061035156,693.9500122070312
2026-02-10,273.67999267578125,413.2699890136719,188.5399932861328,206.9600067138672,425.2099914550781,318.5799865722656,670.719970703125,318.2799987792969,692.1199951171875
2026-02-11,275.5,404.3699951171875,190.0500030517578,204.0800018310547,428.2699890136719,310.9599914550781,668.6900024414062,310.82000732421875,691.9600219726562
2026-02-12,261.7300109863281,401.8399963378906,186.94000244140625,199.60000610351562,417.07000732421875,309.0,649.8099975585938,302.6400146484375,681.27001953125
2026-02-13,255.77999877929688,401.32000732421875,182.80999755859375,198.7899932861328,417.44000244140625,305.7200012207031,639.77001953125,302.54998779296875,681.75
2026-02-17,263.8800048828125,396.8599853515625,184.97000122070312,201.14999389648438,410.6300048828125,302.0199890136719,639.2899780273438,307.1300048828125,682.8499755859375
2026-02-18,264.3500061035156,399.6000061035156,187.97999572753906,204.7899932861328,411.32000732421875,303.3299865722656,643.219970703125,308.7799987792969,686.2899780273438
2026-02-19,260.5799865722656,398.4599914550781,187.89999389648438,204.86000061035156,411.7099914550781,302.8500061035156,644.780029296875,308.04998779296875,684.47998046875
2026-02-20,264.5799865722656,397.2300109863281,189.82000732421875,210.11000061035156,411.82000732421875,314.9800109863281,655.6599731445312,310.7900085449219,689.4299926757812
2026-02-23,266.17999267578125,384.4700012207031,191.5500030517578,205.27000427246094,399.8299865722656,311.489990234375,637.25,297.6700134277344,682.3900146484375
2026-02-24,272.1400146484375,389.0,192.85000610351562,208.55999755859375,409.3800048828125,310.8999938964844,639.2999877929688,297.29998779296875,687.3499755859375
2026-02-25,274.2300109863281,400.6000061035156,195.55999755859375,210.63999938964844,417.3999938964844,312.8999938964844,653.6900024414062,303.29998779296875,693.1500244140625
2026-02-26,272.95001220703125,401.7200012207031,184.88999938964844,207.9199981689453,408.5799865722656,307.3800048828125,657.010009765625,306.1300048828125,689.2999877929688
2026-02-27,264.17999267578125,392.739990234375,177.19000244140625,210.0,402.510009765625,311.760009765625,648.1799926757812,300.29998779296875,685.989990234375
2026-03-02,264.7200012207031,398.54998779296875,182.47999572753906,208.38999938964844,403.32000732421875,306.5199890136719,653.5599975585938,297.55999755859375,686.3800048828125
2026-03-03,263.75,403.92999267578125,180.0500030517578,208.72999572753906,392.42999267578125,303.5799865722656,655.0800170898438,300.260009765625,680.3300170898438
2026-03-04,262.5199890136719,405.20001220703125,183.0399932861328,216.82000732421875,405.94000244140625,303.1300048828125,667.72998046875,299.3900146484375,685.1300048828125
2026-03-05,260.2900085449219,410.67999267578125,183.33999633789062,218.94000244140625,405.54998779296875,300.8800048828125,660.5700073242188,293.54998779296875,681.3099975585938
2026-03-06,257.4599914550781,408.9599914550781,177.82000732421875,213.2100067138672,396.7300109863281,298.5199890136719,644.8599853515625,289.4800109863281,672.3800048828125
2026-03-09,259.8800048828125,409.4100036621094,182.64999389648438,213.49000549316406,398.67999267578125,306.3599853515625,647.3900146484375,289.9200134277344,678.27001953125
2026-03-10,260.8299865722656,405.760009765625,184.77000427246094,214.3300018310547,399.239990234375,307.0400085449219,654.0700073242188,288.7300109863281,677.1799926757812
2026-03-11,260.80999755859375,404.8800048828125,186.02999877929688,212.64999389648438,407.82000732421875,308.70001220703125,654.8599853515625,287.5199890136719,676.3300170898438
2026-03-12,255.75999450683594,401.8599853515625,183.13999938964844,209.52999877929688,395.010009765625,303.54998779296875,638.1799926757812,282.8900146484375,666.0599975585938
2026-03-13,250.1199951171875,395.54998779296875,180.25,207.6699981689453,391.20001220703125,302.2799987792969,613.7100219726562,283.44000244140625,662.2899780273438
2026-03-16,252.82000732421875,399.95001220703125,183.22000122070312,211.74000549316406,395.55999755859375,305.55999755859375,627.4500122070312,286.1600036621094,669.030029296875
2026-03-17,254.22999572753906,399.4100036621094,181.92999267578125,215.1999969482422,399.2699890136719,310.9200134277344,622.6599731445312,286.8900146484375,670.7899780273438
2026-03-18,249.94000244140625,391.7900085449219,180.39999389648438,209.8699951171875,392.7799987792969,307.69000244140625,615.6799926757812,287.739990234375,661.4299926757812
2026-03-19,248.9600067138672,389.0199890136719,178.55999755859375,208.75999450683594,380.29998779296875,307.1300048828125,606.7000122070312,287.9700012207031,659.7999877929688
2026-03-20,247.99000549316406,381.8699951171875,172.6999969482422,205.3699951171875,367.9599914550781,301.0,593.6599731445312,286.55999755859375,648.5700073242188
2026-03-23,251.49000549316406,383.0,175.63999938964844,210.13999938964844,380.8500061035156,302.05999755859375,604.0599975585938,289.9100036621094,655.3800048828125
2026-03-24,251.63999938964844,372.739990234375,175.1999969482422,207.24000549316406,383.0299987792969,290.44000244140625,592.9199829101562,292.3999938964844,653.1799926757812
2026-03-25,252.6199951171875,371.0400085449219,178.67999267578125,211.7100067138672,385.95001220703125,290.92999267578125,594.8900146484375,295.4200134277344,656.8200073242188
2026-03-26,252.88999938964844,365.9700012207031,171.24000549316406,207.5399932861328,372.1099853515625,280.9200134277344,547.5399780273438,291.6600036621094,645.0900268554688
2026-03-27,248.8000030517578,356.7699890136719,167.52000427246094,199.33999633789062,361.8299865722656,274.3399963378906,525.719970703125,282.8399963378906,634.0900268554688
2026-03-30,246.6300048828125,358.9599914550781,165.1699981689453,200.9499969482422,355.2799987792969,273.5,536.3800048828125,283.7699890136719,631.969970703125
2026-03-31,253.7899932861328,370.1700134277344,174.39999389648438,208.27000427246094,371.75,287.55999755859375,572.1300048828125,294.1600036621094,650.3400268554688
2026-04-01,255.6300048828125,369.3699951171875,175.75,210.57000732421875,381.260009765625,297.3900146484375,579.22998046875,295.3800048828125,655.239990234375
2026-04-02,255.9199981689453,373.4599914550781,177.38999938964844,209.77000427246094,360.5899963378906,295.7699890136719,574.4600219726562,294.6000061035156,655.8300170898438
2026-04-06,258.8599853515625,372.8800048828125,177.63999938964844,212.7899932861328,352.82000732421875,299.989990234375,573.02001953125,295.45001220703125,658.9299926757812
2026-04-07,253.5,372.2900085449219,178.10000610351562,213.77000427246094,346.6499938964844,305.4599914550781,575.0499877929688,297.3999938964844,659.219970703125
2026-04-08,258.8999938964844,374.3299865722656,182.0800018310547,221.25,343.25,317.32000732421875,612.4199829101562,307.9700012207031,676.010009765625
2026-04-09,260.489990234375,373.07000732421875,183.91000366210938,233.64999389648438,345.6199951171875,318.489990234375,628.3900146484375,310.3299865722656,679.9099731445312
2026-04-10,260.4800109863281,370.8699951171875,188.6300048828125,238.3800048828125,348.95001220703125,317.239990234375,629.8599853515625,309.8699951171875,679.4600219726562
2026-04-13,259.20001220703125,384.3699951171875,189.30999755859375,239.88999938964844,352.4200134277344,321.30999755859375,634.530029296875,313.67999267578125,686.0999755859375
2026-04-14,258.8299865722656,393.1099853515625,196.50999450683594,249.02000427246094,364.20001220703125,332.9100036621094,662.489990234375,311.1199951171875,694.4600219726562
2026-04-15,266.42999267578125,411.2200012207031,198.8699951171875,248.5,391.95001220703125,337.1199951171875,671.5800170898438,305.92999267578125,699.9400024414062
2026-04-16,263.3999938964844,420.260009765625,198.35000610351562,249.6999969482422,388.8999938964844,336.0199890136719,676.8699951171875,309.95001220703125,701.6599731445312
2026-04-17,270.2300109863281,422.7900085449219,201.67999267578125,250.55999755859375,400.6199951171875,341.67999267578125,688.5499877929688,310.2900085449219,710.1400146484375
2026-04-20,273.04998779296875,418.07000732421875,202.05999755859375,248.27999877929688,392.5,337.4200134277344,670.9099731445312,316.989990234375,708.719970703125
2026-04-21,266.1700134277344,424.1600036621094,199.8800048828125,249.91000366210938,386.4200134277344,332.2900085449219,668.8400268554688,313.0,704.0800170898438
2026-04-22,273.1700134277344,432.9200134277344,202.5,255.36000061035156,387.510009765625,339.32000732421875,674.719970703125,313.0199890136719,711.2100219726562
2026-04-23,273.42999267578125,415.75,199.63999938964844,255.0800018310547,373.7200012207031,338.8900146484375,659.1500244140625,311.69000244140625,708.4500122070312
2026-04-24,271.05999755859375,424.6199951171875,208.27000427246094,263.989990234375,376.29998779296875,344.3999938964844,675.030029296875,308.2799987792969,713.9400024414062
2026-04-27,267.6099853515625,424.82000732421875,216.61000061035156,261.1199951171875,378.6700134277344,350.3399963378906,678.6199951171875,311.6300048828125,715.1699829101562
2026-04-28,270.7099914550781,429.25,213.1699981689453,259.70001220703125,376.0199890136719,349.7799987792969,671.3400268554688,311.45001220703125,711.6900024414062
2026-04-29,270.1700134277344,424.4599914550781,209.25,263.0400085449219,372.79998779296875,349.94000244140625,669.1199951171875,309.25,711.5800170898438
2026-04-30,271.3500061035156,407.7799987792969,199.57000732421875,265.05999755859375,381.6300048828125,384.79998779296875,611.9099731445312,313.2300109863281,718.6599731445312
2026-05-01,280.1400146484375,414.44000244140625,198.4499969482422,268.260009765625,390.82000732421875,385.69000244140625,608.75,312.4700012207031,720.6500244140625
2026-05-04,276.8299865722656,413.6199951171875,198.47999572753906,272.04998779296875,392.510009765625,383.25,610.4099731445312,307.6499938964844,718.010009765625
2026-05-05,284.17999267578125,411.3800048828125,196.5,273.54998779296875,389.3699951171875,388.42999267578125,604.9600219726562,309.3999938964844,723.77001953125
2026-05-06,287.510009765625,413.9599914550781,207.8300018310547,274.989990234375,398.7300109863281,398.0400085449219,612.8800048828125,314.8999938964844,733.8300170898438
2026-05-07,287.44000244140625,420.7699890136719,211.5,271.1700134277344,411.7900085449219,397.989990234375,616.8099975585938,306.2699890136719,731.5800170898438
2026-05-08,293.32000732421875,415.1199951171875,215.1999969482422,272.67999267578125,428.3500061035156,400.79998779296875,609.6300048828125,302.1000061035156,737.6199951171875
2026-05-11,292.67999267578125,412.6600036621094,219.44000244140625,268.989990234375,445.0,388.6400146484375,598.8599853515625,300.0,739.2999877929688
2026-05-12,294.79998779296875,407.7699890136719,220.77999877929688,265.82000732421875,433.45001220703125,387.3500061035156,603.0,304.8800048828125,738.1799926757812
2026-05-13,298.8699951171875,405.2099914550781,225.8300018310547,270.1300048828125,445.2699890136719,402.6199951171875,616.6300048828125,300.25,742.3099975585938
2026-05-14,298.2099914550781,409.42999267578125,235.74000549316406,267.2200012207031,443.29998779296875,401.07000732421875,618.4299926757812,299.9100036621094,748.1699829101562
2026-05-15,300.2300109863281,421.9200134277344,225.32000732421875,264.1400146484375,422.239990234375,396.7799987792969,614.22998046875,297.80999755859375,739.1699829101562
2026-05-18,297.8399963378906,423.5400085449219,222.32000732421875,264.8599853515625,409.989990234375,396.94000244140625,611.2100219726562,300.7300109863281,738.6500244140625
2026-05-19,298.9700012207031,417.4200134277344,220.61000061035156,259.3399963378906,404.1099853515625,387.6600036621094,602.6099853515625,295.70001220703125,733.72998046875
2026-05-20,302.25,421.05999755859375,223.47000122070312,265.010009765625,417.260009765625,388.9100036621094,605.0599975585938,301.9800109863281,741.25
2026-05-21,304.989990234375,419.0899963378906,219.50999450683594,268.4599914550781,417.8500061035156,387.6600036621094,607.3800048828125,303.0,742.719970703125
2026-05-22,308.82000732421875,418.57000732421875,215.3300018310547,266.32000732421875,426.010009765625,382.9700012207031,610.260009765625,306.3800048828125,745.6400146484375
2026-05-26,308.3299865722656,416.0299987792969,214.86000061035156,265.2900085449219,433.5899963378906,388.8800048828125,612.3400268554688,306.739990234375,750.5900268554688
2026-05-27,310.8500061035156,412.6700134277344,212.60000610351562,271.8500061035156,440.3599853515625,388.8299865722656,635.260009765625,299.2799987792969,750.4600219726562
2026-05-28,312.510009765625,426.989990234375,214.25,274.0,442.1000061035156,390.1300048828125,635.2899780273438,296.7300109863281,754.5999755859375
2026-05-29,312.05999755859375,450.239990234375,211.13999938964844,270.6400146484375,435.7900085449219,380.3399963378906,632.510009765625,299.30999755859375,756.47998046875
2026-06-01,306.30999755859375,460.5199890136719,224.36000061035156,261.260009765625,415.8800048828125,376.3699951171875,600.469970703125,296.5799865722656,758.5399780273438
2026-06-02,315.20001220703125,441.30999755859375,222.82000732421875,256.5199890136719,423.739990234375,361.8500061035156,597.6300048828125,300.9599914550781,759.5700073242188
2026-06-03,310.260009765625,427.3399963378906,214.75,250.02000427246094,423.70001220703125,358.989990234375,622.97998046875,300.8500061035156,754.239990234375
2026-06-04,311.2300109863281,428.04998779296875,218.66000366210938,253.7899932861328,418.45001220703125,372.19000244140625,627.5700073242188,310.8900146484375,757.0900268554688
2026-06-05,307.3399963378906,416.6700134277344,205.10000610351562,246.02999877929688,391.0,368.5299987792969,593.0,312.3699951171875,737.5499877929688
2026-06-08,301.5400085449219,411.739990234375,208.63999938964844,245.22000122070312,408.95001220703125,363.30999755859375,585.3900146484375,311.1099853515625,739.219970703125
2026-06-09,290.54998779296875,403.4100036621094,208.19000244140625,244.19000244140625,396.67999267578125,364.260009765625,584.5900268554688,312.70001220703125,737.0499877929688
2026-06-10,291.5799865722656,397.3599853515625,200.4199981689453,238.0,381.5899963378906,356.3800048828125,570.97998046875,309.1400146484375,725.4299926757812
2026-06-11,295.6300048828125,390.3399963378906,204.8699951171875,241.50999450683594,399.1499938964844,357.7699890136719,568.4299926757812,313.489990234375,737.760009765625
2026-06-12,291.1300048828125,390.739990234375,205.19000244140625,238.5500030517578,406.42999267578125,359.67999267578125,566.97998046875,320.7200012207031,741.75
2026-06-15,296.4200134277344,399.760009765625,212.4499969482422,246.02000427246094,411.1499938964844,369.3500061035156,593.47998046875,319.3999938964844,754.8300170898438
2026-06-16,299.239990234375,393.8299865722656,207.41000366210938,246.0,404.6600036621094,373.25,600.2100219726562,331.1400146484375,750.3300170898438
2026-06-17,295.95001220703125,378.9100036621094,204.64999389648438,237.5,396.3800048828125,363.7900085449219,567.5800170898438,333.4599914550781,740.9600219726562
2026-06-18,298.010009765625,379.3999938964844,210.69000244140625,244.38999938964844,400.489990234375,368.0299987792969,577.219970703125,325.2200012207031,746.739990234375
2026-06-22,297.010009765625,367.3399963378906,208.64999389648438,232.7899932861328,405.04998779296875,349.67999267578125,563.8499755859375,331.4800109863281,744.3900146484375
2026-06-23,294.29998779296875,373.94000244140625,200.0399932861328,234.11000061035156,381.6099853515625,346.1300048828125,562.2000122070312,334.1400146484375,733.5800170898438
2026-06-24,293.0799865722656,365.4599914550781,199.0,234.27000427246094,375.5299987792969,345.2900085449219,557.6699829101562,333.45001220703125,733.239990234375
2026-06-25,275.1499938964844,352.8299865722656,195.74000549316406,227.00999450683594,375.1199951171875,343.7099914550781,542.8699951171875,335.1199951171875,734.2999877929688
2026-06-26,283.7799987792969,372.9700012207031,192.52999877929688,232.69000244140625,379.7099914550781,337.3900146484375,550.25,329.04998779296875,728.989990234375
2026-06-29,281.739990234375,368.57000732421875,194.97000122070312,240.13999938964844,411.8399963378906,353.6499938964844,562.5999755859375,329.3900146484375,741.0
2026-06-30,289.3599853515625,373.0199890136719,200.08999633789062,238.33999633789062,420.6000061035156,357.3699951171875,563.2899780273438,327.3299865722656,746.77001953125
2026-07-01,294.3800048828125,384.2799987792969,197.5800018310547,241.6999969482422,425.29998779296875,361.2099914550781,612.9099731445312,334.07000732421875,745.760009765625
2026-07-02,308.6300048828125,390.489990234375,194.8300018310547,242.6699981689453,393.45001220703125,359.9100036621094,582.9000244140625,334.4700012207031,744.780029296875
2026-07-06,312.6600036621094,386.739990234375,195.5500030517578,244.16000366210938,419.7699890136719,366.4599914550781,600.2899780273438,337.7200012207031,751.280029296875
2026-07-07,310.6600036621094,388.8399963378906,196.92999267578125,245.97999572753906,402.8999938964844,367.0299987792969,615.5800170898438,339.2200012207031,747.7100219726562
2026-07-08,313.3900146484375,383.3399963378906,204.1199951171875,243.6199951171875,394.05999755859375,361.9200134277344,603.1199951171875,330.6199951171875,745.4000244140625
2026-07-09,316.2200012207031,384.3599853515625,202.77999877929688,247.0399932861328,406.54998779296875,358.8900146484375,631.47998046875,335.4700012207031,751.7100219726562
2026-07-10,315.32000732421875,385.1000061035156,210.9600067138672,245.33999633789062,407.760009765625,357.17999267578125,669.2100219726562,336.4700012207031,754.9500122070312
2026-07-13,317.30999755859375,390.989990234375,203.52999877929688,247.30999755859375,394.760009765625,352.510009765625,656.72998046875,334.5299987792969,749.1699829101562
2026-07-14,314.8599853515625,384.92999267578125,211.8000030517578,247.49000549316406,396.17999267578125,359.510009765625,661.0399780273438,342.8900146484375,751.8300170898438
2026-07-15,327.5,395.6300048828125,212.5,254.9600067138672,394.4599914550781,370.9200134277344,681.3099975585938,346.9100036621094,754.8099975585938
2026-07-16,333.260009765625,401.1000061035156,207.39999389648438,249.88999938964844,391.05999755859375,354.4599914550781,664.5399780273438,343.1499938964844,750.719970703125
2026-07-17,333.739990234375,393.82000732421875,202.80999755859375,247.22999572753906,380.8399963378906,346.7699890136719,646.010009765625,341.1000061035156,743.2899780273438
2026-07-20,326.5899963378906,402.2900085449219,203.27999877929688,249.99000549316406,369.57000732421875,351.989990234375,645.8499755859375,338.8699951171875,742.0900268554688
2026-07-21,327.739990234375,397.75,207.2899932861328,247.5500030517578,378.92999267578125,347.1499938964844,643.8099975585938,345.2300109863281,748.280029296875
2026-07-22,325.8900146484375,390.3399963378906,212.05999755859375,244.85000610351562,374.010009765625,342.0899963378906,627.1699829101562,348.2099914550781,747.4099731445312
2026-07-23,321.6600036621094,381.5799865722656,208.75999450683594,233.66000366210938,319.69000244140625,317.69000244140625,606.0999755859375,349.8999938964844,738.1799926757812
2026-07-24,333.0199890136719,381.70001220703125,206.83999633789062,232.11000061035156,313.0299987792969,319.739990234375,595.1900024414062,353.2099914550781,738.9299926757812
2026-07-27,336.9100036621094,389.1000061035156,196.50999450683594,231.38999938964844,309.2200012207031,326.55999755859375,593.8699951171875,356.20001220703125,739.0900268554688
2026-07-28,340.0799865722656,393.3500061035156,197.00999450683594,230.86000061035156,307.44000244140625,333.7099914550781,593.4099731445312,357.30999755859375,740.8599853515625
2026-07-29,338.19000244140625,390.5400085449219,190.00999450683594,226.64999389648438,298.32000732421875,336.7099914550781,585.6099853515625,344.7099914550781,729.4600219726562
2026-07-30,333.42999267578125,451.1000061035156,195.0399932861328,235.5,308.8500061035156,333.6600036621094,539.030029296875,350.8500061035156,741.6900024414062
2026-07-31,308.9100036621094,464.7200012207031,200.75,271.5799865722656,311.2099914550781,356.1300048828125,556.7100219726562,351.7900085449219,747.030029296875
2026-08-03,303.4200134277344,487.6499938964844,206.63999938964844,284.0199890136719,322.0799865722656,373.510009765625,590.239990234375,352.6400146484375,757.6699829101562
2026-08-04,309.3800048828125,492.80999755859375,211.94000244140625,277.4200134277344,327.3500061035156,377.6499938964844,587.9400024414062,357.5199890136719,771.3300170898438
2026-08-05,311.0,487.4599914550781,219.22000122070312,272.6499938964844,321.54998779296875,362.42999267578125,588.77001953125,359.239990234375,769.7899780273438
