date,AAPL,MSFT,NVDA,AMZN,TSLA,GOOGL,META,JPM
2021-08-09,,,,,,,,
2021-08-10,,,,,,,,
2021-08-11,,,,,,,,
2021-08-12,,,,,,,,
2021-08-13,,,,,,,,
2021-08-16,,,,,,,,
2021-08-17,,,,,,,,
2021-08-18,,,,,,,,
2021-08-19,,,,,,,,
2021-08-20,,,,,,,,
2021-08-23,,,,,,,,
2021-08-24,,,,,,,,
2021-08-25,,,,,,,,
2021-08-26,,,,,,,,
2021-08-27,,,,,,,,
2021-08-30,,,,,,,,
2021-08-31,,,,,,,,
2021-09-01,,,,,,,,
2021-09-02,,,,,,,,
2021-09-03,,,,,,,,
2021-09-07,,,,,,,,
2021-09-08,,,,,,,,
2021-09-09,,,,,,,,
2021-09-10,,,,,,,,
2021-09-13,,,,,,,,
2021-09-14,,,,,,,,
2021-09-15,,,,,,,,
2021-09-16,,,,,,,,
2021-09-17,,,,,,,,
2021-09-20,,,,,,,,
2021-09-21,,,,,,,,
2021-09-22,,,,,,,,
2021-09-23,,,,,,,,
2021-09-24,,,,,,,,
2021-09-27,,,,,,,,
2021-09-28,,,,,,,,
2021-09-29,,,,,,,,
2021-09-30,,,,,,,,
2021-10-01,,,,,,,,
2021-10-04,,,,,,,,
2021-10-05,,,,,,,,
2021-10-06,,,,,,,,
2021-10-07,,,,,,,,
2021-10-08,,,,,,,,
2021-10-11,,,,,,,,
2021-10-12,,,,,,,,
2021-10-13,,,,,,,,
2021-10-14,,,,,,,,
2021-10-15,,,,,,,,
2021-10-18,,,,,,,,
2021-10-19,,,,,,,,
2021-10-20,,,,,,,,
2021-10-21,,,,,,,,
2021-10-22,,,,,,,,
2021-10-25,,,,,,,,
2021-10-26,,,,,,,,
2021-10-27,,,,,,,,
2021-10-28,,,,,,,,
2021-10-29,,,,,,,,
2021-11-01,0.19998122797605444,0.20190951152012854,0.3549317321476137,0.2012868485329743,0.39390177291817613,0.22778743221187653,0.2786721113742464,0.2014105142844472
2021-11-02,0.20045594083516632,0.20237386170164884,0.3564834677141551,0.20130355921673385,0.40147291026337406,0.2286860404772139,0.27870395251638724,0.2014247702857773
2021-11-03,0.20119319186761722,0.20150592669028633,0.353502165845568,0.20558324889377091,0.40416964285845935,0.22909859222022297,0.2798518438153691,0.20015685030131883
2021-11-04,0.20135897716007156,0.20172996458445044,0.4162845985039548,0.21189120409453188,0.4034782078462648,0.22979136349680027,0.2813066620897506,0.20101780271775693
2021-11-05,0.19704070200842286,0.20130054465208178,0.41658370612208734,0.2130508892411579,0.4040641702227873,0.22958982492772642,0.2828634447083776,0.20095437936022345
2021-11-08,0.1973862406020718,0.20061647085822712,0.420282122997518,0.21381556727815404,0.4202678952644794,0.22952978107469457,0.2831129798466352,0.1997024183193868
2021-11-09,0.19549688927141384,0.2007764839341906,0.41917163906193,0.21928270327484897,0.4931678883866411,0.22948743573723748,0.2827892257834388,0.1998761191544092
2021-11-10,0.1990958475834951,0.20347204513194192,0.42511564200685487,0.2234466267166001,0.4924424180022005,0.2322375656157105,0.28309416593408054,0.1980606858866279
2021-11-11,0.19182951779946905,0.20246429381297948,0.4237047607720619,0.2217428062530619,0.4899132279829172,0.23134144918055966,0.2827490857136852,0.19692638017005173
2021-11-12,0.19394217228107707,0.20007891055565571,0.41893508264881857,0.2231851436929908,0.4916091371538446,0.23444591122087186,0.29479358532058375,0.1962719295069359
2021-11-15,0.19287800544294778,0.19431873613024211,0.41098991918166594,0.22330375813211656,0.4945991174170349,0.23333608916646176,0.29655030362756374,0.19634711218068018
2021-11-16,0.1922262967444922,0.19509624789121988,0.3989919474082692,0.21995823611123394,0.49526935098370256,0.23067073829594015,0.2966887232099511,0.19561680945212087
2021-11-17,0.19506611913011443,0.19439572319568837,0.40533210382759494,0.21881693905637545,0.49790710629243407,0.2301034165930742,0.2965420595848361,0.19572108237372152
2021-11-18,0.20223320100242867,0.19442936892043688,0.4321984726562824,0.23312013707315324,0.4978591977652783,0.23103836913611006,0.2961095956919954,0.1922614493666286
2021-11-19,0.2043130173572499,0.1929877526896767,0.43713943425607876,0.23348239022572223,0.4993654357455664,0.23122115190571807,0.2984324774885636,0.19390818042736674
2021-11-22,0.20398797310949243,0.19452147403684275,0.44233278479144883,0.2409542709205969,0.49950825987072633,0.23153172648684406,0.29535525863598827,0.19805058325652977
2021-11-23,0.19509508373174875,0.19397001997420993,0.44300358520617245,0.23727326154518782,0.5084986103833974,0.2315244645167887,0.2921203950804736,0.2008467001823989
2021-11-24,0.19417605156574055,0.19336836234911625,0.44370907046193986,0.23559377628131478,0.5084999311700213,0.231564524162275,0.2933623026755002,0.20148293644707888
2021-11-26,0.20563539363751746,0.20084428692979558,0.4522519165017644,0.23979968009382904,0.5141094447473541,0.23817860810786312,0.2961272956846617,0.2114257910876662
2021-11-29,0.20970999554748454,0.20456559583788775,0.46435022552150984,0.24181508222568263,0.5212979308978011,0.24143968991811676,0.2963099468057146,0.21142747174872867
2021-11-30,0.21867424363674542,0.2085917849899331,0.46698930886702256,0.2438486731208477,0.5211631084815005,0.24695297951588216,0.30684998669511127,0.21332050457748383
2021-12-01,0.21682018194680974,0.20845878768649995,0.47509209971427874,0.2460070960479959,0.5303422970102599,0.2470902773571407,0.3158424099652283,0.21363340985057905
2021-12-02,0.21611129323466086,0.2085520951264286,0.47442289186672715,0.2458110358878207,0.5312372079488662,0.2485819457202325,0.31537017324512245,0.2176876803902656
2021-12-03,0.2171225180328182,0.2118597419731214,0.48541060406649883,0.24627273805662941,0.5515326372293883,0.24895298319459563,0.3156801997342065,0.22079996432447807
2021-12-06,0.2088920448354883,0.21209870312464985,0.48823819830205445,0.24725100518695228,0.5484997761936222,0.24646909776792636,0.3253945115617662,0.22079609487576018
2021-12-07,0.21960566535402154,0.21804209370640648,0.5080812196912914,0.2536157513501335,0.5534633488859441,0.2523097928746671,0.32749247678464605,0.22055504390223746
2021-12-08,0.22205485658521343,0.21752769853085266,0.5106556464174448,0.25356803540041467,0.5538153058611665,0.25256850273714143,0.3318644611297687,0.21878935502139335
2021-12-09,0.2222535941951919,0.2158372504956295,0.5203795604106487,0.25424488621107005,0.5711522106528741,0.25136665964639837,0.3317146949059806,0.21839731597059814
2021-12-10,0.2278743014565597,0.22254679990813844,0.5208970010258135,0.2551885744456901,0.5713673011924547,0.251082552828839,0.3317366761466826,0.21856618172024833
2021-12-13,0.2288863094948214,0.22002122823941686,0.5415677247348172,0.25669225845820653,0.5827706813076544,0.24957514309835083,0.3305859129831564,0.21991262638192124
2021-12-14,0.22428811754958516,0.22767213865817168,0.5348614998801613,0.24851426799574067,0.576325527157902,0.2491641110992499,0.32691571525513397,0.2110788913736846
2021-12-15,0.22997608881930368,0.23038748918458024,0.5523672725804956,0.2534069919503412,0.5767654035984249,0.25152830638955304,0.33054532404208453,0.2117397634995513
2021-12-16,0.24519636771326433,0.23823404424369088,0.5713116662261826,0.25824040568905876,0.5875233739334168,0.2527043419814653,0.32246088045184307,0.21057009069121427
2021-12-17,0.2457890244987067,0.238402518097697,0.5720436585284732,0.25768995486949475,0.587541388899113,0.25549066318885155,0.3220365410753991,0.2046586755732571
2021-12-20,0.24673970182469307,0.2399468415972507,0.5704531495768725,0.2600519530755542,0.5908430030637293,0.25508000780679524,0.3230338220367848,0.20627796503306534
2021-12-21,0.24750345048595532,0.2408289363347082,0.5754022419511494,0.2630585583603651,0.5951085223377458,0.2559303405278609,0.3280040281183307,0.20210870419235563
2021-12-22,0.24224700036289465,0.22915745441037033,0.5658829680576716,0.2571671558121445,0.6102329922529152,0.2464870370644643,0.3199422641090852,0.2021666006704927
2021-12-23,0.2421713273488686,0.22917617608295765,0.5650706450284394,0.256957049845591,0.619357802950479,0.2452093146714611,0.3213433774907759,0.20238016389383098
2021-12-27,0.2438092180423753,0.23186598007310524,0.5700925214963221,0.2573504687938688,0.6200859841561324,0.2450539002192831,0.32809784479035603,0.2010363478914022
2021-12-28,0.24448190855640567,0.22770192240526038,0.5726831008703356,0.2575668974552198,0.6203555772725958,0.2424535583279168,0.32739764861243026,0.19620900207271058
2021-12-29,0.2371671294416389,0.22229124729053432,0.5617590591469805,0.25090022668753115,0.6205358496350822,0.23788821205132987,0.31090138686757046,0.19620991423334425
2021-12-30,0.23729063478201343,0.22064739246013115,0.5601078504563949,0.25037909288938964,0.6217724935317833,0.23571572867067977,0.30829957368693917,0.19485690502257982
2021-12-31,0.2377209791201023,0.22039572431658075,0.5605092120566183,0.25037436799267876,0.6228505650135177,0.23572627140188596,0.3122062097943916,0.19474567628474745
2022-01-03,0.24135334282858767,0.2207207603226979,0.5611832367591523,0.25307595399339067,0.6709546140350165,0.23458201331690126,0.31119468447453624,0.19936968429413982
2022-01-04,0.24341631405502936,0.22424671895939127,0.5643596018518021,0.255463286991224,0.6777627419007555,0.2346773138732253,0.3114403349015992,0.21407275013544336
2022-01-05,0.25132435957776306,0.23935885771931975,0.5793889570765592,0.25712339249463806,0.6892857543307578,0.25376445407749143,0.319624796031036,0.21549684220228923
2022-01-06,0.2534462432206034,0.23980160858081753,0.5801462195236889,0.25751637184254494,0.691029777015356,0.25104949979473073,0.32360504107356486,0.21606299978211604
2022-01-07,0.2530111147143394,0.2388050297682765,0.5853022325289584,0.25659606077030106,0.6960336497171139,0.2507184364672365,0.323618128147505,0.2096390840147542
2022-01-10,0.25068269191156056,0.2349397622921817,0.581152677732948,0.2567215620999449,0.6980003778328062,0.24627428225332398,0.3235252098425038,0.20742265138600233
2022-01-11,0.2520804011406072,0.2348035492004966,0.5816040055872856,0.2524923021142435,0.6959925335536811,0.24678827665280825,0.3249377282672067,0.20376211028871727
2022-01-12,0.2514475107103184,0.23485921062177526,0.5810637937293776,0.25135083649226947,0.6973135081220185,0.24719931260714326,0.3182763665533255,0.20407838818874324
2022-01-13,0.25424456468416967,0.2513667286786032,0.5923116847466177,0.2560252246214376,0.7132895307670967,0.25050794201398674,0.3196561088920828,0.20258985971393503
2022-01-14,0.2542964889844846,0.2539198440405509,0.5922366842595483,0.25592991772489093,0.7138936078075505,0.25007205228306956,0.3215312268743584,0.23879446290774906
2022-01-18,0.2580977418185225,0.25792011808258347,0.5966065741202915,0.2585263861375479,0.712669419881545,0.25525422497846095,0.3326642291131915,0.2532084969318107
2022-01-19,0.2620960878926778,0.25778764293215767,0.6009071355979467,0.25388395311815887,0.7159062320165999,0.24770485083144111,0.31563808576745483,0.252708145451316
2022-01-20,0.2632650987237692,0.2579530350784639,0.6049893249187822,0.2606736139414609,0.6725625465782628,0.2491723930885389,0.3150639030829348,0.2529756038525319
2022-01-21,0.2648667456463609,0.2602453755152596,0.5937433191697152,0.2853167403872954,0.6813742877423561,0.25142349289122917,0.31685976144009054,0.25463723714161635
2022-01-24,0.2650168062154841,0.2451229525270276,0.5933871345158982,0.28679221525454174,0.680616978660149,0.22954044194330078,0.31835847191540717,0.2517949160563239
2022-01-25,0.2617667722627858,0.2503729433124249,0.5989042666486012,0.29036750844678655,0.6760897334259547,0.23668980623329816,0.3218301639994321,0.25071757957248314
2022-01-26,0.25874719112008787,0.2530921898005415,0.5980539058461738,0.28802714001239227,0.6735833653173695,0.23769881885492747,0.32060863546640195,0.25191001102552196
2022-01-27,0.2585097568101845,0.25412738502827664,0.6017930804017431,0.28727902112643794,0.6940777009962392,0.22991716388092037,0.3175811419764335,0.2538686624419775
2022-01-28,0.2919127102749213,0.259819012798234,0.6060750894997677,0.295359429009755,0.6943234578806835,0.23886326381458595,0.32176157337591954,0.2546179581007447
2022-01-31,0.2955327313381531,0.2605225848846916,0.6235233275758327,0.3030314291461239,0.7235658497549902,0.24034105085463553,0.3306589546972634,0.2566627073275263
2022-02-01,0.2953627875639223,0.2601984950274434,0.5758760013699489,0.2981248708462299,0.7226552306502576,0.2419431750837533,0.33181271406745155,0.25863675190288843
2022-02-02,0.2955117562857107,0.26239730136909184,0.5786017162343875,0.2966364931669262,0.7242162415826268,0.2851977379973873,0.3312097778993566,0.2589517103734138
2022-02-03,0.29772784314612094,0.27388383575129777,0.5821192146393807,0.3375744150140549,0.7186373908513315,0.2933904417837009,0.7083334076376722,0.2587480273880805
2022-02-04,0.29792359727664214,0.27615639512530066,0.5834963906088927,0.42750919241190255,0.6755939866693131,0.2934217934833557,0.7083171057919546,0.26464577700359465
2022-02-07,0.2948430538504539,0.27637789233598187,0.5800915771066956,0.4244895901086007,0.6699806630180072,0.2963634959208509,0.7139722953089386,0.2648355451124731
2022-02-08,0.2965508270826809,0.2774521385230619,0.5770194042974033,0.42718066751592026,0.671071357604085,0.2963978110557342,0.7144912481928646,0.2680274936846478
2022-02-09,0.29581785604928623,0.2799537572883763,0.5921132015653058,0.42583383424174037,0.6693333695353488,0.2952863628439032,0.7185323243502741,0.26816067092394275
2022-02-10,0.3007557909675198,0.28555955452617277,0.5952758219049982,0.42627713929814665,0.6708418582130103,0.29823093508003085,0.7168258549709707,0.2682321570146692
2022-02-11,0.30417991895756374,0.2882216913057214,0.6133981767822521,0.43218462707315586,0.6723456432799304,0.3047394244117467,0.7195444735467837,0.2690742552044107
2022-02-14,0.3026723062391538,0.28824706383398885,0.6115973666806938,0.4331103785683579,0.6698301936822185,0.30549856743507625,0.7195442664647037,0.2694575699413872
2022-02-15,0.3008924120709884,0.29083731822649506,0.616756680972681,0.4244729648074432,0.67915244698865,0.30484314042474087,0.721019481006513,0.27092043979139063
2022-02-16,0.29924042464739786,0.29042406663475184,0.6101208134000171,0.42525476628890385,0.674258001898665,0.3053421241300102,0.7193903368119895,0.26975740522256536
2022-02-17,0.30280457509712205,0.2954766660339192,0.6266811440694537,0.42372265094305656,0.6801621892349454,0.31296354154640155,0.7226771024089315,0.2698352059910627
2022-02-18,0.30350165499309034,0.29573576804332774,0.6299911199123758,0.42420486156977216,0.6766788957169966,0.31437176405543027,0.7226546526048213,0.2650903155376928
2022-02-22,0.3058158531669875,0.29568190608158595,0.6261496881363084,0.42502398323032387,0.6807359095058935,0.31429662963956567,0.7219003117845558,0.2647760841427102
2022-02-23,0.3033400757181951,0.2961998512885726,0.6278741483988464,0.42890422701035996,0.6927042728619687,0.3115042667047757,0.7215095046537,0.2610422083687329
2022-02-24,0.30198901754501095,0.3115948559850032,0.6284246355436424,0.43801766088228966,0.6918048569387489,0.3186198751049147,0.7283673797546555,0.26671646912439106
2022-02-25,0.2963012121666895,0.31067249372784284,0.6292806895766515,0.4388432900403147,0.6922166297173735,0.3161305035310826,0.7264615444062064,0.27019330810340364
2022-02-28,0.2962465270312095,0.3109788641483222,0.6259970471734181,0.437568896860831,0.7054898716927036,0.3161357878194064,0.722726382410047,0.28308460891871373
2022-03-01,0.29695841164741166,0.311836395432381,0.6273687175727695,0.43850616480706894,0.7054208229610123,0.3150224735554126,0.7252101857000951,0.28887361028722636
2022-03-02,0.29884123442447186,0.31204518383687363,0.6259822048378261,0.43811961111182335,0.6945371964305418,0.3149504979591113,0.7276511636973078,0.29092065377755294
2022-03-03,0.29571327981852674,0.3123233093127877,0.625923789117712,0.4404559647492699,0.7005734278026607,0.3144978141364126,0.7233441528854513,0.289644227540794
2022-03-04,0.28909718969866743,0.30916647484083415,0.6057541443177688,0.43672071823675745,0.6944130418322171,0.3096673441205535,0.7218940523193687,0.29219015572681306
2022-03-07,0.2887886931593214,0.3178301876830755,0.6200903724774077,0.4508001430212385,0.697277675367354,0.320340192227834,0.7281263469795217,0.3010368488201088
2022-03-08,0.2895287056860154,0.3182109282688651,0.6161057495082715,0.45074707485683635,0.689069979746529,0.32079092845078533,0.7297014697480384,0.3010861290761712
2022-03-09,0.2927744996973533,0.3270209701966589,0.6340303622536061,0.45406494720363466,0.6942774225890354,0.3372766390816769,0.7370757456254944,0.3137192827119857
2022-03-10,0.2949624506843455,0.32710349725386806,0.6197495135460132,0.4677060656325289,0.6884865567929827,0.33639450765893375,0.7357284408722501,0.31371339082422744
2022-03-11,0.29828058576414296,0.3228887542723309,0.6209230916188916,0.46789214692345443,0.6960614677908213,0.33756315269697135,0.7382666661038141,0.3154951263967044
2022-03-14,0.29587467291372965,0.32036986891884395,0.6033304738692216,0.4667542609574809,0.6980744231409475,0.3402808899652151,0.735114858173026,0.3165657188711982
2022-03-15,0.29277972121588874,0.32647717892338857,0.610061723357544,0.471936147624315,0.6981236288351279,0.34421689001430655,0.7390342833703826,0.31711778728687645
2022-03-16,0.2991149363062411,0.3310998277453534,0.6244703812367719,0.47885106111191134,0.7051639179874418,0.34884472918389775,0.7519655366539315,0.32857899224176984
2022-03-17,0.2991528594466072,0.3304893866799979,0.62504095440776,0.4811992628940338,0.7058880111699612,0.3490077919904462,0.753377278537778,0.3281899428871086
2022-03-18,0.29968351378056707,0.32900748586966044,0.6322566259382426,0.4823242755001648,0.704917164852035,0.34975753230566686,0.7566819190633937,0.326623681541962
2022-03-21,0.29845857677753224,0.3265729741924854,0.6322105292705047,0.48225797007309607,0.6894750551452729,0.3469682466990151,0.7573628116200664,0.3264186498777612
2022-03-22,0.3015892750145361,0.328425293626961,0.6320114259350954,0.4843164903672584,0.6978018692624615,0.35174934552724,0.7588189380232163,0.32962288941780676
2022-03-23,0.2982199458911198,0.3255387561437868,0.6283621786830714,0.48437366608403326,0.6958142358242034,0.35205733369654624,0.7544977042737316,0.3314113252969044
2022-03-24,0.30185322177224416,0.3274948899083141,0.657757374805056,0.48420813730592266,0.6965643232910882,0.35532458113773807,0.7579888575235092,0.33171386229639044
2022-03-25,0.3019709456623222,0.32739270087719435,0.6582149738144683,0.48416689232142013,0.6965746741819717,0.355333887002043,0.7588508323238549,0.3324274771068959
2022-03-28,0.30189758221692703,0.33107734843616704,0.6589639353424971,0.48697903662954817,0.714243566297877,0.355300776665058,0.7591357618784024,0.33261060893693345
2022-03-29,0.30435835937945377,0.33241786626539016,0.6596991478184281,0.4863981750947341,0.7138474263973436,0.35519570792443345,0.7616753051699054,0.33271242208218316
2022-03-30,0.30030618498917094,0.33242972035237267,0.6613162521986153,0.48568674392465466,0.6636265421531513,0.35526703315292474,0.7612190677018141,0.32931937189820665
2022-03-31,0.3013996538930352,0.33254525598510903,0.6595948873110308,0.48616552382972755,0.6586977060424766,0.35757257234762524,0.7620894688804521,0.3237741729968637
2022-04-01,0.2963238039295957,0.3230515534271431,0.6498189003643995,0.48467038710614474,0.6491991158122822,0.3446380229207236,0.7602804313997333,0.3209357830344221
2022-04-04,0.29806747051912647,0.3247734067998898,0.650326365239346,0.4880572461492449,0.6571063354279102,0.3469778686356938,0.7633234550699944,0.32005728173331044
2022-04-05,0.3007965114307763,0.3258832619847108,0.6559579856827837,0.4909482963070334,0.6605873896553921,0.3486092634127103,0.7633041901070894,0.3204778903947202
2022-04-06,0.30328078589957574,0.33463417398533135,0.6671119157353088,0.49541336141338593,0.6637465621110673,0.35296080223957144,0.7659749588812514,0.3209978239802691
2022-04-07,0.30131332926945026,0.3348877783289051,0.6662791875671574,0.49300765078558584,0.6640236671908831,0.3526927274358613,0.7642152105661632,0.32083376036137673
2022-04-08,0.3021994099998418,0.33527585729874304,0.6719814204609714,0.4947965958255979,0.6619323858253832,0.3537966621566708,0.7642263723301174,0.32346260264749566
2022-04-11,0.30425097311081506,0.3337129150708303,0.6723577889629416,0.4942982790415977,0.6541939138755496,0.35810204364126175,0.7648105505738535,0.3234166001150959
2022-04-12,0.30504097618604703,0.332053217064116,0.6721850355254965,0.4940999689943567,0.653583997928077,0.3580600736607247,0.7632997828720174,0.29914836929783895
2022-04-13,0.3044490209727265,0.3312894544566826,0.6719555048925948,0.496862485179835,0.6567395178096416,0.35651385971547656,0.7601195595862372,0.29409773056146943
2022-04-14,0.3077641793845177,0.3356682787649994,0.6743623279824006,0.49832133138498824,0.6573942576792219,0.35968970271659617,0.7604698595653206,0.2932186441536302
2022-04-18,0.3070273127721411,0.3356315618289522,0.6727189867713582,0.49470528274498743,0.6586165756798446,0.3591613349841362,0.7607136005159412,0.2961309431978486
2022-04-19,0.3071409272134342,0.3356492684290218,0.6708829080994786,0.48263010188570366,0.650508214975454,0.3583032288216036,0.760644609026342,0.29801533807180086
2022-04-20,0.30695392313018544,0.33574772952741083,0.6740614185093047,0.48541334580031203,0.6584831002797232,0.3595729274706058,0.7744342834470688,0.2982014032439752
2022-04-21,0.3061475230384189,0.33360607755040544,0.6795362476443148,0.48720639338230215,0.6609047711938106,0.358099013459505,0.7819057122702415,0.29732045444661104
2022-04-22,0.3118191479052977,0.3317751965980348,0.6811383516288375,0.4902392266244308,0.6598049284247518,0.36623385597052055,0.7820855140562636,0.3015068778111881
2022-04-25,0.3120288852572065,0.3350080393952054,0.6787886159498943,0.4906828035428716,0.6075055288927262,0.37122719973565527,0.7833942098222191,0.29985795874788557
2022-04-26,0.28924095026185137,0.33798766009907977,0.6826779179221191,0.49618993864403743,0.6646170101142514,0.37152519677748813,0.7823180317317082,0.30424095827291336
2022-04-27,0.283645028970936,0.3520632539825596,0.6663474518530381,0.4898513748062476,0.6306523425810286,0.3768912981238452,0.7780100266873728,0.30299211602610215
2022-04-28,0.2989044807174421,0.3552461390107194,0.6841821417360351,0.4985991740450172,0.6306151109374206,0.38322432744099816,0.8523699627629533,0.3026232793785503
2022-04-29,0.3074476785870527,0.3636650076946704,0.6928332064012914,0.5864743387870821,0.628295759170972,0.35680873575803546,0.8521948781584522,0.30844724542987895
2022-05-02,0.30593090925061317,0.35908898263207883,0.6953090565185289,0.5634557726880453,0.6319512408379313,0.3553044802292345,0.5932403768303596,0.309421163996701
2022-05-03,0.30675432291482607,0.3578592221823657,0.6943663765407665,0.4954588009443021,0.6278455579867437,0.3557428131588387,0.5933746827524637,0.30776684633079693
2022-05-04,0.3182327576903905,0.36167150484900873,0.6980564486287661,0.4965993695142009,0.6340423198082425,0.3630970144482728,0.5939469744024395,0.3162766960923055
2022-05-05,0.3363222041361226,0.3716769206214586,0.7126613074598886,0.5167504585947937,0.6581566992380383,0.37505916652307114,0.6096151681730296,0.316207677193447
2022-05-06,0.33583732944040134,0.36885322520414626,0.6991054360453353,0.5169833978703084,0.6578933605519457,0.37310939351091577,0.6008490668982105,0.3158055714176281
2022-05-09,0.33918925191929356,0.37202710660559335,0.7214904049464493,0.5260016949871451,0.6831228457471793,0.3748510465930276,0.6045365599555534,0.3166418278010981
2022-05-10,0.3389786854532548,0.3714307723778884,0.7128045981648797,0.5223783123011605,0.6766837334588603,0.3723516304890846,0.6002726560852255,0.3189251404379065
2022-05-11,0.3551168397862365,0.3772512963968265,0.7194004503195165,0.5238846069579322,0.6973853857966241,0.37162028305525496,0.6069965844224242,0.3187821220400689
2022-05-12,0.3547545433450063,0.3765975332487906,0.693324983373869,0.524775845262368,0.6880055608374481,0.37099801071458716,0.6067776217616662,0.3164644257519247
2022-05-13,0.36177362153444315,0.3800784021707777,0.7220583929319181,0.5390055431442166,0.6986816239215962,0.3757839472477886,0.6111344573356547,0.31739365284455834
2022-05-16,0.36004732281100316,0.375813247796218,0.7075111753607691,0.538760496716111,0.7013717048559989,0.36915460618207624,0.605581906206328,0.31499444056183484
2022-05-17,0.3641353418455938,0.3780933558927397,0.7142955046021723,0.546610976331798,0.7086004426742614,0.37025756489340356,0.6060285976622755,0.32341563247971855
2022-05-18,0.3805953158933715,0.39049748256843464,0.7269930164691892,0.5645245194821974,0.717741339250607,0.3784118968630064,0.6141822598624485,0.3245849738341337
2022-05-19,0.380271166725507,0.3872596222926166,0.7232745994091059,0.5610541694485276,0.7027111109791557,0.3778741498351575,0.6131904733416289,0.3234202687980502
2022-05-20,0.37830181332396456,0.3720719608465429,0.7122370891206217,0.5519077718215012,0.7078565811128933,0.3683885831319461,0.6063449724320225,0.3195416011823205
2022-05-23,0.38677458550859317,0.37785828134571836,0.7116299888056474,0.5501912646890129,0.7083812979807621,0.3709199031058934,0.6063476919323851,0.3408181268641419
2022-05-24,0.3882473571416451,0.3775786461863332,0.7153462376945114,0.552812841085786,0.7045454325086955,0.3831631021560424,0.6270217879490414,0.3322748084557606
2022-05-25,0.3878690812760917,0.3779125498092066,0.7215626442880052,0.5562693504501446,0.7128726232357676,0.38313155084421063,0.6238947045189305,0.3238719932997963
2022-05-26,0.38854746288550757,0.376975984661728,0.726759132182073,0.5634931235130346,0.7284455439951805,0.3856048351393381,0.6282657824250677,0.3229765087740283
2022-05-27,0.39814737081217766,0.3807833769525884,0.7353929691246983,0.5677444509273334,0.7383488045927652,0.3963696973811127,0.6275506643481705,0.32423330260905847
2022-05-31,0.39668004450293853,0.37872900353192857,0.7328660003686205,0.5753875793829032,0.738348207197621,0.3968465589129664,0.6270684319591402,0.31945447135791916
2022-06-01,0.393906132987977,0.3706373243239462,0.7197971881071513,0.5647743719683307,0.7352700632808782,0.3878824773649968,0.6149519668208475,0.31109814015611265
2022-06-02,0.39494408376360873,0.37034653474385665,0.7335917845242951,0.56849815419168,0.7397557969930699,0.39381709337229626,0.6236730354565335,0.3124118986896767
2022-06-03,0.39587781838981084,0.35980138628903163,0.7247039477460484,0.5681819651388088,0.7598858955752356,0.38318296505187094,0.6234761406209408,0.30309398471967924
2022-06-06,0.3924875726593871,0.35939116755755857,0.7243938819232328,0.5585188101864417,0.7596077936345458,0.38573047442422564,0.6237206388978688,0.3022117896528778
2022-06-07,0.39141021534643755,0.3585590507112373,0.7232669588950386,0.5588995799111283,0.7524967248369239,0.38413368421148486,0.6183758760489274,0.29859249270173843
2022-06-08,0.3876919145705895,0.3579241288659392,0.7204891039334562,0.5574726772904149,0.7493886303459106,0.3793876903424368,0.6183133574395546,0.2997089012879719
2022-06-09,0.38974753654150657,0.3512681852263382,0.7051914884713111,0.5567536338322115,0.7433219810811531,0.37724561171420884,0.6306777201364621,0.3003837239830959
2022-06-10,0.39229863795486675,0.35839930049567637,0.7002417592149814,0.5603657048231445,0.7388141014999529,0.3759532431492959,0.6253157881204697,0.3003656640047409
2022-06-13,0.3988748367007538,0.36781915024703027,0.7160288164401373,0.565676814284599,0.7479835009311904,0.3848029781326975,0.6370181125183724,0.30401666856687504
2022-06-14,0.39629639390441884,0.36620069161287294,0.7007391405122447,0.5618204623987507,0.7450195643668676,0.382647002178077,0.6301768521472924,0.3052319350084675
2022-06-15,0.3984588148937939,0.3722865453793126,0.7075478984371552,0.5742870845344209,0.7532991055960494,0.3882439288274886,0.6337939752344529,0.3068164791532138
2022-06-16,0.4024289394647774,0.3734392797091086,0.7148247096251609,0.574864303593549,0.7538793262633499,0.3879319540798271,0.6385070054736101,0.3039378767679963
2022-06-17,0.40291944194673873,0.37381203567464644,0.7148899805466451,0.5786123527413785,0.755113220996111,0.388873296283074,0.6398358003725666,0.30203404548086976
2022-06-21,0.4061865339821482,0.37616194309774365,0.6910700448676883,0.5816379702541933,0.7794852131520106,0.3954205598325733,0.6406498057881002,0.30679482582853435
2022-06-22,0.4058573235462461,0.3761487768864733,0.6909340633815797,0.5812686696701572,0.7794754756975175,0.39536671355043773,0.6398159304826685,0.3058158466635342
2022-06-23,0.40881843006059954,0.37601203978317044,0.6885341324597392,0.5828875772201436,0.7599662565997585,0.3959503461915387,0.6411440651104969,0.30610039007188694
2022-06-24,0.41022095253085955,0.38169567444294916,0.6989184250214657,0.5889487461622098,0.766758046560049,0.41037957128442193,0.655962782172762,0.31327428788674416
2022-06-27,0.4102559665161528,0.3820077368060175,0.697007747578454,0.5901941544714051,0.7667842656950116,0.41155406243591935,0.6559189275101819,0.31342601255126723
2022-06-28,0.4128362545809645,0.38555592519462467,0.7031887317586375,0.5971918887191319,0.7720718762557921,0.41475158085920155,0.662252106700925,0.308233177934712
2022-06-29,0.41427114426389644,0.38703099128334145,0.7038199013840915,0.5983753731812409,0.7718509185629264,0.41408054683459833,0.6634603414356187,0.3080998034495948
2022-06-30,0.41138494379004353,0.3851772520363666,0.701159997307071,0.5948738545844261,0.761096986656563,0.4132915322322964,0.65724603811026,0.3106888251545697
2022-07-01,0.41233343447582,0.38570125154954144,0.6986267113603062,0.5988700547009754,0.7577757964068689,0.41252626363564726,0.6572302415334663,0.31054771875339193
2022-07-05,0.4137273419231045,0.38025918302552125,0.695066192299699,0.6024613652981591,0.757235752570347,0.4193488258681833,0.6637490386661262,0.3103484044297207
2022-07-06,0.41443538254793527,0.3811011269875839,0.6961773760097619,0.6030373508318941,0.7563466386234888,0.4203962954588456,0.664347655879894,0.31045133762623744
2022-07-07,0.41761306413619853,0.380746617490694,0.7004680715436508,0.6038774143674409,0.7648372030704742,0.4264154260733943,0.66544503413721,0.3127135934911579
2022-07-08,0.4150049733438583,0.37219279938806843,0.6936071024533452,0.6028414081392239,0.7618091720212496,0.4213093802731755,0.663835803628135,0.3127071025234833
2022-07-11,0.4148666441032434,0.37225988938991267,0.6976431866096859,0.605713529573389,0.7720326621017967,0.4255372781973911,0.6698147130351182,0.3129904533348752
2022-07-12,0.4135072563751913,0.37894514319093764,0.6931856262819889,0.6020849202666256,0.7673116755224387,0.424541358678957,0.6697371214217414,0.3066538963639511
2022-07-13,0.40941263144138,0.3752642647262725,0.6892567604282466,0.6017015412870611,0.7660172835003627,0.424321865608718,0.6687803044543827,0.306665676389664
2022-07-14,0.41197849695933947,0.3754489689833334,0.6876038299696454,0.6013490933747891,0.7646132080298371,0.4240644104307362,0.671355793923945,0.3112509309501969
2022-07-15,0.41158302837673577,0.37430394170721476,0.6886675375665556,0.5992601252242971,0.76269790864132,0.4230895283609086,0.6741024364182543,0.32283024436651464
2022-07-18,0.41342438170628143,0.37447318190480466,0.6885006638310422,0.5978525559780205,0.757080219032741,0.4247843892436606,0.6561878412159718,0.3229782127575131
2022-07-19,0.41748181480170415,0.3754509614116007,0.6881979148089099,0.6004211019363372,0.7550819358948934,0.43215409207955846,0.6526354155766533,0.3275509740656081
2022-07-20,0.4148648476088474,0.3730794412186383,0.6925774948182468,0.6044098801421872,0.7555638898538044,0.42370210482464427,0.6568198325556163,0.32270984663052144
2022-07-21,0.41585992826853335,0.37014198357844275,0.6918954404132583,0.6047703838440798,0.7819621592110816,0.4194562790553203,0.6560151990251264,0.3231675454647572
2022-07-22,0.4088754871841607,0.3635715668404971,0.687062486402047,0.5986166474377879,0.7361668348201065,0.4293220482701042,0.6723591194577875,0.3177756876549432
2022-07-25,0.40913099097490313,0.349890952118757,0.686753760264257,0.5987069813800506,0.736490966975162,0.42281760478564373,0.6696254549800287,0.3169638239630475
2022-07-26,0.3987676818890793,0.35017250573943753,0.6719642388803951,0.5994661939966114,0.7399206857376809,0.4179827684000696,0.5837377417124718,0.3164944517344572
2022-07-27,0.3979061221733511,0.3660990501945348,0.6774135621857208,0.5261759059017697,0.750577790181684,0.4391331215010863,0.5981580427301091,0.31155815727715175
2022-07-28,0.39795496866187857,0.3671682484153404,0.6690065808269622,0.526661457503032,0.7481045664032556,0.43737274348088934,0.5960893271678035,0.3109651693169681
2022-07-29,0.40298787954391735,0.3681259689963642,0.6693338449632366,0.5642780173542941,0.7571482897947408,0.4388177058329375,0.5959111782731736,0.307810283392845
2022-08-01,0.3945051046324854,0.36370936525771114,0.6655721046230868,0.563738371425481,0.7508122680968528,0.4309796828235375,0.5843531875487208,0.30022096899906825
2022-08-02,0.37681938624716776,0.3528509874200346,0.6473024600724134,0.5391608064350224,0.7295067769562794,0.4196468657727631,0.5687919533690681,0.297631258387053
2022-08-03,0.3844237535511291,0.3567769915916762,0.6483119762131839,0.5432452323623875,0.7306046892808215,0.42265441442485524,0.5792814936306864,0.2986561430080939
2022-08-04,0.3776393814723463,0.3478810385733192,0.6166834779907876,0.5313913442951262,0.7025814559855086,0.41840531582202445,0.5753731754350666,0.2979707892609462
2022-08-05,0.3765095709573286,0.34608865844453324,0.6128988535317808,0.532480091713794,0.716964836288007,0.41733337863016273,0.576203371525108,0.30066647311061095
2022-08-08,0.35920159057610623,0.339195745503312,0.6166199510245182,0.5277903921233017,0.6934918779126242,0.4170692376925155,0.5706586498390687,0.3014062895903794
2022-08-09,0.3540253274257534,0.33644262487338583,0.6197308113061207,0.5283823050120032,0.6954393244887397,0.41700206160928893,0.5700624654180503,0.30203448890804935
2022-08-10,0.35225962224103025,0.3368965915253598,0.6028498485767666,0.5213413294735442,0.6906785718061008,0.416449470887521,0.5769158484437498,0.3061978778895492
2022-08-11,0.3514983544334921,0.3374156794790011,0.6007850346075814,0.5203714708018891,0.6809182162243913,0.4156807178475162,0.5766455118450546,0.30733144415917807
2022-08-12,0.35051249449136057,0.33671669223943884,0.5976038341205213,0.5160259484556655,0.6796606946973923,0.4169170351175396,0.5771425144967455,0.30179644653082077
2022-08-15,0.3271438329635649,0.3199561177158433,0.5798156835984283,0.4900684759257799,0.664524961345518,0.4081769042481888,0.5674409737959742,0.2996889951708491
2022-08-16,0.3218991385478155,0.3198734509328816,0.5798659801678949,0.4901970316446103,0.6650187871856387,0.4070840821643546,0.5675594677210057,0.2985576588626081
2022-08-17,0.32202347285583227,0.32006856577066206,0.5806765998110522,0.4925740279017075,0.6491448327317983,0.4078721177224528,0.5692101046076435,0.2985855833244367
2022-08-18,0.31368737216090814,0.3144778367957309,0.5820423828614264,0.4925126986063513,0.6489809496614115,0.40540221282187827,0.5682959816418863,0.27223873530837395
2022-08-19,0.3125100921192351,0.3159211107753158,0.584015061979694,0.4913863394019022,0.6313930530750869,0.3945619296675714,0.5506579025599009,0.27515934779476825
2022-08-22,0.31722324401899743,0.32174253465117164,0.5836215254554092,0.4967601440718833,0.6279998049338411,0.3984807841825413,0.5527573831468926,0.2764790818184409
2022-08-23,0.31461563134888343,0.32098833510018276,0.5744666917701302,0.4911198204053686,0.6134855176356785,0.39693878066232174,0.5455813772783767,0.27426008357389714
2022-08-24,0.3047911841762274,0.3162144708946274,0.5637962606837528,0.48631640981089796,0.597402399529313,0.388012266037357,0.5448753504808418,0.27240415808372637
2022-08-25,0.30554664803400117,0.3168029576861055,0.5698009020615225,0.48141492213572906,0.5974649706915833,0.39069485964502026,0.5498004037481731,0.27676763290984907
2022-08-26,0.31666094556479846,0.3270904694674736,0.6018912761292736,0.4920953128053538,0.5981596018655498,0.4072093239808234,0.5537919273996621,0.28236890572664114
2022-08-29,0.3166179361753556,0.327331528839066,0.5867277927055715,0.4884483146417031,0.5919901186590042,0.4017233329064428,0.5422887404201362,0.2798547420787238
2022-08-30,0.3072423658932149,0.3260314052540653,0.5814066195684054,0.485783961659775,0.558457741893691,0.3983052017369494,0.536908654591275,0.2788414009704315
2022-08-31,0.3081453103921803,0.32609423807185595,0.5828577628951289,0.48527553018428204,0.5581773645576157,0.3961551492156844,0.5412120186639089,0.2789414610387989
2022-09-01,0.30638313605576245,0.32480142255491684,0.602823389104313,0.4845656066641339,0.5582154632666142,0.3973014513963968,0.5420451734784809,0.2793857175181628
2022-09-02,0.3076241331594133,0.32616635536507055,0.6033863836679548,0.4835291668610286,0.5607143729986818,0.3986844928971384,0.5448320569605275,0.2780739007926049
2022-09-06,0.29821134886219475,0.3241772306310132,0.6009220059366286,0.4757595781556503,0.5609366094347283,0.3971181824293387,0.5290655303608155,0.27518733470705364
2022-09-07,0.2862544170341608,0.31282312491510617,0.5910459707160809,0.46224132548256963,0.5599415725469586,0.3950817573028688,0.5216204422264125,0.26149918451365795
2022-09-08,0.2742849476049048,0.29929224823706235,0.5701523341466833,0.4456777810237713,0.5373017639426232,0.38507431897725986,0.504160121962314,0.25841185142348416
2022-09-09,0.2761351905317375,0.3021307640509241,0.572746672651656,0.44659663775938696,0.5395928083120657,0.38731029537348777,0.5117630547008517,0.2560680551452814
2022-09-12,0.2831955525744375,0.29683340926442064,0.5656640259815867,0.43779812212004043,0.5306413086258165,0.3830422056583374,0.5070671625166366,0.25606731632190893
2022-09-13,0.2988879364057434,0.31425020583617574,0.5892144170942293,0.4577048645825017,0.5027887046242518,0.3967280114263227,0.5357309212789423,0.26405171920192344
2022-09-14,0.29867233232861384,0.3135029657008189,0.5876804896827008,0.45611271802294034,0.5059862780615898,0.39635845995984076,0.5347154722797318,0.2639858002149235
2022-09-15,0.29555444636819383,0.3145406566960499,0.5804564610146495,0.456227570156172,0.47484118917483126,0.38919660470559975,0.5286250843920826,0.26099171383884223
2022-09-16,0.2965163990162225,0.3145460739784738,0.5823765531360435,0.4589865630893374,0.4746755816565336,0.38919314937852895,0.5302387640181316,0.2611076664512294
2022-09-19,0.29756373422873555,0.31088951312347696,0.5833779237230903,0.45512817752301954,0.4752572330486395,0.3889184684430778,0.5293659418705221,0.26066172906252116
2022-09-20,0.29529973236953966,0.30278264863205456,0.5715157529827978,0.4518575624841235,0.4681135705787415,0.37551859241346586,0.5089991655941798,0.2569592913370518
2022-09-21,0.29876528812357167,0.3033932435394832,0.5714908771806845,0.4524570774494057,0.47189312142444767,0.3755624016947838,0.5115696647775053,0.26332036663953534
2022-09-22,0.2919094042225088,0.2972986020994382,0.5715718144941297,0.43918402279185426,0.4674004090556742,0.3706025489707107,0.5008556418602346,0.2641258365844071
2022-09-23,0.2930099155638346,0.29643382305298965,0.5693967819430168,0.44322124991746803,0.4768034060715531,0.3714443270272054,0.4996496874934348,0.26662075231506605
2022-09-26,0.29018610787216487,0.29542024894663094,0.5691393306629321,0.440472770466819,0.47482476699116055,0.36849818022687814,0.5018274463717455,0.26597785071721347
2022-09-27,0.2888225436294671,0.29442625003046513,0.5644185520738212,0.4363556339279778,0.4765040167262874,0.3686466220983512,0.5023140356765062,0.26493893935155954
2022-09-28,0.28798282326822505,0.2962002198261316,0.5634439746120998,0.4349710027093886,0.4752198341222733,0.36248795314341314,0.5034688458029205,0.2673848337789732
2022-09-29,0.3059542904027341,0.29597595050858677,0.5682054160310694,0.43855252571697245,0.49858577784214164,0.3648116899636472,0.5077249979884202,0.26924042256331693
2022-09-30,0.3081328508932624,0.2973940609949139,0.5583700811708682,0.4382370280700094,0.4876470193107731,0.357059154685669,0.5063762031450149,0.2654495207195511
2022-10-03,0.3145345915358162,0.30614621855344093,0.5628600038410447,0.44115546606469175,0.519763716030152,0.3635841549867036,0.5089611969949119,0.2733953887258741
2022-10-04,0.31747184176457466,0.31366491693688864,0.5675467669317749,0.44460086918940794,0.5038557020786374,0.36502079512841634,0.5013628329116715,0.28841518944303113
2022-10-05,0.31719449378801756,0.3019196810876192,0.5676380554487346,0.44176198319580096,0.5091566493073443,0.3641250128630016,0.5014497920280021,0.29169284536397344
2022-10-06,0.31745000840453624,0.302458429316733,0.5674646961215294,0.44158833619466137,0.5085582384657454,0.36131353842371083,0.5014278336478534,0.29405915000915406
2022-10-07,0.32366009132688744,0.32025326919490593,0.590306970069191,0.4534634918075145,0.5257655660844283,0.36488772286660615,0.5036188501181635,0.28786385507943424
2022-10-10,0.3227155933198012,0.3219394660689061,0.5903310735693297,0.4506403431340429,0.5254740532321882,0.3638479743494644,0.4953449675616919,0.27259717476069084
2022-10-11,0.32067689267535177,0.3230238923891203,0.5877941844175756,0.45140071824710665,0.5285807371365943,0.3609208624086995,0.4993649555069833,0.27801811272867977
2022-10-12,0.31565228753467983,0.31968318710491767,0.5746372711075487,0.44440669360649265,0.5266634287517423,0.34888144960404116,0.48643185893524704,0.2751735484427083
2022-10-13,0.322107051933954,0.32866760528889555,0.5718177930150322,0.43707523189659914,0.5282866511626674,0.35073125811438277,0.48023689104929046,0.29797522206984245
2022-10-14,0.32673725795747016,0.3309898690156634,0.5818109718793636,0.4474198220048656,0.5132210089931294,0.3536853880797824,0.482122390578832,0.29968824947903616
2022-10-17,0.33242137051741216,0.33997951820366223,0.5925818890227825,0.46559271755638876,0.5341244266390897,0.3427861850780852,0.4742669688583671,0.3114960061569896
2022-10-18,0.3328835381522107,0.34004679656092746,0.5927181960614453,0.46765403332356537,0.5338830174712098,0.34326975117695874,0.4737777996286204,0.3156808172762261
2022-10-19,0.3325006751702325,0.33613573087443704,0.5912627879658263,0.45502074981415763,0.5299201928239007,0.3407967559836419,0.4656965311803917,0.3166808525958497
2022-10-20,0.3246382866402052,0.3069260530521026,0.5693980618136468,0.44183796684188437,0.5308006221101481,0.30342921227580727,0.4449954985679882,0.3151145232687362
2022-10-21,0.32960073574217574,0.30565395413483337,0.5713007429270237,0.447206906428203,0.533951686384097,0.3036706382593266,0.43323673551392594,0.3318985747506832
2022-10-24,0.3239202333049177,0.30719726433891636,0.5713873845519503,0.3969738779847984,0.5190918555718806,0.3025119555196223,0.43302540551428104,0.33180764432198895
2022-10-25,0.32647332205760604,0.3084621827815181,0.5817924447394625,0.39721131476037325,0.5320632306519247,0.30473026033236733,0.45084897321277084,0.3310273851283082
2022-10-26,0.32832311015613974,0.3475163849333795,0.5831962383066819,0.40531215242336566,0.5319226160170585,0.360654044505137,0.464625525154788,0.3297778752467831
2022-10-27,0.32382295886736534,0.34340267129457747,0.5835587356361157,0.4036171141368707,0.5290931365089483,0.35947195654804576,0.7248354440307637,0.32930628503339676
2022-10-28,0.35856419707558296,0.3542699947282935,0.592474078397009,0.4225070440183697,0.5304070922765662,0.37221338416263733,0.7251216892176067,0.32890339879471675
2022-10-31,0.3597779342147243,0.35525390308003013,0.5936442636209348,0.42233231860996967,0.5135812455027532,0.3734876438269187,0.7331229515633286,0.32378579442627003
2022-11-01,0.36134135352910146,0.35620002060701356,0.580844652044251,0.4352194998630197,0.5131173042569437,0.38236256598944024,0.7336524750148183,0.3242467509226226
2022-11-02,0.3689771766356535,0.3616788632187369,0.5774763351147364,0.4441015921304575,0.5232820938450281,0.389078234183782,0.7383337702315852,0.32469971649233187
2022-11-03,0.37376584816651737,0.3598037703239973,0.564510852075325,0.4383452961968781,0.5158259814256592,0.39080415681904024,0.7251650998274016,0.32077500833969086
2022-11-04,0.37375882869481564,0.3679873045267152,0.576941005976094,0.4414375679932642,0.5181271670982709,0.4006346194027374,0.7281051285941822,0.3239628044921914
2022-11-07,0.37058680163352714,0.3717287835017299,0.5698070870359392,0.43767237385220403,0.5154377781734029,0.4000979152027796,0.7418273586862858,0.3225560027777668
2022-11-08,0.37036828475516054,0.3716305339158672,0.5704583688891675,0.4375566467387282,0.5114926599916642,0.4002302767292839,0.7415479226176526,0.322543399173085
2022-11-09,0.3754294871628288,0.372896613052552,0.5809956471662951,0.4418373799028199,0.5292666300975422,0.40103825242363333,0.7520101524478308,0.3233758993554901
2022-11-10,0.4170715374961287,0.4102642193233094,0.644920655751038,0.50866332878611,0.5543441120471744,0.4312678690951942,0.7824511504480712,0.33273332550739787
2022-11-11,0.4194937618242567,0.4122741578078767,0.6475555592769175,0.5181091011277627,0.5588999705630541,0.43524390506121946,0.7831869490146185,0.33215664723588756
2022-11-14,0.4189202098105522,0.4136952481591544,0.6397348537834131,0.5171124502852451,0.559543123577663,0.4330616150481614,0.7811697439621129,0.32842549405562255
2022-11-15,0.41762441528891786,0.40994499657833744,0.6345491569801646,0.513373271294501,0.5609485583914111,0.43529457152474343,0.7822113942766433,0.3267037134669081
2022-11-16,0.4178384311869846,0.4099219311161997,0.6412140907710447,0.513847827416117,0.5615786237871488,0.43550250863184764,0.7842020245681847,0.3257387634128749
2022-11-17,0.41888002410212466,0.4099429126141382,0.64175733239353,0.5150155373233192,0.561779133510557,0.4355313644627779,0.7834367076078219,0.32603052070473426
2022-11-18,0.4176234618598483,0.4090152994000295,0.636810299018678,0.5108444424761985,0.5619526371210448,0.4317838216524176,0.7794887246206713,0.3234195144300541
2022-11-21,0.41280630655836353,0.4018490046015213,0.6058077331060523,0.5037712125394033,0.5751654404663993,0.4190554800478085,0.7764573326177825,0.3154275647879667
2022-11-22,0.4133396019037077,0.4024019289159239,0.6105538522394659,0.5045443161790422,0.5767574447685471,0.42037500969375036,0.7773311181916333,0.31626435307412126
2022-11-23,0.41251511565443627,0.4028153077797065,0.6117810670618735,0.5054999744506472,0.6006795471527391,0.4216840820431544,0.7776582574763523,0.3166217361178585
2022-11-25,0.4138616958579244,0.40269705924661986,0.6104174911102181,0.5050881220924982,0.6007678152649303,0.4219269258209836,0.772797892252975,0.31608718032377664
2022-11-28,0.41698566319133007,0.40528880398702344,0.5898718713182174,0.504833500921528,0.6003979418163531,0.42144438262082395,0.7723454844287054,0.31880843761998945
2022-11-29,0.4182376855363659,0.40411556846900903,0.5886424755216862,0.5053276033015343,0.5992461257707461,0.42050654269782184,0.7711743980620165,0.31936888513641626
2022-11-30,0.4298957855140922,0.42230930713272996,0.608214689173767,0.5150259722998766,0.62008160243666,0.43846677146136886,0.7893185942522908,0.31981271864402216
2022-12-01,0.42943523435156655,0.4204986621378023,0.6077349397339468,0.5111443371913476,0.6148765762037081,0.43528107532242444,0.7902055063240598,0.3200910101689207
2022-12-02,0.4290764571704469,0.4204922618242879,0.6079995935406999,0.5112438820216706,0.61273676643867,0.4350096212037845,0.7919722046447135,0.31797592139789127
2022-12-05,0.42740524946011266,0.41947491428000794,0.6069857065109602,0.5101823426357175,0.618200799919923,0.43289496670175354,0.7858290195141331,0.3240453655258
2022-12-06,0.4224594269897787,0.42092762526339994,0.6125232204856875,0.5087223150012824,0.6162964019097755,0.4355249433617817,0.7969317071720715,0.32335611452812096
2022-12-07,0.4054767891111758,0.4049691183359111,0.5752014350906631,0.4901275297880364,0.6146232432281988,0.42007447493215266,0.7736371211743461,0.31416815950867105
2022-12-08,0.4058049507973703,0.40581480058773717,0.5879629103569132,0.4916655344566706,0.6079033813860398,0.4203799651579305,0.7743249425053744,0.31450074796271016
2022-12-09,0.4041539605876561,0.4021931568788946,0.5872877226284108,0.4913349445528466,0.6131745266592339,0.4189721935006727,0.7743720108604837,0.31375619463507
2022-12-12,0.40517516124167474,0.40635578692784674,0.5888721927625483,0.49220389508233964,0.623565503028591,0.4192076442877631,0.7735940318947514,0.3144305910912714
2022-12-13,0.4020070878201441,0.4077956610436875,0.5908967992692288,0.49432189156799794,0.6240575679073368,0.4225519057055425,0.7798326075519222,0.3141663686415811
2022-12-14,0.40160751485616064,0.4073323664970902,0.5920599335551757,0.4934410069030689,0.6244904472169672,0.42106792364571377,0.780197673572157,0.3111743291584317
2022-12-15,0.4110013036167734,0.41187238294615125,0.5996970664527931,0.49450684257949157,0.6246597113989668,0.4293047760817749,0.7835272878985605,0.3094905903127423
2022-12-16,0.4117322599895359,0.41321401975372746,0.5900087916951998,0.49438697291648537,0.6262643891356674,0.4289094972963044,0.7859679954549944,0.308677965987172
2022-12-19,0.41184413397278113,0.4139589210567972,0.591820535250985,0.49521190962715117,0.6219235968165713,0.4298757310360198,0.7896023188751334,0.3055340190051414
2022-12-20,0.41175686968830794,0.4140817292439538,0.5898427488278716,0.494261265454089,0.6394209867512229,0.4301336951138868,0.7895030918936216,0.3011852702249334
2022-12-21,0.4147543144926218,0.41451835615891264,0.5910310538591039,0.49656848733395065,0.6352772231533125,0.43029425813621086,0.7907522888564023,0.30051399415338154
2022-12-22,0.4166637832598506,0.41608096193659394,0.6103944923669314,0.49476474182356756,0.6535503292481494,0.4282450839414651,0.783663379023004,0.3001284502317202
2022-12-23,0.4043424320761674,0.41497336131227786,0.6038699973398431,0.4948352485100342,0.6428627413512427,0.42686701100229507,0.7806976974991506,0.29715167325123854
2022-12-27,0.4006452727238058,0.4132628649727434,0.6242195973091994,0.49627686378471814,0.6799760180031013,0.42731970666515195,0.7808253126650395,0.2944176141350495
2022-12-28,0.39993091881209036,0.4080817750033169,0.6217567382835851,0.49259954310384385,0.6683366389779197,0.42292816986580417,0.7794117023243159,0.28918923466815477
2022-12-29,0.40073445614675074,0.40614727202567935,0.6183340803976571,0.48688753933144296,0.6885914727229009,0.42226493479217764,0.7836683024566531,0.27550719971447185
2022-12-30,0.400753243049472,0.4062288875929771,0.618329647522793,0.4868494018656854,0.6884491512340426,0.42226476016492837,0.7835682885073886,0.2709763345715959
2023-01-03,0.4074511120110422,0.4057893859870428,0.6198378234246297,0.49010390505990004,0.7306549226908171,0.42300309781016004,0.7874769352572297,0.2665057458015037
2023-01-04,0.40168460711190734,0.4019990886109202,0.5964782687316748,0.48178010627789947,0.7336991503132068,0.42022248590083766,0.7844733646337151,0.2620279210463706
2023-01-05,0.40200643569217537,0.4042977718568858,0.5962569795960267,0.4833332732374307,0.7342891046673768,0.42196118180100484,0.7844602011965288,0.26165409918892835
2023-01-06,0.40907998380563165,0.4035978206830266,0.6007257597869045,0.4899990184458734,0.7370202272401399,0.42298381904731563,0.7817770466543132,0.2538196745026704
2023-01-09,0.4091546150252649,0.40407945249296734,0.6076339021146218,0.4911104732306235,0.7497696054330601,0.4232784746423059,0.7816411082083106,0.2534499533462131
2023-01-10,0.40313360358975703,0.3970752969957571,0.6040754001703131,0.495634668696644,0.7471200110427758,0.42201042061060096,0.7823181575443927,0.23182587836730978
2023-01-11,0.40034222554382526,0.3985666881660135,0.5872151387942767,0.5006402112876663,0.7393945765783233,0.42554488868220863,0.7801749353514988,0.2304668717030266
2023-01-12,0.3956569350181508,0.39136135408882916,0.5799167925346757,0.4824124530670498,0.7225989446444905,0.4190658388586661,0.7738961217975838,0.21709381922863202
2023-01-13,0.3957388600796467,0.3913209906173817,0.5810544950189966,0.4842306004876763,0.7220604259362827,0.41938083446881524,0.7736421802008479,0.21688796504850205
2023-01-17,0.3962322727999704,0.39102199500584445,0.5870028257068501,0.48542348762409065,0.7402671897413645,0.41917374872001173,0.7740365537834901,0.215148921884806
2023-01-18,0.3963089219868216,0.3930162015547802,0.5891004418024262,0.48537072215147975,0.7301040988777608,0.4190516862884195,0.7744261932028479,0.22560816007840567
2023-01-19,0.3921073676138488,0.39095222538501206,0.5942500815520867,0.47991019925094536,0.7249098775995773,0.4207496232983749,0.7754525535856798,0.2041270591640038
2023-01-20,0.3929698605691482,0.3953561140389153,0.6056070765338942,0.48711309865993035,0.7340082837629663,0.43376155458713633,0.7768038280233198,0.20413218220687354
2023-01-23,0.3939653363913515,0.39483683377973033,0.6142459038314523,0.4868477865845132,0.7434056824829658,0.43356490058951164,0.7696737929276178,0.20626021597663344
2023-01-24,0.39270925174393867,0.3582036377914195,0.6101583350010639,0.48065869415725987,0.7427464845318089,0.388250151697376,0.7600637876615703,0.20577607824222435
2023-01-25,0.38775307966470157,0.3558858133214073,0.6094198235471971,0.47450095247344626,0.7428496419693427,0.3872529850361845,0.479729489334606,0.2058231138394153
2023-01-26,0.35805906164700185,0.35212724329258727,0.6042268159149425,0.45487895967743097,0.7759890917639631,0.3801223945157427,0.48461011142820215,0.20497844737041485
2023-01-27,0.3580933693195045,0.35037956526382896,0.6024621992823108,0.45879932453713146,0.8082369302872908,0.37993018537184975,0.4646954899083607,0.20486490355343764
2023-01-30,0.3586521154156311,0.3516436438565985,0.6182372422764875,0.44478380175065385,0.8177954585349904,0.37236063425570204,0.4707549977834649,0.20315897852683773
2023-01-31,0.3507044972895827,0.3453009336736863,0.6156523335800049,0.43511517783655523,0.8151179942334735,0.3643996252170836,0.4553827557380417,0.20215056372115633
2023-02-01,0.3392486138929476,0.3418394189508352,0.6288411536707634,0.4310576599138275,0.8214342236031283,0.35385887978578023,0.45365648456658236,0.20233928604435356
2023-02-02,0.34686378282326374,0.34772379892830063,0.624412681595714,0.4522852679272642,0.8223018022143526,0.3734689911387069,0.6115122904699083,0.19562779089216753
2023-02-03,0.34993581861179307,0.3477621791636165,0.6286111074922907,0.48954994835325816,0.8159844933961289,0.377002581009286,0.6040633343737396,0.19764522079055422
2023-02-06,0.352250592926142,0.34813419378631466,0.62805243800595,0.49009954233131947,0.8153260027646105,0.3794071276941953,0.604057105918388,0.19787271026820027
2023-02-07,0.3463175570994951,0.35440888349708605,0.6198318159667802,0.48079814537322146,0.8005469136911387,0.38684029421083554,0.5996852178806154,0.19679433162510354
2023-02-08,0.30250837305918565,0.317052351852502,0.5615464425954861,0.42250525273384354,0.7885764194524498,0.3962617722450093,0.5817836766314565,0.18033080131480186
2023-02-09,0.3003964194654721,0.3165718342842463,0.5579969075759595,0.4151932141070238,0.7889270580558023,0.4036761564719231,0.5871521954355664,0.18349854684049688
2023-02-10,0.2997237369381467,0.3127303667056249,0.5688795395527219,0.4127071342598856,0.7943984526573412,0.40350748831075867,0.5901047127028801,0.18222454865648605
2023-02-13,0.30116663949270317,0.31846002315560473,0.5691334104385755,0.4145828755761679,0.7939235263933735,0.3991408150702182,0.5908563213438955,0.1825395206423208
2023-02-14,0.30077067863210283,0.3184116857348869,0.5675896765298805,0.4127606335873594,0.8032264852008687,0.3990260745432089,0.5849839204423932,0.18266032813911348
2023-02-15,0.3009385047770298,0.3194147602390903,0.5668138710626535,0.4106562743123815,0.8030876684255484,0.40200781082074993,0.5845257386384535,0.18238421625491105
2023-02-16,0.30169403958489904,0.3247491767718566,0.5708164735785697,0.4152903219866022,0.8119719320071799,0.4026847148661806,0.5888322331962608,0.18415395704752546
2023-02-17,0.298605670023269,0.3266015912550263,0.574626829608251,0.4140424105795042,0.7996754182534358,0.40158808897007653,0.5862455111143495,0.183634241318982
2023-02-21,0.30239002128093956,0.32887228168446364,0.5742227669460641,0.41774545628445836,0.8080882712986613,0.4041390053134094,0.5866007569216672,0.18569629821592032
2023-02-22,0.3021932852999634,0.32838856984487313,0.5717938915360343,0.4180598488942842,0.7944114252449858,0.4028709512938247,0.5871903821284297,0.18525271285777511
2023-02-23,0.299505961722663,0.3294005329008021,0.6270722482537637,0.41772982245465906,0.7944315021458778,0.4027095834630892,0.5864305692681627,0.18590134474712722
2023-02-24,0.29677051029838986,0.32897887858216124,0.6248593347130972,0.4206741125710564,0.7964533706979238,0.4035465099519468,0.5839209694867946,0.18287985598817527
2023-02-27,0.2937260147356611,0.32876840437830984,0.6237035198312131,0.4193269016229325,0.8030387008630223,0.4036815976616581,0.584476992408241,0.18077156364812724
2023-02-28,0.27724235514325124,0.3048447309472175,0.6064164442423485,0.40962208079383605,0.7893393250306617,0.3838454885151594,0.5690320047886702,0.1800001898908751
2023-03-01,0.27874530196754993,0.3058808514836807,0.6088863101425744,0.4114949551475812,0.7899617867560408,0.38397661949083034,0.5692161579585556,0.17784854633610384
2023-03-02,0.27881995895145273,0.308605389931747,0.609103529889842,0.41048017107422236,0.7997913705619039,0.3860371331287233,0.5678483841732449,0.17843855717892174
2023-03-03,0.28722159036640704,0.30795190067620914,0.6086901386241922,0.4090199633386843,0.7912686914901106,0.38764560265715986,0.577597892246776,0.17134764950149015
2023-03-06,0.284241617149469,0.3050780009761712,0.6031848338826261,0.4046554576019254,0.7918553663183623,0.38572735150762616,0.5551274694569442,0.1720083479298379
2023-03-07,0.28440927986154096,0.305880631743675,0.6042730945888638,0.40469591283764134,0.791730153491487,0.38424437551334256,0.5551614716726181,0.18349328956337274
2023-03-08,0.28390544981807003,0.30494651130885186,0.5962403104694997,0.4025572570784768,0.7944201850455355,0.38340297097337434,0.5552065486393194,0.18291654714775318
2023-03-09,0.285693533450243,0.3046866319221048,0.600238181162417,0.40324330685878207,0.7987746032059678,0.3852871742514835,0.5576877231788429,0.21597139549959202
2023-03-10,0.28549801906601197,0.30058987114304786,0.6000962690594606,0.40341265504560636,0.7875077991900716,0.38695252414209436,0.5579380239029873,0.2198415385441317
2023-03-13,0.2864050118736886,0.30166823024281514,0.5977636766662833,0.40285798413508744,0.7826062008388635,0.3836258552541894,0.5520286900897285,0.22292957014544135
2023-03-14,0.28567729153108135,0.30665654373232387,0.6015084489204737,0.4058461120927454,0.7865023469183747,0.38892030903631475,0.5669594146378475,0.2288278937308374
2023-03-15,0.2667689970024668,0.30099962533961855,0.5935328329995128,0.3999351344948964,0.787343349054819,0.3800622967422012,0.5562660595561241,0.24425739771641736
2023-03-16,0.26663079923650324,0.3086791569287073,0.5981017607162384,0.4069430297165004,0.7810378352188453,0.3892813417035738,0.5576341942430948,0.24714290059210633
2023-03-17,0.26437029088076347,0.3065825255902052,0.5955421981669714,0.40087789172480787,0.7826847194382907,0.38716519968615204,0.559355707925838,0.2592201434407691
2023-03-20,0.265563012804314,0.3120514544060245,0.5943506745141678,0.4020761015731284,0.761817784568765,0.3872728999107546,0.5586588657463183,0.259985131987641
2023-03-21,0.26275389625498624,0.31160681620755987,0.5932705342398427,0.40454400460772205,0.7752563417264894,0.3933361131570945,0.5585773716664488,0.2647513608836742
2023-03-22,0.25800076521617,0.3066114910050021,0.5689188842887951,0.3995726185595604,0.7519261372008417,0.3920849372072845,0.5564821436582683,0.26910399730451834
2023-03-23,0.2578459364976556,0.3086545898923747,0.5688468922637439,0.398450997125131,0.7501661251509739,0.39291963157331833,0.5571351138146953,0.2689227802785568
2023-03-24,0.2555696652198871,0.30836403238162424,0.5441217389554611,0.39434774810824336,0.7017742296801718,0.38993766480454845,0.5557275980437157,0.2704697140990365
2023-03-27,0.24745977505041222,0.3093766533139368,0.5445910134700664,0.39272679709758945,0.7001035815905438,0.393481747347043,0.5565372035323879,0.2767188652491313
2023-03-28,0.24276485288697758,0.30541727328665824,0.5420658960289414,0.38976286252844067,0.6866426543452792,0.39150422914912103,0.5544708539187642,0.27651507549589127
2023-03-29,0.2450522724047521,0.3069588510545644,0.5422422722250694,0.3938517127203011,0.6875035981870589,0.39138985352204697,0.5550065011225647,0.2761697983484884
2023-03-30,0.22943152227349606,0.30753207449755215,0.5384665393959797,0.3931140036756517,0.6243340991467597,0.3913319366524744,0.5521950474067834,0.27567861918961184
2023-03-31,0.2302625613663598,0.29202031124909683,0.5370561890717214,0.39294820808803316,0.6275873010792448,0.3937449823267698,0.552074651185593,0.27616788833671896
2023-04-03,0.2281841647493835,0.2838247519200671,0.5292814798814847,0.38963595813290736,0.6402938222704982,0.3905198825330981,0.551563495380634,0.2758035969782151
2023-04-04,0.21913903365880308,0.28353829985162754,0.529073794722542,0.3848447944283097,0.6409242397019089,0.3899696591646729,0.5506375652613549,0.2739552234713643
2023-04-05,0.2214118863462441,0.2847282507402872,0.5261408149501053,0.3892170738419411,0.6396136448260377,0.3899982691104583,0.5521657011663468,0.27409236763878303
2023-04-06,0.22143436236463354,0.288016242304911,0.5258608756415937,0.385760815127001,0.6391793925053051,0.3962618803231147,0.5515166623482867,0.2732767600283545
2023-04-10,0.22224769069245912,0.2839027280391412,0.5263011877260334,0.36876248943382944,0.6366902372826156,0.3933687757947048,0.5520099004115172,0.2728406500659261
2023-04-11,0.22322784587043973,0.2884398378832341,0.526484843631298,0.371878923168677,0.6367356160624841,0.3940057936524773,0.5509155395713304,0.2731526286884657
2023-04-12,0.22326628096173623,0.288441480779517,0.5299425430879428,0.3696653473855019,0.6414074517843912,0.3940531857019395,0.5509757742127152,0.26762378220330785
2023-04-13,0.2316763209902434,0.2911305903187673,0.5239547639997924,0.37857949101264543,0.6287748643054141,0.3964275080180573,0.5512606738269656,0.2663021531119752
2023-04-14,0.2312503666368093,0.289378948987023,0.5213723949014393,0.37827969136718564,0.6267379280892754,0.3968991709998968,0.5487249467984378,0.3001746765371109
2023-04-17,0.23126857071664247,0.28665458503140584,0.5136002145054248,0.3759766963881497,0.6256070421363228,0.39977171412399204,0.5494227953428811,0.2992031324392931
2023-04-18,0.22911916171898564,0.27921306079668196,0.5023010143813127,0.368628456904327,0.6209985836528839,0.3872956723373807,0.5490361966302292,0.2999634507524518
2023-04-19,0.22542210307702149,0.2789133845967945,0.4832396090958359,0.3705618847601157,0.6061258774269938,0.38578478081731266,0.5485623270144185,0.2982814176585267
2023-04-20,0.2256215619856436,0.27963951317306845,0.48892045550172114,0.3697004731708305,0.6441224194101483,0.3835747012945066,0.5497385502438423,0.2978790761810121
2023-04-21,0.22657216263382862,0.27917940234165817,0.48900379887587214,0.37403505443865376,0.644485658670857,0.37943926738537787,0.5486669912897282,0.29776018999439513
2023-04-24,0.22514874251928046,0.2753580669200318,0.4877129107702121,0.37228341465037285,0.6094117934622443,0.3767030681305166,0.5444168470049685,0.2975096995723559
2023-04-25,0.2251745752187079,0.2800470142569887,0.4906178693438155,0.37453779471493676,0.5698396585915128,0.37748399993115905,0.5458265893036588,0.3008774100251829
2023-04-26,0.22042094183849767,0.3086040788122136,0.47354122134019183,0.3758512042743906,0.5613179671236223,0.37376182217817294,0.540521398622952,0.30257493465992435
2023-04-27,0.22626671201932055,0.31197151620798313,0.4727709032647332,0.3834720859994397,0.5620769813666564,0.37902885633907685,0.597627704953729,0.30362802323958465
2023-04-28,0.22623222526230782,0.31027305288267787,0.45457045065405033,0.3908539736633669,0.5561537275185978,0.37788256999137537,0.5962259760746504,0.30414469713948983
2023-05-01,0.21503283170576895,0.2977828411348696,0.4561726446499295,0.36738639841736337,0.5508883516290471,0.3493298891657449,0.42291971887829144,0.3071094981951549
2023-05-02,0.21062419904724908,0.2927734710339623,0.45501606830854724,0.32182331730394653,0.5505331424294617,0.3464875206992472,0.4237325512171816,0.3073148774124218
2023-05-03,0.20734300092530997,0.292463047289807,0.45663084069446186,0.3208805647990391,0.5476049048375811,0.34440842003926986,0.42441271624652943,0.31005924950184205
2023-05-04,0.2054520004831501,0.28135278090190236,0.44740261992824365,0.3209383867495409,0.5470559609849361,0.3318760251368043,0.4228035220431638,0.31002358164540217
2023-05-05,0.22117666877478542,0.28274800552939416,0.4534551241535098,0.31954727231737573,0.5569080637150658,0.2879916235614174,0.4115810616835615,0.3125844527348465
2023-05-08,0.220425551654217,0.2818169133322196,0.45411415250736986,0.317041806611665,0.5535074984268433,0.2743863752656256,0.4052940226785925,0.31107626975531993
2023-05-09,0.2218603258994791,0.28213833567776353,0.44322747770460136,0.3168821594273552,0.5448749528326943,0.274313165711641,0.40178161475002416,0.3110421941362648
2023-05-10,0.2198749411470699,0.2776715299390611,0.4415752956513913,0.3212932316091182,0.5445605584969246,0.28514771098531483,0.39856285039555805,0.31015282884141193
2023-05-11,0.21949960190820628,0.27833433369013266,0.4310451132736017,0.32300457741035743,0.5241847991592146,0.29633959990293113,0.39873995317880917,0.31000513909786676
2023-05-12,0.21886846297336765,0.2773520382963381,0.4309607260431774,0.3242902684890672,0.5228687144293683,0.29352919189226745,0.39798862913437294,0.3110598970508617
2023-05-15,0.21760553739607122,0.27057028439561065,0.42518651176963707,0.31779500346723305,0.5105270126162061,0.2921509532076087,0.3938950139018901,0.31052209744755843
2023-05-16,0.21675167169981321,0.26795447550098656,0.4197009664398727,0.31882078381587814,0.5057403828174277,0.29378388312491305,0.39401919156175136,0.3106587487960405
2023-05-17,0.20813706821609174,0.2632490866088234,0.41491235784413855,0.3142369238678209,0.5037002122611938,0.28669844188435256,0.3939663891722362,0.31494394108004203
2023-05-18,0.20936670528032184,0.2635756925624705,0.42380271376230966,0.31616723810003944,0.5036587746540386,0.2874085907103277,0.39401745085753614,0.3149327184517775
2023-05-19,0.20940554835187516,0.26306718525030903,0.33766358287899884,0.3186817311756979,0.5051177962086381,0.28632368513621825,0.39466268088286804,0.3145402886763293
2023-05-22,0.20559962778186278,0.25772288876934607,0.3352668117955848,0.3147864334985688,0.5124790343730123,0.28297776179313755,0.3934414189480834,0.31441252256265423
2023-05-23,0.2086003229254167,0.2619371485290834,0.337785541080633,0.31487150011632603,0.5009736481302557,0.2877901513660578,0.3936207811503041,0.3145147183062927
2023-05-24,0.20824346315037628,0.26212458154404905,0.33657776661955047,0.3157835722070438,0.5015367489656343,0.290303929282496,0.3902210993855779,0.31442342281685687
2023-05-25,0.20539154153582306,0.2688314189042128,0.5483997938169048,0.3136711040480949,0.5013107841512754,0.2921730486279416,0.3893507442351608,0.3143482257210247
2023-05-26,0.2066366291101263,0.269252560728867,0.5481749200322523,0.3239463385792094,0.4954473786229004,0.2910786152564333,0.3941946835715232,0.31437513956594926
2023-05-30,0.19668366649361932,0.2688396882511754,0.5488989792262009,0.3201712774739058,0.4970960326140056,0.2909832246539803,0.3785926723120087,0.3120955999842092
2023-05-31,0.1940221769648184,0.27010124744700503,0.5640466475755636,0.3195273984220184,0.49595800296506976,0.29093584254415567,0.3782843689169016,0.3129071431368297
2023-06-01,0.19269530860705456,0.2688918248964396,0.5690644150018147,0.32048662841343434,0.4923156427889141,0.28862592107098584,0.3809005672709322,0.30836178073618664
2023-06-02,0.19240060079004764,0.26869182085566057,0.5673388462446717,0.32084710639299696,0.49107281779396805,0.2886914897893172,0.38104684503834346,0.3110631500864008
2023-06-05,0.19004729524847025,0.267945892111219,0.5619726577787798,0.31744439713580236,0.47883566822561835,0.2840470604054985,0.37836790093354356,0.2892601498524417
2023-06-06,0.18706452953813138,0.26590537163568095,0.5606159442340075,0.3143633370470337,0.4795748280974993,0.2798982001012462,0.3766997279653422,0.2849137068172382
2023-06-07,0.1871899233449255,0.27384102458617865,0.5662327832125132,0.3287442750960643,0.4800493586059663,0.2941800366399058,0.38345882738392345,0.2827556964320664
2023-06-08,0.18755691884970824,0.26977177113728984,0.561976239994007,0.3283221783338694,0.4784123212600967,0.2895579480686518,0.3597244955801984,0.27822486080342346
2023-06-09,0.18756126559553138,0.2682033648034287,0.5619770803284868,0.3285153947621505,0.48214140524622834,0.28715799560024763,0.35863398489745885,0.25869431467800474
2023-06-12,0.1865842551471744,0.25860488401707726,0.5545858992149413,0.3233540833745218,0.4823946771305095,0.27599975321014214,0.3548576768310626,0.2560811891468126
2023-06-13,0.1861385638321659,0.25814613429896754,0.5582136337303933,0.3219425304136593,0.48285896359175484,0.27532920261438115,0.3385573955315502,0.24253598670810342
2023-06-14,0.1842952962446663,0.2511872548116659,0.5639690621058813,0.3203097397197908,0.4830695032554561,0.27508500946099673,0.3383739538982788,0.24216229241690804
2023-06-15,0.18414300977830186,0.257557358445155,0.5649379847034206,0.3160757647577428,0.4610169576109896,0.2671681666785135,0.3406637738112177,0.2374991176478211
2023-06-16,0.18337399154040143,0.26034167085088317,0.5651124134991713,0.31436226569053205,0.4551646998829073,0.2665455853063594,0.3392432738195637,0.23039150696798605
2023-06-20,0.1832039674419744,0.260380331312754,0.5649530318517805,0.31427781729321996,0.4651838752831709,0.26408091659978594,0.33776113472078384,0.2306553806137714
2023-06-21,0.18357019764344534,0.262152060295295,0.5653766920608798,0.31452467110781784,0.48135312733176666,0.26832338244279774,0.339096347434498,0.22795450651917634
2023-06-22,0.18321586215499336,0.26130964562021514,0.5645166997776131,0.3236831258701897,0.48225265650830285,0.2632489859633122,0.3365512259272161,0.22559047369856808
2023-06-23,0.18291597565235942,0.2632738019205937,0.5666957632510174,0.3233865225833685,0.4863670205420455,0.26161630076307135,0.33516945327059144,0.22596885790513613
2023-06-26,0.18073410732720277,0.26521418602019103,0.5736609706839223,0.321506496871957,0.5039045020937302,0.27205737857946877,0.34421760219550324,0.22597687047244125
2023-06-27,0.18193516555165012,0.2663197822752808,0.5754406915131668,0.3210505366510187,0.5085687087583106,0.2716656661187082,0.34782383775586095,0.22581580067244342
2023-06-28,0.18007743930206202,0.2651318688201465,0.5775672769590181,0.320701946817199,0.4966160610251074,0.26796622900098915,0.34734256134350616,0.22498667352717375
2023-06-29,0.17973041439684986,0.26501140495875963,0.5782525193547883,0.3207544670599706,0.47680093893206843,0.2688814737171499,0.34934180262960385,0.23504366506046967
2023-06-30,0.18424851038859563,0.26642035284558185,0.5789761233130637,0.3214815233941416,0.47622496879284903,0.26893219585625733,0.35055927675610243,0.23423787244245
2023-07-03,0.18324092739371123,0.2659699971082078,0.5760657637669112,0.314868444595776,0.4842585324714073,0.26876305664100475,0.3485008269365131,0.23388427117600644
2023-07-05,0.18398163020874872,0.26189920015226503,0.5764103460496014,0.3147357612031042,0.4838939033917956,0.2602802382785614,0.35026152528998916,0.23603604086931443
2023-07-06,0.1798511150888702,0.2614002964475392,0.5763862549014664,0.31726510944984615,0.4869509897011355,0.2588403870158353,0.35053972078734,0.23730556567823788
2023-07-07,0.17946088867049814,0.25773364698031576,0.5745699190353293,0.3128840697510839,0.4876967422261366,0.2580223266986432,0.3506359947703977,0.23754276387799608
2023-07-10,0.1810793564876841,0.26067215173919706,0.5714434440999114,0.312708937740922,0.4830422465668153,0.26365140642581647,0.3508117922185672,0.237619021320359
2023-07-11,0.1696297503325286,0.2574764473258083,0.5711628635765841,0.30123031932318917,0.480884519539654,0.2588141785881695,0.34776236329096677,0.2391997858132762
2023-07-12,0.1699627796571852,0.2566372507083742,0.5737757477018581,0.30212842954177066,0.48034476435733636,0.25920419088915375,0.3536396316671631,0.18881184014729874
2023-07-13,0.16993735488086922,0.257752736239544,0.5790184472131427,0.30554611462229503,0.48125396529100817,0.2680437373351225,0.35206098202524383,0.1884456086853912
2023-07-14,0.16963238127519262,0.257764736087492,0.5795321086865264,0.3050226362811507,0.4793335524094258,0.26591601556112093,0.353954298341261,0.18755906105223263
2023-07-17,0.17210927106950932,0.2577238689544693,0.5801694263251306,0.30457479997124254,0.4784376007897801,0.2662945163390043,0.3523974310792086,0.1932464500349728
2023-07-18,0.17142623789644618,0.2669627232365499,0.5751869291835943,0.3046744326135723,0.4194147492610239,0.26661498868599,0.35033638994101185,0.19304159362929718
2023-07-19,0.16971850199987665,0.2688234928232603,0.5761189766788741,0.3015106860167957,0.4207908044755705,0.26880866637103046,0.3502398316769355,0.19297197238337774
2023-07-20,0.17177203619224088,0.27210526236053434,0.5822887806835263,0.3143636716592379,0.4768269615181452,0.2739168199939097,0.3648159208766392,0.19421058886666348
2023-07-21,0.17091260097003286,0.267850497872916,0.5814406574507741,0.30419036496180635,0.4767198910960094,0.2701507488863664,0.36584961467614163,0.18889693872074548
2023-07-24,0.17084789812825196,0.2295527416885642,0.580218020888684,0.3026824506299618,0.4670943689601543,0.27081779417159435,0.367051707053475,0.18764446070811103
2023-07-25,0.1625824661112176,0.22354880252012063,0.5810516638636641,0.2899595964638644,0.4647800702596701,0.2614334032084766,0.2592017269668366,0.1873989972750918
2023-07-26,0.16229088320248788,0.23826012383612172,0.5812989728717473,0.2764847356604812,0.4640423413641402,0.2837111767453596,0.2599504637905463,0.1870892391988058
2023-07-27,0.16321376157549508,0.24234078210995214,0.5772912025943389,0.2661711103426096,0.46931942114689784,0.2835975087151655,0.271780143573728,0.18477946834992334
2023-07-28,0.16386263302761458,0.24629170900515832,0.5737468585397528,0.27070850794921725,0.47288808078266775,0.2834747820424109,0.279907531821893,0.18111665850280062
2023-07-31,0.1627913777530254,0.24676886801641587,0.5720578443771458,0.2709612528326792,0.47279349770789325,0.2834660415388554,0.28363558401941097,0.17463223385943727
2023-08-01,0.16131984753321693,0.24674544124786296,0.5716082554323271,0.2738131152539651,0.47739852648001024,0.2838178491719726,0.28102943161735555,0.1720381429371404
2023-08-02,0.13878407860460729,0.2512788160264335,0.5800363001088843,0.2797659161383799,0.4731451548416897,0.28945380015998246,0.2879856948518557,0.17082017391931292
2023-08-03,0.1399653887604892,0.2509196930653082,0.5797378458375769,0.27978174746211065,0.4739187828591152,0.28722532053152416,0.28846407938672736,0.1710125874432118
2023-08-04,0.17302295472653487,0.2506224368400947,0.5770223256313374,0.32033099292104944,0.4752325505334905,0.2871093925662116,0.2895171066094838,0.17062676562207116
2023-08-07,0.17591275008875965,0.24870968698661755,0.5772693893641191,0.3162551899352991,0.4759400145823803,0.28078239708622965,0.2906079837422807,0.17066356803972596
2023-08-08,0.17618407134806024,0.24967386478448672,0.5782147453288317,0.31767816203986016,0.4758241646448541,0.26850776998929926,0.29249142784994,0.17107670036466666
2023-08-09,0.1766304949854081,0.25084950201779427,0.5886148477786239,0.31708595021751634,0.47775044089089747,0.27002152967018034,0.2972010338900813,0.17069583176204464
2023-08-10,0.17652504323118964,0.250861182667815,0.588214109349474,0.3169450939974529,0.476796553907317,0.2692052060840647,0.2951414335320707,0.17038720164594026
2023-08-11,0.17655098215057266,0.250840918576938,0.5947984553420402,0.31533622236068914,0.4780227195779813,0.26470484893072094,0.2972251808532359,0.1695339736770526
2023-08-14,0.17736742254065813,0.25112921301320396,0.6062346473730931,0.31480748237958667,0.4731913411184863,0.2651465991077677,0.2971802201142281,0.15920776734519113
2023-08-15,0.17693560673419237,0.2499016063411423,0.5997898560104791,0.3159817729040283,0.4776262654535137,0.2646561808528042,0.2979483492648329,0.16850307349634802
2023-08-16,0.17725323665174078,0.2500850213914412,0.59944965611891,0.3167587819563826,0.4826023699930702,0.2653233419530816,0.3034067057091663,0.16872894369122426
2023-08-17,0.17947812606927596,0.2504333398706176,0.5994771629252914,0.3163366251214981,0.47841230678315544,0.26338693429092325,0.3111723892983155,0.16930439483391768
2023-08-18,0.17671955004472256,0.24750202580336927,0.5980028751939467,0.3167406672558423,0.47851788378359905,0.26305927015368025,0.31118340266457095,0.1675421101724258
2023-08-21,0.17735518697872407,0.24969913544855474,0.617245638162784,0.31612523516610025,0.49693978133384875,0.26167839472693005,0.31374951039573173,0.16610880320370625
2023-08-22,0.17755448423767553,0.23731492132491624,0.43815179763798545,0.3142488996980357,0.49692735795824083,0.2584898323446417,0.3135674575242143,0.17243725532906704
2023-08-23,0.18074924961600453,0.23500266999771857,0.43963803474278484,0.30286264058877976,0.489753109831417,0.26277062827215997,0.30845923083968424,0.17200366861373576
2023-08-24,0.1877882738774252,0.23889770961226767,0.43622200439780423,0.3079583087137171,0.4880226633808007,0.2656417268028592,0.313646198910222,0.17197589028035476
2023-08-25,0.18956812662091382,0.23916416737505306,0.4212109928328983,0.3077936037706077,0.4925267701928668,0.265206656988277,0.31353832892386313,0.16958201564260528
2023-08-28,0.18759616448455793,0.2377006987682292,0.41101163782967814,0.30594158311015807,0.49156379616776336,0.26540137832256466,0.3097034735486951,0.1676862772045159
2023-08-29,0.19251556018875823,0.2389748539846531,0.41724392079657074,0.30613343009822186,0.5099613966320676,0.27032553372605067,0.3139789596978759,0.16330372698546877
2023-08-30,0.1955501617587748,0.2389608083274383,0.4171314649442853,0.3057813210234592,0.5092127760414014,0.27018400916992685,0.3145905680388078,0.16208492828740426
2023-08-31,0.19546502470615762,0.23866260130288383,0.41563085312580544,0.30804669905608567,0.5083823666786419,0.26953935705949,0.31456130146792866,0.1644111675449737
2023-09-01,0.19525196328528382,0.2297762378977519,0.4116284074455659,0.29353085710410964,0.5198241292421127,0.2568210201396285,0.3084593705363994,0.1634709700932228
2023-09-05,0.19296946691184505,0.23142777912364143,0.4088914610818535,0.2902433969893688,0.5201800634577154,0.25664627539842844,0.3092185055155682,0.1652516263327526
2023-09-06,0.2075016618692002,0.23130680968900819,0.4150639648666252,0.2915364658476151,0.5154450099819643,0.2577127868387028,0.30941186113287017,0.16528212850134852
2023-09-07,0.21381276921605133,0.22991157789589578,0.4160280157954783,0.28948989620669585,0.5135132097734597,0.25705505169943604,0.30645516986944993,0.1663181753236908
2023-09-08,0.21392963668413673,0.2310168732623753,0.41075900761592105,0.28949869122067623,0.5089048244600087,0.25742698052231716,0.3065757629758899,0.16570122173859114
2023-09-11,0.21427085673601798,0.2313557951279889,0.40026800176339417,0.29726299129255496,0.5459526657277579,0.25739884782169586,0.31263686335149615,0.16570900837193983
2023-09-12,0.21561044803473026,0.22494618058572824,0.40016278762468876,0.2987997580361003,0.548024358268915,0.25800918374357945,0.30986835477329605,0.16621762767620635
2023-09-13,0.21656179578067394,0.22417078556427733,0.4010176148600541,0.3010631318916125,0.5475702690524084,0.2569810903224275,0.3104294702632948,0.1662091657630797
2023-09-14,0.21746232769194312,0.22329811316497705,0.39769812576776975,0.30113859848517666,0.5382135725764154,0.257322622221698,0.3124806952777576,0.17021477855189768
2023-09-15,0.21733968381232655,0.22767844168782328,0.4036838504450372,0.3078934306701742,0.5254832571415463,0.2533305855900253,0.3217241001446942,0.17032485641776565
2023-09-18,0.21747022832116433,0.2244988460993262,0.4036874839216328,0.2966484959270558,0.5287479945964617,0.2503000528769345,0.32127701029519556,0.16506145340276523
2023-09-19,0.21793121414494626,0.22277090610954955,0.4022540622807726,0.29859001935844776,0.5249067993494706,0.24976059690933533,0.32060127952786516,0.16460956229000787
2023-09-20,0.2211432685454204,0.22478503664546245,0.3992337361772138,0.29897864366334564,0.5092631166422948,0.24881777330913885,0.3136694620113959,0.1649576644413534
2023-09-21,0.21923901535707024,0.22158197348961348,0.3990749909776959,0.3121391288787176,0.5068680707804255,0.2548841761930492,0.30906873751145403,0.1659561763518439
2023-09-22,0.21905314030471726,0.221849952200181,0.398412268726874,0.312149263330602,0.5122155394747616,0.2533022517404541,0.3095293424725768,0.16701643263903343
2023-09-25,0.21968650573656573,0.22189454301462622,0.39918743508794835,0.3133967813554371,0.5124442849090445,0.25259217434481346,0.3082979689006916,0.1520329195215515
2023-09-26,0.21859736895462964,0.22142888995668245,0.3927361971619026,0.3222714621778891,0.5116679184563513,0.2561696404274455,0.30632894145163053,0.15093627869530307
2023-09-27,0.2187367653249713,0.22117946449232828,0.39365327701217107,0.3222717953618597,0.49242371443206445,0.2577746529100805,0.3063741862841432,0.1505064928860135
2023-09-28,0.21870523158908198,0.22130344427574275,0.3947378138424024,0.32225265714476414,0.49486591653175055,0.25737757119409693,0.303637748740424,0.14998052058423011
2023-09-29,0.21875415294432965,0.22086181995539408,0.39501739181462403,0.3212930227053054,0.4945741090247049,0.2567990281796677,0.3042875456150691,0.15299771111027152
2023-10-02,0.22121039097359688,0.2235706459957566,0.39893284229378856,0.32270664045909736,0.4946283834935367,0.2608804677354566,0.3071685803282484,0.15321444370593804
2023-10-03,0.2207387058686661,0.2275818432147853,0.40315106048005733,0.32899656589833914,0.495028290838522,0.25641418355813606,0.3090129105415332,0.15347790537629308
2023-10-04,0.22145013912817188,0.23068043535777688,0.40371910845566833,0.33006439545930183,0.5096480839051557,0.2592098225785687,0.30924147255092416,0.15025681933590468
2023-10-05,0.22112831242376452,0.22864815175314254,0.3985425371421466,0.32879969746621934,0.5093807311097198,0.2579359060408612,0.3000557682889526,0.1499274765913758
2023-10-06,0.2232901101084665,0.23192288650556564,0.39007278481467345,0.3257692303065264,0.5073031941422478,0.24362249919721982,0.3071569947395056,0.15303815720651112
2023-10-09,0.22412327687615743,0.2319679549807819,0.3900291488600697,0.32574770772304906,0.5065366059695531,0.2435403078347108,0.3061680588358533,0.15248742403381393
2023-10-10,0.22092337125138325,0.23203732676120772,0.38818503197254534,0.3260334636784435,0.503102867991579,0.24316262469463298,0.3067294149248782,0.1444922441602384
2023-10-11,0.22173888135133743,0.21845614786324502,0.388131675555739,0.32804849603704633,0.5025076116531456,0.2446723265398745,0.30879942707584523,0.14465677728431933
2023-10-12,0.22145738795075215,0.21731083085384562,0.38777077393463216,0.3257669309996988,0.5032119787804041,0.24395339425553958,0.3087768484651548,0.14435846439252528
2023-10-13,0.22149152384234627,0.21322888477685098,0.38722383068249383,0.3173102274040984,0.46171860911198154,0.23981896921419316,0.3015029273714228,0.14549679359916268
2023-10-16,0.22125802638081193,0.21498626498059129,0.3841160322071301,0.32023400114033906,0.46184463423417005,0.24056417048164283,0.29826278618510943,0.1448014218674943
2023-10-17,0.22151156464556687,0.2147994202840326,0.39654947461184276,0.3201019698153301,0.45628870848533293,0.23969254120294345,0.2978240534198979,0.13851566481745367
2023-10-18,0.22150085849828424,0.21192027060522192,0.4017760882630845,0.3244862997113007,0.4660643860712233,0.2415464956330083,0.3012497554291388,0.1393979584680995
2023-10-19,0.2211328542466027,0.19728681552171295,0.4017088380427211,0.32413951202513647,0.5060037541071195,0.2136377451805459,0.3015156033477022,0.13872336314057873
2023-10-20,0.2225433879299972,0.19465532059699045,0.4023228785663572,0.32832069589345036,0.507191379543686,0.2163913049034481,0.28965860698548856,0.140650701707294
2023-10-23,0.22033078715949275,0.18945823646799795,0.40833635726916395,0.322911427160722,0.49882196429884884,0.21116363041605843,0.2776727666613317,0.14206122508861393
2023-10-24,0.22027154539542626,0.18910318408628946,0.4098681826100616,0.32376971029764917,0.5011289493529195,0.21378801833284705,0.2744281697930313,0.14111094698485183
2023-10-25,0.2214907164026155,0.19914862211820847,0.41918263280072443,0.3428829396683356,0.5003638351366919,0.2966629119507308,0.2863087129482455,0.1411632988860537
2023-10-26,0.2246881316374522,0.20708989002764577,0.4133711761857037,0.34000835388054007,0.5014338619061135,0.2975470836489237,0.2916308870718085,0.14004079769202382
2023-10-27,0.22542890861831613,0.207357644608083,0.41328830315146936,0.3667131042944156,0.49951628629252104,0.2975336849712179,0.29802848035574797,0.1564208571086238
2023-10-30,0.20484948099610506,0.21226109403756974,0.4147591695654867,0.3369926671520322,0.506904235116017,0.30014782061501555,0.30064250310001944,0.1594260656558066
2023-10-31,0.20215230277189067,0.21185395649926428,0.41340624263939346,0.33459735415869285,0.5087087910065429,0.29492625219264257,0.2981198273443532,0.16139225829262352
2023-11-01,0.20565169078214882,0.21524127556535444,0.4198056591043302,0.33867698970872745,0.5117555751338783,0.29773039266328144,0.30573622405560963,0.16122956030091823
2023-11-02,0.20932119583313713,0.21386035059450864,0.4118736452958484,0.33767649280854184,0.5249060938413149,0.2970785206855822,0.301699220956328,0.16430229979924102
2023-11-03,0.2095734161608741,0.21514667207180863,0.41743884302781586,0.3376026689573494,0.5243136107233493,0.29823963277818055,0.3026270243741747,0.16628926335155766
2023-11-06,0.21169297347152932,0.21536418454899556,0.41104446087933755,0.3380098279238522,0.5239712775594649,0.29879419591068734,0.30128855683033395,0.16663960095581376
2023-11-07,0.21286676726309256,0.21566144314055138,0.3869403350879846,0.33927254894324377,0.5243978029919659,0.2976958489919324,0.3003961270626777,0.16651039925573985
2023-11-08,0.2118128556270271,0.2152182687507,0.3877371775920671,0.3365692439407919,0.5212567920927001,0.2969694732374915,0.2988777802164769,0.15886079825327393
2023-11-09,0.21160849461375072,0.21558457601879555,0.38727075365345437,0.33488902941573123,0.529691842693301,0.2975516045994252,0.2936779498494726,0.1587600237906103
2023-11-10,0.21353628342638953,0.21873976884538057,0.39129994016172703,0.3368965139816598,0.5286395795523725,0.29917094800993654,0.2893957992256153,0.1605097475380987
2023-11-13,0.21443911263963922,0.2197022566666426,0.3913411676286357,0.3369985319910287,0.5342600653262908,0.29655054490170846,0.2888186516720558,0.1606489668215736
2023-11-14,0.21571713563539185,0.21817119947084557,0.35712773155507976,0.3392024623026677,0.5284090942080667,0.2971006491150591,0.2882884750799099,0.16487760386788813
2023-11-15,0.2152923390095466,0.21831963211437916,0.35370634388025884,0.34139280977473757,0.5301350866460762,0.2972624410540001,0.2887776422076693,0.16000115241743967
2023-11-16,0.2116101042137787,0.21922202615782926,0.3488912928558631,0.341026420416142,0.53530058032761,0.29485551705987195,0.2856725237859514,0.16106086684200058
2023-11-17,0.2038411796313689,0.21718652680649772,0.3490128390245024,0.3372453991288263,0.5319116909761956,0.29297559348343566,0.27968920631772476,0.16197948319848315
2023-11-20,0.2031625187324829,0.21982649221557124,0.34770634628982605,0.3368712189915331,0.526673737385189,0.2932535187412701,0.2803743629076257,0.16200969484746827
2023-11-21,0.20282337890402663,0.22175620275505167,0.34675781653041804,0.3386206367670222,0.5289069225123909,0.2929471997645004,0.2799288755144,0.16200385976318216
2023-11-22,0.1983011934929705,0.22138483787873064,0.34070792260672617,0.33977330258154953,0.5093030237189502,0.2887044210488984,0.2764572441815221,0.16129407790500994
2023-11-24,0.19516069414845372,0.22148531836670757,0.3423843792390859,0.3397818649440247,0.5094953876097975,0.2893727634998665,0.276428943107025,0.16102368742513867
2023-11-27,0.19516418631436935,0.22120031998980064,0.3429939722218517,0.33737742698145057,0.5094137551722271,0.2893742147612487,0.2776615114578842,0.15884667015700613
2023-11-28,0.19451295031078705,0.22185962711492363,0.341641206213967,0.3375925411076696,0.5067822162914882,0.2895010820298477,0.2785208068123775,0.15878795397872567
2023-11-29,0.19482208361733408,0.22186003370812973,0.3419272012046642,0.337481939242485,0.49817121107842155,0.2914465726449756,0.28141034371655166,0.15708564841292494
2023-11-30,0.17949841732671676,0.22173193997765928,0.3410915976144203,0.33606840096790264,0.49799958954473195,0.2932095423858422,0.28339381545094844,0.15839437558137273
2023-12-01,0.1684066429100959,0.22238319717644164,0.33914233514267794,0.3343902875822958,0.49807888004977463,0.2930870123933982,0.28387649651343,0.15722574671094514
2023-12-04,0.16976591017714343,0.22372434707420022,0.3424616607297609,0.3359865643871718,0.49825734427884844,0.2951820356749738,0.28572587884135836,0.15767372566923876
2023-12-05,0.1742169948857632,0.2234354994596398,0.34516708916648275,0.3297101648810158,0.456510963352976,0.29643966377672415,0.27872513411665506,0.157601285175466
2023-12-06,0.17056586608490532,0.2208665742525014,0.3482374435793869,0.33030449070204077,0.45465039956963793,0.295908961068448,0.27570540432762786,0.15767210657568037
2023-12-07,0.16915339532379095,0.21982673932678204,0.3505093048639569,0.3278868399898069,0.4545599630511787,0.3141584840447094,0.2806644509214221,0.15771781590153897
2023-12-08,0.16893844543584471,0.2199532804949801,0.3526403700590181,0.32795322666841253,0.45303367995362154,0.3147877763373114,0.2798202028161667,0.15455832464155253
2023-12-11,0.1712289079695103,0.2136049505402277,0.34594416608846745,0.3224844470984392,0.4539956298427251,0.3156554424083165,0.27278421197974706,0.15442877938110175
2023-12-12,0.16882829622567538,0.21367999490332817,0.3485725079753425,0.3230677061012844,0.4496624082879206,0.3155534614662175,0.2776036889435173,0.1552382228201133
2023-12-13,0.17137837590465585,0.21361176374829888,0.3480781321225333,0.3213499256138444,0.4500845086167013,0.3155591310245989,0.27725900899909783,0.15520957593778464
2023-12-14,0.16522917093056172,0.21285630291392002,0.3418792485516309,0.3198654218639069,0.460603782167363,0.3090313637892914,0.2746241664183028,0.15848653273735472
2023-12-15,0.16395792373588747,0.2136159076947687,0.3359050065422677,0.3063732759054857,0.4579055934450739,0.30485153984707186,0.27291844336367505,0.15766996284521292
2023-12-18,0.165291537163094,0.2125768759627751,0.33787959639502313,0.3103215057641981,0.4491918179494814,0.3086250049920056,0.27766274890552617,0.1560233206345596
2023-12-19,0.16505967540620148,0.21257760527320965,0.3379803815012199,0.30916976500836507,0.45071242831079694,0.30859799220963635,0.2790931282226401,0.15757562018222487
2023-12-20,0.158519377720713,0.2095453928768281,0.3442087098927012,0.2968542696372121,0.45770150030054546,0.3065671870397569,0.2787446689398831,0.15790125224066429
2023-12-21,0.15697077845453455,0.20978671276161454,0.3450177440892803,0.2972399391745158,0.46043291545403187,0.30651267264427845,0.2793030688423574,0.15788630870324968
2023-12-22,0.15777432535454988,0.20978642636518754,0.3442704255529833,0.2974234934007395,0.45819882995793393,0.30574498767610886,0.27699028386237196,0.1565987044856094
2023-12-26,0.15808503403945942,0.20971319547559228,0.3442419817917235,0.29725888433486625,0.45827336489138515,0.30470524464869136,0.2752510904832795,0.1513067815768833
2023-12-27,0.15586603869381233,0.20717680760994903,0.33962397487476365,0.29566562325074425,0.45968573563982773,0.3012570597874614,0.27266318634424147,0.14966558348810138
2023-12-28,0.15458738484979165,0.19817151726649804,0.33370295995906013,0.2836723683188577,0.46259868121840664,0.2999073245923056,0.2688302358254005,0.14824888737481023
2023-12-29,0.15490466363501074,0.19582292761864742,0.33310033361920777,0.2832059073148929,0.4485266754622254,0.29712538157765,0.26933302710107815,0.14845204094446035
2024-01-02,0.17307018430395418,0.19873636202870099,0.3375039995311489,0.28425779365965037,0.4484710246544689,0.2980368563902002,0.2737502568451472,0.14897622465798638
2024-01-03,0.1715565447628262,0.19349069533835353,0.3353539879807491,0.2841452163889594,0.4559262609009896,0.29585994193893017,0.2657755521994273,0.14754889867425036
2024-01-04,0.17293852534825446,0.19403726742914038,0.33492862495859493,0.2903356839610906,0.4559128114528439,0.29800819018233676,0.26559746835439724,0.14725494443196993
2024-01-05,0.17300328159033052,0.1936757603387859,0.33719012563413,0.2899727476309782,0.45460556031045435,0.2981196640885254,0.2661125335253778,0.14717146651938992
2024-01-08,0.17902207418956692,0.1956016817115005,0.35739589079918455,0.29240601968834323,0.4555229682548562,0.29952075995038435,0.2662434248639353,0.14742183536540013
2024-01-09,0.1788602943297708,0.1952363270298812,0.35871077614885555,0.293611329521875,0.45674694938231447,0.300224746572286,0.26512919947948,0.14868431143111774
2024-01-10,0.1777554977623723,0.19627299288417577,0.3539134597952657,0.29132802163969246,0.4528395915783157,0.29976280939093036,0.2660956550268047,0.14646458723327835
2024-01-11,0.1779132690720549,0.19466205933885733,0.3533909681959833,0.28918588966783326,0.45568156337193055,0.2987399786638156,0.2637225334669502,0.14693108252671794
2024-01-12,0.1768308652554464,0.1950657082731036,0.33735819100181197,0.2886078063961939,0.4612792039562661,0.29871539853062556,0.26429000128295604,0.14799743547453081
2024-01-16,0.17810768744022587,0.19429627199513702,0.32883763066357224,0.2836487043961495,0.4512209206755968,0.2975000189544503,0.26318356365213424,0.14648477420830466
2024-01-17,0.17842444471905458,0.1945395623960776,0.32925116955716344,0.28479757998460287,0.40653797970645755,0.2978935248815167,0.2611487554242047,0.14671689560586496
2024-01-18,0.18670941396732235,0.1920978069459479,0.32724899228890847,0.2791820558490502,0.4006609924463997,0.29724923263109587,0.2615512098447244,0.14152877652442006
2024-01-19,0.18887813015463892,0.19271966630023793,0.3286816213446391,0.2792897185940799,0.4006714252538719,0.2995996452197969,0.2620524699646135,0.14040640846281993
2024-01-22,0.19007009481477455,0.19352309472941995,0.3279977779060047,0.27846848527986273,0.39964740036036256,0.2979162368965532,0.262014657939173,0.14063159387838328
2024-01-23,0.18755399168246004,0.18517868139779753,0.3115214790065137,0.24843282044906054,0.3978000965985553,0.21152064281135668,0.24413881781139862,0.14094654832174608
2024-01-24,0.1792853146593644,0.1648606874310163,0.3015684280574165,0.24516580979383557,0.3925423557035358,0.20307192396451504,0.22851181658911904,0.14144219116571163
2024-01-25,0.17913638482936575,0.16485355133990365,0.30157464288992497,0.20894796410942645,0.4733686847574958,0.2061268132982669,0.22318867571068784,0.11639343523263165
2024-01-26,0.1794534590122557,0.16037678324679597,0.30283461805079875,0.19641994916438005,0.4632119700725919,0.203776837861462,0.2209976911967081,0.11607996350399528
2024-01-29,0.17981477035349192,0.16201071730222516,0.3028927067430374,0.1975575815658509,0.4697543367981752,0.20361480222841052,0.22174449884717384,0.11486633636437063
2024-01-30,0.18165294193983472,0.15694265536601004,0.2963539866258214,0.19324599526881833,0.46705726668271,0.20398070180504657,0.21333743287163345,0.11943299320956662
2024-01-31,0.18211851023493153,0.16839363315469127,0.29802597479037063,0.20047395016808015,0.4509096942184385,0.262620578373401,0.22115115949046185,0.1197693138147396
2024-02-01,0.18351752371586685,0.16920492037547635,0.29474146170788207,0.20639772567853296,0.45107449088082563,0.2619257239937751,0.22113486950564323,0.1195704312563212
2024-02-02,0.18176162536667023,0.17154795901302838,0.30685381903028086,0.2552334087607446,0.4511021359581613,0.2618946513630915,0.4321726836184312,0.1193533475558003
2024-02-05,0.1805274735394824,0.17364170387152308,0.31794380335767813,0.2537650552159597,0.4553621579855439,0.2622319635480279,0.43988347144341555,0.1194755076030845
2024-02-06,0.18095794816250163,0.17333714133719375,0.32109144582458193,0.25411189228876785,0.4583130078879284,0.2620355117945469,0.441119172843587,0.11942307562902768
2024-02-07,0.18083487510301288,0.17667175204353258,0.32388783128721454,0.25278481200001396,0.445864707161575,0.2610224862286403,0.44432931878394855,0.11876741233666271
2024-02-08,0.17588977942158168,0.17049227681203283,0.3215891055658097,0.2505118699139771,0.44385313549730626,0.2588827313961327,0.44269621329601255,0.11713672587790142
2024-02-09,0.17500728772029,0.17141437259179904,0.32705988657849866,0.2544404327218651,0.43724868196017797,0.2616379168849068,0.4430691783338513,0.1161805490462139
2024-02-12,0.17363960454331157,0.17338772963245502,0.3258034852043664,0.2532977088044865,0.4209573450497256,0.26199742695454475,0.4419582929883101,0.11192575121688708
2024-02-13,0.17505016315465383,0.17993093453722894,0.32305535347117126,0.25470767429203245,0.41890546053345673,0.26427202732858046,0.4435526501046345,0.1137001290557002
2024-02-14,0.17421488434837912,0.17736622970534152,0.3249213549992631,0.2554571782310658,0.4171103797334169,0.26238580244728804,0.44599819317602596,0.1133141046975968
2024-02-15,0.17422687916862234,0.17414956151002353,0.3278535518682488,0.25472062523371647,0.4370433267178832,0.26530218698388597,0.4472429667868187,0.1191732371259059
2024-02-16,0.17376954375057024,0.17039628418398203,0.32649009706911214,0.25473935565924094,0.43671472571780295,0.2671994684632393,0.45065840106724114,0.12012975670784215
2024-02-20,0.17375982195419892,0.16855378482326436,0.3412225299640264,0.25446542972470065,0.4371367179058461,0.2671307008983329,0.4500500262120915,0.11976048583524262
2024-02-21,0.17383627675331637,0.16693987799606771,0.34285092228577846,0.25241479502496056,0.4341703167921046,0.2669770651329533,0.45060154237135086,0.12001085436764396
2024-02-22,0.1750519501759812,0.17296881263008768,0.4521081668702134,0.26104920855863395,0.43516554002109303,0.2662713611918598,0.45442702024622894,0.12143100244560107
2024-02-23,0.17615014750605712,0.17319095370117962,0.4522016625310719,0.26092912529753465,0.43799415121669777,0.2662278112302426,0.45364398788729204,0.12101275603093743
2024-02-26,0.17651131986638746,0.1728634410179707,0.450936023984206,0.26061020602677704,0.4353331966321097,0.2823924481248085,0.4539739971040352,0.1217323262860256
2024-02-27,0.17717846262430353,0.1713152793855787,0.4517533624052675,0.26089417155979533,0.4352160031567503,0.28097307431870117,0.45080699953659753,0.12175496829846172
2024-02-28,0.17743793375896988,0.17130621957724604,0.4473980925076195,0.26094199589793154,0.4353478974589167,0.2809084743501802,0.4493224200214622,0.12056568463244861
2024-02-29,0.17683536394405278,0.17125987188011438,0.44750140265866867,0.263375027887855,0.4353405998055991,0.282253418816885,0.4485741439984946,0.12118371149647765
2024-03-01,0.17626031217003513,0.16802285674508016,0.4454086183733302,0.26085617112705334,0.43494368104415626,0.2798200818745214,0.4476854842703488,0.12165614377935512
2024-03-04,0.17756601918551995,0.16749436446325328,0.4476771964066802,0.26031305330094057,0.4577665571673856,0.28483958860183445,0.4480669373248511,0.1219103684205634
2024-03-05,0.18595817949598642,0.17818834130935599,0.44232973875597714,0.2615129552580653,0.4634790056504271,0.28461023245451506,0.4502135340123614,0.11954782538540903
2024-03-06,0.1843824700915385,0.17804891525525554,0.4435650556779402,0.2604152944817039,0.4634722867263992,0.2642985819039588,0.4481699988348902,0.11962211634687861
2024-03-07,0.1833075456346544,0.1804359095995309,0.44839123233421063,0.26249974907854123,0.46434543192746014,0.26692999945948853,0.45046706616272714,0.12096131785586596
2024-03-08,0.1837603334419992,0.18028713891032966,0.4658611262539262,0.26207753585839866,0.4645480443059927,0.266079577562576,0.4480079769158443,0.1209650803163827
2024-03-11,0.18482425466761074,0.1800983898498243,0.4694525644475424,0.2655937371872062,0.46597383404228926,0.2678421885273399,0.4587738876455184,0.12039305760421246
2024-03-12,0.18103647062489292,0.18719001569024768,0.484934418364609,0.26759506445867104,0.4650739993809211,0.2680677324310304,0.46191026362417503,0.12092051542519931
2024-03-13,0.1820688543032043,0.18015040245867553,0.4869170207808182,0.26646812824261434,0.45938518022948854,0.26838226296645273,0.4623613878945998,0.11720988045207788
2024-03-14,0.18409777998967883,0.18439021561008,0.49498604557141873,0.2655566213220452,0.4637886877297223,0.27218795226790155,0.4632695244894443,0.12406063847385872
2024-03-15,0.18362512504784576,0.19030083288746322,0.49459213189290335,0.2666079268139708,0.46466089111261416,0.2697088064126818,0.4631383636877738,0.12556098935073218
2024-03-18,0.18381108445677025,0.19030132626894067,0.4930589215418706,0.2665100751539477,0.48193771769227695,0.2844448440570526,0.46454131701508483,0.1252226886865646
2024-03-19,0.18563435367187806,0.1900467745240059,0.48588855183953783,0.26538920990831705,0.4771820049462301,0.28374532754751736,0.46442193803234794,0.12217811683313823
2024-03-20,0.1886078576768352,0.19021284944733563,0.4856197853607751,0.26561441566571586,0.47588906494842415,0.2831247115691756,0.4648771491842103,0.12390147864968745
2024-03-21,0.20576362534975237,0.19083496564659674,0.48481374474362765,0.2654457752592993,0.47633219845465286,0.28332833061276097,0.464596808862532,0.12579364811012717
2024-03-22,0.20630209433193372,0.1909436747923786,0.4865808042681218,0.26541010778198987,0.4741629958406954,0.2864354173863355,0.46460675413806934,0.129426269329577
2024-03-25,0.2066569416326086,0.19361712996935357,0.48634419663667977,0.26536976337340407,0.47258523587158,0.28604355917630764,0.46620033650720816,0.13144650099194058
2024-03-26,0.20667841957300337,0.19386041693247194,0.49190321455838404,0.26620475605732424,0.4751899383982001,0.28606894728019683,0.467917032093725,0.1313913875622492
2024-03-27,0.21193636010715922,0.1939260051058348,0.4968956622504388,0.2653081724210281,0.4758319420419601,0.2858749009267894,0.46690122192616534,0.13563184152222574
2024-03-28,0.20016274958946725,0.19129314205506767,0.4910195353007968,0.2631708339632882,0.47702206082514037,0.28474623446534775,0.46575647230154626,0.1343838080665353
2024-04-01,0.20030167447846792,0.19173340445513803,0.4891752543945997,0.261800979018663,0.4713644617435913,0.29050121453422956,0.4653638533115167,0.1350118799405662
2024-04-02,0.19924148545683734,0.19177517516074727,0.4910259870774378,0.25450391859767435,0.48029399361615766,0.28791015756987476,0.4655280413389474,0.13507923925715415
2024-04-03,0.19953423151329483,0.19192559982092133,0.49140663629311543,0.2547717051759243,0.48140089545377784,0.28754722854694315,0.4659815418148397,0.13540498367255982
2024-04-04,0.1927458110530064,0.18955895324241998,0.48753683168890827,0.2527781735538131,0.4820543124107178,0.2912052819252568,0.46524112245855237,0.13902801123555333
2024-04-05,0.19313959063329034,0.19247235510131655,0.4883196718960881,0.2566439637643251,0.4850250195122992,0.2908170332696207,0.46778045640281424,0.1381441963516388
2024-04-08,0.19285261141299886,0.18961429696555723,0.4888528042494655,0.25544901135435255,0.49737244777843836,0.2917670419525661,0.4658411891012003,0.13825891880220093
2024-04-09,0.19367803862603591,0.18956127644378704,0.49232255656242085,0.25511434610428046,0.4978923949851008,0.2923955770833775,0.46603611078053897,0.13887129198719705
2024-04-10,0.19456603922444107,0.18962246536812039,0.4925460876889882,0.2547636549986231,0.4958867539117106,0.29250035189485296,0.46578328619588794,0.13925141470124264
2024-04-11,0.21319284462220445,0.19052365095868878,0.494953837606118,0.25486451834796503,0.49734885687373315,0.29507772987361514,0.4629964445793002,0.1381799544266346
2024-04-12,0.2138501123634809,0.1931066799536067,0.4993971457859915,0.2564824125026992,0.49742171531869994,0.2956070408656151,0.4664102932377849,0.19779187466519768
2024-04-15,0.2072663730557872,0.19673731200720848,0.5032775727536928,0.2582131487860667,0.5088032715537653,0.2973240628161373,0.4689067466218085,0.19779879946432005
2024-04-16,0.20741581131495504,0.19535252623637972,0.4986685259294654,0.25770448571087917,0.5107929909433058,0.29485812415767504,0.46806203855127115,0.19682278680831192
2024-04-17,0.20566592713790702,0.19552730058492324,0.5074090491558201,0.25896984911465304,0.5104076907230036,0.2950176220187975,0.46882553019741124,0.19703987427435396
2024-04-18,0.204909235263991,0.19908897743672735,0.5074044364731621,0.2603097826606151,0.5141977777748067,0.29478729047541646,0.46927839762479456,0.1967211391927139
2024-04-19,0.20586441186050217,0.19997419775638298,0.5545736909124346,0.2665696114951424,0.514979549030639,0.2952551200209307,0.47839517192130515,0.202015540593271
2024-04-22,0.20647855210320346,0.1998467945915118,0.5603088331233945,0.26779157333189746,0.45053121098256405,0.29352625623936374,0.4783764678037962,0.20363230940093022
2024-04-23,0.2068479858636444,0.2026291483285875,0.5632566561768942,0.26839629341345256,0.45264325620944024,0.2945593245693778,0.4813290912859111,0.20498797294110344
2024-04-24,0.20909619194900572,0.20063851008579958,0.5675111821495655,0.2699950213298053,0.5051188853618546,0.2942649810401373,0.48085267179370833,0.20507822795544198
2024-04-25,0.2064430922645495,0.20690718545535,0.5713735248898041,0.27067799500198236,0.5157783671215407,0.295863823703222,0.5355221812212857,0.20144865661328842
2024-04-26,0.20310650226619315,0.2025483058082035,0.5800860423725676,0.27321889611477174,0.5143387344723611,0.31483950564105134,0.5326325305609797,0.19978737491884696
2024-04-29,0.2078337526602308,0.20116812904965128,0.5789522988313481,0.2690154704082147,0.5930026518961985,0.32404609088259145,0.5349772595414336,0.19956466385803381
2024-04-30,0.21064698635040813,0.20829065367446933,0.5734937450752907,0.2319536175815092,0.6045475728815071,0.32725828302563437,0.37431182822917397,0.20038421579819712
2024-05-01,0.20953364241839406,0.20887047901934588,0.5735910032885756,0.23559151819663685,0.6008586146635922,0.32707596634415825,0.3711509359046454,0.20030509532818436
2024-05-02,0.214006020710814,0.20947545470722245,0.57539944087434,0.2432165316470239,0.5990811838287605,0.32842429003173995,0.3708419683207814,0.2003383605652641
2024-05-03,0.24640047056254377,0.20993417839177833,0.5767693274517564,0.24320591317259618,0.5985765347263976,0.32806273702533306,0.3678563710023595,0.2009284208743992
2024-05-06,0.24680363595491003,0.21283184747053926,0.5802919177424096,0.24411884663305342,0.5995729031997744,0.3281131867862254,0.3731393745763002,0.2010802117282529
2024-05-07,0.24686953249408597,0.2113611132553683,0.5784839970700997,0.23849080266027903,0.6028503362033645,0.3275705323504986,0.3732265819707505,0.2011649872152631
2024-05-08,0.24628360369496277,0.2099246877162289,0.5785716041343798,0.23710520709687677,0.6011610316748847,0.3277476434463217,0.3736956709166236,0.20467762718757213
2024-05-09,0.24611097993864933,0.20522968139179923,0.5802835370820583,0.2324803034790567,0.6003735417360707,0.3254426282618814,0.37175501171565983,0.20407046545200128
2024-05-10,0.24649810385571577,0.20496653371891946,0.5789913684603961,0.23257383349997499,0.5991320576717342,0.3260744613783033,0.367273958018976,0.203590087284826
2024-05-13,0.2490941152573471,0.20446707870832478,0.5774742102740832,0.23229193722833336,0.5868226266716783,0.32209424737450976,0.36598241700344114,0.1995069515582232
2024-05-14,0.2487188972685507,0.2044499839896505,0.5775749437344018,0.23220137351570827,0.5911803120431297,0.31982646528423264,0.36355180825960565,0.20061277484179366
2024-05-15,0.24967062086490227,0.20659583056549802,0.5721613004880146,0.23031166706575054,0.5892392917241558,0.32040715144191567,0.3658666745907451,0.20058361158634802
2024-05-16,0.24956740642393727,0.20688155698000546,0.5680094787671085,0.23171707328632163,0.5892231576164272,0.3203682226694289,0.36729602015001334,0.20036113812866238
2024-05-17,0.24860571795920536,0.20154326886400253,0.48162133702492443,0.2211886572605486,0.5893862912605502,0.3203672739800143,0.3587984274871457,0.20025034183063442
2024-05-20,0.24788089328192292,0.20283880784294323,0.4836988279390324,0.22166303454665018,0.587453986829736,0.3202592447882169,0.3589269766820251,0.22285863522914073
2024-05-21,0.24758419998897005,0.20289743900561916,0.48374554076049636,0.22169506454126695,0.5974901112637802,0.3036604217633334,0.35924825775257374,0.22599251313753654
2024-05-22,0.2477491429958704,0.2029549851359829,0.483719436643066,0.221135716641417,0.6015707476360848,0.30454509391989476,0.3587730762848998,0.2265074198903726
2024-05-23,0.2514013296547742,0.20381489427743088,0.5134804198730607,0.2224914337143414,0.6049796827667416,0.3039536292868355,0.35866580858215846,0.22700525483289435
2024-05-24,0.253350070252031,0.2023065432292743,0.5144597222147794,0.2186586449530438,0.6089008690305096,0.30320514672810683,0.3619368093076053,0.2294155620425332
2024-05-28,0.2529507655640915,0.2021491749763715,0.5256280319594496,0.21858284969834485,0.6092724245582719,0.3020059362529045,0.35829852595732037,0.22963985279200297
2024-05-29,0.24678229037958804,0.2022196992275447,0.5219615526154383,0.21843949654852937,0.5905383739644553,0.29485504455922057,0.35867306070314825,0.22987381243257665
2024-05-30,0.2386974230697076,0.20520536833740116,0.5294000607894427,0.21678989908157328,0.5857243536530633,0.29915176512986486,0.3585662760877028,0.22936862448625805
2024-05-31,0.2382111300394008,0.20517139993062045,0.5269049441021694,0.21933224145652197,0.5837657502661627,0.2977719578812375,0.35758826265359817,0.23140618902428248
2024-06-03,0.23857285827657934,0.2023211385160379,0.5282787824800615,0.2169934177339151,0.5836165128571918,0.29542941893841396,0.3544045521849722,0.2307370289522908
2024-06-04,0.23800892393358664,0.20209739509855448,0.5131700628335273,0.21654373558411738,0.5826203730557937,0.29534649803208074,0.353650299094639,0.23262551682585425
2024-06-05,0.23746307234216446,0.20537223627407009,0.5188142193108485,0.21353117727216778,0.5819174815438509,0.29441757318066136,0.34993676615457914,0.23362267976997272
2024-06-06,0.23820678076387156,0.19840250081503558,0.5029852701568354,0.2137466573806526,0.5829438640644432,0.2944758615872468,0.343364437351851,0.23316294023626621
2024-06-07,0.2372938404441362,0.19843614020785927,0.5020454386348234,0.21361585978039085,0.5748749466626903,0.29630732401073673,0.342953941384203,0.23462149268630922
2024-06-10,0.24070391927616694,0.19315179551712092,0.49588268234900673,0.21426722265413495,0.5697737270339539,0.293446453581074,0.3448809182096983,0.2314274419668017
2024-06-11,0.27824411580667424,0.18939851949738812,0.49638196339463553,0.20768971640145006,0.5710183270184809,0.2915535661732486,0.3437198039767265,0.23700199546546255
2024-06-12,0.2829101311797625,0.19315819016709052,0.5000547448296199,0.20777415807549396,0.5627147456346914,0.2786675430675683,0.33962922444447546,0.23763264127905467
2024-06-13,0.28216488577858473,0.1922811845492591,0.5034521851191623,0.21035972340638745,0.5648479665091107,0.2806964323780412,0.3401979595439289,0.23842831193212086
2024-06-14,0.28212318911613504,0.19153993319821655,0.5038868827050943,0.20889525281218832,0.5650363290981262,0.2804332621258825,0.3380614540759371,0.23688246788044032
2024-06-17,0.2683369521040505,0.19233023213811667,0.504471492139379,0.20892024877597842,0.5736332564637516,0.27956814448283535,0.33808909388884917,0.23546383143507071
2024-06-18,0.27006051060114955,0.19258221871041936,0.5053224731842939,0.20932881141778306,0.5738716412173505,0.2786716276932696,0.3392372046388952,0.23511169135281032
2024-06-20,0.27397069272063235,0.19026401845585908,0.5126168809368147,0.21220408815783545,0.5748902062976531,0.27841115359526486,0.33834310214854213,0.2349331894399237
2024-06-21,0.2746802481260883,0.19084042556093175,0.5145447978050816,0.21374063616400346,0.5721426601134811,0.28033413723849493,0.33827456340646783,0.23609884712591434
2024-06-24,0.27220863116006416,0.19118194540853292,0.5331839257673497,0.2169053523038432,0.5716582776769905,0.28052002806004356,0.3385940441031325,0.23430702674158002
2024-06-25,0.27072487607900364,0.19152802359474902,0.5475249688523887,0.21697093402483328,0.5719760298405585,0.2846028597394815,0.33991720423263266,0.23430260394567853
2024-06-26,0.2716662720217555,0.19083973224336342,0.547445055189735,0.23029996550612636,0.5795858178690179,0.2793101902661571,0.33925968435880544,0.2339850133189544
2024-06-27,0.2707325184942303,0.19002687324858125,0.5488808260005827,0.23403169997240533,0.5693214826267237,0.27892315212447705,0.33930277535269654,0.23469366086728766
2024-06-28,0.2739148296111772,0.1921537298322618,0.5487379054923635,0.2389558052279837,0.5691003527579716,0.2821529501717145,0.34294123573352087,0.2367104111348164
2024-07-01,0.2780775369470868,0.1961301931445217,0.5422196170414212,0.24028591332046123,0.5800142208074882,0.27445080469170496,0.3425127951842162,0.23698615975864418
2024-07-02,0.2791530139036781,0.19324873861576652,0.5423236501080066,0.2354892644979644,0.6047111860955683,0.27433691014509914,0.33668017285304974,0.2385121452488065
2024-07-03,0.27821412300477255,0.19315369587630982,0.5472017957122,0.23708775403690713,0.6101557590998644,0.2731848860837571,0.3352570018554088,0.23836682529421782
2024-07-05,0.2802991898017148,0.19499443450419154,0.5469244475267611,0.23814969467204333,0.6099716770379666,0.27652124783353604,0.3551180125165252,0.2412921966367607
2024-07-08,0.2783231180450771,0.19437953765987212,0.5468366327020938,0.23835135357568302,0.6055361052442785,0.2772477449361626,0.35743546244580754,0.24054046393754222
2024-07-09,0.2672728394716212,0.1961333453500657,0.5436160578459117,0.23619014896075455,0.6083310558296449,0.27490301547660473,0.3572174201887977,0.24160345569578592
2024-07-10,0.2687241224014123,0.19533551105689384,0.5406662677262828,0.2336995698335895,0.605706913782756,0.2740298140995502,0.3546698913910912,0.19588183762449304
2024-07-11,0.2693284472048428,0.1981091599829737,0.5527367040070544,0.23746165806418942,0.6227192628217104,0.278826442648464,0.36213829828953376,0.19601266205819465
2024-07-12,0.2651640253751517,0.1982818454984646,0.5526029682534956,0.2375341675905382,0.6203157538972148,0.2788016153375607,0.3665749152469544,0.19621882158527845
2024-07-15,0.2647114713948702,0.19756254196626424,0.5449448677162243,0.2371224719140238,0.6194666786530391,0.27886509421174765,0.36600895651826,0.20113573986585198
2024-07-16,0.26378952752571283,0.1945435266577107,0.5470481030712998,0.23569979613214614,0.6127107367044496,0.2810620265550633,0.3655576222723763,0.20311199380645353
2024-07-17,0.26903114309169746,0.19474503095072598,0.5192928166488999,0.23608892994230757,0.6157159254704053,0.28195950226351446,0.37488553303167,0.19955649198431605
2024-07-18,0.2743395907139049,0.1954957240943612,0.5155556082136367,0.23928376557296988,0.6092027588915414,0.2842469461938515,0.3799591907462804,0.20889884421947277
2024-07-19,0.27447480722640283,0.19388047132530786,0.5164690482312506,0.23802157054603704,0.6175774690455227,0.2834450048910405,0.3749585160813963,0.20730506608283455
2024-07-22,0.27431554723067403,0.19539795765728313,0.5162397573094676,0.23552998777367773,0.5839885160328798,0.2864318149420951,0.3776851681341487,0.2071923779445667
2024-07-23,0.2743139920309655,0.1877297431448735,0.513528125030333,0.23638672111447784,0.5803489302567538,0.282740803491113,0.29788799871814087,0.20720650115655073
2024-07-24,0.2825123773946188,0.20043289497423072,0.5250603505924921,0.235223985029527,0.6446741168851344,0.22923445154793087,0.32175339990995033,0.20815577146818431
2024-07-25,0.27991423728030607,0.20606390325692078,0.5268979381146252,0.2349915158710387,0.5778251659217642,0.22748768678790138,0.31969844809795256,0.20810704442451297
2024-07-26,0.2760917291933689,0.19646461909843876,0.5253257153976206,0.22632203160065673,0.5645928330023425,0.22344086030907376,0.3237791692773506,0.20963698226071983
2024-07-29,0.2753447011276227,0.1946859960090879,0.5185620487921877,0.22178775410797827,0.5725163622107828,0.2250976303113533,0.3212433491383493,0.21031116190166885
2024-07-30,0.2729160196284546,0.195392379285259,0.539195661242764,0.21276194845371774,0.5801654972807815,0.22273597875910014,0.32135690165761427,0.21372582039715388
2024-07-31,0.24964819545031744,0.19193112710461793,0.587356205733362,0.22022962075343241,0.5853582720963771,0.22308914773052352,0.3219127232407036,0.21480182044019114
2024-08-01,0.251778507006427,0.18901042284875252,0.6023890877048781,0.22080667206353105,0.6026427880394739,0.22309962973332073,0.33037802877597855,0.22036119609482846
2024-08-02,0.2518940988129708,0.1927365692483509,0.602470489527801,0.28971192021720726,0.60416817969248,0.22536422923497798,0.33291673740943883,0.23859139093314102
2024-08-05,0.2738979801764865,0.20424398946475128,0.6185824760121236,0.30101237893110916,0.6100957669379906,0.24267426619422217,0.3367778472559861,0.23931843639945083
2024-08-06,0.2745168038536808,0.2054454502008235,0.6212901111510876,0.3007041511644243,0.6090772143315596,0.2427088083419201,0.34538410958967364,0.2451907919217064
2024-08-07,0.27450818553564305,0.20507100988327584,0.6311244048549177,0.30064017655043707,0.6151588537961971,0.2425561187139524,0.346132116274776,0.24485339560506425
2024-08-08,0.2742800596664789,0.2063345092133685,0.6421379605574608,0.3035897717191998,0.6180560437232749,0.24596760316503827,0.35412691156796133,0.24760246228979788
2024-08-09,0.27516224959812424,0.20656461034551052,0.6419841445904491,0.3039829387459656,0.6149436029542362,0.24644974259982866,0.3550998284649956,0.24659462055083625
2024-08-12,0.27451570809643694,0.20394149235412995,0.6430962150841673,0.3038814774564898,0.6139635834592218,0.24537187491546888,0.3530703869243305,0.24655550525522382
2024-08-13,0.27615124632377364,0.20710282884685297,0.6549723009263745,0.30635362675747113,0.6220844723867149,0.24573800234658597,0.3540003467360484,0.24710123134172565
2024-08-14,0.2761085232297515,0.20758912497934887,0.6536437746407766,0.3060014123649413,0.6255222191065136,0.2487064519332821,0.3540347886635776,0.2470281330569757
2024-08-15,0.27691395865840235,0.20708621618051934,0.6563950845885393,0.3190667600988037,0.6362093757074736,0.24881383239531923,0.3555021707906865,0.2274957118532612
2024-08-16,0.27686116325192367,0.20660649276807805,0.6566767549656929,0.3190898482012462,0.6234950201503399,0.24960498349013022,0.35734308671777715,0.22516294963557842
2024-08-19,0.2761316422322867,0.20706257939675551,0.6610063723478798,0.3194201635095018,0.6209543269353872,0.25394643740909434,0.35722497487230165,0.22494906844812193
2024-08-20,0.2715314884287077,0.20705527445799485,0.6395642953047685,0.3187044089789237,0.615911904011,0.25207120467184735,0.35726804721117783,0.22458451953152586
2024-08-21,0.2702177531705705,0.20648915452564318,0.6380683759659735,0.31901531727766325,0.6134395524310391,0.25182420340506206,0.35486001364673164,0.221561501903649
2024-08-22,0.2711363054479233,0.2106005128467519,0.6291259831546893,0.32182241889133034,0.6254198362325131,0.25222009854209915,0.35521206248733245,0.22169260234051258
2024-08-23,0.2715520392745687,0.21067927243023396,0.6351790663259123,0.3220350015413123,0.6311333610087447,0.2534459931661466,0.3546366382816339,0.22137228587746283
2024-08-26,0.27152421658575443,0.19917454529566994,0.6317309859283894,0.3210925020994729,0.635105203132772,0.24984738180167557,0.35416735591934567,0.22122589421153055
2024-08-27,0.2714939130529584,0.19916876206517384,0.6318591916157906,0.3205999266262273,0.6365391516026287,0.25035702403247645,0.3543309056071462,0.2191560430969976
2024-08-28,0.2718689133657085,0.19966141511179364,0.6265882632190081,0.3208809962334175,0.6372454428531931,0.25106226824803324,0.3518742564971589,0.21898905639519867
2024-08-29,0.2729483910786425,0.19965752316016339,0.6411665219279261,0.32108699508710986,0.6368152334974359,0.2511315026154951,0.351851827101319,0.21685916677044492
2024-08-30,0.2730406360138804,0.19677904553852318,0.6334237617048598,0.3291864800545118,0.6407139547967978,0.2512343956770535,0.3440124066264341,0.2164415020902305
2024-09-03,0.27930158497706187,0.20031068266009783,0.6652422507722099,0.32732023600543014,0.6413816922422669,0.2613401730765945,0.3462280339855045,0.22113084265107846
2024-09-04,0.27938458919049924,0.20030598154840537,0.6659303927929838,0.32888942627232737,0.6460145391873968,0.2604663764870729,0.3462070827422439,0.21969779689291505
2024-09-05,0.2760160331747145,0.19921286149553055,0.6660614065863788,0.33195329548666,0.6502473099440099,0.2606488706366252,0.3443622999069038,0.22043318182243335
2024-09-06,0.23772910267508007,0.20019711765588644,0.6709206995711371,0.34019296509277386,0.6761073961507245,0.27170486778863656,0.3503931652160333,0.21907275274279836
2024-09-09,0.23091635696734036,0.1970459463228051,0.6709016288092524,0.3439060051057292,0.6739047788950927,0.2721328031103491,0.35085590375531406,0.21976967125322877
2024-09-10,0.2308493763735386,0.20212292470609772,0.6674589798186107,0.34596248133396584,0.6772682857905677,0.2710413314337006,0.35032865317196715,0.24646238826935138
2024-09-11,0.2312297843894948,0.2070838234556718,0.6868354466329293,0.3505831911751144,0.6747557482943457,0.2728628109675052,0.35147306897214015,0.24688922531384686
2024-09-12,0.22792125369772945,0.20616901373492189,0.6880857060932026,0.3516153310473649,0.6675095200133396,0.27772391350805203,0.355473813272921,0.24680584011004486
2024-09-13,0.22668823821035888,0.20686952762919428,0.6839714435770496,0.3513637113885315,0.6665480266199003,0.27992187905491944,0.3541761331098144,0.24724314250444143
2024-09-16,0.22975609543094083,0.2069170498872004,0.6813247279459848,0.34991417681785336,0.6662092205388872,0.2795857283282538,0.3555399653240203,0.24906679778299565
2024-09-17,0.22862519120900876,0.20685460784631512,0.6785313878301555,0.34906279689209385,0.666156126405954,0.2770671050909838,0.35429555796120105,0.24791907926101753
2024-09-18,0.2312538904302977,0.2075968721256659,0.6648586853059927,0.34695564978600923,0.6661800402951283,0.277260895692264,0.3540171485117043,0.2473623250239966
2024-09-19,0.24230617078528174,0.21053017545659738,0.655780121708192,0.34886858387303527,0.6789246282440232,0.27306817459132743,0.35945303008666557,0.24866452815928192
2024-09-20,0.23943936197865726,0.21096167535550459,0.6564395477854345,0.340325587284193,0.6753911951173956,0.27398986540009235,0.3594210759038697,0.24853442929131045
2024-09-23,0.24002748641820534,0.21102742174269856,0.6554244969321186,0.33822069282417855,0.681631566194369,0.2737224749269971,0.3587920871766505,0.24802503316643756
2024-09-24,0.23736273323953164,0.21035379403464488,0.6604880976304277,0.334751502914484,0.6821416445901539,0.27198786799652613,0.35288015794401156,0.24620292695640822
2024-09-25,0.23063217864511595,0.20577977088380567,0.6618979762532989,0.33242124816801927,0.6727587759454161,0.27171299438122665,0.3531611156220531,0.24467511356040858
2024-09-26,0.2285870322843173,0.20534146670054967,0.6613902941605889,0.33131266934152404,0.6443074933238238,0.2708452003550518,0.3528553130301964,0.24244682929368072
2024-09-27,0.22832953642313245,0.20558408329491148,0.6562510570152772,0.33214162657035146,0.6331732057038971,0.2713529556004624,0.3528926371609981,0.24253833398520783
2024-09-30,0.2288220899153081,0.20338970526797925,0.6551367737556192,0.3314194194293022,0.6318934725558577,0.2668016544220867,0.3339573975915378,0.23929446876849525
2024-10-01,0.23658029713458917,0.20796812996882796,0.6581316545078001,0.3315618058074571,0.6325037153025815,0.26716008480127323,0.3313412899301667,0.2423420539795786
2024-10-02,0.23650640418745275,0.2067589907249421,0.6568896183845819,0.33155100873726895,0.6321432030898616,0.26730679114325895,0.33172591426466047,0.2411116069836636
2024-10-03,0.23342761531347112,0.20401702956365564,0.6582342873750778,0.33269955157376074,0.6357292121401651,0.26581228097208603,0.3329888153330179,0.2419652063295209
2024-10-04,0.22871126438481637,0.19820317468889587,0.6488834813694526,0.3336334903427818,0.6145591048329656,0.260269616119898,0.3231068930622008,0.24911447400905792
2024-10-07,0.23173385889774042,0.20035584294879194,0.6498367578128598,0.3393653151021038,0.6165072411325392,0.26449253527538874,0.32022603954127804,0.2477845283894023
2024-10-08,0.23227649021712796,0.20241213818344736,0.6548098681700004,0.339802233954667,0.6162162602515459,0.26460839446209594,0.32057314287697386,0.2426270136720177
2024-10-09,0.23489019228578314,0.20232902208955914,0.6538852697128512,0.3410166397209202,0.6159318372130842,0.26488555783318196,0.3192049040928061,0.24152105383893568
2024-10-10,0.22896865241123507,0.2008095647837483,0.6383744842366256,0.33709344739752894,0.612837064651092,0.2634121899529203,0.2940241468513054,0.2395104933272925
2024-10-11,0.2252864940721687,0.2004601590395109,0.6364704235431191,0.33465242467817075,0.640658904133082,0.2617023506879064,0.28947219703760285,0.2465111821082622
2024-10-14,0.22768958998376948,0.20060454946805817,0.6353039791970853,0.3348932727400248,0.6357289472626895,0.2628265181408267,0.28951019028574543,0.24666204923111387
2024-10-15,0.22864756343904794,0.19848682348995436,0.636953513328448,0.33481140366571316,0.6266115543492767,0.2583772367656166,0.2877222006163034,0.24673117267476322
2024-10-16,0.22933446094113363,0.19847823492975056,0.6395791765238524,0.3322061994102248,0.6257755683129451,0.2583362740676882,0.2904513405161101,0.24691167888308968
2024-10-17,0.22084416244990787,0.18429931234253466,0.6217701775403744,0.3261474365943454,0.5642476785555768,0.2377540443444276,0.2617486235261578,0.24619001480356434
2024-10-18,0.2216799316709782,0.17734757467037593,0.6203793809592909,0.32622417028345424,0.5628364094967194,0.22919784133445906,0.25828712920688524,0.24626014789006398
2024-10-21,0.22190947264909505,0.17410288852707065,0.6249952541989842,0.3249539101279055,0.563088417460285,0.22935444945253297,0.2541876982473807,0.24523489669797488
2024-10-22,0.22205969760034217,0.17915467221347964,0.624068416384715,0.32493417629150645,0.5515387914238129,0.2275776774608364,0.25464670205697115,0.24489153495920948
2024-10-23,0.22704855095864546,0.17874905433364593,0.6069556722152184,0.32924134037597624,0.5464789258291253,0.22911845693581082,0.2643501219095152,0.24167535975599172
2024-10-24,0.22518819165739826,0.1772914631067301,0.5571193522173105,0.3244581721146273,0.6768990476896669,0.22850351000643515,0.2606585757654131,0.24075541381693535
2024-10-25,0.222278481563527,0.17786812231773375,0.5365218936093934,0.3231878590748438,0.6639349666748703,0.23082503940578664,0.2443499121220694,0.23709637811836332
2024-10-28,0.22250013464790624,0.17247077622789253,0.5350739885051055,0.2597370715324766,0.6594809559393577,0.2261843539129954,0.24037166321888248,0.21971939986065575
2024-10-29,0.19619300536357784,0.15897498893245424,0.5146908460353706,0.24409769553720112,0.6529578344623869,0.20823265400962165,0.23740422085706625,0.21607885113769656
2024-10-30,0.197939186878269,0.15767378840656643,0.5119460830608201,0.24446404096110463,0.6533557275956838,0.21474213194757585,0.22675068123813957,0.20979550001467265
2024-10-31,0.20088546828832543,0.2046773105301063,0.5099994930824245,0.25546434886132924,0.6492382960972012,0.21893857495112384,0.24317719915182798,0.2114739855273263
2024-11-01,0.20051597563920143,0.2045135432114486,0.4982034589232239,0.2797666917699555,0.6460129892941013,0.21569174537166025,0.22925164446250887,0.20879468527102799
2024-11-04,0.19892264498167908,0.20408802985224583,0.4980289802527182,0.28107667901897215,0.6486674705825026,0.2164464657643792,0.22893424349512703,0.210731256518964
2024-11-05,0.19898666468223652,0.204591957680765,0.4949678161410125,0.28291471865506884,0.6509919373821217,0.2156764594529275,0.23211693400865305,0.21116740067892908
2024-11-06,0.19608293365915103,0.2059498155992631,0.48528204006952624,0.28943501920344455,0.7000146168376987,0.2285992426004909,0.22742106222829575,0.3058079361421319
2024-11-07,0.20074148011270518,0.20702409022635337,0.48605478019841714,0.2901674485865076,0.6972866476793994,0.22735364416652423,0.23670027942553828,0.32012516855574247
2024-11-08,0.1989669019027115,0.2065497895265884,0.4808843594111354,0.2792452716417983,0.7039635172172244,0.2293688550054736,0.234016639184199,0.3200049249315469
2024-11-11,0.20016730329276952,0.20736683109547402,0.4819390252590702,0.2796345846557399,0.7223646375535333,0.22952198229326554,0.23161545481314508,0.31981138654867647
2024-11-12,0.20016390063898964,0.20828382121088249,0.47621935267427473,0.27992892357325927,0.7354755193407323,0.22568303349445798,0.23159617547494463,0.31964237757854275
2024-11-13,0.20025408145379686,0.20794170333879522,0.47485575070330255,0.28349869861454724,0.7349204195476726,0.22820933950774508,0.23211597138339943,0.3195405141608847
2024-11-14,0.20223188477938417,0.20807143769903544,0.47460743532041166,0.285101290381423,0.7472669414695441,0.2310460607828228,0.23056088228370997,0.3195296702071434
2024-11-15,0.20364328519929065,0.2119354672535007,0.4730333627961433,0.2956861739860317,0.7369776437802672,0.23261390647438746,0.24577075198910214,0.32014168840424434
2024-11-18,0.20440347845290008,0.2118789990593155,0.4657398604237199,0.2959549390369678,0.7394038447411382,0.23380247369814552,0.2451914237015842,0.3199886539177319
2024-11-19,0.20439423481435343,0.21146385226578507,0.4725449825203629,0.2960974281083562,0.7352056828692342,0.23577933111003235,0.24449801382252814,0.3205960839914981
2024-11-20,0.2043530444780947,0.21177950639514223,0.4723306007015992,0.295077326759631,0.7342004515315623,0.23644105362369297,0.24463356435112724,0.32136477571668826
2024-11-21,0.20390796082713625,0.21155748628202312,0.46985603835040907,0.29772178730205845,0.733068500070498,0.2563551764838489,0.24461597837368784,0.3227404397838503
2024-11-22,0.20208565747094467,0.2121691894548459,0.45379393093688,0.29806760548389666,0.7353556746769623,0.2585382469376675,0.24521157698630613,0.32392345801937
2024-11-25,0.2036813214662308,0.2114206809134494,0.46265769226382875,0.29235359809491196,0.7397974304170428,0.26018479654837784,0.2457791225992678,0.3234698603625457
2024-11-26,0.1960245161982351,0.21235402679444457,0.41066975377092924,0.2967799920182314,0.7383169825384256,0.2483530633015361,0.2437671118057584,0.32027820157082937
2024-11-27,0.19503912780663032,0.21385666763383915,0.40970434734260236,0.2952636307977117,0.7366325563032272,0.24792788334209104,0.24454255173585301,0.3200465230733005
2024-11-29,0.19557219282412405,0.21382590565905832,0.41108969619456526,0.2917614690037859,0.7342457843277204,0.24787742809673882,0.2446543971972908,0.31941921393361733
2024-12-02,0.19557105905240924,0.21359032482902973,0.3998065345697201,0.2804891011724339,0.708997442651527,0.23326223905270546,0.24155151389355656,0.31653122225025554
2024-12-03,0.1969310388620583,0.21280673250033624,0.39522751394420147,0.2781931469673907,0.7098735486817275,0.23069227834738276,0.24985428845830568,0.31477324658329275
2024-12-04,0.19663379359750754,0.21068330690019577,0.3993034347391667,0.27774320997526575,0.7061005044982154,0.2326969954843692,0.2498428793589671,0.29346007247077827
2024-12-05,0.1955749375255441,0.20771434477175305,0.36890788001292896,0.2736785729025615,0.7078302778578536,0.23224828033449982,0.24988695214782636,0.2934934131080182
2024-12-06,0.19562134062765496,0.20697014412019235,0.37017454272273265,0.2780406188686352,0.7135422836417391,0.2290684206326464,0.2489380317591933,0.29339712838375065
2024-12-09,0.19778538787440592,0.2065956771650227,0.37480232987734247,0.2781856848414236,0.7135683957594756,0.22675076972195254,0.2519078524497267,0.29416611306183177
2024-12-10,0.18775755326871993,0.20702625291727628,0.3770579108140402,0.2775841981725954,0.7128749484829454,0.25104855870911597,0.2506747202428888,0.2929799655736701
2024-12-11,0.18837611143122943,0.2078477364430811,0.38056797670461456,0.28010120369446917,0.7195723815714979,0.2718905814387219,0.25356352637421997,0.292857452687062
2024-12-12,0.18570383366773388,0.20668575608973488,0.3794117860215448,0.2804661309552353,0.7210740171070028,0.275329316665191,0.2538356634624276,0.29285629592252777
2024-12-13,0.17126543809907524,0.20378813243356547,0.37564197125792514,0.279472546679633,0.7131122490011547,0.2758106612763192,0.2455721210818842,0.29243323348120914
2024-12-16,0.172315901913437,0.20394331106501815,0.3758343878019439,0.28243978289495925,0.7169150961361653,0.2836210283554134,0.2457035630460577,0.29252633573583237
2024-12-17,0.17201470174987307,0.20403938637464059,0.37699506483536677,0.28273857915293066,0.714621119054625,0.2828560205038031,0.24634341019094227,0.2928991040061022
2024-12-18,0.17857486085787208,0.21815801940890195,0.3699519751446639,0.30072450189836647,0.7417512970389306,0.29434181128775566,0.25837656937498565,0.3020936876699195
2024-12-19,0.17850542179814688,0.2177458244854756,0.3684200689771803,0.30079137475236145,0.7426762882508927,0.2939638271042377,0.2579638992599204,0.3022712537466898
2024-12-20,0.1817562185611786,0.21771830946074824,0.3732543187358271,0.30027423894104815,0.7470962168658257,0.2949379741013449,0.2606507768482225,0.30440445190039217
2024-12-23,0.18176680820180585,0.2172151014190224,0.37687394505912364,0.2975415091460578,0.7469386956684614,0.296175396965953,0.26527950870013256,0.30440250416959297
2024-12-24,0.17771856244703216,0.21776807993974448,0.3768642841840784,0.2979888816103639,0.7578139704919741,0.2957924947826039,0.2659524961973066,0.30579531975358215
2024-12-26,0.16533567820175848,0.21258070650236974,0.3678469712453882,0.2983539342589196,0.758368797012737,0.2958732059231271,0.2661826791015229,0.30277055876677517
2024-12-27,0.16839109484395723,0.21500962456134542,0.37013570507218685,0.30044880163557647,0.7628553000840683,0.29737144501754437,0.26612908360460913,0.30356883242845295
2024-12-30,0.1707422782264304,0.2168474466218628,0.364567581495488,0.29945581516759573,0.7627158402209915,0.2980979906756544,0.2656617796027051,0.3032022319967243
2024-12-31,0.17158491317088906,0.21747934318326229,0.3669000824474961,0.29705204225363335,0.7650767204812672,0.299024660893969,0.26237540035352874,0.2982435495193224
2025-01-02,0.17405401118365876,0.21544416931517765,0.36898999880289346,0.2885807199575003,0.7731460462811456,0.29378293670772265,0.26379711431641867,0.2981616831077422
2025-01-03,0.17069574264212536,0.2151652782946631,0.3708001482801125,0.28975301353637506,0.7867568925096997,0.29422389252912756,0.26293774790107405,0.29900541551312204
2025-01-06,0.1680969664710819,0.2158107306521553,0.3766067317902674,0.29004281310796093,0.7854668200347629,0.29568732741357545,0.27590070856507654,0.29930535241750594
2025-01-07,0.1699307808666353,0.217359649140522,0.39902120639325506,0.29544452299511237,0.7913695726870064,0.2964176435075286,0.278033931957434,0.2995361832631704
2025-01-08,0.16922983635016897,0.21758608978504215,0.39902238862048034,0.2949431727692301,0.7634730389632075,0.2971507762966368,0.27850301194146326,0.2869723049246299
2025-01-10,0.17405744075512886,0.21893402960614328,0.40101119713376043,0.296412929242938,0.7637367539252801,0.29785608429341853,0.27896196873102935,0.2884324301796881
2025-01-13,0.17402284967076623,0.21909575154642383,0.3907336412449295,0.2965532422696125,0.7639235023851637,0.2982943243400683,0.2797914280156856,0.29038614236176885
2025-01-14,0.17332543721304702,0.21884352137995844,0.3861191754405688,0.2964571748889779,0.7659944761699504,0.2988080115035286,0.2820002574558301,0.2912641815047598
2025-01-15,0.17780107420237637,0.2248897727300843,0.3919020108709834,0.30011575173859256,0.7779685906556729,0.3024615094906881,0.29215645497638953,0.293533880661098
2025-01-16,0.19550705693094325,0.2249789639161263,0.3936084503007493,0.3015064297737445,0.7831302638716806,0.3043766381919305,0.29294030216720174,0.293725165426408
2025-01-17,0.19570475370698823,0.22593225121465485,0.38965700449493434,0.30453729995394274,0.7831477368625368,0.30555637772447697,0.29287528859080403,0.2945771518553042
2025-01-21,0.2063567491689866,0.22197972620828685,0.3925251905180925,0.30674498244579085,0.7832945270315459,0.30585403545445594,0.2922009450211547,0.29561817318537364
2025-01-22,0.20207444801313176,0.2364287764059761,0.3980884032162505,0.3018470960181019,0.7835260489465704,0.3037111468292948,0.2847358463585629,0.29545398874266005
2025-01-23,0.2020740645635589,0.23642711853324888,0.3979412276157788,0.3017014101030645,0.6802316608840456,0.3038112300734519,0.28714499272522404,0.29591016103485024
2025-01-24,0.20200719372485174,0.23634875120623416,0.40316554541380856,0.30186635024156855,0.6796113388693028,0.3031905068906568,0.28843544837592805,0.294685823620533
2025-01-27,0.21156692286167278,0.2405653741434008,0.554904676618082,0.30187431629651357,0.6792856153919694,0.31727680762232624,0.29022469103907966,0.2937466243139088
2025-01-28,0.2241581074028913,0.24628381375283945,0.5835438637030468,0.30171329485678766,0.6782802642109175,0.3173670128376846,0.288902940017235,0.2922469204749677
2025-01-29,0.22190357478644343,0.24740673764124438,0.588896774376009,0.3018954349668643,0.6804081874848379,0.312919916225146,0.28874866634370644,0.2923267496259587
2025-01-30,0.21900667092427573,0.24889815069707227,0.5811891692048506,0.293448602150949,0.6773147754026552,0.3140733054651399,0.2749737686333047,0.2909288597001304
2025-01-31,0.21758273614934837,0.24811047380758638,0.5842648671651269,0.26985318019995064,0.6769244781438695,0.3151590633883446,0.2748522469949571,0.2912286855876146
2025-02-03,0.2291731160196282,0.2488004998712206,0.5866495786244865,0.2684276930796079,0.685193285960437,0.3155292743072209,0.273678183527242,0.28918098234145256
2025-02-04,0.2326347888100852,0.24845156085329706,0.5846244151621108,0.2685620643764943,0.6835236704490297,0.3188471510117957,0.2716499012223849,0.2890359365875189
2025-02-05,0.2325311619523151,0.24464630642117619,0.5884151690162395,0.2649438249988042,0.6331489053287067,0.34910705642381734,0.27156495179741313,0.1868782698868241
2025-02-06,0.22867332142024765,0.24358701484842507,0.5901194797376038,0.26443537376130843,0.6318331980700123,0.3459745253794216,0.2645225615745516,0.16664290614638438
2025-02-07,0.23415090824671073,0.24500962925623157,0.5904414643640482,0.2782344835186365,0.616985807864921,0.35183076446824246,0.26411152590761106,0.1671939827643113
2025-02-10,0.2327777608719457,0.2444200561367023,0.5929598040748424,0.2795441362506272,0.5951601989593792,0.35133670875603956,0.26255842059413903,0.171404988820812
2025-02-11,0.23685000670142595,0.24311872776029625,0.5912346001603629,0.27914276439573527,0.5961093669888842,0.3513416411580844,0.26255528883361623,0.17325997905186985
2025-02-12,0.23946353671575413,0.24308258814409037,0.5911416533173602,0.2775553948027911,0.598063143244583,0.350430409484376,0.26154580676163913,0.17302548225773212
2025-02-13,0.24108210280422082,0.2430585721293948,0.594914910352612,0.2763252097273593,0.595636682951105,0.3491792538378678,0.2609277332023349,0.1730298563533298
2025-02-14,0.24014924964175396,0.23637503293958745,0.5937661335012856,0.26119691159986497,0.5927948303218087,0.3472226374629407,0.24409185817236348,0.17125558798003282
2025-02-18,0.23888234985819798,0.2364290777739272,0.5932448626256644,0.2618235348782779,0.5825568858925961,0.34629273906443864,0.2530081475613015,0.17235829278435483
2025-02-19,0.23888431646640532,0.23763593627152876,0.5847936450651098,0.26057577287517536,0.5821191618333326,0.3451975909414467,0.25644854118362,0.17134432581599893
2025-02-20,0.23891647771619554,0.23746583773822674,0.5848055097971713,0.2624792173274525,0.5827463438564885,0.34430985513609985,0.2585217699598542,0.1961463757518336
2025-02-21,0.23886833566554333,0.2403898144437597,0.5905648902918944,0.2652147660367325,0.5910164705843525,0.3337188454761662,0.2612359400953734,0.1950757921700499
2025-02-24,0.23890351613339444,0.24033499219881233,0.5902655175219297,0.2677498859872864,0.5874304100485985,0.33159149445725383,0.2658457174945694,0.19443373013897033
2025-02-25,0.237656360964872,0.24198392516289166,0.5867233546688415,0.26433461298330846,0.6085188533413837,0.3331870511495617,0.2681718074553625,0.1967374724930238
2025-02-26,0.243985362671958,0.23766257586308573,0.5914826127920492,0.25700891384356395,0.6136266901392873,0.33439862073054216,0.2707361983420369,0.19695885039784544
2025-02-27,0.2454728923744412,0.23924751104305594,0.6179931410691406,0.2620328559553892,0.6157899396526851,0.3383440820378264,0.2751257791742856,0.1969420046084613
2025-02-28,0.24765222275426427,0.24058329024877073,0.6218791446766628,0.26342236264907404,0.616394628684143,0.3390185982160893,0.27601980716595886,0.20147900107956984
2025-03-03,0.24909273770617057,0.2410132537923872,0.6481157928684241,0.27159868180556673,0.6138544471332057,0.3399161031704447,0.27294544000872883,0.2019262736209746
2025-03-04,0.24827720498221031,0.2410056073458003,0.6487006568822749,0.2703913745081544,0.6192617819523886,0.3433315767960338,0.2688887734949039,0.21878198688196268
2025-03-05,0.24824470412109,0.24831588398513052,0.6447451680892314,0.27048315873137985,0.6205731036760838,0.3423407042649213,0.27361005758393053,0.21860834755303574
2025-03-06,0.24825390586168625,0.24741214491403934,0.6546661020962928,0.27957747264375843,0.6255229777760961,0.34182000007230307,0.2885942813457029,0.2219703708562106
2025-03-07,0.25049062830889696,0.24771133382401217,0.6557815230382164,0.27244631751824405,0.6139174011966014,0.3414053992524537,0.2844871223434763,0.2242555108714694
2025-03-10,0.26786247109270883,0.2557006720685846,0.6616869643174197,0.27604807736301756,0.6966265625106323,0.3545861895590888,0.2974296471605289,0.2386243698841101
2025-03-11,0.2737774798783392,0.2556964259920506,0.6612825094327526,0.2772849168915594,0.6989235072081738,0.3358627979783684,0.29800587287506564,0.23992931297148484
2025-03-12,0.2755948476599661,0.2545756149042213,0.6712940149065968,0.27384732721476784,0.7059816585017326,0.3181590986433093,0.29841072506209926,0.23997274800258964
2025-03-13,0.28277157031327965,0.2551289300905683,0.6708986817072051,0.27782116210671476,0.7072077051712041,0.3203935275244428,0.313837896876895,0.2405651451842677
2025-03-14,0.2858932616414201,0.26161240878133196,0.6786637271273545,0.2818262460896869,0.7058523612086918,0.32232899609893706,0.31781275076801435,0.2495025144152029
2025-03-17,0.28455929612743147,0.2604909214285007,0.6787469187612651,0.277079477697943,0.6956177386122462,0.31274047392996385,0.3176207644989523,0.24989499655819428
2025-03-18,0.2834752607728498,0.2607746015251128,0.6818366398248323,0.27802961739503274,0.6943432384323609,0.3151656384903124,0.3264766708990893,0.24989232163034356
2025-03-19,0.282348070333284,0.2515841100456994,0.6827649333951766,0.26454340334883386,0.6871235477090101,0.3108713664529674,0.3180313483094391,0.24228035445032903
2025-03-20,0.2817320480368939,0.25157419589754715,0.6823618563900022,0.2628196368174049,0.6875661146742786,0.3109372940118659,0.31808158289321925,0.24128521552646987
2025-03-21,0.28194366942122934,0.25306187955128384,0.6791832594444794,0.2626963512744987,0.6969422730719681,0.30942180406293546,0.31803951196948393,0.23893849616394852
2025-03-24,0.28312907314067337,0.25339271225932614,0.6780078637666326,0.27371286211965895,0.7376032049234401,0.3111083232778795,0.3231452743761428,0.24474100382507732
2025-03-25,0.2836180538034325,0.25277469380288736,0.677920206297045,0.272267369456198,0.7247262329998521,0.3130115594822074,0.3229701932315229,0.24378212179879938
2025-03-26,0.2837969212822479,0.2538569171830497,0.6877811517856972,0.27521370297580205,0.7315610132862487,0.31917357351373105,0.3267420923127117,0.24371879923861983
2025-03-27,0.28413686077484884,0.2518772159513546,0.6877384716795776,0.2740205672056541,0.7266525427525254,0.31962938540590574,0.3277816261694078,0.24436038938826385
2025-03-28,0.2877542317726336,0.2577364439149955,0.688052623723745,0.2867309424685627,0.7269912695658785,0.3337781925779175,0.3387014891569274,0.24793043064907772
2025-03-31,0.29097323468191255,0.2578635007356514,0.6870320427494669,0.2872544397498465,0.7253283124522415,0.33368097346889963,0.33814448419765264,0.24872872064915638
2025-04-01,0.28671988343601174,0.2608262790549923,0.6848354139169012,0.2881035237969401,0.721180077670624,0.335846195770943,0.33645839415056666,0.2491454486760565
2025-04-02,0.28687250138461434,0.25946914456319,0.6778362342830151,0.2887024531881117,0.7096439750302826,0.3343523284003356,0.33595298057295636,0.24824944580296554
2025-04-03,0.3468492043248141,0.2621102522035852,0.6909912943761405,0.34239982736871827,0.7168129911101352,0.33740837019061287,0.3757453349733225,0.28861540993373425
2025-04-04,0.3770976860149125,0.27037030031754716,0.6958007418594845,0.3488873837256655,0.7440829824816095,0.34297805915040475,0.3875263355433171,0.33418483190401077
2025-04-07,0.38294322901038247,0.26993318979586034,0.7008304522015008,0.3538059004554495,0.7446671559933894,0.34391166380027055,0.39073354798399007,0.33719352086050075
2025-04-08,0.39255617646237306,0.26939165593862263,0.69918331799992,0.3562114297799624,0.749268710609814,0.34428960149031895,0.3904094155184267,0.33743525712347644
2025-04-09,0.4957452047276593,0.3375823748312906,0.7872411931029816,0.42972976168903637,0.8664107321960587,0.39768188783308434,0.4848611906954952,0.3724628508573286
2025-04-10,0.5026652089104038,0.3407106082977469,0.7961317463180991,0.44219087466532864,0.877634871551177,0.4039394464196931,0.5031317972931132,0.37652182241565685
2025-04-11,0.508302425444576,0.3387056244341036,0.7956214613354254,0.4408443447252392,0.8598211565125622,0.40299809567712114,0.49650240320160366,0.3833163682003804
2025-04-14,0.5044771168464044,0.3386651460688762,0.7948934718411381,0.4411327945070931,0.8583699880859432,0.4037458353633282,0.49804097722480073,0.3830281396066545
2025-04-15,0.5040886648219586,0.33783380675249436,0.7925654245432584,0.4380826109242436,0.855242866364954,0.4027955514401303,0.4990908746964199,0.3808097769764192
2025-04-16,0.5061718147369807,0.3455815694633352,0.8026892783026688,0.43816590752916584,0.8595440221132523,0.402922435806249,0.5038050024483784,0.38019659195324484
2025-04-17,0.5070191747893338,0.3341741667932917,0.7977794617041465,0.43561810422946484,0.8593553953132688,0.4032455860960025,0.5028808053306144,0.3810414744162827
2025-04-21,0.5082679620645669,0.3366903700697805,0.801813049305876,0.4385969578697046,0.8654530511081162,0.40504401635196124,0.5041303163957599,0.3805641217862852
2025-04-22,0.5135604256365097,0.3404747710737646,0.8020279882261923,0.44620407269278417,0.8726738382852091,0.4084858352405865,0.5076712278012673,0.3857740744076519
2025-04-23,0.5117771254605129,0.3416517517338471,0.7140077884124564,0.4562824479025815,0.8810479209623334,0.4051207800550469,0.5132891220114469,0.3887780398152949
2025-04-24,0.5074672440059383,0.3438496776137432,0.6948403792441583,0.46136118063761355,0.8850383734355861,0.4069461792344868,0.5139162405828813,0.39014665792045666
2025-04-25,0.5074531944183257,0.344572201278607,0.69619854014954,0.4626909500777023,0.9080438893462582,0.4089529013598214,0.5174112749677174,0.3901931896521023
2025-04-28,0.5074999005200539,0.31961387000645397,0.6969840330736917,0.46253701688368243,0.9055412312153956,0.40403679714467916,0.5161860606235866,0.3898654902847111
2025-04-29,0.5076120550984395,0.32006161652424414,0.6931790092632173,0.46126756018413617,0.9066120070457764,0.4020402197023123,0.5166065323960506,0.39013666857817436
2025-04-30,0.5032743042682748,0.31958698760419835,0.6908569416232516,0.46188024472672184,0.9032161292148202,0.40164139730644327,0.5157317581778567,0.39014761741965204
2025-05-01,0.5013101902528552,0.3538173386265563,0.6918618234520552,0.4649789443333415,0.9014472404312436,0.3991220253222829,0.5233741484216776,0.3905937147624177
2025-05-02,0.5068967817933686,0.35678370507868834,0.6857024488036386,0.46301829760814667,0.9010613060845284,0.3723567622684455,0.5317089450122142,0.3930696176766802
2025-05-05,0.5104452613903715,0.3566260540283294,0.6825376398601866,0.4630646150504685,0.9019168311818653,0.37234302263944213,0.5312173724549643,0.389677196090227
2025-05-06,0.5084556313031086,0.3555044178557215,0.6821513199952007,0.45657752742384383,0.9002073006235549,0.36691240329181174,0.532214488769494,0.3903809542087691
2025-05-07,0.5087757243735147,0.3553501963356987,0.6825887762889584,0.45710165346000325,0.8986936106762651,0.39595806521690186,0.5334868273485378,0.38902451205972366
2025-05-08,0.5066459054416091,0.35591695155769937,0.6826183235169705,0.45915581329319166,0.8921675410225675,0.3985713150819783,0.5334255191261663,0.38934734913360397
2025-05-09,0.5050707400791344,0.35562645088627276,0.6823223108171022,0.45860482735402175,0.8960899233467701,0.3986202458869145,0.5330912601288046,0.3892962387915057
2025-05-12,0.5193379206442317,0.3585900962303136,0.6882941602250385,0.4870782576622636,0.8988165217138486,0.40548257721589076,0.5573472610547894,0.39358638663764145
2025-05-13,0.5190537606167192,0.3583425192676441,0.6957234216558951,0.48784546663632833,0.9046304451959303,0.4059112424532825,0.5596191213917764,0.3943793301678262
2025-05-14,0.519041447263159,0.3586071328794816,0.7009450691143723,0.4876613909044927,0.9084741356084737,0.4132958698525453,0.5571492186732329,0.39410609898553856
2025-05-15,0.5189872298756566,0.35791063249481975,0.7009759566878587,0.48996509838633745,0.9080873566087326,0.4130058521411132,0.558038914073078,0.39441445570530365
2025-05-16,0.5188290952684739,0.3578976898472597,0.7009022179373077,0.4890141943561123,0.9084873508874097,0.4142109805695559,0.5576099678693195,0.3831575930253123
2025-05-19,0.5191679492788073,0.35569704239064576,0.6957253218393679,0.48574384085997496,0.9042900368269929,0.4109381646047406,0.5567364134872618,0.383204527115561
2025-05-20,0.5189941518622536,0.35484997831999626,0.6928943680239733,0.4848223234809048,0.9031766801517558,0.411968265798905,0.5549676716892296,0.38255130575123053
2025-05-21,0.5206314236637876,0.3542922028004933,0.6915295819629531,0.48564710486460305,0.8862704509982605,0.4140261459934224,0.5540722354225843,0.38300263006138807
2025-05-22,0.518211842640899,0.3543069532283595,0.6877654541996715,0.4858580342932112,0.8825739609827904,0.41387666765442555,0.5516623634905662,0.3828655466538113
2025-05-23,0.5209576277790943,0.35274731680626403,0.662970685555306,0.4833474146707444,0.8799591456631515,0.41174166456239153,0.5505072720393286,0.38286113181668957
2025-05-27,0.5222008216251072,0.35485285555607315,0.661362494101597,0.48483458419584513,0.8868207253837305,0.41463289168492123,0.5519246479077816,0.38200369517893057
2025-05-28,0.5215901138058054,0.3518876317151821,0.6329798469776524,0.4797157369914872,0.8852674241345372,0.4126767759496775,0.5504895323784179,0.38093434244835683
2025-05-29,0.5214411341697495,0.35185183421518873,0.6351766809460478,0.47965244931051065,0.8793380263150946,0.4100236247044219,0.5484261539675586,0.37136375661314747
2025-05-30,0.5216387787680564,0.34675191436975944,0.6384316076353657,0.477504660032433,0.8817290450869846,0.4092465489972122,0.5459537707589052,0.3712897088738372
2025-06-02,0.5218272816751807,0.345753675076838,0.626033867003282,0.47143132567789464,0.8730057366754387,0.4104582600240446,0.5428780982687911,0.368749650292118
2025-06-03,0.5208820267744804,0.34491056766114636,0.6271790839817044,0.4712748646130813,0.8728714344679827,0.41142152488850836,0.5429914498601933,0.3668231790004043
2025-06-04,0.5115930264276931,0.33632373752019445,0.616318783765312,0.4686953625579169,0.8008083700594705,0.4006021853162683,0.5377143816260651,0.3557819427596975
2025-06-05,0.5086885874274234,0.3364266408892481,0.6169575298662485,0.4683086441568977,0.8630193243489094,0.3999094488191976,0.537461658510771,0.35503368254152595
2025-06-06,0.5088687619047715,0.3363616450929031,0.6052864275453194,0.4708275498977467,0.8535090035476738,0.4034502966452376,0.5369143549640724,0.3555218093312551
2025-06-09,0.5047173105549243,0.3348733534829479,0.6052352693352395,0.4684456245806092,0.8548511760379912,0.40034569386403074,0.5270537845887753,0.3542369942943492
2025-06-10,0.5034201215992055,0.33209811370291004,0.5971172989062429,0.46680381502183743,0.8584925585708626,0.39997229580966676,0.5247178228691843,0.34921941913638643
2025-06-11,0.5047938661085746,0.33204600498843106,0.596008539577745,0.46826954857984665,0.8512669400641871,0.399949429945794,0.5253476424007806,0.3492180532346741
2025-06-12,0.5047342448811922,0.33080768454478787,0.5912266170594578,0.4670225182322863,0.8440908595820475,0.3975671655007036,0.5186690897144308,0.34921080536402194
2025-06-13,0.5046652924627775,0.3313228655837682,0.5926535172650679,0.4665249708686117,0.8404705414489428,0.3959873111903744,0.5200015015389449,0.34899061218675126
2025-06-16,0.5051475444471634,0.3312710079338415,0.5934438162977098,0.467774235741432,0.8405335384536672,0.39627287994827265,0.5225590747412964,0.35100863621331113
2025-06-17,0.5039782068204903,0.33108095159606227,0.5932479085563986,0.46792828072976084,0.8400211620950534,0.39626721924286323,0.5220885070670029,0.3506746044936563
2025-06-18,0.5034409574918561,0.3310801394550268,0.5905902145849784,0.46321984310484626,0.8095199661357283,0.39516634674487855,0.517154792558598,0.34830201199280186
2025-06-20,0.5048892054244769,0.33159615669415227,0.5910354543737217,0.4635107492472469,0.8067750887793971,0.40193937567818416,0.5185656178027396,0.3476270933105264
2025-06-23,0.504672075996275,0.33115816453998526,0.5767206970665221,0.4612558609405003,0.8124245956753244,0.39664965541511565,0.5175706312561729,0.3482414960155638
2025-06-24,0.5041253984052375,0.3312701261053266,0.5760665195991442,0.4630410204356463,0.8144436707526328,0.39546898023656263,0.5176418243045312,0.3475859720717207
2025-06-25,0.501654849273307,0.32341547692687317,0.5795377499550463,0.45367317392039536,0.8150820499311738,0.38386306153516575,0.5087439881117133,0.34443647571952213
2025-06-26,0.4998329927969816,0.3224304397959223,0.578392924490132,0.4549302186797927,0.8141975195543734,0.3850824034005745,0.5104498244500932,0.3452639768394602
2025-06-27,0.49967334885595405,0.3216121420948156,0.5784937190417624,0.4577516904675884,0.8118096719594997,0.3878938101911436,0.5099437427350881,0.3451521547128092
2025-06-30,0.5015928089042635,0.3214908936493087,0.5785210823676318,0.45814644213131833,0.8065572894070023,0.38910269755161164,0.5097375749107201,0.3452231372633507
2025-07-01,0.4610929887221608,0.3176666385518304,0.5545740718843118,0.41220058909171065,0.8061104945277312,0.3787740064098603,0.4716781554026327,0.30786434050742006
2025-07-02,0.4349896747515482,0.3064207997194239,0.5279159152745618,0.4011619953649625,0.7769763830429817,0.3716831193042602,0.45739110168313507,0.24741242210203865
2025-07-03,0.4271888285030582,0.30633545471718,0.5251939706975075,0.3996441061910552,0.7744573318949806,0.371582076413086,0.4560700214065009,0.24625513477382663
2025-07-07,0.41436428055003105,0.30522304697514424,0.524150866111859,0.39460661193994223,0.781633530304672,0.37185451882543996,0.4549296399571159,0.24900543902697264
2025-07-08,0.2955874206297044,0.23971023410290376,0.39871351081535844,0.32611077951008505,0.6619174046482974,0.3237921111201373,0.3624186903081172,0.2109885977248417
2025-07-09,0.2809498216537456,0.2334386605625303,0.37450558315446136,0.30585548200202767,0.6424417866216235,0.31397350578378724,0.3296285074296148,0.19844100654364163
2025-07-10,0.2697017364183062,0.23230053789879498,0.37119934268360094,0.30404584459948736,0.6485670901660788,0.3095469946591424,0.33000404198658234,0.18646999650552318
2025-07-11,0.2665986604075989,0.2319786117419085,0.37079134208633596,0.3022668160520359,0.6487489586956054,0.3098811288728091,0.3273177230657338,0.18613569347938322
2025-07-14,0.26784076549984953,0.2313286734957483,0.3713007080754014,0.3000596549914023,0.6488793021912288,0.30736451848706975,0.32350197548815,0.18502610487653454
2025-07-15,0.2543848104538758,0.2143695070157643,0.3406619868874277,0.2918220019393579,0.6408149379044958,0.30400663406068246,0.31380469073520767,0.18233173852728146
2025-07-16,0.25315256053470725,0.21225465656054598,0.33181979354231916,0.292809199698946,0.6437058387460702,0.3019405954272578,0.31523855230147646,0.18226313667667568
2025-07-17,0.24949986667934104,0.20377559984137267,0.3114624407853995,0.2833806767484255,0.6303057183002857,0.2968308897205524,0.3046528283962674,0.18031102349737002
2025-07-18,0.2405510367738617,0.20208042174372853,0.31180490163453145,0.2768404478238788,0.6273179536457028,0.2935025911604559,0.2999784563205983,0.17295762518239854
2025-07-21,0.23595832736525427,0.1999560495773918,0.3075331349397689,0.26638236695620543,0.6199013643338148,0.294023809699214,0.29211624060540115,0.16874884547267782
2025-07-22,0.23375585332472135,0.1929456227881715,0.31015059579971493,0.26080103850960107,0.6169312330185324,0.2906398897467764,0.29131574320197656,0.16680078824726777
2025-07-23,0.23363811636004236,0.19245977112482907,0.30326122637937003,0.2600111600875491,0.5881237051684524,0.2897904015612045,0.28832879904557146,0.16894122541228554
2025-07-24,0.23355092222140844,0.1923805539096115,0.29826181674818797,0.2607119182985843,0.6152057003760546,0.28925837056915116,0.2883823526973507,0.1688702709104768
2025-07-25,0.2333382370630199,0.19230030813408405,0.2986750502461095,0.26088616654275326,0.6176809531836196,0.28903975936943854,0.2886388551769335,0.1689635799839931
2025-07-28,0.23302047503417955,0.19278484624737052,0.2989295405224437,0.2577344174249934,0.6158214160306497,0.28831933947737426,0.28719649792594676,0.1690754089232874
2025-07-29,0.2344402535216005,0.1281812638548923,0.2985377685658588,0.25255328790517745,0.6164670041604691,0.2884527362860725,0.2828710206773007,0.1692981130994345
2025-07-30,0.22187831530805907,0.12135684732551932,0.29754441784501173,0.2527793899371908,0.6151199372181613,0.28707261619003027,0.2715966462570385,0.16483436589141937
2025-07-31,0.2120720259669121,0.14197095102110674,0.2979322916343994,0.24988711045988216,0.6172413878079677,0.2922853577606262,0.3453806835070018,0.16731900980615216
2025-08-01,0.21863411946825104,0.14706941841013765,0.3040236973394141,0.3101094776346946,0.6173488428776372,0.2938795644757436,0.34924318673300475,0.17271235273880278
2025-08-04,0.21742857146686417,0.15176157996678238,0.30583005749397735,0.30990494186557543,0.618716091131228,0.2512382113496625,0.3539761631964094,0.17511370942961044
2025-08-05,0.21716908975396748,0.15550972228538698,0.30765460424666413,0.3086141900735662,0.6158361638212208,0.24964008473628277,0.3565963266874502,0.17470655212898728
2025-08-06,0.2392973380644288,0.1564293471019579,0.30644070743256485,0.317984448093963,0.6129445941169589,0.2480520093927685,0.3557842891474027,0.17459361367101045
2025-08-07,0.21527675158020904,0.15187250202152655,0.29118303856010785,0.276661471233245,0.598388904031867,0.2386209977606686,0.3245077637840226,0.17042974646584355
2025-08-08,0.2302114866278658,0.15176640254498364,0.27335126801950677,0.27561490945781136,0.5919230498278937,0.2424166787075451,0.3213785831136786,0.16952318137036046
2025-08-11,0.23112086063162596,0.1513829965527278,0.26396160351181464,0.2757126299941734,0.5889753588279353,0.23328759757432097,0.3216670099216234,0.16864103176822498
2025-08-12,0.23169515889349176,0.1532570530556384,0.26334250851806246,0.27062081410708516,0.5883956840321567,0.23258087632810648,0.32216081604113594,0.16948282248439483
2025-08-13,0.23354037569270328,0.15817040587105147,0.2648349620394665,0.27184421195373676,0.5868545763568471,0.23260646068234356,0.3233320335792414,0.17057396411382106
2025-08-14,0.232011411473504,0.15736208216580896,0.26477960027970165,0.27729929037932616,0.585457200026749,0.23261653424858778,0.3232687578213861,0.17035705089578984
2025-08-15,0.23132658413676094,0.15776505335007734,0.26474576418542634,0.2761802186737652,0.5861210593812346,0.22930927871838613,0.3227793853997894,0.17283251559754273
2025-08-18,0.22554555300848667,0.15580551679023305,0.25994413172260267,0.2739979758971472,0.5842272721971142,0.2240791547992554,0.32710932576553314,0.1682213040512534
2025-08-19,0.22534806045387765,0.1593023812932464,0.2731183563489899,0.2758624352766562,0.5839659383717081,0.2244783031236578,0.3308005530786194,0.16838196993833268
2025-08-20,0.21962251892079002,0.15859812869922488,0.27130018358045527,0.27792109661813325,0.5848199393442672,0.2236174652791258,0.3291268226435896,0.1685059751722371
2025-08-21,0.2150125905967501,0.15263649103222096,0.2658790821462312,0.27451118954449766,0.5678127726726132,0.21834972019312596,0.3274629386022289,0.16560781492077797
2025-08-22,0.21611649152086673,0.15179176681158923,0.26642281610552626,0.28051523786949045,0.581133908054091,0.2258635475833727,0.3296875761065295,0.16735269071112646
2025-08-25,0.21614297412354855,0.1525650800439423,0.2605480421829809,0.28069649497198174,0.5824942221185239,0.22620209849384018,0.3298236929518693,0.16785128554514142
2025-08-26,0.2166088474410813,0.15299136025803847,0.2511046153981312,0.28051603505617584,0.579082850356142,0.226941941871459,0.3298287720911985,0.16908966715265056
2025-08-27,0.2166529990615807,0.15378829778008687,0.25021482683412793,0.28022361733829715,0.5787590218768197,0.2234804427458561,0.3233660579171947,0.16908847975570473
2025-08-28,0.21679601683308647,0.154020753702239,0.24687667065043103,0.28051670340778306,0.5791036118321916,0.22185469169842773,0.32301179859493,0.16907830521754189
2025-08-29,0.21676172737560237,0.15476397660805954,0.258773488780194,0.28158935716079164,0.5789679272854047,0.22139309866790988,0.3194129714624843,0.16786007562222158
2025-09-02,0.21666571040005309,0.1544021021593711,0.2607599044838765,0.2839092050144323,0.48310141734829865,0.22252394496597513,0.3194145507228554,0.16716399331191953
2025-09-03,0.22659203019152563,0.15412812562701947,0.2602246888252928,0.2789129590766527,0.478678724889382,0.2752651891942134,0.31728450242879647,0.16534698131314607
2025-09-04,0.22454834938421317,0.15414383717883945,0.2602079635899446,0.2898108715828086,0.47105302053998915,0.27466611560862814,0.31843305540387723,0.1672226916831404
2025-09-05,0.2245505877336276,0.16353569188396844,0.26724364644802273,0.2915670630035334,0.4632050005039461,0.2743322917704353,0.31775857867952545,0.18061177152863345
2025-09-08,0.2208446511451281,0.16384466816126714,0.26657089641246423,0.28941534380105194,0.46408733068388547,0.2738685634732534,0.31662185496946665,0.18099252266501012
2025-09-09,0.2238827625604071,0.16184119373335795,0.26644995083331535,0.2899122928302597,0.4614584335749468,0.27501270847525006,0.3183317961714756,0.18364998686983167
2025-09-10,0.23302877591357762,0.16090921686908832,0.2712217227894743,0.2986418047111392,0.4599641653866489,0.2744524131966777,0.31902710879607116,0.1818562413246983
2025-09-11,0.2337719745106943,0.16006988475580888,0.26949537464085654,0.296507861615459,0.4744353766000032,0.274095680476773,0.3143670750319011,0.18045266519190614
2025-09-12,0.23315147457517266,0.1636050039564355,0.26906312670119,0.29672655282518184,0.48707976593508767,0.27343215885668154,0.31407770095782783,0.18019363061001098
2025-09-15,0.23372825590964633,0.16462933787882092,0.2688954948605234,0.2969221371254777,0.4904550148168614,0.2813377034421655,0.31474474665829255,0.17799877806980288
2025-09-16,0.2304005541745067,0.1663259521752579,0.2702506560937924,0.2959625228917602,0.49280676632810305,0.26547227248642047,0.3135223550515617,0.17797231306494476
2025-09-17,0.2304037731425134,0.16262259717960725,0.2770886954576816,0.29662117474228966,0.467830095301354,0.26495256703500875,0.3106342027798363,0.1772751197829234
2025-09-18,0.23020412914395372,0.1620290126667008,0.2807403166954193,0.29412996565227445,0.4672506557137282,0.26497333971222403,0.3085828272444916,0.17643167349489414
2025-09-19,0.23750472833290381,0.16595378224617063,0.26839588648899926,0.29394199953269134,0.4604005866549081,0.262917170495827,0.30839817970924943,0.17574840700643982
2025-09-22,0.25014475871136066,0.16543938858664683,0.27848055634846053,0.2924944416161617,0.46088982697368325,0.2639289456845244,0.30704694032365715,0.17403437171988953
2025-09-23,0.2509650389539553,0.1667500128188847,0.2840895954734039,0.29395359614177263,0.46298938978377835,0.26058242523574693,0.3076695352594989,0.17342276248398
2025-09-24,0.249895599579972,0.16669229212246464,0.28486726624705005,0.29173021846040764,0.46571373159458923,0.2623704521650589,0.30774272483970816,0.17257163034689943
2025-09-25,0.2509248885251121,0.16561160086349705,0.27695753887043084,0.29219139730021515,0.4605841517521921,0.26287208349936386,0.30467028222488757,0.17258679727077397
2025-09-26,0.2486029328807614,0.1663748169866158,0.27278954951048084,0.29256569050652664,0.45734034595688416,0.26205304568918314,0.3045600257766568,0.17297745614407842
2025-09-29,0.24898581763849165,0.16383562825308984,0.2744169918427975,0.2916047526047778,0.457141811647689,0.26397666784950463,0.3042274321783775,0.17113573390429132
2025-09-30,0.24555218153685357,0.1641835919110166,0.2778971944404969,0.29258338364262554,0.4289014215208794,0.26120331967178634,0.30533882285040964,0.1683975737918365
2025-10-01,0.24547626352189938,0.16416596905208272,0.2773628191836372,0.2902619746274339,0.43195899966415036,0.25816126507558795,0.30915144009723877,0.15733255029774804
2025-10-02,0.24553182349750444,0.1627783048479614,0.2758561820172233,0.28921510998976835,0.4481338655721824,0.25776663948642886,0.3084765489376138,0.15917827201360385
2025-10-03,0.24546713081169624,0.16260523765008408,0.2762942308142023,0.29045370289721223,0.4423256632180352,0.2581521976916352,0.31165027990623356,0.1561894013519242
2025-10-06,0.24535488092257446,0.16807121413698875,0.27758301962204657,0.2896026832217556,0.4528158402151504,0.25936549037371776,0.3108171232218826,0.1559362787281902
2025-10-07,0.2434206759558121,0.16918406675199898,0.27735815680130754,0.2896584915487068,0.4648836783129099,0.2640576023222075,0.31073934826513383,0.15605114577545712
2025-10-08,0.2434719358301319,0.16889326996830675,0.2693133609964292,0.2913716839663871,0.4622601730988794,0.26475446464727065,0.3095545885499423,0.15736647836782142
2025-10-09,0.24660475452926184,0.16923057411755435,0.2713790057716937,0.29078312910776616,0.4590864166503974,0.2672083546239802,0.31179432115290245,0.15739411343259732
2025-10-10,0.2587077078402714,0.1737772945166722,0.2910685836436159,0.3092949541868363,0.4731495528826437,0.27221776443140533,0.3223237523354417,0.15853425734160437
2025-10-13,0.2590520255500119,0.17408349067431794,0.29604915067017173,0.31063575917048303,0.4803159179025469,0.27782633726424155,0.32360518410848865,0.1650024636185094
2025-10-14,0.2589879815447581,0.1740970515966521,0.3106932529554228,0.31095806854141345,0.48179352047265933,0.2739371834443109,0.3232836711534297,0.17010379563104983
2025-10-15,0.25876178002769024,0.17295931456391994,0.3057724683761618,0.31066987703791826,0.4819820747535565,0.27644140332556827,0.3234060814073878,0.17165348981169878
2025-10-16,0.2594891958144239,0.1731241704612864,0.3033359452273371,0.3106447865638284,0.48357015481122767,0.27566768391895835,0.3228186441884301,0.1749696099278408
2025-10-17,0.26163909415259556,0.1721259028384703,0.3018017804964428,0.3085267919750669,0.4475421816982279,0.2754865748359459,0.3231035633055054,0.1751003262080033
2025-10-20,0.27173774075902474,0.17222727035060229,0.30188141563915594,0.3105588163294934,0.44432995969366135,0.2759900431749303,0.3258823927199804,0.17758662022014068
2025-10-21,0.27169922824972353,0.17218003148698088,0.30014734940901716,0.31495679683338423,0.4427788000510486,0.28179416120618955,0.3256118280191727,0.18127844074098462
2025-10-22,0.27270067139533555,0.17253275978863886,0.2999500784508697,0.31675495820221133,0.44195047892122336,0.2806958963236889,0.321339312144036,0.18225253518275453
2025-10-23,0.27115703371735417,0.17251939658433496,0.2975627717718569,0.31824344946440486,0.4426434727588284,0.2807084743116992,0.3209442904085509,0.1813540326668159
2025-10-24,0.27081235392399655,0.1532841095991404,0.3004398161843271,0.3176203320828937,0.44273593472116746,0.27822127503014116,0.2337618111358484,0.18445374417261756
2025-10-27,0.26645598820191535,0.15205360781572563,0.30105640951268653,0.26384507690706305,0.44604688453625646,0.28196972787785585,0.2279304225397472,0.17931115389713762
2025-10-28,0.266583524122751,0.1508362623474745,0.3084649945590994,0.26249133288398585,0.4455633504897721,0.27828072741032567,0.2162939742580469,0.17635034466175364
2025-10-29,0.266246232874249,0.1475724893261764,0.3126156614822469,0.26197872202488864,0.4453245727100754,0.2811350177427995,0.21363776655652994,0.1749918272737016
2025-10-30,0.24929511227896306,0.15950864325502206,0.31594107517555287,0.2589383947223979,0.4547555121410114,0.283842926707481,0.3246669556981934,0.17669593839409536
2025-10-31,0.24319339912478874,0.16177056104997586,0.3158397522759586,0.31967248755328026,0.4592769210364763,0.2841054417159201,0.3280092378111009,0.17362436473935747
2025-11-03,0.23043825613221247,0.1617176700274685,0.3178909423212511,0.3287970899755564,0.45976856432604896,0.2815133860668322,0.328176106740346,0.17390212432767674
2025-11-04,0.22904468402953673,0.1620508845342516,0.32943404611124216,0.3311154927082423,0.4727937039605207,0.28678701286561886,0.32929810996493164,0.1738945787414484
2025-11-05,0.22849901363991815,0.16163103568324036,0.3316025873263965,0.33112031546609927,0.4781440241089084,0.2890826497138143,0.3234346388890725,0.17316881989954105
2025-11-06,0.22697659747527488,0.1632609932934479,0.3402327116893644,0.33620704381349936,0.48501802051281895,0.2880576126350413,0.32650496308963617,0.17238516118228822
2025-11-07,0.22725505434775223,0.16300282605692604,0.3402126943436118,0.33165372996349335,0.4915892471579384,0.29322204012640607,0.32668279134909056,0.17083641711389064
2025-11-10,0.2267269760210185,0.16746358868081682,0.35827845778434775,0.3331174813386121,0.49419066329483563,0.30153676407763524,0.3288427335646103,0.16908821383680048
2025-11-11,0.22967078860288878,0.1674774405563318,0.3637774418187581,0.3331300321843841,0.4951454547882182,0.30111750865502473,0.32646226080667445,0.16939611884133257
2025-11-12,0.23031378183774837,0.16521567441282478,0.3557000175249122,0.33425908055834774,0.4957825002548566,0.30280240841547773,0.32880881073936963,0.1714604653076767
2025-11-13,0.2256142964364925,0.16747071077766712,0.36414078421934387,0.3369867594635668,0.5163491902428122,0.309118032921787,0.32894838198936716,0.1867097228509939
2025-11-14,0.22524507192233453,0.16967996903667742,0.3656263594090897,0.3375417213737285,0.5153707933398397,0.31025730317389627,0.3285458186867438,0.19108216964561459
2025-11-17,0.22861881488801422,0.16962049031382725,0.3664813568814744,0.33226731949213695,0.5020672205916883,0.3100559168578775,0.32513115219893796,0.18969308684528696
2025-11-18,0.22842453353879763,0.178301219544433,0.37079017960555966,0.3450971988833975,0.5029187558180538,0.3102114798539154,0.32518441736233916,0.18956976118029975
2025-11-19,0.22802015911604528,0.1801796384703913,0.3745702378417233,0.345014935647137,0.502375331634631,0.31320864632271334,0.32548577617815055,0.18969237777736836
2025-11-20,0.22911938901671816,0.18250294349596818,0.3804300859977635,0.34869412104447456,0.5045620062219239,0.31510997840627414,0.32535367157653755,0.19262518426168423
2025-11-21,0.23141329966682583,0.1836847640509457,0.3806151197895171,0.3496503168150248,0.5045748800402788,0.3194150743951861,0.3258662918854752,0.19222920762585619
2025-11-24,0.23288960482545268,0.1837478514789974,0.3762890558518386,0.3529008925430541,0.5150530839301928,0.33901519302772803,0.33253344633596515,0.19220934574993834
2025-11-25,0.23122373936507493,0.18432015918353953,0.3780448828767879,0.3526459292889084,0.513784215805808,0.338160759320251,0.34255516156353705,0.19490469185746104
2025-11-26,0.21992165069024164,0.1882236065577759,0.37895726122360135,0.352642590948894,0.5140452754380189,0.29575848824991163,0.3424098966641925,0.1973070889370837
2025-11-28,0.21988171517766855,0.1900354002046198,0.3808172188620216,0.34373155943630007,0.513774437358031,0.29589626428970134,0.34421596398435833,0.1983869427442881
2025-12-01,0.22130151965599756,0.18385820773115236,0.377665085527921,0.3425124777334065,0.5095534457775841,0.29900160093839234,0.34429971961029054,0.1891163560663354
2025-12-02,0.22084202746506298,0.18389497065342414,0.37772941645090397,0.341141777994096,0.5085802087252599,0.2984478866656699,0.34519640476313357,0.1889315385511497
2025-12-03,0.21869044939772195,0.19093250163471032,0.37744896292006813,0.34091727400049276,0.5139926876214679,0.2962994993201822,0.3431032521860348,0.18794669556041813
2025-12-04,0.20802789560576024,0.19127014113878513,0.371945704100081,0.33504466324067295,0.5146728515522991,0.29686048945616056,0.3497339256958102,0.1887742279738673
2025-12-05,0.2079060377833545,0.1915604093654383,0.37212888748572054,0.3350513069916791,0.5021399305029718,0.2971775826598671,0.3521153858200132,0.18608272926969105
2025-12-08,0.20617373351248838,0.1909938423763625,0.37362868976981295,0.33550746709770446,0.4879177343865588,0.30286280982857916,0.35209136500555444,0.18590530641119787
2025-12-09,0.20572896561785886,0.18963178317197865,0.3737052958359009,0.3343174876218853,0.48354227728108273,0.2918012756611974,0.35180913277396314,0.2100497951470556
2025-12-10,0.20570486895488635,0.19615709890892585,0.372342941030778,0.3353228300471651,0.4811308417777386,0.2918123405429819,0.34940477997858793,0.2199865022155924
2025-12-11,0.20598342079956317,0.1974203440992449,0.36956058973854505,0.33490383596312184,0.4813176906039442,0.29691669796020354,0.34968629015984,0.2244438017551527
2025-12-12,0.20547070137701526,0.19830869492348263,0.36946702019440864,0.3368797339251298,0.4819266531633952,0.29796732288394173,0.3498229396777248,0.22435898954978695
2025-12-15,0.1995798872089219,0.19455514979944386,0.36973895009985536,0.3384339552009771,0.48502616746931704,0.2979106389738656,0.35023080920457866,0.22433842057040546
2025-12-16,0.18099762155657506,0.194476734832558,0.3613438326885736,0.33676462966528403,0.48726784692989594,0.2974321863196253,0.3508630387506654,0.22571543446222972
2025-12-17,0.18181380026035937,0.1935900745370267,0.36534675668226047,0.33093753893461025,0.49576622020088623,0.30613042698106807,0.350729178294409,0.22574508179035513
2025-12-18,0.18073929705901015,0.19680608660066257,0.36711249427348214,0.3346678023843241,0.4942246635039462,0.3048074008897696,0.3540332976209756,0.22608413334228725
2025-12-19,0.17761118183475766,0.19674583818280308,0.37557104332691804,0.3340565252391573,0.4849253130578934,0.3052259857707002,0.3531999621706039,0.22774208231994836
2025-12-22,0.17853462058247915,0.195781617589413,0.37671573665260705,0.3338688148385827,0.4795306905079823,0.30537914317124026,0.35328762608261716,0.2301940457825396
2025-12-23,0.17842056817810809,0.19550244091899052,0.37927180546165296,0.3347331244643454,0.4797256921822332,0.3047662501528831,0.35357916830686853,0.23080833951369173
2025-12-24,0.17862352304849896,0.19501926339208683,0.37573618831563155,0.33371732031690704,0.479724167160347,0.30448153831777386,0.3531073605272336,0.23158289546934352
2025-12-26,0.17865877431120306,0.19480708413793066,0.3762303942847515,0.3336202743401065,0.4774819892517361,0.30466638998906403,0.3503098321218971,0.229445726689991
2025-12-29,0.17830177545271708,0.19432051084069094,0.376665318575951,0.33333193545247064,0.46996526951607354,0.3047694052161536,0.3491339269248591,0.23003115584293946
2025-12-30,0.17837448745475395,0.19417045785217435,0.3764826852683229,0.3320895932742539,0.4696091631051269,0.30462973437454555,0.34720953410926003,0.22957261624789893
2025-12-31,0.17827901586082784,0.18893213325813185,0.37595023566218544,0.3323326524159011,0.45737323036596833,0.30300496825235285,0.34713663032661496,0.2296436264347883
2026-01-02,0.1784403442171323,0.19317083218046785,0.37676187577981024,0.3346758111837798,0.45087234468539106,0.29939392543191384,0.34819966448594813,0.23014325977527317
2026-01-05,0.1806596817160188,0.1930703064424612,0.374191626979772,0.338269023394437,0.45444692272631326,0.29883245426180444,0.34904410207226416,0.23415121467648814
2026-01-06,0.1818268540351984,0.19497194669193307,0.37236418535782684,0.3441884162581488,0.462604538664056,0.297666707533507,0.34585787586711825,0.23404726743968257
2026-01-07,0.16693738971765748,0.19158465474986927,0.3582452384312425,0.32657918871716557,0.4498929890434315,0.29564814335724215,0.33874520766635685,0.23693935212163275
2026-01-08,0.16637593328334419,0.19215624007611978,0.3565325167126919,0.3270986517017184,0.4371172486277709,0.29074282652050604,0.3371290223582324,0.23302241811652966
2026-01-09,0.1663781231511,0.19230147791181287,0.3441439109956402,0.32479062312594575,0.437989032373632,0.2909065276413334,0.3376453234256492,0.22919134257361595
2026-01-12,0.16606848148812517,0.19240627497568316,0.34412870216824565,0.3247818836918682,0.4374842113319571,0.2887920711847184,0.33791303105099174,0.23039397944578283
2026-01-13,0.16522249128370406,0.19405846875744634,0.343553007637407,0.3265538116487619,0.43642155063071436,0.2891475475224627,0.3391554180534642,0.24216387651981666
2026-01-14,0.16096749290740356,0.19930676602361602,0.34453188898914144,0.33071864269396645,0.43526228222394203,0.28929644033877994,0.3418729838353202,0.2429843703054136
2026-01-15,0.1405758945428057,0.1987567127280043,0.34716692808914723,0.32953455565493633,0.4335906999293594,0.29017486184888425,0.33913680358062687,0.24099931514322537
2026-01-16,0.1420232953286708,0.19947874355968045,0.3468585561414207,0.3258533968240355,0.43306136200695505,0.28537751137483613,0.3390442504242485,0.23889426991233173
2026-01-20,0.15550107152178674,0.19982858312384041,0.35892561758612623,0.3316018490743812,0.44143651882898133,0.29155529074529735,0.3423940987312444,0.24704746504228006
2026-01-21,0.15543142654239042,0.20429854085307456,0.3632932130891232,0.3304374456692144,0.44299069147012354,0.2932745024085088,0.3442350831989738,0.2471047381486716
2026-01-22,0.15318296694296576,0.2070308933427446,0.3607711718531898,0.33027251076698416,0.4452314603874256,0.28960817498076363,0.36382101008323625,0.24399889216425547
2026-01-23,0.14515700110258203,0.21611008989944877,0.3575497695464569,0.33189645875808593,0.43670101675444556,0.28311507771176675,0.36388934827418123,0.24600372647871566
2026-01-26,0.15811145851002725,0.21264137929539265,0.34285279981859174,0.33144364283406674,0.4396893414614158,0.28353937885374564,0.3667886228913478,0.24696929315231358
2026-01-27,0.15986812588667593,0.2182623730417695,0.33783066217882707,0.3353849330272356,0.4400252668809262,0.2796256152712878,0.3668057964235083,0.2470049608735455
2026-01-28,0.15971786434847968,0.21068318930569876,0.33738914583721674,0.32833689788253134,0.4293007684483825,0.276006503876122,0.2716094119079724,0.24553443006645437
2026-01-29,0.16045634551358992,0.2983956197994211,0.33761406865078547,0.26957486180301754,0.42807195320949076,0.2759817337669395,0.3334266257980275,0.24835928623437814
2026-01-30,0.1605967277253843,0.298519294693881,0.3346265383921884,0.2574414101498915,0.4302547008959569,0.2758150341386713,0.3377572523547875,0.24812011828429467
2026-02-02,0.18051531403712945,0.29970622131728186,0.3298341883148874,0.25688213745439903,0.41862495547272455,0.2722518967988597,0.33726688099127017,0.2485973343129704
2026-02-03,0.18055818131113827,0.30360295213648814,0.33299229335229513,0.25925031123513165,0.4101863833786887,0.2705861271980361,0.3396232590269273,0.2520212243394601
2026-02-04,0.18806205540368245,0.3023969064369307,0.3318741961055665,0.25705639629766514,0.4112701624980484,0.2745822454786501,0.3421062509689645,0.2522486849200303
2026-02-05,0.18782015429790497,0.3177812731250571,0.3327729423996578,0.2723699057157531,0.40668686625840994,0.2706814454189106,0.34204453821910236,0.2565054444005101
2026-02-06,0.18834888060093738,0.31792853416374195,0.34919670423187515,0.29267914189597666,0.40610146495043753,0.2658409985985219,0.34188480778720354,0.2680974284309489
2026-02-09,0.18515109907778496,0.32518751427574755,0.3478835812245865,0.29261060033129044,0.4067570633621601,0.26585533040858816,0.34459576228433353,0.2679604515164502
2026-02-10,0.18480176599644366,0.32478044196927086,0.3481514650107363,0.29072187377993436,0.4065656386835376,0.2664363886403102,0.3394848485392482,0.26733490741759197
2026-02-11,0.18525050220955233,0.3260220270056082,0.34034500053812494,0.28711712536179934,0.3808564164613744,0.2643446505435964,0.3396179740017958,0.26215868178293583
2026-02-12,0.21312530818940503,0.3240704606803065,0.34011783427865716,0.2892720195168128,0.3848659736849636,0.26413447568181064,0.3451845031528402,0.2649519638362406
2026-02-13,0.21498043987850693,0.32410489228458417,0.34098211858753397,0.2890930941007661,0.3842183090499382,0.25839715783510264,0.34579030798048216,0.26401756368062873
2026-02-17,0.224715981158973,0.32078184994612474,0.33674209193635585,0.2764932362562776,0.38371886362304897,0.25973556192603736,0.3453881494261178,0.2656751170369974
2026-02-18,0.22456895248854472,0.3208123301644903,0.333421371908526,0.2793713562161575,0.38349626605191106,0.25294567973207116,0.34437456835440255,0.26462822664031993
2026-02-19,0.22578425057031692,0.31934640924356156,0.32662184433811714,0.27493055227378466,0.38068987645806096,0.25172643577861026,0.34430636717889956,0.26243866878232835
2026-02-20,0.224350214074672,0.3186344393978144,0.32645601012983,0.2779710392385758,0.37997418083877277,0.25453776478907164,0.34542229599028434,0.26296362161543646
2026-02-23,0.2220916366744413,0.32406399869614166,0.3244216594015695,0.2764253876734669,0.3599261040533092,0.2223736738415506,0.34528151911298854,0.2778867318441454
2026-02-24,0.22677606385266652,0.32495266398138484,0.3196832469891304,0.27669588646426957,0.3632605940707397,0.220025245099602,0.33688305392786616,0.2757163519219083
2026-02-25,0.22731126362286003,0.32905372502885294,0.3197374316949476,0.27769835003559207,0.36379001262674665,0.21945384123385756,0.33980388238371634,0.2770369931481604
2026-02-26,0.22726281196678133,0.32749941772572205,0.33851398685069845,0.2758395757398416,0.36583651740492634,0.2223235029269248,0.33688661141905163,0.2752891471865178
2026-02-27,0.23434700060312738,0.3295327645390979,0.3482753520431592,0.2767480633188961,0.3669716665917041,0.2218303540263092,0.3372885327192437,0.2767270553310686
2026-03-02,0.23311082208202916,0.33100264962102066,0.35312350606606197,0.2768741019564414,0.3670208826963801,0.2243729567263545,0.3371316920553778,0.27724070193074624
2026-03-03,0.2328463857007096,0.3295709697602782,0.3535636797438932,0.276605235531525,0.36078274086067363,0.223600177975502,0.33625386477776603,0.27637629971436045
2026-03-04,0.23183905003166055,0.32923920588928635,0.3525666695423295,0.28711038267184424,0.36615168191144565,0.2233163573486977,0.3313749372448976,0.275017389078499
2026-03-05,0.23204067820482338,0.33056775195655275,0.3524102363087295,0.2878888435785419,0.36610660602742534,0.22225836953721692,0.33004568806251083,0.27766613512538635
2026-03-06,0.23287299002709477,0.32823479554884727,0.35610866646630296,0.2918833809085462,0.3622365818571536,0.21766629011364816,0.3330684618627733,0.27887090766984124
2026-03-09,0.23386993571222062,0.3281785634043667,0.36049519316572776,0.29169576835072913,0.3612738616459171,0.22328390873696494,0.3318439360831422,0.2616515877376551
2026-03-10,0.23364686909894475,0.3243823674064538,0.36104979541538174,0.28951001616666927,0.3598330383551879,0.22231332318007274,0.33183840674026643,0.25305851997572565
2026-03-11,0.23363261776700464,0.32326037524051,0.3598026467951943,0.2896291060326928,0.36256055184914454,0.21697615820959423,0.33174957503572444,0.24796912663516396
2026-03-12,0.2366383610394837,0.32304165872707197,0.35454607257141235,0.28893141195650895,0.36298759174409456,0.21871681615130412,0.3349105811158349,0.24950485601749814
2026-03-13,0.23886737426447632,0.32397909862881874,0.35590947434799985,0.2876921070124543,0.3547262169810577,0.21876665406575968,0.3440723434978844,0.24925372684629954
2026-03-16,0.2400966916819648,0.32501716315075235,0.3570750103574789,0.29075648387326664,0.3491500773202084,0.21968036306583222,0.34583125201698683,0.24907899206380085
2026-03-17,0.23980570152503328,0.3249969400212677,0.34791299994486874,0.2926411955285084,0.33797616682054876,0.21175711688213966,0.34538375264580684,0.2492255747543894
2026-03-18,0.24194701546269734,0.324161940117225,0.3465060501582181,0.2922129320481595,0.33039637472365446,0.20946006101002462,0.3425403762366106,0.2491947414552387
2026-03-19,0.24157590901230366,0.3238596084062745,0.3379838638131319,0.2922125083589933,0.3356372130813444,0.20710638153169758,0.34332524443698803,0.24733897562524737
2026-03-20,0.24100320303092015,0.32526172150338073,0.34321196464304404,0.2935114360700699,0.33834463785404034,0.2103857098348007,0.3456367579794734,0.2438843599047613
2026-03-23,0.24272677089330852,0.32516212939414907,0.3393286689499533,0.2956222820407375,0.3476993823673469,0.20819349053150144,0.3475847373868035,0.24449513291334773
2026-03-24,0.24236811482387913,0.3283038157371554,0.33931515568932863,0.2966231219065752,0.3481949581614925,0.2226913955924081,0.3491207929614454,0.2442332412779287
2026-03-25,0.2426106232306236,0.32820545123742734,0.34123686603528997,0.30039343876693275,0.3470872404003187,0.22277230631076336,0.34916269951941414,0.24548281734233413
2026-03-26,0.24259967026953014,0.3286680144875139,0.35098450043581303,0.30273396488691334,0.3483397674824259,0.23324025648007377,0.386654662344024,0.24549085046315958
2026-03-27,0.2445283715816734,0.3311669585960564,0.3534454146024234,0.3126852929625986,0.351594015281017,0.23741997529684974,0.39306997593980464,0.25255666738568605
2026-03-30,0.24490443563053033,0.33192283647606485,0.35426140818986823,0.313268365975362,0.3525919601985158,0.23742408256035738,0.3959865089766346,0.25278845425205787
2026-03-31,0.25259222386928704,0.33783742962249413,0.37156348331624506,0.32085221280385146,0.3635748157723094,0.26000294083279524,0.41898756245612384,0.26346350056946866
2026-04-01,0.2517188203397403,0.33776450232517663,0.37198259328549804,0.3158287576006765,0.36165373050349753,0.2695640996552921,0.4189173026484364,0.2574093528157597
2026-04-02,0.24900256664145937,0.33758974025313937,0.3725145207602956,0.3073540161187679,0.36889302021227477,0.269439703540185,0.41897477032214997,0.2572926702957512
2026-04-06,0.24968686991817002,0.336294767532815,0.37186413029839455,0.3090803885042951,0.370886049232589,0.26626977911081523,0.4176641491952029,0.2537528437881184
2026-04-07,0.25313443893553667,0.33603751354288014,0.3694108183947949,0.3061567982527494,0.3709422935276765,0.2680982771632213,0.41779940215093736,0.25344903231965
2026-04-08,0.2569061633259549,0.3363482836343938,0.3723362103532917,0.31502582136406276,0.3675255475802387,0.2790738329276417,0.4377933909621056,0.26434177229899836
2026-04-09,0.2571226523458399,0.3363512511418053,0.372927242264334,0.33551179142534454,0.367248038060462,0.27835606433447113,0.43988849608051794,0.26347021744264626
2026-04-10,0.2570438684678666,0.33577578841455935,0.37644324366003723,0.3367420012381825,0.36835899000446715,0.2771050001176237,0.4385311409984479,0.24849311726474907
2026-04-13,0.25709949519526565,0.34273589879237315,0.3752439836160374,0.3330773833853859,0.36830186520350966,0.27852402074866783,0.4356737273643503,0.2489034256707165
2026-04-14,0.25673760687990155,0.3466126488351342,0.3804707928966683,0.3414595015155411,0.3758277740091568,0.28762723066695717,0.444079933625374,0.2493499207120785
2026-04-15,0.2624932369579501,0.3595900316884104,0.3809863344997865,0.34144195197751204,0.40724594821521354,0.28822028623008733,0.444800572712886,0.25079748343401737
2026-04-16,0.252978395039818,0.36220770264115365,0.36889581670462246,0.3335534370760992,0.3985145430351757,0.2836323347215516,0.44121945949350105,0.24360922590203438
2026-04-17,0.2578710816058435,0.3596112899260839,0.36584360496146723,0.3335822985354055,0.3988502337189478,0.28286389899932507,0.4415667563291359,0.24354761891001464
2026-04-20,0.2585068958589347,0.35855933916798116,0.3655806277139008,0.33335845973852063,0.39100741299415104,0.2838709253999588,0.4310478997623373,0.24711666274102204
2026-04-21,0.2643604894344376,0.3532503934797605,0.36530487343194346,0.33111982637346304,0.39194661001982106,0.28519217058491425,0.4297386303176553,0.24506195939269798
2026-04-22,0.2629362852886372,0.3554519345590953,0.3657798799589071,0.3337505201625007,0.38743478036605394,0.28650592009137504,0.4280590220936738,0.24413114436384356
2026-04-23,0.2621065220368926,0.36101134766254167,0.36660444767230277,0.32975384343829595,0.3934571748042566,0.2864263471982899,0.4307311280772972,0.24425847798597874
2026-04-24,0.2623362787645578,0.36411169053653153,0.3751226988379903,0.3364631147713362,0.3938456734906169,0.28816417751795487,0.43336320583122984,0.24540630138833788
2026-04-27,0.2634995840720872,0.29382597957336715,0.3830117437936088,0.33713943937427604,0.3881905606829478,0.2899215833062659,0.3815446168207367,0.243447862042341
2026-04-28,0.2643268720985157,0.29425521086666656,0.3843358067631203,0.3366027025780933,0.3816824036366578,0.289943734118344,0.3774082605215754,0.24341861839239287
2026-04-29,0.2515050076292736,0.2932596382029199,0.38123727911822003,0.3362177072921097,0.3800929869832698,0.2879901492685833,0.3764532918417889,0.24343383774114105
2026-04-30,0.2516267530711166,0.2987204495242364,0.38945157145677906,0.3340171787464757,0.38363829231428054,0.3461110090010559,0.4160359259963954,0.24078085804256177
2026-05-01,0.2546200379441329,0.3002285173029859,0.3823430876363418,0.3303319306086771,0.3793019850473196,0.343086553954676,0.41094520623726344,0.2402822852623474
2026-05-04,0.2557878096891392,0.28098482181708156,0.3810006418390485,0.3158940488864027,0.37681832428332745,0.34318551591537205,0.4109811483556079,0.2378771829247236
2026-05-05,0.26087570974683616,0.27874351252749036,0.34971596028885993,0.2896594662508125,0.3701546513324036,0.3388436244293394,0.41056753211920155,0.22407280402724272
2026-05-06,0.2604497636812481,0.27187060765825244,0.3644108167957938,0.2885778400407254,0.37219194069911965,0.34165239090891797,0.4083849495497855,0.22718980468242342
2026-05-07,0.2603124933403476,0.27390712721283256,0.36532965401976136,0.2898641992629243,0.37621750387908126,0.33885836426090415,0.40836882619804693,0.2328871518424703
2026-05-08,0.26309326729343924,0.27157929267132425,0.3664957694960428,0.2872876192970667,0.3847502382444487,0.3338766274671744,0.40890406911765803,0.2295303467649985
2026-05-11,0.2395824249714074,0.27154501865228226,0.3661322994023938,0.28436557404405416,0.3885168249075958,0.3408799318564238,0.40643575324232395,0.2233968503565012
2026-05-12,0.2341321099141429,0.27270615834167083,0.36245434082074834,0.2858669606077267,0.3925481857076401,0.33987677987506,0.4056874826687587,0.22587410792986418
2026-05-13,0.22759751457312719,0.2720144187443895,0.36423614851982344,0.2864462983815053,0.394542916855242,0.34550123430005064,0.40849792696286047,0.22588227009820605
2026-05-14,0.2277665094993514,0.2724645476596187,0.3723173340754401,0.2869275421096153,0.39471999787653306,0.34595507134475645,0.40832483592969043,0.22556979563198545
2026-05-15,0.22538171532429643,0.2790483366512591,0.38555070532191105,0.2886917775091158,0.40776509789130927,0.3471697711656821,0.40846626971107775,0.22593762751086302
2026-05-18,0.22474101696523183,0.2789804104600985,0.38671069798986696,0.2853428209791137,0.41233267371365334,0.3395992856301038,0.4069022384666176,0.22610569403897554
2026-05-19,0.2246151348200195,0.2720170742678008,0.3870478550173684,0.2844662400939865,0.4088692116539147,0.342911989512659,0.4038453509326303,0.2108718915456711
2026-05-20,0.2214562549128719,0.27159539554590045,0.38754820599330064,0.285737743981405,0.41128614976311006,0.34271907856444844,0.40388612504741156,0.21524978045416293
2026-05-21,0.22163047333176455,0.265465044670085,0.3890026148940252,0.2860710812804935,0.4093689340888539,0.3429656017412428,0.4011254404368818,0.21140755149892498
2026-05-22,0.22228611127410577,0.2654613613658758,0.3724957868012191,0.2849815863455445,0.4087886637022673,0.3416595079808117,0.40110355390012664,0.2117790782368359
2026-05-26,0.21036059225934794,0.26139796396087095,0.3606288418531114,0.2851827595362643,0.4089134788717351,0.3418205439245156,0.4003861541596814,0.20795468423687286
2026-05-27,0.21066550401047057,0.26045850849169394,0.3575165603902497,0.2871974353613515,0.40995426589045975,0.3392117291464299,0.4073789352950413,0.21331929818594514
2026-05-28,0.21031411203205982,0.2681561757150473,0.3561098359678185,0.28722263281990507,0.40554563048231695,0.3380296400135058,0.40733890762966773,0.21321765811204826
2026-05-29,0.2099255376257903,0.28861937907711827,0.35674897684917595,0.2806091219427512,0.4013843675816554,0.34325972015991535,0.4053425685433262,0.2139062117245975
2026-06-01,0.2132504696149224,0.2907990069066226,0.37624620419526683,0.2914238236669289,0.41323026582874833,0.3437412587917951,0.4182216849073437,0.21083050025762298
2026-06-02,0.21779239538000383,0.30457271941172287,0.37020459730118277,0.28834760707050017,0.41222294549268773,0.3541706826719767,0.415652176803723,0.21079552015220426
2026-06-03,0.220918650115057,0.3121871409576915,0.3762353429757866,0.29429410270337525,0.41215312506339685,0.35168339995471565,0.42471056401242274,0.21079765174049445
2026-06-04,0.2209142016097688,0.3115401211413964,0.37712313765402994,0.29536912378826585,0.4130766057375045,0.35830543318875807,0.42443199580818736,0.22062277883832895
2026-06-05,0.22311890525686293,0.31667517326753264,0.40108779119065835,0.30268266521913656,0.4340448941382389,0.35927369556931943,0.43962437772957397,0.22044387001655208
2026-06-08,0.22290749875803612,0.3172782659689111,0.4006786608740134,0.30080286973305653,0.4389650679888721,0.35871009358317396,0.43738888182433855,0.21768125927711726
2026-06-09,0.23191258159068764,0.3184247498275818,0.39901639195955035,0.3001857017776643,0.4430853219125152,0.35839866063874826,0.4302910483279361,0.2177994200089943
2026-06-10,0.23128857000269723,0.31917306992301075,0.40639605466222467,0.3036666190051975,0.44960659922281865,0.3616441142585177,0.43007170533032235,0.21879054508463383
2026-06-11,0.23238548666156683,0.32122594048183395,0.40813425627716576,0.30336888577233967,0.4588152208834332,0.3603363265570116,0.429928458036153,0.2203192659017826
2026-06-12,0.23180723854834576,0.3188147446797501,0.4075573959595093,0.29962445449067127,0.4589951436574824,0.35939503761584585,0.4294545832723728,0.22460011652662057
2026-06-15,0.2335444473226828,0.3218697891243318,0.4121264689030671,0.3048991079781095,0.4543598266124964,0.3625871556068192,0.43917003858450915,0.22492103255825072
2026-06-16,0.23348643237616182,0.32104430122119976,0.409043583878302,0.30235547980165633,0.45018477572655724,0.35962799633887393,0.4375191278320368,0.23521792027928434
2026-06-17,0.23414695300553484,0.33085092967081475,0.40937792865421885,0.3093570125922107,0.4471666597883136,0.36459253436113054,0.45079125998778496,0.23463310305059196
2026-06-18,0.23426262899567604,0.3260461003563774,0.4128175212430467,0.31225153173164333,0.4474881364599855,0.3541174920033859,0.45074306326513053,0.2408381252611935
2026-06-22,0.2345921894417252,0.33269949777246893,0.4121661095433508,0.32703248927718176,0.44779696897616394,0.37167505666372713,0.4531169023042666,0.24282909459385527
2026-06-23,0.23583024666078553,0.3334800873188785,0.4119847565226072,0.32404441866553074,0.45839358806601543,0.36422188716110343,0.4196711903224637,0.24117651302043724
2026-06-24,0.2329832873117049,0.3326853356912052,0.40914106691021346,0.31183816127878455,0.4558740415540667,0.3600263186369874,0.4112684605312212,0.23139585682979574
2026-06-25,0.2683893483253858,0.34032776249836855,0.4095942289355033,0.3193693903862292,0.45419042341251137,0.3601641804909917,0.41321684740985976,0.23143953159895156
2026-06-26,0.2693934345937648,0.3535008690291651,0.39706768721273084,0.31515233987332475,0.4453404631215983,0.3497920920949012,0.3919781754527338,0.2248181476696904
2026-06-29,0.26979067757906605,0.3543276785170347,0.39751195167593384,0.3204587314952274,0.47264327418816704,0.35591037696050903,0.3938899602015088,0.2247742633620548
2026-06-30,0.2746327065195641,0.3544652048520136,0.40031453932697014,0.32084616543605216,0.45907536824412537,0.35581104275091885,0.39356908433746435,0.2252045651663852
2026-07-01,0.275728197974553,0.3596503695217726,0.40143548896635767,0.3207989617696034,0.4565663612570409,0.35542228507081797,0.4301359278909247,0.22841118480008948
2026-07-02,0.28656778395094396,0.36102315461989837,0.40273169192930114,0.32078182976634545,0.4840936333024611,0.3542958806577231,0.4427611034106195,0.22822142524164685
2026-07-06,0.2848942287525142,0.361516720989641,0.40046958371414426,0.3137870899192676,0.5000990335006203,0.34807638440852684,0.4275296342857902,0.21829282815810255
2026-07-07,0.285492834746526,0.36155876782320956,0.4002367892194345,0.29410853169518547,0.5082246318200248,0.3480702447218912,0.42737745852282855,0.21800929102391892
2026-07-08,0.2856698354324476,0.362610373190272,0.4035204876969153,0.29212288057698027,0.5105130857813434,0.3494609018386956,0.42931388016885796,0.22494471132018348
2026-07-09,0.28542708896739677,0.35515379935225444,0.4038140887299131,0.2932026520678127,0.5137732914194106,0.34942198588357726,0.4395769219352547,0.22549074715149223
2026-07-10,0.2855428205796076,0.3520804969330749,0.4046881657628739,0.2832980808401059,0.5098313707456602,0.3425480963670703,0.4468382086300509,0.22468065818267977
2026-07-13,0.28058257263682085,0.34077799841924333,0.41106570353303107,0.28377186323855896,0.492225693211143,0.34295059552630314,0.44761193792737797,0.22199933212700387
2026-07-14,0.27987806455644604,0.3387984644052521,0.418871226777362,0.2835941209546361,0.491995611406229,0.34501840275120854,0.44751759521241297,0.22583280711615122
2026-07-15,0.2859833997409548,0.34362256702626165,0.4176453997214722,0.2900621027956857,0.48824442106724314,0.3490853756667607,0.45049971469948535,0.22675053931926714
2026-07-16,0.28710269563007434,0.3442891943183909,0.4208076846117278,0.2924395464353513,0.4867524201918817,0.3609647688545726,0.450252733326729,0.22452642613801435
2026-07-17,0.280782154863924,0.34468085312830854,0.42278731778059525,0.2929536859087601,0.48874136590500344,0.3624791847619643,0.4538978780941478,0.22316274166893774
2026-07-20,0.281666192954758,0.34490990963830687,0.4219735464856987,0.2904075487074652,0.49248700654522465,0.3612567436559325,0.4534821384268232,0.2237482830000856
2026-07-21,0.2816364476330227,0.3358002966249344,0.422762051588775,0.29105076136217983,0.4896465570595995,0.36245380975851577,0.45106251654614293,0.22620185099077506
2026-07-22,0.281163761639507,0.33466985423286494,0.41637301402636034,0.2825773078319254,0.4901959645133908,0.3622439139189487,0.45124281726648013,0.22506322623209846
2026-07-23,0.28122582834230164,0.33747227182294676,0.40958375787161294,0.2970023204051698,0.5858953170848399,0.39074444827435684,0.4560300643259411,0.2244004569035701
2026-07-24,0.28813332646675216,0.3365521594221108,0.4087312264322139,0.29707482876695335,0.5870294055324421,0.39109368887650364,0.45689516749134323,0.2248574433732457
2026-07-27,0.288383859536674,0.33874311486521835,0.4202194891222751,0.29550836916616374,0.587223998469124,0.3938141499085865,0.45688731843370045,0.22439831017821824
2026-07-28,0.2886166468715594,0.3298976654480959,0.40902202708488544,0.2948036060623012,0.5846334017252404,0.3427424892751754,0.4190160649138979,0.22335073454078344
2026-07-29,0.28318772978802387,0.32828687404542717,0.4154893615702529,0.29508814154577906,0.5842814839850498,0.3433995377584875,0.419723617350706,0.23645901256563792
2026-07-30,0.28374473646440634,0.44298265271100673,0.4191179086588459,0.3050304928758838,0.5895313628641236,0.34358564500750033,0.45219835319567386,0.23594362828915386
2026-07-31,0.32321157565864045,0.44650245055519344,0.422819192217249,0.4256524902383759,0.5899454641101889,0.369125491021101,0.4573812710679455,0.23583462849282616
2026-08-03,0.3248824353116639,0.45634709346619456,0.4110423820231516,0.4353843424755346,0.5924435683752933,0.3790097779978005,0.47273186701919007,0.23361998402092793
2026-08-04,0.32708695438946556,0.455764624814147,0.41278143772849796,0.4371752956086328,0.5892142661886429,0.3798150050096593,0.472549786178116,0.22648366772768994
2026-08-05,0.32479564767425534,0.45540164237471503,0.41707485791989585,0.4385342579447236,0.582917579810907,0.38826638146685594,0.4720206808929751,0.2239607889152689
