date,AAPL,MSFT,NVDA,AMZN,TSLA,GOOGL,META,JPM
2021-08-09,,,,,,,,
2021-08-10,,,,,,,,
2021-08-11,,,,,,,,
2021-08-12,,,,,,,,
2021-08-13,,,,,,,,
2021-08-16,,,,,,,,
2021-08-17,,,,,,,,
2021-08-18,,,,,,,,
2021-08-19,,,,,,,,
2021-08-20,,,,,,,,
2021-08-23,,,,,,,,
2021-08-24,,,,,,,,
2021-08-25,,,,,,,,
2021-08-26,,,,,,,,
2021-08-27,,,,,,,,
2021-08-30,,,,,,,,
2021-08-31,,,,,,,,
2021-09-01,,,,,,,,
2021-09-02,,,,,,,,
2021-09-03,,,,,,,,
2021-09-07,,,,,,,,
2021-09-08,,,,,,,,
2021-09-09,,,,,,,,
2021-09-10,,,,,,,,
2021-09-13,,,,,,,,
2021-09-14,,,,,,,,
2021-09-15,,,,,,,,
2021-09-16,,,,,,,,
2021-09-17,,,,,,,,
2021-09-20,,,,,,,,
2021-09-21,,,,,,,,
2021-09-22,,,,,,,,
2021-09-23,,,,,,,,
2021-09-24,,,,,,,,
2021-09-27,,,,,,,,
2021-09-28,,,,,,,,
2021-09-29,,,,,,,,
2021-09-30,,,,,,,,
2021-10-01,,,,,,,,
2021-10-04,,,,,,,,
2021-10-05,,,,,,,,
2021-10-06,,,,,,,,
2021-10-07,,,,,,,,
2021-10-08,,,,,,,,
2021-10-11,,,,,,,,
2021-10-12,,,,,,,,
2021-10-13,,,,,,,,
2021-10-14,,,,,,,,
2021-10-15,,,,,,,,
2021-10-18,,,,,,,,
2021-10-19,,,,,,,,
2021-10-20,,,,,,,,
2021-10-21,,,,,,,,
2021-10-22,,,,,,,,
2021-10-25,,,,,,,,
2021-10-26,,,,,,,,
2021-10-27,,,,,,,,
2021-10-28,,,,,,,,
2021-10-29,,,,,,,,
2021-11-01,0.7699244635380815,0.6536708528206182,0.6552189734786198,0.6169237699198593,0.2927972928976904,0.5912862976365504,0.48407874459534733,0.5853665771230271
2021-11-02,0.7709496372701335,0.655091136807349,0.6564319617368728,0.6148557678879393,0.2763352043602945,0.5967305814005044,0.48074727017230057,0.5854527369864145
2021-11-03,0.7739972047857455,0.6558650597632081,0.6616832583811024,0.6201563187684171,0.2867383722471405,0.59904136119611,0.48521497864577745,0.5846860025970401
2021-11-04,0.768570818714231,0.6574145328604794,0.6004087024711967,0.6210441704229231,0.28994022786468326,0.6036773507124872,0.48927610598096793,0.5676714362326214
2021-11-05,0.7778938747644956,0.6539304554462018,0.5971279919452077,0.6215108314298806,0.2835660455170769,0.6032367548788676,0.4897104579248205,0.5653726713928483
2021-11-08,0.7764232859696649,0.654825166909097,0.5913610949552115,0.6200225398549983,0.2739581584036064,0.6030879811251505,0.4890236633431993,0.5711664367611512
2021-11-09,0.7763508795550563,0.6557788131378309,0.5984498178418182,0.5868814245148453,0.28026467795645293,0.6024197785941614,0.4907561878637488,0.5779469160168198
2021-11-10,0.7824429014952887,0.6628955249495215,0.6032823813126154,0.5917181406090702,0.23608620141670103,0.6079963222021707,0.4934952039182846,0.5664181088003923
2021-11-11,0.770968835819754,0.6587820230965009,0.5875950793992218,0.5823111575992663,0.26737023688882294,0.6050723210400789,0.49425353599790545,0.5595090888140625
2021-11-12,0.7746226898282277,0.672989277204205,0.5841508429819429,0.5898966807558315,0.24810953331930874,0.612047745991202,0.5041865344395801,0.5513907435048558
2021-11-15,0.771771849084069,0.6673781769899695,0.5734679919530679,0.5913533295283679,0.24811169338698247,0.6073209292662374,0.4926024307606492,0.5537997386396527
2021-11-16,0.7695654706845755,0.6768920935041873,0.5601794237396683,0.5783969367898607,0.23918991935342104,0.5942015513254524,0.4798572186684803,0.5379490543088264
2021-11-17,0.7473281380207377,0.6814692068601771,0.5624761556751721,0.5783503197768336,0.23169494831935641,0.5934973993961017,0.4807742429686507,0.5397810099892156
2021-11-18,0.73607424137423,0.6840445097323754,0.542511196556018,0.5599079790346951,0.23177343865221645,0.5943347839082412,0.4778551014544186,0.5389833287911122
2021-11-19,0.7173596947748545,0.6762832121265899,0.5246752516696961,0.569212040785029,0.21575723268660932,0.5947331976172374,0.4621052007353813,0.5512192222220119
2021-11-22,0.7152573925629626,0.6855743050949695,0.5213913834233918,0.5623605908045596,0.2107067190453936,0.5866700983914616,0.4514467980346657,0.5176081420288734
2021-11-23,0.7283140673282971,0.6798070782926846,0.5221846109331862,0.5601163189246455,0.19938156201711174,0.5852088709383464,0.44515973823062877,0.5268422503265727
2021-11-24,0.7288042043534123,0.6783613333667742,0.5219166279725052,0.5686129663553734,0.19921980584656496,0.5860686858124512,0.446417796344885,0.5202882038651447
2021-11-26,0.7629707992069711,0.7070685799340685,0.5471478405513276,0.5872518093648658,0.24085901381528635,0.6167211046409278,0.46560589136913483,0.5753223534490295
2021-11-29,0.7721693738391432,0.7214721284656965,0.5701588851389681,0.6001840830429075,0.2684276221001859,0.6418137380129394,0.4846861002983579,0.553719290309426
2021-11-30,0.6123693202424751,0.7331760803586718,0.5767900527684637,0.6070315015016955,0.255210691014438,0.6624746700693822,0.5271174353231037,0.5661419943280326
2021-12-01,0.6238071476365755,0.7261729939204108,0.5896471841069817,0.6243985671496483,0.2866448879078686,0.6631572138541206,0.5586470714941921,0.5664455748793503
2021-12-02,0.5915141788690799,0.6984759783126099,0.5889834318267172,0.6061592994350771,0.26404533622531207,0.6671917384638881,0.547419367972666,0.5855601737086378
2021-12-03,0.5961129018507109,0.7034854461640616,0.5975624320369259,0.609716650873735,0.28801503181165744,0.6685573893934441,0.5523392325834515,0.5993529668073438
2021-12-06,0.6063416051960173,0.7034592086254862,0.5747316979932838,0.6151688192912481,0.26635215508098503,0.6625265822638989,0.5781235623034644,0.6002993323199478
2021-12-07,0.6408296578198802,0.7219927936533782,0.6143020987779201,0.6399183651542205,0.2910958082563108,0.6835928853732526,0.5839497488203291,0.611330925730964
2021-12-08,0.6307271696390874,0.7324364309267755,0.6101375958406208,0.6405987249068678,0.2916838576439179,0.6873166167076875,0.5840118121693538,0.6003108596939758
2021-12-09,0.6324516360041633,0.7301193975542015,0.6202940687471706,0.6427042237511871,0.3060734192376138,0.683030134078198,0.5875743222427958,0.5964680603225266
2021-12-10,0.6388684198559067,0.733114522290659,0.6067346574054868,0.6255253768167897,0.30708101161530904,0.679293447709151,0.5847436563103905,0.5866343282765994
2021-12-13,0.6339552390781098,0.7267628740720136,0.6144362557137412,0.634021549946416,0.33129937098341644,0.6745151930499295,0.5522019160427422,0.5999760642084548
2021-12-14,0.616549574141966,0.7096642232495861,0.5965046446232093,0.606800929248483,0.30802818022131107,0.6739679580423843,0.5347734656169698,0.554079972441387
2021-12-15,0.6344721949776967,0.7180928235458407,0.6174055573306424,0.6226283104193623,0.31216767201853984,0.6823373619157685,0.5504873554966797,0.5238248639541672
2021-12-16,0.6327095154591157,0.7203619331721566,0.6230868079848787,0.6294765983753206,0.32864370397328985,0.6859509614383441,0.6126554138712137,0.4810390166162063
2021-12-17,0.6358519045344446,0.7185533302551333,0.6232360741023846,0.5985744836688983,0.3239695042612574,0.6968930081867754,0.6021545231214702,0.48578630153649915
2021-12-20,0.6398373996002631,0.723402453539073,0.6221444154036203,0.6070239940492947,0.33827630145825854,0.6893174526863501,0.6153488789426922,0.5017722994300164
2021-12-21,0.6473416189408063,0.7367627995055569,0.6328442553483714,0.6187953484843886,0.3621178220906707,0.6900295058377224,0.6316382466226044,0.5463980735118942
2021-12-22,0.6281949934720297,0.7136661259070184,0.613807208843521,0.5939674488562234,0.37450889308551316,0.6653852793246956,0.5910118360059315,0.5599197356613639
2021-12-23,0.6267663492438602,0.7130085675014787,0.6140256966551426,0.5930007092749376,0.3801227280761852,0.6689946352017517,0.5937606362966417,0.5611764869791672
2021-12-27,0.6315501270839268,0.7209265436354227,0.6371307868734664,0.5728484953901007,0.3841434710834299,0.6684913517058535,0.6191334532197412,0.552319822253459
2021-12-28,0.6339936313051879,0.7140561346605224,0.6470098950362337,0.5780278700255967,0.39214327356465795,0.6606505904988023,0.6171491281788719,0.5367918078157073
2021-12-29,0.6140738922072636,0.7002111803421065,0.6300616811377989,0.5544134927065261,0.4032453489152855,0.6461818586231003,0.5920968354680739,0.548901327595204
2021-12-30,0.612443001572202,0.6959649267452508,0.6268779600609968,0.5518012029311076,0.4122179449835334,0.6404055091960853,0.5820852329140406,0.5404792775120634
2021-12-31,0.6137070138726711,0.6978892030794149,0.6275454997261907,0.5533388081647002,0.41496857334839266,0.6416389740976756,0.5833252693443162,0.5387264861408658
2022-01-03,0.6135092287171667,0.6914856497482279,0.6286133699843807,0.5503882527924732,0.4082548384523344,0.6366041331046962,0.5997828706708216,0.5348047338971262
2022-01-04,0.6098315920836113,0.6850197275962991,0.6257617145542985,0.5476389799802047,0.4059717456784643,0.6394551818670403,0.6016273359331094,0.4894223690954272
2022-01-05,0.6392648703812153,0.7188103515784545,0.6501928225948577,0.5568423865526168,0.43956606025838085,0.6775574778805739,0.625385591317401,0.5121699479925081
2022-01-06,0.6342629978804181,0.7179753031817497,0.6470121041876582,0.5583468410490803,0.443391009282063,0.6776430618918508,0.611342582912517,0.5041522510354431
2022-01-07,0.6374887634199244,0.7165915140464589,0.6490327492425768,0.5585297719436294,0.4479467675730773,0.6780126475992471,0.6106971786930977,0.5206229271784311
2022-01-10,0.6287639549636715,0.7050889820781558,0.6427155706090276,0.5651846117819612,0.4525339546112316,0.6545765927528637,0.6113716722137701,0.5056947504976236
2022-01-11,0.6336695281847994,0.7018732005114848,0.6449907762138187,0.5703986780260842,0.4458196311539253,0.6581852828044826,0.6291968810017914,0.4955310664311801
2022-01-12,0.6330225981116767,0.7015430889572596,0.6445487097380739,0.570029883203734,0.44526892902894366,0.657325351325637,0.6354268448893103,0.4964873101218466
2022-01-13,0.6427881441714685,0.717270462507257,0.6624858132446078,0.5900272992361915,0.4757099235553792,0.6692247525030581,0.6399720095719416,0.48188678187479955
2022-01-14,0.6430734687071673,0.7118861334163249,0.6653808860379967,0.5939676684574077,0.47605238677393596,0.6752704737529687,0.6360024530664525,0.4037826418715626
2022-01-18,0.6568608052849761,0.7252360492634541,0.6735264527618631,0.6057794903277092,0.47420869174815994,0.6909128079231412,0.659679218820232,0.4559881634640102
2022-01-19,0.6658604091784045,0.7143095033581014,0.6790251880231203,0.6252376691232456,0.48303103290235455,0.7079816686751593,0.6779526909636608,0.46997575223931953
2022-01-20,0.6729576145563451,0.7161170980875327,0.6838228425779376,0.640217032798331,0.48184832078476747,0.7144875296078598,0.6759134840733424,0.4746280555698131
2022-01-21,0.67490749105744,0.7219136469582929,0.6983306414188944,0.6732623011385918,0.5014783213041824,0.7279015061489101,0.7258464190071099,0.48629784363359885
2022-01-24,0.6690468373457394,0.7853814080661334,0.6966037576384279,0.6795075546851524,0.5022298337105521,0.8225599437240453,0.7259793524799739,0.48456641698914854
2022-01-25,0.6653469787236729,0.793067483657631,0.7021712036839235,0.68281744333262,0.4927330485276185,0.8338376173871893,0.7300067803951023,0.4488435748379496
2022-01-26,0.6797753993421822,0.7720884484766971,0.6983474637195975,0.6946371648967656,0.4889308570034264,0.8211541638393047,0.7299683384112279,0.445030561975703
2022-01-27,0.6835634846041477,0.7647317990592782,0.6981926184174349,0.6962028703377214,0.48320546283231647,0.8577940395203041,0.7307521443904448,0.4472447636077699
2022-01-28,0.7217664275673527,0.7779526333555205,0.699383411647175,0.7168827178876328,0.48834747134786616,0.8720632034510033,0.7384950091185469,0.4498174555200555
2022-01-31,0.7298442973301505,0.7737536879022787,0.7157609519692126,0.7322165955389068,0.5176957034066959,0.8714692514989996,0.7512653182942557,0.4633783281099912
2022-02-01,0.7294071451019083,0.7646870889368689,0.7494396421256116,0.7378008364452051,0.5137596247524531,0.8711739711134215,0.7523791266058754,0.4783035176612533
2022-02-02,0.7283347407665062,0.7692527978304041,0.7528253593675992,0.7306320247894512,0.5013765142144926,0.7982801638513174,0.7542036025456476,0.46832470206544674
2022-02-03,0.73306218879469,0.7872586037626896,0.7652890329746339,0.7488366473211279,0.49739115335383643,0.8105716940782915,0.5806335660935842,0.463588825301155
2022-02-04,0.729138674529223,0.7874347063234527,0.7665795384776185,0.6345078005956462,0.5242873981638464,0.8101127396213462,0.5799522203477786,0.46490090707917275
2022-02-07,0.7273104090633812,0.7837372143300081,0.7601201679096429,0.6300298344505769,0.5439898867363472,0.7986502539191686,0.5770171938115155,0.4653863136360123
2022-02-08,0.7307405653755973,0.7864085562937297,0.7656724460671004,0.6343578228270709,0.5461864560417128,0.7959722267326929,0.5690212398895429,0.47313256210551785
2022-02-09,0.7239038336786366,0.7906880868667963,0.7761153334649334,0.6221139068668733,0.5561018591278702,0.7969504477281005,0.5768684376015615,0.47721039119600267
2022-02-10,0.7340837186903111,0.7990184997748002,0.7784158521850909,0.6202106148557825,0.5614924240461039,0.8012519456614855,0.5718142923326689,0.4722482086242131
2022-02-11,0.7411182532550181,0.8043493764604035,0.7892730155830749,0.6334820481284623,0.5725001042930691,0.8121025798320853,0.5772568020243141,0.48272585064459583
2022-02-14,0.7462418771138878,0.8038704022548584,0.7886127391797766,0.6306510920032761,0.5745655228783134,0.808421399543387,0.577266391865072,0.48299142342044393
2022-02-15,0.756981700905917,0.8080580692006647,0.81270859910533,0.6330985288763475,0.5871986445876723,0.8045535475773198,0.5784650861055485,0.4974217653188468
2022-02-16,0.7617379889669316,0.8094704749352777,0.8232372950935117,0.6330159422243564,0.5929009532510294,0.804166172284234,0.5796809425190125,0.4989072023948455
2022-02-17,0.7685164210065354,0.817292214275112,0.8343132620364986,0.6383571697253669,0.6069984449327366,0.817154570815603,0.5839123018321298,0.5275787375656261
2022-02-18,0.7693734874056282,0.8190455510015742,0.8348704605815024,0.6392183963531246,0.6155482676567969,0.8181929259590717,0.5833045163389186,0.5283646256246538
2022-02-22,0.7720313257291256,0.8134832595819921,0.8335479789241073,0.6411362769579342,0.6193503096226457,0.8155670697691562,0.5824094451611538,0.5290275630132518
2022-02-23,0.7678732445418682,0.8144771413766745,0.8387630971260376,0.6500291312930522,0.632798371174757,0.810959192024757,0.5836850655510404,0.5172918339452985
2022-02-24,0.7659033291644605,0.8085976494243864,0.8409393292509376,0.6591403210395593,0.6341072658716855,0.8118843039090394,0.592435260105932,0.47104813964943676
2022-02-25,0.8370527558202204,0.799929700718465,0.8391231811452701,0.660329692479176,0.6472853656952565,0.8021129184178515,0.5842517365314831,0.48604116098667355
2022-02-28,0.8395461695542641,0.8032018292617261,0.8350341703482599,0.6576312157574636,0.6211965428744293,0.8024621283811186,0.5784373913259085,0.469358769323037
2022-03-01,0.8594737931889899,0.814492187968698,0.8373804180549406,0.6678300661307172,0.6270797361144306,0.7978183779517359,0.5880364715352783,0.4731312752902539
2022-03-02,0.8608202549056129,0.8156510692251445,0.8375962415192049,0.6601568784761696,0.6230847712638655,0.7878715264181807,0.5917726466167512,0.48523898476183536
2022-03-03,0.8579474552478971,0.8152218775927303,0.8543420304661798,0.658948952446709,0.6296019283239156,0.7883482372662366,0.5862362747822014,0.47945558443021097
2022-03-04,0.849917545152215,0.808517756501115,0.8466053463319265,0.6515041253283329,0.6187489325847341,0.7803428864416178,0.5875269908138673,0.4712986887495257
2022-03-07,0.8547117627957354,0.8200997208890373,0.8572216737166728,0.6761868368332145,0.6190542429229844,0.7962875540802099,0.600277995726319,0.5126613084947542
2022-03-08,0.855911187277472,0.8209595732050978,0.8534001247533312,0.6760079833749171,0.6121668483722522,0.7912555371893298,0.595644821280342,0.5144476679893278
2022-03-09,0.866307645122803,0.8350615420181499,0.8692561473410834,0.6872872099035158,0.618520765803905,0.8111866145482622,0.6072261989646984,0.556533830742643
2022-03-10,0.857300623537405,0.8351497448892167,0.8763360237334265,0.6574136460478276,0.6163876714523385,0.8102745224920641,0.6151092615830951,0.5552049276350527
2022-03-11,0.8586745321042004,0.8436282951469748,0.8800515354995936,0.6570370990100064,0.6224018638302173,0.8120057193876641,0.6205827767237885,0.5674631039954875
2022-03-14,0.8496503305600779,0.8407384843729812,0.8775766437289894,0.6518412307167563,0.6234100647297832,0.8053837990068218,0.6146640662436886,0.5731971592721726
2022-03-15,0.870435727676473,0.8522979119935629,0.8928439309644068,0.6631977524424146,0.6312417139179,0.8101124317801189,0.6190353708178117,0.5980003302939425
2022-03-16,0.8793670600624139,0.8619808292750546,0.8993011711874335,0.6859410892543103,0.6491535561819917,0.8156200696448186,0.6412367040723133,0.6163113338382239
2022-03-17,0.878074849977053,0.8576221217982123,0.9005422043356511,0.6888919694624621,0.6505860419954572,0.8164210059572421,0.6430951577341659,0.6165210522519532
2022-03-18,0.8752845689970277,0.8548447844293816,0.8906357025081287,0.6891685850691399,0.6466358258499423,0.8186905048788046,0.6425276557260237,0.610331757660074
2022-03-21,0.8722561905836544,0.8528939505778654,0.8914280678597314,0.691050429840147,0.6418833709026313,0.8164617411639997,0.6464195332465359,0.610203093241104
2022-03-22,0.8745944016511671,0.8548680379830876,0.8825409162109774,0.6955589079695388,0.6472589888620844,0.8197326049762678,0.6482767305154744,0.6163156155738246
2022-03-23,0.8565392155855164,0.8524758058768942,0.881299508488984,0.7072350137739927,0.6379030765503673,0.8228427290960225,0.6408093036472587,0.6218669522832008
2022-03-24,0.8606754157717216,0.8541308097578167,0.8786338842170017,0.7002237305725226,0.6369051944047225,0.8275558276284338,0.645328539062155,0.6219180081554139
2022-03-25,0.8606497741286073,0.8529117586208008,0.8748060035549229,0.7018433537662434,0.6357552673329074,0.8267982498820803,0.6465391818873893,0.623263952817738
2022-03-28,0.8604982749199805,0.8521008532297103,0.8754229680706821,0.7038772341584508,0.634691717342723,0.8239080118379861,0.6482679690860704,0.6187721191657202
2022-03-29,0.8626610171042645,0.8539676557969276,0.8737740852088433,0.6994578261544997,0.6319261032024666,0.8226405436291906,0.6519702842289543,0.6172509856411087
2022-03-30,0.8666767559684214,0.8569365946921179,0.8728918209512896,0.6991770090258993,0.6566613997515476,0.823505534170481,0.650819779781455,0.6158704869454917
2022-03-31,0.8722127092960659,0.8632501845493783,0.8728445886859861,0.7036211562818635,0.6617200379273316,0.8263762035100287,0.6503849200740357,0.6437331701877688
2022-04-01,0.8670441922267134,0.8591218910260977,0.8640262083578866,0.7028200021120123,0.6514223144887276,0.821840661619308,0.648542965619244,0.634116633247483
2022-04-04,0.8721061707984773,0.8610265147611271,0.8671518784137987,0.7056912444519081,0.6555641156373054,0.823264801230162,0.6545485177429048,0.6381506278847588
2022-04-05,0.8745868609013797,0.8624593317429217,0.870344498054456,0.7093352573645374,0.6622510704064434,0.825097167358885,0.6517161537792234,0.6479002350539422
2022-04-06,0.8753940754606233,0.8569551248407792,0.8689247972787105,0.7122139159501352,0.6690002221768001,0.8274287069668903,0.6543378801248724,0.650260332548804
2022-04-07,0.873599733529555,0.8593695516876485,0.8664701595924226,0.7069499309824272,0.67075534323984,0.8245888816662885,0.651993277966263,0.649754955273607
2022-04-08,0.872119617310668,0.8578952923466435,0.8608815361511087,0.7061891269908093,0.670710526951538,0.8217870241886055,0.6517432528603077,0.6401520621969691
2022-04-11,0.8734175017320305,0.8635017814781434,0.8619429942053286,0.7051707664711195,0.6725796297064485,0.8241539729351454,0.6521309104429768,0.6392579573852875
2022-04-12,0.8682883192411722,0.8677071045118744,0.8625156626021114,0.7050181854031259,0.6712729868855897,0.8245668283129902,0.652695977683556,0.6976159273621991
2022-04-13,0.8677728014177079,0.8665698543216209,0.8628777375305041,0.7079748337438087,0.6764010767305134,0.822843037481006,0.6474729685273514,0.6442159036759079
2022-04-14,0.8665549296548899,0.8740293384043458,0.8635986515365351,0.7097342464504055,0.6774809970559086,0.8264718073391332,0.653666614389439,0.6415206929060329
2022-04-18,0.8659248158951957,0.8760603247254014,0.8598399606458903,0.7060856863365332,0.6804457191350772,0.824960591900781,0.6563381421000525,0.6353887998037048
2022-04-19,0.868433141604397,0.8775963302957203,0.8587257561217811,0.6994821533375676,0.6711603730393366,0.8243151383826384,0.6567050406516926,0.638762978902324
2022-04-20,0.8710839453584232,0.8772959642924774,0.8560606781971306,0.6951115233433243,0.6669603428249095,0.8219759722618772,0.644792761619706,0.6382798033677077
2022-04-21,0.8659283537936251,0.8774716795040044,0.8570889728780676,0.697366864796445,0.6429918948340918,0.8231921639381288,0.6515421254616957,0.6544953755539493
2022-04-22,0.8704897915749784,0.8946353022399434,0.8525685869724167,0.6991516828754515,0.6279082112534607,0.8408209214004176,0.6380736617401701,0.6731099410486597
2022-04-25,0.8708221966612658,0.897362494744704,0.8540121701170444,0.7016286908005761,0.6610893024157627,0.8379372286260038,0.6409503538322893,0.6725529274081352
2022-04-26,0.8904212394476302,0.8995709267517537,0.8564850783695059,0.7104252202316322,0.6943802574876551,0.8377827112637207,0.6343153647972753,0.6885715803464091
2022-04-27,0.8861861709917439,0.8759613979994637,0.8482724348536759,0.699917736245161,0.6843439151632483,0.8146757924856094,0.6229582556447939,0.6791277997802251
2022-04-28,0.8937195749846144,0.8807389027349151,0.8568198043481492,0.7120534684269403,0.6650386044238675,0.8226815522902523,0.6473329676880106,0.6832837468639918
2022-04-29,0.8992626068919194,0.8853101171281843,0.8553665387645628,0.7440266352438348,0.6523266739429695,0.8637661369826416,0.6268737186733901,0.7039554760127026
2022-05-02,0.9005317960035425,0.8785361724601722,0.8495763655622617,0.7317321924640859,0.6572398700242421,0.8577545139965902,0.7222383649759844,0.7132196811095208
2022-05-03,0.9025112599705346,0.8741000814055273,0.8489056438078214,0.8040063222372302,0.6566303307042549,0.8582083165346404,0.7233832360576679,0.7153589311449867
2022-05-04,0.9093362739391534,0.877465152667129,0.8471147467126869,0.7933026599779924,0.6660251061630786,0.8742330008342428,0.7426742536515789,0.7342836815186915
2022-05-05,0.916787490781821,0.8843156730077244,0.8530644672205601,0.8095636508473244,0.6910936783101421,0.8837894072032919,0.7683711063458747,0.7357870146617163
2022-05-06,0.9161891220677301,0.8824557409249101,0.8507205490674911,0.8148377585632941,0.6929392378269625,0.8824917173607846,0.7638332536921626,0.7352057553319423
2022-05-09,0.9173479667250982,0.8848455262004932,0.859891108323695,0.8253084889982698,0.7111854799155863,0.8799963378558622,0.7656704791805791,0.7347978606011795
2022-05-10,0.9141955590558498,0.8805284214958311,0.8539112887977806,0.8226137889143242,0.7052213097555265,0.875166886611253,0.7618626103312018,0.7240420364630785
2022-05-11,0.9016108511957377,0.8815563845369876,0.8579734813403253,0.8277742865647699,0.7092773635316195,0.8745768602572351,0.7654967355089997,0.72070525997542
2022-05-12,0.8890975109510139,0.8750435976761272,0.8575902770211765,0.8271939532437456,0.7020758761985448,0.8762695859555433,0.7656760316989616,0.7157951049014931
2022-05-13,0.8936100610715199,0.8766773046516434,0.8631070132539799,0.8354506200203056,0.7123536744066656,0.8804753694670554,0.7734296331023272,0.7155246567445415
2022-05-16,0.8927568896043797,0.8729605706432836,0.8590386616119928,0.8374353291959707,0.6986163792569737,0.8765538359875188,0.7675450892459202,0.7103464145688352
2022-05-17,0.8952977203253195,0.8739995459352001,0.863418131086911,0.842097944977121,0.7058485445353748,0.8773027872551954,0.7629327227041434,0.7246725040917458
2022-05-18,0.9043907383864022,0.8849059615179812,0.8660661809687579,0.8530908103268953,0.7171385609279884,0.8820594569903227,0.7676838165376467,0.7167889055734554
2022-05-19,0.8999386688792778,0.8827431859002831,0.8611833227395963,0.8491892864416516,0.7113623225774587,0.8817322258372257,0.767658192010439,0.7132097131410527
2022-05-20,0.8988164331244283,0.8893521632753384,0.85692609184197,0.8470039850015739,0.6908078181111131,0.8807299201906128,0.7631973801660907,0.7474072437654445
2022-05-23,0.9030147257207615,0.8970924105910602,0.8574214243378186,0.8416608481860979,0.6945679957915878,0.8850663532948174,0.7652150363973831,0.7345503813754641
2022-05-24,0.9029727915986392,0.8975072277553886,0.8575771371656065,0.8415115366443129,0.7083901157252611,0.8680376511535005,0.751192441096623,0.7461465556378198
2022-05-25,0.9025621437948288,0.8984922133643859,0.8553922784212942,0.843953532861059,0.7135733080306219,0.8694282078795048,0.7489409663433387,0.7464085282823797
2022-05-26,0.9029629472812162,0.8959596947490289,0.8578511505812889,0.8522296683791237,0.7228257400649455,0.8757307247480468,0.7535829618858984,0.7451671099336491
2022-05-27,0.9071973531215776,0.8989344703886001,0.8616569692955792,0.8563827829527514,0.7359762631849539,0.8807938057104552,0.7503341804641822,0.7460294063005157
2022-05-31,0.9071135897174307,0.8993977645009268,0.8610742846336934,0.8371757276583305,0.7367329503384424,0.8739240877057314,0.7498793496569748,0.7457747805474061
2022-06-01,0.9083073945107151,0.8921017175690521,0.8555432774161478,0.8240164125096734,0.7360459322970803,0.8650255147661857,0.7383949860859024,0.7313731066419126
2022-06-02,0.9078160488881645,0.887720106722912,0.8620287358820973,0.8266957478989528,0.748278875183991,0.8724399341874428,0.7497192911658971,0.7340463730598885
2022-06-03,0.904420861961639,0.8833380415516642,0.8584389802679847,0.8302178691680786,0.7466974176175281,0.8688252582754821,0.7485229685764163,0.7230055238250502
2022-06-06,0.9091121569289218,0.882186808480225,0.8583348864320465,0.8532905966339014,0.7467026196609402,0.8656834390349498,0.7483576507236059,0.7221378823207376
2022-06-07,0.9088120036359558,0.8817389651606676,0.8572882808034512,0.8486206775239197,0.7425184892746668,0.8634975806027393,0.7448232944138553,0.7181913803145341
2022-06-08,0.9098431056954691,0.8809996616695367,0.8565544592825026,0.8481599697529625,0.7353699673912251,0.8627800669251918,0.741079111067372,0.72725090458061
2022-06-09,0.9105691031749884,0.8779452142869156,0.8499104389419903,0.8476664479155797,0.7213084384331334,0.8592337999320172,0.749236959093635,0.7286670402814047
2022-06-10,0.9117969700247941,0.8809963478969305,0.8487181579976623,0.8497546677355335,0.7132046859998048,0.8582934124268359,0.7465786372927543,0.7346780896649586
2022-06-13,0.914018827231779,0.8897206990306882,0.8567386614103973,0.8514019702815305,0.7222178086138419,0.8667521368448945,0.757324116932372,0.7421923645321791
2022-06-14,0.9127462044323552,0.8869594546034844,0.8606344322865006,0.8504582722105546,0.7176897605995182,0.8653237882841118,0.7561419194431618,0.740172305562822
2022-06-15,0.9148237444763117,0.888555359348249,0.8635002527001486,0.8514606752411694,0.7233657889945714,0.8673714740259495,0.7627450310067961,0.7433969901800473
2022-06-16,0.9167304755415612,0.8866991292671202,0.8697080217574719,0.847750532298075,0.7357204820784965,0.8694365105767395,0.7665190999193429,0.738719212974621
2022-06-17,0.9231750234070742,0.8840672198639115,0.8671467755761971,0.8449369737609099,0.7393435895650341,0.8675149134177683,0.7651206066218472,0.7372252956012465
2022-06-21,0.924543920075023,0.8852176608181321,0.8767492869709176,0.8479910469393972,0.7520096778307086,0.870991114913438,0.7164571739455168,0.7464674480577009
2022-06-22,0.9244902886863873,0.8862193134591592,0.879594448572602,0.8474065154062813,0.752897316956753,0.871291585879196,0.7155177576071008,0.7451954899314042
2022-06-23,0.9249499958278586,0.8876112487486373,0.8751701295530158,0.8479688231582299,0.7545116132485155,0.8728879761371271,0.7169061702103728,0.7404937003752075
2022-06-24,0.921608898549665,0.8909005137850933,0.8789590245196547,0.8514095018552978,0.7593478247827987,0.8814026638162904,0.7299578780521714,0.7547771249915186
2022-06-27,0.9212864343266982,0.8904409914742941,0.8798885815088276,0.8494195376915203,0.7595581437243134,0.8795959455120297,0.7298861569968133,0.7546260208373324
2022-06-28,0.9222664498335289,0.8914494319074694,0.883983259086815,0.8521584623112523,0.7644466539585179,0.8807322019032843,0.7336805666435936,0.749259711335019
2022-06-29,0.9205235988669043,0.8886425840746235,0.8844683782979591,0.8506962718044156,0.7632831624656304,0.880542343245896,0.7319481889958394,0.7512318563602405
2022-06-30,0.9206983962276198,0.8880816558207406,0.8837968847060219,0.8499815387928944,0.7630520181446884,0.8784647532759623,0.7304208405499083,0.7479991071321941
2022-07-01,0.9210623336232183,0.8883757992225304,0.8666593747763087,0.8506677541475166,0.762555923026993,0.8749717608441271,0.7278176087414683,0.7491718437441269
2022-07-05,0.9184206453487552,0.8946668510507788,0.8675656921521699,0.8461643345981227,0.7615928617800739,0.8620439798740223,0.7216570609296719,0.7441408839330942
2022-07-06,0.9187310884275263,0.8941630991412087,0.8691120094320127,0.8478245326826921,0.760410447546492,0.8639142856759627,0.7227527330351343,0.7433726034945646
2022-07-07,0.9208886887367543,0.8948572222304804,0.8766619563052445,0.8495803118765342,0.7661062521384026,0.8680366006231194,0.7231934889654255,0.7549356429024277
2022-07-08,0.9196916387101632,0.897471053668027,0.8753322362951974,0.8494480494859191,0.7613737094897113,0.86680981065068,0.7213935748866075,0.7583498049721165
2022-07-11,0.9229745883166751,0.8987206763107747,0.8755556182859229,0.8501839734367945,0.7613064920744889,0.8655783910824549,0.7221401807986214,0.7600849855306012
2022-07-12,0.9181201245234216,0.8850648130601301,0.8731197005934339,0.8490062835918212,0.7578903962894565,0.8646776068094721,0.7213215523756006,0.7977380174533503
2022-07-13,0.919352493878133,0.8859744977756234,0.8714407651192649,0.8456729937104485,0.753681066210742,0.8614050280884087,0.719670717582854,0.7970576146103567
2022-07-14,0.9137545013259416,0.8852597427669506,0.8718804082816344,0.8454772080695937,0.7538535322649444,0.8611424145914138,0.7165997898956957,0.7826672130144422
2022-07-15,0.9115874426549434,0.8819916012062909,0.872327674467349,0.8444581976677824,0.7485291850744729,0.8586647400415793,0.718785050612318,0.7790880527531211
2022-07-18,0.9106627077572041,0.8823063643986333,0.869583977385557,0.8456654609854273,0.7541724863989777,0.8598114053843191,0.7383371842920694,0.7796865676796205
2022-07-19,0.9138880738797283,0.8813345100828198,0.874807503056213,0.8476048285420987,0.7670203149478029,0.8646076610484714,0.7457999566001073,0.7874052633330926
2022-07-20,0.9131575056656018,0.8802399707198321,0.8736134090364748,0.8479664612406391,0.781292593722935,0.8587587407463504,0.7478402471523263,0.7799036658692377
2022-07-21,0.9136100423294019,0.883283498708639,0.8732094619139732,0.848161740592925,0.7745146859416585,0.8604593179694364,0.7449577229714716,0.7811518848038548
2022-07-22,0.9103509097089219,0.8784164047742145,0.8686642897028686,0.8449464026841444,0.7642579805918823,0.8382440783052213,0.7348173528656016,0.7726953901207814
2022-07-25,0.9096117885576759,0.905003199200099,0.8700414640126931,0.8451970049856266,0.7630324819981062,0.8558641798446477,0.7400008492649794,0.7774475310337802
2022-07-26,0.9059905875236611,0.9021913513662735,0.8657562468313873,0.8385846778762437,0.7800556539779899,0.8515430415260974,0.7621995875944674,0.7768376060968322
2022-07-27,0.9072840468035511,0.8884445491922834,0.8670913703761498,0.8542612921426342,0.8112593855742021,0.8472099578119568,0.7816824363465265,0.767554227923307
2022-07-28,0.9053550424654738,0.8914633333169341,0.8707169922724284,0.854318469941666,0.8122887389074691,0.8475419588809773,0.7559954405787335,0.7613480198814286
2022-07-29,0.9055222135669875,0.89594555782561,0.8689157581217868,0.8325665640565472,0.8145118725958168,0.84861679225046,0.7490432275180844,0.7639440045992072
2022-08-01,0.9010742963206226,0.8934042724523337,0.8683529404860972,0.844764619178572,0.8127227083622961,0.8415310857327168,0.7361981929960238,0.7508525486086486
2022-08-02,0.8930389542251829,0.886085101770731,0.8581658592144744,0.8319036431297516,0.7973598086074213,0.8301801820730061,0.7171050685425139,0.7444469285124627
2022-08-03,0.8946342252704853,0.8874342342250957,0.8576827732428649,0.8342588636875913,0.797281890595696,0.8325613070483168,0.721032785976886,0.7472234627568507
2022-08-04,0.8916591187500589,0.8808021773001657,0.8450807621994426,0.8224930685953252,0.7819041362348862,0.8322396589459081,0.7172578373352272,0.7501913439698228
2022-08-05,0.8935793846682016,0.884273754012994,0.849443228739249,0.8221698540715701,0.769404447890685,0.8338556088029621,0.7168866829808482,0.7416780948738841
2022-08-08,0.9025696675166989,0.8825198900079197,0.8290891604766599,0.8181377506792668,0.7665709347399103,0.8371435167809769,0.7076327486210131,0.7424102309070548
2022-08-09,0.9129975663119262,0.8858091477357979,0.8283571374250263,0.8197201568219238,0.766623105698331,0.8374055160130714,0.7099088148745488,0.7378225462370765
2022-08-10,0.9120022691532081,0.8869499651917923,0.8293364446639022,0.8157352529893461,0.7628234146110249,0.8371048336036601,0.7120132450498758,0.7480358552279202
2022-08-11,0.9118727345753911,0.8865754196573505,0.8295041352780669,0.814567177064325,0.7673095239363458,0.8366804263300845,0.714241829375302,0.7433364288313755
2022-08-12,0.9113984587766152,0.8862497553855416,0.827910971146925,0.810191250182971,0.7660227640438153,0.8392788903906128,0.7170287950999126,0.7390752951117024
2022-08-15,0.8988482953685893,0.8731481734773998,0.8164005864531166,0.7860856507877225,0.7521406090316833,0.837077226860798,0.7089105440144299,0.7495305322197154
2022-08-16,0.9030259668781758,0.8725859545190325,0.8202956137840136,0.7869174283551703,0.7521234469537861,0.8359411992377624,0.7093374043622378,0.7470426965737527
2022-08-17,0.8975798520135162,0.8727795436581396,0.824216411505396,0.7883041745526036,0.769254365518063,0.8386802255897459,0.7125727285110169,0.7490603263544748
2022-08-18,0.8956164384141824,0.8684549894528836,0.8270651929534117,0.8004057173055135,0.7723831833525382,0.8366123891506649,0.7132665178786477,0.7609389612056178
2022-08-19,0.8983055611956193,0.8702311259506941,0.830883360850607,0.8040428385577995,0.7809411073882748,0.8515261814075643,0.7276347587818381,0.7812266773813034
2022-08-22,0.9045701375527626,0.8745836902239136,0.8384908364074211,0.8092406452940404,0.7807928944521605,0.8576221567983054,0.7292919959746187,0.7828624325041144
2022-08-23,0.9030924779715975,0.876714840465304,0.8320321789131971,0.8042157779098469,0.7703002741395554,0.8581206755268697,0.7218289945907678,0.7777468155437431
2022-08-24,0.8978961391902386,0.8717836662796775,0.8250259971037608,0.7999968610670694,0.7583152586395516,0.8507685709827669,0.7237481560298471,0.7755348282925975
2022-08-25,0.8980673451052842,0.8714913317988257,0.8281400075762955,0.8243384493759446,0.7499052203134873,0.8595810836711869,0.7284614024175379,0.7855643897929163
2022-08-26,0.9065855559958256,0.8830254530445453,0.8436227124206055,0.8381762851193074,0.7416343441124839,0.8737540243196112,0.7305908552877618,0.797248414701257
2022-08-29,0.9065957232300782,0.88808236083542,0.8399514738403283,0.8355373510882182,0.735783553456035,0.8703228454556393,0.7224642570289335,0.7920307381610477
2022-08-30,0.9115932645475501,0.8868646877248384,0.8372494836217365,0.8326748104487033,0.7424897435727431,0.8657675156235425,0.7165755845261249,0.785478866183742
2022-08-31,0.9118018204328063,0.8883760335686987,0.8378153419010864,0.8339592592584999,0.7425873904813713,0.8676145233632601,0.6981665870572981,0.7861025760558694
2022-09-01,0.9111394277746215,0.8859711226489655,0.8004824657809751,0.844922583883755,0.7454776768508377,0.8689086043809507,0.6983465241996595,0.7866495470261774
2022-09-02,0.9125641391718641,0.8873143884692025,0.8016737342656824,0.8421754925777294,0.7544096269506565,0.8740369641425405,0.7067618532546093,0.7844970825571906
2022-09-06,0.908502244888263,0.886687168725245,0.8030125376701037,0.8360747463849186,0.7602939621357315,0.876679971425232,0.6922761753844282,0.7785952413922317
2022-09-07,0.8967958938221158,0.8796626379502747,0.7940019213807382,0.8259853854577713,0.7629293135208937,0.8778241236943399,0.6789606130282487,0.7658365929225757
2022-09-08,0.8761808355109726,0.8671294324153198,0.7755962063907689,0.8106020913711968,0.7389174147739644,0.8701182918358596,0.6505620265437564,0.7469150483213972
2022-09-09,0.8803990040609277,0.8740551709322536,0.7822069060037957,0.8127382314348516,0.7483827756338967,0.8730670268140379,0.6584743587634098,0.7461792811239908
2022-09-12,0.8692200996930949,0.8729671048113152,0.7779292761970069,0.8128448293678213,0.7440707348816886,0.8680796089488633,0.649485043432562,0.745876162725572
2022-09-13,0.8810845577253227,0.8933098408941669,0.800128766263389,0.8342873388481428,0.7094238441690051,0.8821511222303434,0.6882238392891918,0.7698039430273349
2022-09-14,0.8849220140754762,0.89788189292451,0.8049154999324191,0.8415148239351297,0.7095387924883672,0.8857732308786568,0.691027158945475,0.7686458376880525
2022-09-15,0.8811481945587287,0.8964133541002202,0.7978826318288331,0.8474735846303414,0.6870042549756253,0.8814063584724321,0.753745740007352,0.7349932201530337
2022-09-16,0.8820873302476684,0.8917991182817064,0.7791973477071144,0.8496360153627669,0.6846997712104316,0.8755433614388705,0.7555166051947856,0.735249685081665
2022-09-19,0.8793353783099898,0.8900451282795905,0.784756777953549,0.8485398781978666,0.6924954731009773,0.8751448549090682,0.7546411071228303,0.7503659645478783
2022-09-20,0.8620687825456879,0.8827697035930184,0.7735604427735375,0.8523271277026879,0.6793914821059602,0.8655336243962668,0.7324172096191499,0.7378711587175161
2022-09-21,0.8656631758577558,0.8816882798066612,0.7553398935064337,0.859010633263404,0.6855519189483109,0.8655286101760161,0.7354840339186112,0.7462237862099673
2022-09-22,0.8602179338049647,0.8663840773705535,0.746123650553074,0.8533231864249924,0.6709757626026074,0.8519516583339437,0.7192860283683641,0.7565714672323357
2022-09-23,0.8651653214267008,0.870943349363966,0.7387586908663611,0.8585208032890996,0.6839521783004454,0.8497878539193867,0.7218078592975844,0.7620606866234537
2022-09-26,0.8614531734466689,0.8669008788663549,0.7388232534485243,0.8488418246625113,0.6793697502376729,0.8478318782353562,0.7233943499393336,0.7645658530859947
2022-09-27,0.8585439086294214,0.865978244866495,0.7641559518139392,0.8468890571593952,0.6750576868040915,0.8531543023844399,0.7299515624757542,0.7613616165558887
2022-09-28,0.8225314355045965,0.8707681007581458,0.7684270310285773,0.8576110800651208,0.6733224178551195,0.87618628545239,0.7532781297496814,0.7739603515513406
2022-09-29,0.8240686564806351,0.8697078385792563,0.773096294942027,0.8594185283996956,0.6903389256053913,0.8783913882289086,0.7583409189311148,0.7806089356950946
2022-09-30,0.8228482219149724,0.8731051011761616,0.7611251606923733,0.859408876082608,0.6814974278284638,0.8769435360119263,0.7517752474000023,0.7779991300887387
2022-10-03,0.8313590784640003,0.8805936806534881,0.7626809101994513,0.8564661949172053,0.5288633756220873,0.8822707442302558,0.7497498984899695,0.7913880075409925
2022-10-04,0.8322589412000426,0.8866114171028862,0.7706560038755167,0.8612155046954424,0.5323156649183808,0.8842876623143429,0.734428990749671,0.8072844691457507
2022-10-05,0.838433461946745,0.901709315874529,0.7716443626624421,0.8606022010729657,0.529030817195876,0.8835288585104951,0.7384457621487897,0.8038840460243043
2022-10-06,0.8383652271687503,0.9020778025697513,0.7719968415858419,0.8631678291331895,0.5352615816343304,0.8812218785262759,0.7357331604484728,0.804886597119224
2022-10-07,0.857167648843987,0.9072481725490145,0.7890797542887126,0.8707654090056852,0.5641326401526976,0.8814823989599733,0.7470012988923478,0.8280831153015821
2022-10-10,0.855904962662194,0.9085864835148609,0.7876213639889993,0.869483965724267,0.5659085728317287,0.88323004819212,0.7360627128603078,0.8300750582243088
2022-10-11,0.8568651453516072,0.907644157898574,0.7979043604482554,0.8720587931600225,0.5689430217150632,0.8843082790179371,0.7426091065914204,0.8199575152992441
2022-10-12,0.8524816286592344,0.9082101379599151,0.7874133893153668,0.8672374241482825,0.5662445239038668,0.8752572576666245,0.7277291641416697,0.8025048428882987
2022-10-13,0.8594563275797913,0.9131738229897554,0.796624231342741,0.8430307100382187,0.5676731653552111,0.8709711130983397,0.7318088408472386,0.8128691658432422
2022-10-14,0.8630835652415045,0.9141102537241118,0.8028342796843319,0.8478474217549787,0.594233659418209,0.874284469636536,0.7344470976526509,0.7710708199441155
2022-10-17,0.8681956248343304,0.9185219653630559,0.8124590191938903,0.8554470483144863,0.6219893231211189,0.9086601920227749,0.7677876754965778,0.7843831182210764
2022-10-18,0.8699379492384886,0.9173362219392337,0.8132476607460783,0.8588080771354025,0.6226267584408252,0.9085078885033252,0.7627246485572485,0.7868218614494712
2022-10-19,0.8683930800719821,0.9183833924665048,0.807762473291595,0.8655331737956105,0.6149138139630687,0.908497365143746,0.7593577375097034,0.7836775487196921
2022-10-20,0.8607617243958603,0.9269827416477757,0.789009348518154,0.8556910558135297,0.5873966890130411,0.9247044565559223,0.7447090876601165,0.7846734323836969
2022-10-21,0.8681316082030115,0.9309400179926478,0.7882207750249314,0.8605139387110522,0.5944337445616436,0.9188590253926587,0.7723674296227164,0.8039208694374369
2022-10-24,0.8684204674706177,0.9303898528168258,0.7891894209154687,0.9050271094869475,0.5755267693903003,0.9183259347009993,0.7795982551943315,0.8031044114096967
2022-10-25,0.8708210740123006,0.931332073321693,0.7972913585129957,0.9019044996820609,0.5877398843710758,0.9214652750712783,0.7819885270223293,0.797090636280566
2022-10-26,0.8695740328566924,0.8490180866565101,0.801030087122663,0.8928754317957365,0.5874107781988402,0.8086691098189921,0.7726538833977458,0.7913908980414501
2022-10-27,0.8607785902618936,0.8444771805907846,0.7918355386142865,0.8810551599379757,0.5799463132136735,0.8003380250612023,0.5033511757598237,0.7916467270758263
2022-10-28,0.8490803187115586,0.852223392779054,0.801961384447401,0.756813942242306,0.5821899443818048,0.8099190885262165,0.5049404845162923,0.7890902196577582
2022-10-31,0.8492947860250333,0.8525839731228558,0.8026301860968648,0.7569973544413321,0.5991629537137286,0.8103200252216891,0.5063229014917443,0.802480038278296
2022-11-01,0.8478118747409374,0.8521621152154492,0.819217796438574,0.7407955009563478,0.5989280158631402,0.7969632879703344,0.5034143856002011,0.7982919892479987
2022-11-02,0.8543278620464302,0.8605593865713426,0.8193863291689615,0.7508179242189116,0.6158481725937928,0.8043358694278812,0.5126585047558432,0.7966310351098405
2022-11-03,0.8422267244721124,0.8562828511711051,0.8030866898249072,0.7429970819203142,0.5999885049089969,0.795090303947568,0.49522970177275083,0.7888533484824488
2022-11-04,0.8347516467964866,0.8581123775519236,0.8066553968326471,0.7481438552528376,0.5766107752648643,0.7982035461653209,0.5008067412971797,0.7946824676769709
2022-11-07,0.8308253062258968,0.8549780322311273,0.8019865611868933,0.7409616069310646,0.534847053631238,0.7953711114514791,0.5027443672555129,0.7915260165412252
2022-11-08,0.8306918042651438,0.8549429168373225,0.8022370862866257,0.7399836845434409,0.5255847109115962,0.7955307312351693,0.5022134845224705,0.7903943459391022
2022-11-09,0.8348972015911305,0.8548838428811706,0.8082489752147761,0.7469061537841174,0.5414860541350454,0.7945440932764761,0.464195541350785,0.7915055325927417
2022-11-10,0.8689321186659203,0.8802112490850305,0.8427102308487145,0.7947146225549867,0.5939766826965035,0.8250595951526413,0.5203836384677235,0.7994308680511127
2022-11-11,0.8701019723344128,0.8816163766137809,0.8442756026683276,0.7926471211659905,0.5973977945488905,0.825338665717389,0.521679985608324,0.8003689827658556
2022-11-14,0.8697916022795621,0.8813243771191984,0.8424913920403041,0.7915775815172882,0.5975688119548945,0.8233619181821455,0.5140581948767072,0.8002813706994791
2022-11-15,0.8692872459601637,0.8780915815970712,0.8397639027452432,0.7880054947209807,0.598934818428236,0.820509141237337,0.5141838040022979,0.7895902524495142
2022-11-16,0.8693922107787517,0.8765075733487684,0.8380757617168175,0.789529471093752,0.6051384198083625,0.8173661053454471,0.5158332132408813,0.7901904619199083
2022-11-17,0.8656854358748274,0.8765581627742063,0.8379882248671102,0.7884112050247405,0.6047943807576748,0.8176337893933485,0.5154189607123468,0.7904217553942157
2022-11-18,0.8649031587892315,0.8758530209337305,0.8320205549352663,0.7845472596974383,0.6047271971749273,0.8126405238148071,0.5102898468105894,0.7878330243913517
2022-11-21,0.8586030135055746,0.870462285218136,0.8191934215381687,0.7774546295359689,0.5982044546792807,0.7988038430840722,0.5053537134954441,0.7750766779320004
2022-11-22,0.859145003814444,0.8705868506022403,0.8211486894153242,0.778407749368836,0.6013892303276565,0.8002734705552579,0.5070089207644279,0.7764503003035975
2022-11-23,0.8585082012114046,0.8714888933247639,0.8199181964818825,0.7809338558193998,0.587585320855304,0.8025932968256789,0.5081555196139165,0.778481038481637
2022-11-25,0.8546621560441665,0.8718675257176389,0.8181618602541757,0.7805141381516707,0.5883953035904594,0.8023055814804276,0.5192141386688183,0.7776881686660198
2022-11-28,0.8568701800622782,0.8743343771987303,0.8596740240174723,0.7681122113217722,0.5801663812659635,0.8030367615351429,0.5200119080839826,0.7812396111966545
2022-11-29,0.8535288079871283,0.8734977310144972,0.8582698802521207,0.7714810288776983,0.5781339745356777,0.8017756860608167,0.5166764797906571,0.7759804047244865
2022-11-30,0.8612769109907945,0.8801714943383899,0.8663846529259759,0.7810684465445552,0.60783722040934,0.8133431208654975,0.5402981037517369,0.7666705818222593
2022-12-01,0.8631234077625961,0.8793415104046884,0.8676784678714828,0.7774283260895148,0.6006923631315859,0.8103053495058046,0.538025084667041,0.7601940308752176
2022-12-02,0.8669027351325727,0.8797513197948762,0.866282551120137,0.7770195088837936,0.5990379632535964,0.8137878781036643,0.5346632024628328,0.7605123414900599
2022-12-05,0.8615828131877705,0.8786777095737808,0.8641285415055653,0.776901190884374,0.6023051471941538,0.8084758741418713,0.5240207154310382,0.7688171029539205
2022-12-06,0.8659627252747178,0.8800267886610447,0.8672281244248129,0.7774139203028269,0.5981730957667202,0.8122051251959241,0.5323292519403935,0.7632396158125889
2022-12-07,0.8519382156727144,0.8699854367982022,0.8495465066422349,0.7561613180756896,0.5985009579602046,0.791674088219559,0.49389214243231866,0.747052205623142
2022-12-08,0.852581706347202,0.8707234653484637,0.8432785438390055,0.7572942518201391,0.6008282195020775,0.7852252942898454,0.49604044088847077,0.7494433188942278
2022-12-09,0.8503604389710221,0.8701426623295833,0.8429267848625099,0.757082723656351,0.5926801660958689,0.7837051456057118,0.4936207427117543,0.7639455434646222
2022-12-12,0.8517207518165856,0.8745727123757006,0.8551469729503169,0.7580631797974885,0.5638527336946652,0.7861038254854266,0.48684046059508035,0.7652882788926761
2022-12-13,0.8531165933839684,0.8767462675291442,0.8554432558409916,0.7576262238497133,0.5520806851207962,0.7859355038085024,0.48806472068133605,0.7621831369143927
2022-12-14,0.8693721566337995,0.8757945651889322,0.8548710634539688,0.7563806224160583,0.5595206846895106,0.7839946934438937,0.48455742306756544,0.7602740579312763
2022-12-15,0.8744097866800059,0.8800797902467743,0.8687559957481578,0.757061235075319,0.5354685341223835,0.7920912343977305,0.49107957433229993,0.7632679191266916
2022-12-16,0.8741230025501645,0.8863740605201998,0.8754916923829804,0.7516774139443572,0.5400899283388799,0.7943635629693169,0.47690050322631955,0.7615255782168596
2022-12-19,0.8759048034756328,0.8883343606639541,0.8809964525280723,0.7495556155101306,0.5289034153774239,0.7963582492749778,0.48037239096684786,0.7530184636387345
2022-12-20,0.8811450754491663,0.8904618279295449,0.8785571339523309,0.7598777006079032,0.5185256471929407,0.7973046248931343,0.4767216715196025,0.7521930614300109
2022-12-21,0.8850202195554604,0.8894361893541984,0.8807853533940518,0.7624904062137308,0.52577920773929,0.7958173473814321,0.47951882040296234,0.753002267457764
2022-12-22,0.9056710727838516,0.8908092087794187,0.8766418516062934,0.7606775877931559,0.5294711143859714,0.7937062176585056,0.470373251405848,0.7521772223380422
2022-12-23,0.9027324176871606,0.8936949444034472,0.8703550984824218,0.7591920634777871,0.5131310367385487,0.7903847411643872,0.4640381504614389,0.7461097276790841
2022-12-27,0.9008069386082491,0.8930363825325865,0.8549910948032949,0.7608149727161316,0.5035407212481827,0.7888760276887838,0.46759009572477783,0.7408447994682849
2022-12-28,0.8990942644196315,0.8891275158294423,0.855445360552662,0.7559691043391111,0.5542600909757393,0.7836589365326435,0.464800163309793,0.7245384893658595
2022-12-29,0.9035013132231365,0.8896147705939706,0.8553554023376181,0.748716945964527,0.5582288349951268,0.7832946109028276,0.4787912907921114,0.6978872714030102
2022-12-30,0.9032979506097585,0.8901324456762939,0.8554956471666261,0.7487781722810456,0.555099444459744,0.7832949852984742,0.4782277601309151,0.7047965437645192
2023-01-03,0.8964179276918666,0.8899624722307753,0.8568589551756937,0.7420810886891255,0.5379208556072091,0.7832203503864841,0.47428880261391654,0.7008642507460819
2023-01-04,0.8942914050861689,0.8435103605525502,0.8471844361682008,0.7292512450472565,0.5245390288359378,0.7773293848329569,0.46721673029140215,0.6884015537222737
2023-01-05,0.8973702873763044,0.8444821691350346,0.8489311756356545,0.7325818324056919,0.53031889925592,0.7798144873964459,0.4671873685931469,0.6893133320682724
2023-01-06,0.9008799929292592,0.8389232040110935,0.8509706256532007,0.7405523566180424,0.5355570039636642,0.7781322616547774,0.46680320718369617,0.7035948433117668
2023-01-09,0.9001654931848513,0.8379641681288698,0.8375862697597916,0.7398061661203893,0.5251920443399073,0.7784508297317779,0.46650598169009355,0.7100153048830598
2023-01-10,0.8970657628227315,0.8316819426616823,0.837961325088878,0.7556402143352833,0.5207014293320369,0.7815698376771024,0.4677546170420587,0.6986148937059266
2023-01-11,0.8957968743395879,0.8316819536137899,0.8254509599647464,0.7428783634088505,0.5065137795376825,0.7814410658451691,0.46123739718224765,0.7440556643494778
2023-01-12,0.8939614223117907,0.8238837862709347,0.8170796868696507,0.7284632759300768,0.4830052297942496,0.7730798917067115,0.44500738497365205,0.7289169867308375
2023-01-13,0.8938080281023227,0.8258792386102505,0.8201901577105474,0.7218455351826744,0.4817573225099128,0.7728163097451901,0.44968708700776466,0.717331299636257
2023-01-17,0.8942728280857432,0.824426811038557,0.8101910667611273,0.7214465842580873,0.46851402455104224,0.7724801830705815,0.4521344659047649,0.7130776766693578
2023-01-18,0.889068912885279,0.8284451384878236,0.8158222443943055,0.7192118137309009,0.4614255347902438,0.7685661639856568,0.4523986736609978,0.7173917790162941
2023-01-19,0.8843307140206415,0.8273048222009936,0.8236694849722727,0.711484618254749,0.4489897948216853,0.7587211452495493,0.46330723638729604,0.7135487029059152
2023-01-20,0.8840616683647591,0.8303759809165984,0.8318461547714026,0.7206248407264365,0.4680583577140988,0.7644073446502399,0.4695642038531659,0.7096272953053302
2023-01-23,0.8841051266553746,0.8303310818499274,0.8260088931698385,0.7210501397770902,0.4649391471274683,0.7642360857647903,0.46176197443489536,0.7192985570397394
2023-01-24,0.880823682890561,0.8821132526692618,0.8250547149704909,0.7202318928176743,0.47002477146588906,0.8182384102315295,0.4566519740505539,0.7293850821456969
2023-01-25,0.8842821907245679,0.8824982407380674,0.8304191438951587,0.720779737725121,0.47213005580582507,0.8131896397015648,0.6536820803053983,0.7315363000004114
2023-01-26,0.8918411775510614,0.8762081742457051,0.8276896492797593,0.8439194392291351,0.476467545973104,0.805771395237436,0.6672708472648553,0.7306363685202396
2023-01-27,0.8891371093977668,0.8753714294600363,0.8253940416018286,0.8379751581233462,0.4630507874936726,0.8019409823610303,0.675410652268456,0.7305991819158258
2023-01-30,0.8911083530614607,0.8783431530840302,0.8268809799071866,0.8554721551657597,0.4746916007031848,0.8186441388867562,0.6868986240846203,0.7528113468464821
2023-01-31,0.8836786671294203,0.8735072133313732,0.8300127444446996,0.8486721875796606,0.46716405273784556,0.8100098683524518,0.6625401940076253,0.7525411625963427
2023-02-01,0.8892769269416483,0.8735692723137098,0.8361964540220145,0.847744892622944,0.4772651262199949,0.8134492744019863,0.6603161971278024,0.7504002505288895
2023-02-02,0.8992365664333345,0.8685538160831191,0.835028343600622,0.8378407816608472,0.49977122631474424,0.7937730923954177,0.5691562252744634,0.7347456933425508
2023-02-03,0.8708722632444224,0.8714580655563037,0.8390047662547175,0.8191787848590735,0.5084347385659581,0.7954856311401408,0.5696525652662996,0.7031969320628574
2023-02-06,0.8712965780922944,0.8718815987799815,0.8379560560405646,0.8224147558874323,0.5063802908974799,0.7967140988917767,0.573803214518382,0.6979179386968041
2023-02-07,0.8667572993703453,0.8694671760069399,0.8324771940767887,0.8078902788365929,0.48474258419834193,0.7962011032003944,0.6256489635551911,0.6930949418284115
2023-02-08,0.823760577883424,0.8297110112774657,0.7860278791609122,0.7474140420931557,0.4517711165331263,0.737864361351015,0.5850471573831058,0.6208144370594089
2023-02-09,0.821291029854764,0.8292698554626985,0.7789782802987746,0.7482606947282161,0.4364579660236165,0.734945386587819,0.593022246871031,0.6285351975849301
2023-02-10,0.8204851448560777,0.8268761675274523,0.7611636324732345,0.7441393757562863,0.42553837648141934,0.7347088035540051,0.5920596839713329,0.6240826898196389
2023-02-13,0.8221281196165058,0.8327425771748211,0.7610122269596337,0.7481824060922744,0.4160176622808681,0.7268890177908128,0.593489638499881,0.6431169729242127
2023-02-14,0.8215134518755838,0.8346743021385203,0.7462972575641049,0.7457516681564098,0.40079177256124177,0.7326509607646489,0.5886693824590206,0.6452749677091849
2023-02-15,0.8278715401482315,0.8296304159987558,0.742796900412166,0.7465668010729213,0.40010167984493505,0.7301401605116753,0.5837076159504964,0.6447300428456719
2023-02-16,0.8265517532978593,0.8366041073573606,0.7558793937764725,0.756204932276881,0.41834439176395893,0.7340560799967003,0.5923402452592174,0.6539904760199747
2023-02-17,0.8301348867460736,0.8366389727017863,0.7534696725145695,0.7562522316942504,0.4135480034968952,0.7340125645276334,0.5913339938063061,0.6517454188846968
2023-02-21,0.8351061802023184,0.8388550299063361,0.7533038263365169,0.7640315030405943,0.43288106087314476,0.7378201502391247,0.5878860776623955,0.660943173590948
2023-02-22,0.8343980025348922,0.8381153058813168,0.7517154922881052,0.7610288674654339,0.4271940197856914,0.7363091922589304,0.5893751226188148,0.657306629582916
2023-02-23,0.8415645318208969,0.8387565918113005,0.7093390717782613,0.7601660045120102,0.42708122579659286,0.7329660801012035,0.5886107113308253,0.6590061402904506
2023-02-24,0.8386413578367863,0.837327380802524,0.706937648077414,0.7813628572270355,0.4379670393844429,0.7370465550621399,0.5837301771689372,0.6271624758699514
2023-02-27,0.8458404998938435,0.8373664124061796,0.706973296859442,0.7823408077647863,0.438452622639978,0.7374208510609541,0.5811465721016866,0.6411643694354094
2023-02-28,0.8258305601889097,0.8128828576395715,0.6854631243506007,0.7709598673186446,0.4062186192859288,0.7044367536639091,0.5391600346452458,0.6354874146747564
2023-03-01,0.8249812886945991,0.8127805797974833,0.6859679858360035,0.7710528607892561,0.4071653142955993,0.7025285772295469,0.5408868562053328,0.6451039492535489
2023-03-02,0.8238099116751868,0.8149061571067189,0.6890982858940344,0.7686750577515179,0.38488929603595906,0.7055839690151721,0.540336131004593,0.6263257792611998
2023-03-03,0.8386407264149065,0.8141670599186709,0.6893289681163685,0.7667806569819487,0.370934461242869,0.7160460297175889,0.5590087434930368,0.6177783671594627
2023-03-06,0.8268022472305399,0.8095228419146978,0.6789885931547173,0.758060090166013,0.36896274788319827,0.707652315848013,0.5384083801750265,0.6255991071755121
2023-03-07,0.8306946507900174,0.8069252879734694,0.6772863488000735,0.7476395257592772,0.37672550329075416,0.7083942361424752,0.5350508130701259,0.6416394244335677
2023-03-08,0.8291918378326442,0.8050616992026329,0.6729030569429226,0.7453353466914988,0.3765895715798587,0.719709046920508,0.5353716692000968,0.6348538431329498
2023-03-09,0.8298210225115265,0.7928938183796782,0.6779277499599331,0.7430593360643702,0.40338236094222535,0.7214358215193076,0.5420190457146843,0.6396371721684618
2023-03-10,0.8294759443341769,0.7879352861928222,0.6777626574288139,0.7438028186371134,0.43757093457758905,0.7302309723208081,0.5658170507022346,0.5636944106316899
2023-03-13,0.8254557436580093,0.7757127801051843,0.6750127679485409,0.7368394332525511,0.4532006792408449,0.7265051713977224,0.5602686382586048,0.5607321339535805
2023-03-14,0.8238790690783723,0.7859568395749948,0.6814276452446101,0.7412250654138458,0.4625322672941445,0.7352301810666617,0.5823994102017527,0.5791932028100448
2023-03-15,0.8032750883764502,0.7570331630800001,0.6694403969650007,0.7229108896245472,0.48697543131640814,0.7000943477375864,0.5549317913532815,0.5318261752148944
2023-03-16,0.8026843470232312,0.7647630068428506,0.6762927370959095,0.7404845572407416,0.4724692324123774,0.7200988973960929,0.587876504056502,0.548021448357356
2023-03-17,0.7955560761068861,0.7335944500533106,0.6606443742368262,0.7350161536455081,0.47664778545688036,0.6906966502408787,0.5976013956910479,0.5799466215943556
2023-03-20,0.7982522429478741,0.6960142598873287,0.6583952976253626,0.7201712873347923,0.493215352043324,0.6826906141830213,0.5952844902444945,0.58391694321218
2023-03-21,0.7923493134872732,0.6930411581443331,0.6532167733226139,0.7247835987381123,0.5174059639811193,0.6973121152462445,0.5958805994539971,0.5912763164404813
2023-03-22,0.7837603303376328,0.6771027200814121,0.6230067419533903,0.7183499511162359,0.504484902350103,0.6928176014529388,0.5898134317476543,0.6046036482919637
2023-03-23,0.7892646626360164,0.6768074805855159,0.6299138999328882,0.7164112040669119,0.5106743164984321,0.6904911273625355,0.5916443736614988,0.6030151938719432
2023-03-24,0.7908223673121547,0.6767834325895393,0.6338373505277038,0.7117901993748011,0.5211990272323469,0.6865578642456927,0.5884406491453402,0.5926259108662147
2023-03-27,0.7788068603108634,0.6674674076768393,0.6301101589636972,0.7085661412705395,0.5399787786697523,0.670871609313632,0.5817033190252484,0.5967795008260744
2023-03-28,0.7693231213481516,0.6568186938558574,0.62500144235241,0.7025225152194727,0.5204930203327762,0.6636723729629137,0.575094354676637,0.5991687340347109
2023-03-29,0.7745449693073045,0.6615419872369686,0.6223964617649097,0.7093917029360579,0.5219538276570842,0.6552038730025739,0.5746146553542214,0.5973787304563836
2023-03-30,0.8070692567511552,0.6627970357541539,0.6203726047086835,0.7213893305110386,0.545942873842674,0.6556816435358754,0.5846720852845965,0.6013283438942746
2023-03-31,0.8082835919616975,0.7317157365328237,0.612648309299665,0.727650813775156,0.5536339264583579,0.6725211256154519,0.5822711998022447,0.6037983783066929
2023-04-03,0.8044646994693727,0.7212379304834079,0.6015240800434039,0.7177684193462671,0.5218315529251468,0.6662509879182659,0.5821329539119937,0.6033970195869881
2023-04-04,0.7900267606805204,0.733321742852331,0.5991448631048604,0.6991335163546949,0.5306281076142425,0.6744494732481179,0.5866819890118804,0.5946028800308795
2023-04-05,0.787538790711009,0.7347971929730582,0.6100963260894312,0.698927933066025,0.5405217476254628,0.6755485094571647,0.5875896616208375,0.595123245935331
2023-04-06,0.7894010794071294,0.7319449304522865,0.608607921002728,0.6974223225401924,0.5446696877213758,0.6727041790027584,0.5861293753504302,0.5922975973663825
2023-04-10,0.7702340439287945,0.721925097741673,0.6170970006251723,0.6913848832633261,0.538604354719197,0.6598220966813484,0.5970116568948113,0.5900242387441476
2023-04-11,0.7691697938517463,0.709425200749425,0.614198808755318,0.6863902458961034,0.5394271257367562,0.6608872669010163,0.5957848226076008,0.5895023794775135
2023-04-12,0.7695697861722708,0.7090556329833644,0.6145985668188245,0.6898889407255143,0.5449491418576852,0.6611218464645313,0.5976388594589307,0.5917255752421631
2023-04-13,0.7772631834926436,0.7158898321589602,0.6133262481807366,0.7010787098508412,0.5675266155279657,0.667137305352331,0.6006024266194477,0.5908378638060345
2023-04-14,0.7810545168250765,0.7066462604370244,0.6075254107029807,0.7084430381555078,0.5643920942054587,0.6734087505624315,0.596278657697629,0.470739728924475
2023-04-17,0.7812509848578031,0.7030134188997442,0.601427711565472,0.7047460266021913,0.5621970661008917,0.6769608277855432,0.6020415387491739,0.46621115018573295
2023-04-18,0.7763523697432249,0.6864301793369747,0.579011237318435,0.6908594182658272,0.5491465932952679,0.655107685240491,0.6049601599518435,0.4743930885572281
2023-04-19,0.7695818000602458,0.6875212760583626,0.5656238104163589,0.6923765660869735,0.5338579432100692,0.651568896550219,0.6013851829873724,0.4664082299378602
2023-04-20,0.7743305919463233,0.6893920063613138,0.5693722699397328,0.6929462740378338,0.5278178118208962,0.6466879202048273,0.6034138370876644,0.4686760706654203
2023-04-21,0.7705369855119674,0.6903122346287872,0.5691702708204256,0.6855886320515038,0.5276575274635583,0.6535107484165316,0.6043771571812986,0.4688477536495972
2023-04-24,0.7671077799242945,0.6762267946023861,0.5646062969851452,0.6799964074535614,0.513572575798407,0.6476177425006517,0.596785202683331,0.4680561332819805
2023-04-25,0.7694206290799096,0.6890594252505232,0.5770649710070072,0.6978170118210997,0.5345598832212457,0.6537787566417671,0.6039539387804558,0.4839053793640243
2023-04-26,0.7615122618564834,0.5789865866213307,0.5511076118437439,0.6809954512114282,0.518744822740982,0.6452599405548131,0.5929231258230082,0.4847761011696007
2023-04-27,0.7792491713184552,0.5900951592411579,0.537138946181358,0.6935439689033024,0.5223787585389772,0.65756893422439,0.6338546286755196,0.4916673815354393
2023-04-28,0.780304834082571,0.5837464179336131,0.527446993224959,0.6453439056987339,0.5164227677301034,0.6486546533308964,0.627979601138864,0.5013073276782339
2023-05-01,0.7730503735143315,0.562610719494795,0.5055528725055501,0.6235319240451791,0.5032481615407026,0.6349972220801507,0.7090575262454495,0.509659502944566
2023-05-02,0.8313757422269508,0.5481301181848307,0.5047677522800834,0.6152596292783278,0.5130715373737488,0.6316467338798765,0.7107261476517207,0.5399726056983596
2023-05-03,0.835197082121764,0.5470476439886263,0.5085992896065382,0.6102532785222803,0.5222282834488077,0.6256105084626049,0.712301945347256,0.5509159414737311
2023-05-04,0.831506381495133,0.5237820910358558,0.49250157632306707,0.616543660308588,0.5171130966449402,0.6103920382575773,0.7092253904708871,0.549798059193964
2023-05-05,0.8321924226420563,0.5312780831876145,0.5146881437063724,0.6114565081839408,0.563094345279964,0.6206327221281305,0.6712643874954463,0.561470664648807
2023-05-08,0.830601262326653,0.5242170850267858,0.5184806419124045,0.6056620057967069,0.5850011392376467,0.6146910206991977,0.6654179579546347,0.5562488464174344
2023-05-09,0.831361817322673,0.5273894233823434,0.5447496596276739,0.6041299285333984,0.6016784434526448,0.61819666414749,0.6754775553894319,0.5563307703934324
2023-05-10,0.8279591862318405,0.515148581144877,0.539903628730843,0.5963640529027951,0.6133443856659018,0.6201472667174186,0.6655288367810273,0.5522117762041145
2023-05-11,0.8290139614582595,0.515453412822072,0.556041937400563,0.59063308722214,0.6366435180948813,0.5900776542813482,0.664067524465124,0.5529137599223757
2023-05-12,0.8285038837415667,0.5227087233194208,0.5603173489697241,0.5871885435994446,0.6353571721310582,0.5893117217109812,0.6711106033823085,0.551480436645605
2023-05-15,0.8230870760931251,0.5014943269049971,0.5460567707729236,0.5716908574178784,0.6180838859902754,0.5737707049786944,0.6615084610498775,0.548366760806037
2023-05-16,0.8216574330739956,0.4960593351062916,0.5432842711270832,0.554341280528284,0.6249217382479687,0.5499612606531252,0.6610147060104941,0.550667357147472
2023-05-17,0.7974800972014024,0.46826955159389844,0.5281824766196215,0.537123013675499,0.6154389499977078,0.5209904456135442,0.6727021345973694,0.5575669288055102
2023-05-18,0.8005365389640046,0.47254154079197397,0.5382984280804338,0.5473690818488571,0.6232841640745294,0.5249208222091439,0.6736804258913993,0.5581992742846966
2023-05-19,0.8018470912232887,0.4707510234233441,0.6317291240851391,0.5491074703357371,0.6177435126854274,0.5350182017831222,0.6756111667382789,0.5569114510310756
2023-05-22,0.7935693146357242,0.4524840259274746,0.6239232479764351,0.5338703099828246,0.5994840759796631,0.5181823951120369,0.6730436100376984,0.574807742869358
2023-05-23,0.7994660987013694,0.4693891249869321,0.630898164612927,0.5305496375767339,0.6072970360810657,0.5327671102994264,0.6768897012907255,0.5756185934316799
2023-05-24,0.7948044011661872,0.4710465442192775,0.6306232595649753,0.5189147178302443,0.6083994914560709,0.539309034510791,0.685717986503077,0.5830526691892985
2023-05-25,0.7960648438298126,0.4774500909184582,0.46603257777967394,0.4960217521314256,0.6075935535136017,0.5453943570855786,0.6840383652394005,0.5812848497375855
2023-05-26,0.8011189170295098,0.482462217112609,0.46573942896481946,0.5201183591081922,0.6649113284740844,0.5384324340684338,0.695302428073059,0.592810010222603
2023-05-30,0.7893345845811537,0.47481077039897934,0.4624294608775829,0.502905150539524,0.6454463285524975,0.5316093985791807,0.6783458208470933,0.5838354892732877
2023-05-31,0.7995213189278768,0.4792373850899094,0.46952852490998787,0.5094855558469026,0.6399246977084072,0.5363078479972985,0.6752736023862945,0.5870448272846076
2023-06-01,0.7951874600216594,0.47193317205798824,0.47628453909905827,0.5187677287203436,0.6329816337603678,0.5233754734425858,0.6883796412831809,0.5732217324503798
2023-06-02,0.7858460493284599,0.4699631363611943,0.4551349387241799,0.5180176304518646,0.6468870249779141,0.5181505823029781,0.669682958861058,0.5842482753760828
2023-06-05,0.7764457988604333,0.46861892247002884,0.43777719938201126,0.5004059585923456,0.6190963519296925,0.4917056339125126,0.6656272436113402,0.5400958444200845
2023-06-06,0.7655923550337743,0.4479181558099976,0.42497282699159916,0.48526052099864964,0.6354742134759347,0.47098576279006144,0.6624459760903602,0.6066747603769327
2023-06-07,0.778122192886883,0.4610067526367355,0.42966678395888136,0.49076144979233155,0.6305108444227959,0.4711226233673707,0.6643184157938746,0.5986621376941587
2023-06-08,0.7759765820287837,0.4401228388305028,0.41550114474529104,0.48043812494445554,0.6152088026938191,0.44355014012841737,0.6399975589085405,0.581052446481022
2023-06-09,0.7813832954473595,0.4591626171316336,0.4180886075737596,0.4907095776303491,0.6049766897362203,0.46647542608089965,0.6563959385208754,0.5814622350176647
2023-06-12,0.7773635642309858,0.42616305940371757,0.39637675947005513,0.4702988872080454,0.611524972262042,0.4305600100491185,0.6466759284216712,0.5641617063335657
2023-06-13,0.7767668213777273,0.46462092966225477,0.41679090403937713,0.460565542904058,0.6097528182982306,0.466278073429322,0.6112222885475219,0.5241901421123517
2023-06-14,0.772614731344856,0.5118572448927757,0.41504445382861116,0.48098004632652314,0.6088048004141869,0.47782884827360916,0.611883638071074,0.5203391512065296
2023-06-15,0.7722334266142257,0.5362627850426867,0.4025844907939096,0.4592365827411086,0.5736636163883032,0.45683031389857814,0.617257833270874,0.5059084255242766
2023-06-16,0.7785645383272388,0.5531186160034602,0.42556628718317113,0.44785364841644126,0.5393282947266249,0.44986435958556276,0.6187340812876405,0.4616453649260652
2023-06-20,0.7758281100781746,0.5626088301368706,0.4137480130717612,0.4465024376776006,0.49907682185099733,0.45454503314087896,0.6109441541049191,0.4660595142385538
2023-06-21,0.7768506255815357,0.5672153896778768,0.42994004571050787,0.45894833126225704,0.5168379659021637,0.46924502058097933,0.6154976883965857,0.486841664987293
2023-06-22,0.7840711349760286,0.5735058258312804,0.4295854633483168,0.45406025559698954,0.5176519443306014,0.48422591867520876,0.6216729228705573,0.4838253603361792
2023-06-23,0.7805235920866488,0.5807110677628539,0.4360145085513512,0.45557836904035687,0.5266001784794656,0.48556754596495083,0.6042963986178795,0.48849657626729587
2023-06-26,0.7734542721986449,0.5765834075800972,0.44350458717498714,0.44198846488006555,0.5259762925107058,0.5012354591737032,0.600584321346212,0.4959850870845776
2023-06-27,0.7770880037391592,0.5817224313881222,0.44901929719631006,0.4423154685668365,0.5369563959685577,0.49778639466830427,0.6094843661155802,0.4923748344383579
2023-06-28,0.7701669619848308,0.5773298590738698,0.4534762008221315,0.44148416566716325,0.509669276529887,0.47242088043143965,0.6070497240362437,0.4846143491457215
2023-06-29,0.7683251297325017,0.5779373970169068,0.4503945440185843,0.4410804275118605,0.5448963109208946,0.465019266375284,0.5980085724530272,0.47940244935071336
2023-06-30,0.7764193702534321,0.5857916472956601,0.45364154474079976,0.4621329650646784,0.5411401666565743,0.4654396156347152,0.6076666850834392,0.479924948951112
2023-07-03,0.7720649104802677,0.5816137847074365,0.4500053050373724,0.4586089044315658,0.519530992599393,0.46438449768242246,0.6046284270500192,0.47636298265692356
2023-07-05,0.7720560141375719,0.5835844422540719,0.4516281736878268,0.4581069784323844,0.5210067897003869,0.4620530053410313,0.5902367269820061,0.4799879303244324
2023-07-06,0.7795487537692471,0.5691125461434371,0.4531923150016109,0.4686973804297089,0.5298760184925329,0.4776540782164181,0.5944794439754996,0.4878342416014156
2023-07-07,0.784291610872604,0.580455450760978,0.452063764489987,0.4688532530302503,0.5322422895798651,0.4804608042890285,0.5961305029823927,0.483574658431989
2023-07-10,0.7692783911433365,0.5723420665789066,0.44430375434826047,0.4518709707044705,0.521335725795068,0.460853854074691,0.5966569207508359,0.4843052286079997
2023-07-11,0.7505827444214241,0.5562095589917043,0.4584403898778296,0.4230851849315002,0.5101844713763624,0.4395454390781301,0.5873969127885215,0.4970315318873859
2023-07-12,0.7517035386375706,0.5584360162800567,0.46611220719993085,0.4278747951204615,0.506085921214619,0.45562542712926074,0.5961509153642396,0.6803186934637976
2023-07-13,0.7509336330799954,0.5629111023599422,0.47441587503483784,0.43819231930594715,0.5088088504470665,0.48524978691024884,0.6042974846691005,0.6795579002393491
2023-07-14,0.7533118607526404,0.5609010570576848,0.47685296586994297,0.4383787031269283,0.5086109729344503,0.48615720853460137,0.6041194931626548,0.6818975582257847
2023-07-17,0.7501249264264394,0.5597841086337597,0.47798883087338084,0.4385328261197443,0.5099131494670526,0.48150461924319604,0.6040289668717888,0.6696400553452452
2023-07-18,0.7378969676583773,0.5587868441846826,0.4710025325627186,0.4254689523356362,0.5171669245801875,0.4813397120164435,0.5947177873231676,0.666631601754447
2023-07-19,0.7436307740727783,0.5531482415631185,0.46915128897896474,0.433633937107823,0.5149119855619051,0.475994259892541,0.5946355994488862,0.6666147700390035
2023-07-20,0.7491319416727417,0.5686591198880853,0.4804915296867577,0.4522706339313156,0.516925271053112,0.49001811325826855,0.6047014918904916,0.6398012150557535
2023-07-21,0.7463050689741701,0.5441554056293217,0.4646763786936045,0.4078066507041074,0.5176369796928388,0.4656304716699647,0.5828421648469756,0.6102254116282385
2023-07-24,0.7475073407079281,0.7046951922714758,0.47487133485887706,0.42244927087177464,0.5105034273856944,0.4670922758968554,0.5819335726806281,0.6017362578001619
2023-07-25,0.7197703408737709,0.6751774323177446,0.5002069062386382,0.3635730375691625,0.4914025143951098,0.4189400448183527,0.5286474187730992,0.5934302007847008
2023-07-26,0.7175292681722006,0.6415556318817508,0.5005049905342206,0.4299861979417919,0.487559873083388,0.38334485187366857,0.5253166637240516,0.5888482402072269
2023-07-27,0.7213320193356879,0.6507681106285024,0.5030532712157171,0.43180345690010896,0.49995026591287023,0.3801878080058428,0.4538198052172838,0.6223684884260527
2023-07-28,0.7269464743112235,0.6763074860852991,0.4921027061817656,0.48615833474533887,0.5091098786170891,0.37276181129458547,0.45511629307549084,0.601999290535892
2023-07-31,0.7226745803539585,0.6776152465929333,0.4864089853080682,0.4876856303747125,0.5116720098526772,0.3744669748648333,0.43758865088758214,0.5854955838639735
2023-08-01,0.717042931554596,0.6883690576377899,0.48577764567067266,0.5010186039182869,0.5224245551606536,0.3731688119616398,0.4147593115152329,0.5744865472841948
2023-08-02,0.7060196996746108,0.7088588186620055,0.5080419778577814,0.5336289924777584,0.5104083032374823,0.4192429433849489,0.49830753734834027,0.5661466530584124
2023-08-03,0.7083723880109195,0.7085125876441335,0.5078158819388732,0.5301201360494793,0.5031349169368341,0.42553653941584224,0.5005451546008721,0.5595899602526067
2023-08-04,0.6285130781900743,0.7007146954408835,0.5002435837255602,0.4079213145519486,0.5048254212176637,0.42464053449346023,0.5056615743722984,0.5570270591273928
2023-08-07,0.5752670127488987,0.6989294643254641,0.499653409431872,0.41136954903257134,0.4926354521622056,0.43788970289053264,0.5163246004169475,0.5579242313549402
2023-08-08,0.5658078074396459,0.7014520285653953,0.5023644654200826,0.42827653413084776,0.5010661825341253,0.47798944618124106,0.52760377302542,0.5608318020285542
2023-08-09,0.5711979310457139,0.7047904695726633,0.5158287127727288,0.43640841250081147,0.5116405214169832,0.49076461428810086,0.5400690247513725,0.5753242378879201
2023-08-10,0.5740053177911186,0.7047266851981269,0.5150451888016895,0.4354317832402144,0.5153906638341393,0.49608791051252377,0.5395583268196223,0.5744648005563273
2023-08-11,0.5803207234017513,0.7238757269159378,0.5225513648880126,0.46060729074080914,0.519271258857184,0.5406626602659937,0.5420570135544418,0.5651919415898301
2023-08-14,0.5899504645944184,0.731389692032276,0.5210703598745944,0.4558022746736673,0.4931515410431646,0.541984633848266,0.5421620410046335,0.5346696323937106
2023-08-15,0.5895315262814607,0.7172500791385484,0.4938984958853667,0.46350444324378454,0.5077213260044648,0.5390327544768576,0.5452957360843335,0.5685553225141102
2023-08-16,0.5913382547548365,0.7141403849964685,0.4941603082394842,0.47392166597093344,0.5241301762697043,0.5422781198181539,0.5581591351482345,0.5699269700241875
2023-08-17,0.6033019440503067,0.7189344339214802,0.4923558226737669,0.4789750335595277,0.5452389485687427,0.5289800566310555,0.5743670490416453,0.582824732922039
2023-08-18,0.5867494634576734,0.7110076940798842,0.48990754731245767,0.4879274244804119,0.54129894870255,0.5065089274115334,0.577033895084511,0.5706008536198668
2023-08-21,0.6009356087209737,0.7187175357392215,0.49936301722647874,0.512364916378298,0.5430274769177967,0.4996504720001268,0.5997893778594249,0.5604000550187134
2023-08-22,0.5878860308863482,0.7117445735894408,0.5678596764112486,0.5404527054937274,0.5435511994078643,0.4827631354024493,0.5989123982254955,0.5629302752456637
2023-08-23,0.5947046885143655,0.7047360355949854,0.572677978242934,0.5072404505853194,0.5229991231660063,0.5024121908439372,0.58678245056002,0.5590222570219167
2023-08-24,0.6335238569434134,0.7167037097540527,0.5566847166518061,0.5346339043503813,0.5429521098277473,0.5217198868580695,0.6047939221231882,0.5433785802172102
2023-08-25,0.6438811382169058,0.717671152970088,0.523188164195456,0.5339275005228569,0.5612276203497827,0.5155181482916744,0.6061067386452786,0.5264596923115685
2023-08-28,0.637053066501547,0.7114638588783928,0.5087739288011068,0.521143632191391,0.555763761885608,0.5181203725985604,0.598036573663555,0.5139683993187475
2023-08-29,0.6686324705731327,0.7214448089680918,0.5694442534596332,0.5230152388107987,0.5824059552683917,0.5475281255896296,0.6357750211944923,0.4851775092788681
2023-08-30,0.6656670038130682,0.7228438895110456,0.5691362640922495,0.5258819683956769,0.584981651863568,0.5555278489023833,0.627400426862863,0.4769321737136334
2023-08-31,0.6660304345544175,0.7257454243345122,0.5734280977529764,0.5138932119223543,0.5836905832451744,0.5543560492286471,0.6270314634072771,0.47725790531082357
2023-09-01,0.6627053328976166,0.7328127746691743,0.5638694301884247,0.5138330814868488,0.5730132064347039,0.5555825724671857,0.6245653168172238,0.4918759914891277
2023-09-05,0.6545076551526896,0.7095441394554456,0.5574293245952248,0.5090894936340403,0.5372218576366871,0.5605405179273452,0.6146805723999663,0.5018822689279796
2023-09-06,0.6552180523639214,0.704875896673056,0.5680875551404292,0.518861812041995,0.5442534004091321,0.5658284789705461,0.6132397297026453,0.5001196638014394
2023-09-07,0.6378660731217528,0.7000723065974647,0.5677552214741111,0.4918445211082335,0.5385328245964853,0.5579195049358031,0.6042812200455164,0.511507694823603
2023-09-08,0.6454657686710654,0.6963068040173701,0.5550794864106787,0.49623203464191207,0.5287633228108627,0.5623571175868913,0.6082670984831002,0.5066537468803471
2023-09-11,0.6474039909526627,0.7007678737161902,0.5554958169720551,0.5078761222725838,0.5338149430855499,0.5609550618527422,0.6157455585971503,0.5099420153550271
2023-09-12,0.6487641220939108,0.6853927655702963,0.583679366579862,0.5226845204919018,0.5578695082448817,0.5650649635205849,0.6044848368569465,0.46885678966071803
2023-09-13,0.6438186548300249,0.6754825621445806,0.5899597385044879,0.5122932032831952,0.5750130632393176,0.558015757011384,0.6070395695170439,0.47546596027966165
2023-09-14,0.6531265804290499,0.6723629466006541,0.6061501489057,0.5046513476751697,0.6137332572712818,0.5594295249309961,0.6283121686999746,0.49052640421379484
2023-09-15,0.6301944229375844,0.6891330802714192,0.6218566069871125,0.5328779263662822,0.585637008285713,0.5417395311098003,0.6532466492651472,0.4801287261211078
2023-09-18,0.6215776532631286,0.6891925659977358,0.6234068790843753,0.5361495868400291,0.5776585885692528,0.5394117534348583,0.6514356473080095,0.5128111204809674
2023-09-19,0.6224741740981056,0.6830740841718562,0.6193833275370213,0.536274593873154,0.5684857855745477,0.5366891337647302,0.6700171683094774,0.5088057289768164
2023-09-20,0.6331735875845974,0.6934868086105953,0.6277055262422272,0.5417535640164087,0.5679853534890299,0.558065549826272,0.6777343857100708,0.5146808506460377
2023-09-21,0.6127124440989787,0.6577339563710503,0.6261760133625336,0.5796582680171833,0.5592067840017694,0.6003008683126588,0.657537010288636,0.5336780993142514
2023-09-22,0.609631149364527,0.6584490217126112,0.6252104800087892,0.5797788779053094,0.5583625692048955,0.6030575232955325,0.6540289852675145,0.535786784478615
2023-09-25,0.6120983376438716,0.6611129801182112,0.6328878944121079,0.5907879634824077,0.5592298899148661,0.614648977293185,0.6664992413471229,0.5575766111120422
2023-09-26,0.6123174346319938,0.6588866816615369,0.6055326586665587,0.6111223781004812,0.5502459706506958,0.6383543875573131,0.6491098246175027,0.5520270613029603
2023-09-27,0.612705825670806,0.6624533223559562,0.6052537894519487,0.6115318737008598,0.5611659591199893,0.6367297955821795,0.6495341400516679,0.5516760758377267
2023-09-28,0.6119038682723879,0.6622101090505126,0.6081159961634458,0.608007664865762,0.5684290908445715,0.6465480707119878,0.6700571182437012,0.5666402863785015
2023-09-29,0.6210439169615768,0.6799269555830596,0.6073217647573144,0.5995713389729252,0.5600982151101856,0.6407263564232402,0.6695269739319738,0.5500246637689857
2023-10-02,0.6132463043616306,0.6684844181494829,0.603697658744183,0.600243330828887,0.5594984605871366,0.6292318388022046,0.6624003683260996,0.5535878010306298
2023-10-03,0.6172108503277269,0.7016446205596185,0.6193431545640675,0.6350502986586933,0.5667067759462202,0.6644255373801223,0.6682101832316362,0.5566312648974975
2023-10-04,0.6271546232642311,0.7112346004876552,0.6223781807678439,0.6376282808650469,0.5824557606900994,0.6735193417004542,0.6688478525463117,0.5491152782955528
2023-10-05,0.6212030672531438,0.7052068245460108,0.6105621314981368,0.6317845150074738,0.5843739461011433,0.6686978613813712,0.6579336131969208,0.5449893100574484
2023-10-06,0.6325508436227268,0.7133251983316641,0.6055382346163674,0.6257666752349377,0.5670607422135302,0.6714442917247895,0.6726432763873268,0.563712378489369
2023-10-09,0.6362351618586883,0.716997798470864,0.5936652984782458,0.6232756807795077,0.5621921193572862,0.67097091031797,0.677168200271814,0.5580241251165967
2023-10-10,0.6290811298664853,0.7101214846718717,0.5928715481640329,0.6312507196666975,0.5616715944350992,0.6712721687396077,0.6787963461318464,0.5717483742346118
2023-10-11,0.6383220677134636,0.7152880310169789,0.5898407293128503,0.6461107545469642,0.5588818415572584,0.6941665178406381,0.6851239675055468,0.5746492480518681
2023-10-12,0.6273075625595427,0.7246743043015076,0.5893376816238206,0.6396543223760174,0.5629218670087405,0.7121929066454048,0.6863427824450967,0.5723889028143826
2023-10-13,0.6265662841037876,0.7246006907889212,0.5858006060085472,0.6401370543018899,0.5773842215610132,0.7121410005878159,0.6885469064324029,0.5721595905488766
2023-10-16,0.6165753937534607,0.7351847303580162,0.5951788983430533,0.6484529310259411,0.5768635482582994,0.7128776954813124,0.7111655653585157,0.5644768186882788
2023-10-17,0.612958508861009,0.7347574176100472,0.5730698111515321,0.6563138933137038,0.572220069633347,0.7106620185465737,0.7222403592394866,0.5647775198787571
2023-10-18,0.6080627751322216,0.728508525805705,0.5898544819312505,0.668025227795347,0.5974331347582458,0.7155245786186724,0.7297886091871315,0.586399256813196
2023-10-19,0.6032070344126145,0.7776079724043834,0.5858317968721318,0.662032109164499,0.5975538316384503,0.7952228389418861,0.7340009026246797,0.5878247747239095
2023-10-20,0.6099217563727534,0.784656585616567,0.597497769243986,0.6753535384534932,0.6031909329271873,0.804531708801889,0.8004276958034771,0.599850272792259
2023-10-23,0.5994684243424919,0.7718510237609657,0.5785449259679898,0.660728432263465,0.58909118905428,0.7947947803423582,0.7873014978808105,0.5856449848806732
2023-10-24,0.5975239265196124,0.7764644502427505,0.5834901121997638,0.6640744446255968,0.5940582712021265,0.80058805413213,0.7926726055275208,0.5836000638209153
2023-10-25,0.60291249411684,0.6521553671447851,0.6023372388802918,0.683992477063463,0.5929019557063641,0.7129170508780371,0.8097481048898311,0.5799682011586941
2023-10-26,0.6092004010493474,0.6428233900707042,0.5945471347983698,0.6764988328363795,0.5957129317872737,0.7129523213421524,0.808788273174225,0.5472549341734221
2023-10-27,0.6006695313570309,0.6377590007222556,0.5933695425082995,0.6080630592341981,0.5973384342632102,0.71248924973469,0.7795898368449052,0.5154750996813762
2023-10-30,0.6515097451821178,0.657372803556967,0.5984782365227829,0.7237299275641329,0.5321042632431476,0.7184767057136736,0.7834326656960063,0.5363464927053732
2023-10-31,0.6960850613059935,0.654139995391886,0.5845007050269925,0.7160680663894877,0.5476281559033693,0.702453081359736,0.7694712982443336,0.5405842548956817
2023-11-01,0.7125244026786705,0.6675816445063263,0.5979456472639199,0.7250102295271859,0.5553422344375082,0.7100764183020604,0.7782616311608104,0.5322842630623318
2023-11-02,0.7244853565123265,0.6470700743667053,0.6035061875879426,0.702140230510346,0.5836711128604826,0.6909644999985931,0.7324672248235365,0.5603614670242896
2023-11-03,0.7086643600205772,0.6522508241743373,0.6134482037304464,0.6977996788525052,0.582166135677454,0.6937939996373191,0.7338314672277644,0.570346148460058
2023-11-06,0.706777915207153,0.6543594634024517,0.625034966369142,0.6983929626741425,0.5817268163625651,0.6944268963180317,0.7370991939311663,0.5733499542293901
2023-11-07,0.7036604800888021,0.6531763432206831,0.6342529591729307,0.6956581460295689,0.5895185670424747,0.6923657668674238,0.7355365715653517,0.5722118378231266
2023-11-08,0.6988650196052176,0.650778804135003,0.6469997658090327,0.6884904112939769,0.5827897440650331,0.6907466133119134,0.7328564978768274,0.5530021503961476
2023-11-09,0.6966422340915874,0.6522951390859403,0.6360592254479918,0.6859758301498532,0.5850083044139072,0.6924198939247536,0.7231977521865947,0.5512663076249422
2023-11-10,0.7057038373397342,0.6643334227744769,0.6474227570720131,0.6897661993401288,0.5820232904747893,0.7100171711315428,0.7298427889250831,0.5648342306073397
2023-11-13,0.7041244350261895,0.6631966278083016,0.6469925553156262,0.6904946597682771,0.5734812748713376,0.7173785070216608,0.7316660124093698,0.5650016809986045
2023-11-14,0.7046068614164454,0.6511673852627496,0.6734120304880101,0.6921721768907054,0.5984422426508993,0.7078351652903976,0.7313831213854597,0.590866239519126
2023-11-15,0.7099890208586974,0.6500345990658047,0.6702173094738317,0.684075939161754,0.6004584167156417,0.7106790892287008,0.7248813562864312,0.5997032169355377
2023-11-16,0.6999987532392334,0.6397801889199258,0.6602857086796219,0.6849663935799633,0.5906953365286656,0.6995408545759888,0.7184559092833085,0.5921127542411493
2023-11-17,0.6827006218918211,0.6084857038436842,0.6754874359267917,0.6716041277760968,0.5837480137254557,0.688013284481341,0.7056697931140851,0.599816838311528
2023-11-20,0.6817447995255272,0.6123695842400267,0.7060675652039071,0.6694276244164299,0.5771723831899388,0.6913712283473851,0.7178958390084108,0.6048063577743205
2023-11-21,0.6801607352209009,0.6144832181413439,0.7041028674013768,0.6734743892529665,0.5725117718793827,0.6880364688262763,0.7156262567625291,0.6049446163430429
2023-11-22,0.6652507812725932,0.6098124997901803,0.6705352217891788,0.6763381216801889,0.5348892167804582,0.6767073183183809,0.7060847342321155,0.6011905307656255
2023-11-24,0.664637085052908,0.6111142424559605,0.663993577186271,0.6776009436759333,0.5357575651865061,0.6716449230469304,0.7123739528354206,0.606993660137523
2023-11-27,0.6651580491018864,0.6102954824472834,0.6611958743161276,0.6844456712387496,0.5358717245726582,0.672377278321207,0.7120808921215608,0.6120887833380441
2023-11-28,0.6656326128306332,0.6095964875257476,0.6660764932947104,0.6837727890543873,0.5468202685273196,0.6735389635753353,0.7112118618149992,0.6118405592632755
2023-11-29,0.6678738751125255,0.6207862206525858,0.6669639565895943,0.6830032734311627,0.5716497661618395,0.6725934155614869,0.7133289573960582,0.6081004161825506
2023-11-30,0.6831713982632103,0.618580352978175,0.6408534424621273,0.6776515500258928,0.5627312411201498,0.6567539230818786,0.700516639814914,0.6093921148838773
2023-12-01,0.7119601711920088,0.5987841123651848,0.6371525405744195,0.6882027115182545,0.5596895833255564,0.6552226178824461,0.6912404681542936,0.6093424268380869
2023-12-04,0.7146489974839981,0.6047069043478916,0.6447030138936495,0.6908665470322776,0.5628230741860232,0.6590607393297229,0.6950389827998336,0.5986043620877405
2023-12-05,0.6913178240299707,0.5993720565771667,0.6466648001861257,0.6858398160666235,0.5735358809525699,0.655255709546177,0.6938296272441453,0.5982460767785341
2023-12-06,0.692702959284597,0.5977552575613345,0.647754452680574,0.6852139574651931,0.5669403523787403,0.6538903708952304,0.6906766993218614,0.6236513540449348
2023-12-07,0.7077745977865985,0.5998610505994965,0.6541138804810397,0.6952743863563419,0.570491144383108,0.649863919573858,0.6960305905578096,0.622515387016153
2023-12-08,0.7064566926459814,0.5999978503368008,0.65988687912304,0.7018410347170122,0.5666720418739666,0.6383454753335602,0.6910602969480683,0.6161745895538091
2023-12-11,0.6912789920677161,0.5637823202215888,0.6278657165446209,0.6811853181982599,0.575552920982482,0.644898127849816,0.6454348315838563,0.6244933385094871
2023-12-12,0.7049614215006051,0.5661136900647153,0.6295551667383543,0.6826024889133491,0.5769788855665426,0.6418359070863444,0.6449600324289946,0.6264496305726567
2023-12-13,0.7200524887636442,0.5492241182686542,0.6237625365221167,0.6778068725480236,0.5770733246676086,0.6303667411525601,0.6352458136850695,0.618236758233872
2023-12-14,0.7103349260527624,0.5075236068604149,0.6121129012553432,0.6676514711187008,0.5686746824709447,0.6164655370570166,0.6237472681065871,0.6082554555156114
2023-12-15,0.7081490125479407,0.49454888465011115,0.5812302112685108,0.6160152732163352,0.5526987481091032,0.5935242678849025,0.6137988198778216,0.5875550266052442
2023-12-18,0.6952687788807005,0.49212826640749846,0.5907465155341867,0.6172719696021081,0.5489188807729158,0.595998634830276,0.6207573633173772,0.5874982363931458
2023-12-19,0.6951945110236729,0.49087867076113606,0.5806308449363662,0.6120639337861744,0.5511919955533643,0.5959993666736818,0.6231552694297408,0.5899371601258354
2023-12-20,0.6781839180275223,0.4713275818090981,0.607553409484818,0.5808980352329438,0.5772142322164588,0.544487078201429,0.6193000109047092,0.5916689581589288
2023-12-21,0.6712926187532524,0.47305876524866186,0.6147371246491329,0.5821357653010907,0.5843321007175352,0.5540419411731842,0.622418406100345,0.5935662160464646
2023-12-22,0.669446122412427,0.47429509835906974,0.6123082149640716,0.5844502045449209,0.581145822588142,0.5512838432669133,0.619773327474577,0.5905541015722545
2023-12-26,0.6673981237553429,0.47667787797773176,0.618124197662368,0.5875150216902031,0.5895461594947742,0.5479934211967025,0.6172638179764937,0.5954209489529482
2023-12-27,0.683580043778359,0.4887786947311773,0.6330059321595802,0.5949757244694083,0.5889569508956375,0.5606383946914786,0.6288428095354057,0.5966667307423978
2023-12-28,0.6784953488884586,0.44742472057833427,0.6160586515446755,0.5637439753442849,0.5844403073264499,0.557376087084933,0.6148859783296642,0.584209847850636
2023-12-29,0.6790263847901423,0.43963645187288575,0.6130290751390657,0.5628567465881572,0.5860068719177328,0.5527903917664617,0.6148969930686542,0.5865422540617448
2024-01-02,0.663392593465238,0.45125250978409687,0.6264273040030305,0.5686021605872402,0.580793427293515,0.5566277470656226,0.6223655364919073,0.5617186306974912
2024-01-03,0.6577533515717239,0.4281148558284224,0.6205569463645265,0.5681239257425492,0.599947423882665,0.5331573399934847,0.6068612510329254,0.5548004803160606
2024-01-04,0.657171093729591,0.4295024315776637,0.6238350505488028,0.5724709066279184,0.6012765040912323,0.5360028996629914,0.5985977026381519,0.5649021158777828
2024-01-05,0.6612447846906312,0.4356992042080202,0.6169672564358306,0.5709112360424852,0.5992530117752866,0.5380567325196102,0.5940388301508079,0.5634788423455039
2024-01-08,0.6791984191397322,0.4548946353528743,0.6394686849271636,0.5851733809360187,0.5984811539299625,0.5517994249685652,0.6034378423204971,0.5366924398193587
2024-01-09,0.692840080053462,0.45050823473711527,0.6379702603143588,0.5836942619391807,0.5976345225477814,0.5391511720642727,0.5993575843542294,0.5342986985951644
2024-01-10,0.6898212212439863,0.4465609957911469,0.6346207489612933,0.5795422726696945,0.5894150726950038,0.5370540418167464,0.5900011000992585,0.5635325093674992
2024-01-11,0.7007965649958158,0.43430154527613135,0.6316578480767563,0.5686282693924656,0.5877713828634111,0.5324691604573677,0.5818383675246169,0.5784279766768208
2024-01-12,0.70217579319704,0.43126696873479475,0.6540690470916498,0.5684841280752242,0.5836001253714158,0.533047829280063,0.580939780313396,0.5745933346139851
2024-01-16,0.707290924834576,0.4200001995532421,0.6018614553833592,0.5491425427386064,0.5549968705430163,0.5283262768520869,0.5659465105789999,0.5594861213368012
2024-01-17,0.7151055199655043,0.4317290515128469,0.606959596948878,0.5625161205349517,0.5420887079579131,0.5367276862657282,0.5522550957411332,0.5603495956003064
2024-01-18,0.6987830727889178,0.41201043438239476,0.6006781568112665,0.5414981564088566,0.5025718278628991,0.5337503499210774,0.5496843328814939,0.5234962836881266
2024-01-19,0.7078952617943478,0.42611999137720674,0.644766773915878,0.5489719690713483,0.49676622105672963,0.5486337959635558,0.5715506953615255,0.5413043200581492
2024-01-22,0.7055839980379766,0.42592948711448053,0.642727306307608,0.5444162365059592,0.49012934034894395,0.543857087748629,0.5803884155427109,0.545739103206898
2024-01-23,0.6962157102507188,0.5653461198743509,0.6048739985894649,0.47874670142736153,0.486005623398893,0.4872418588595804,0.5290560311262958,0.5299401701644034
2024-01-24,0.6688249370213915,0.5086343073972206,0.5633593545475556,0.45706167214082327,0.46501156431582236,0.43770967131766636,0.4738023570860506,0.5446399721266584
2024-01-25,0.6823342511405219,0.5193617214086935,0.5648691124429016,0.6321015704237118,0.3651532715161094,0.4381613258397925,0.5225954355795581,0.5730057500372667
2024-01-26,0.6797110708154438,0.5010893041816856,0.5674357851968557,0.6091337923822726,0.41550398788779075,0.42215030840270895,0.5102521376343653,0.5648147521508845
2024-01-29,0.6689140191384271,0.5102225350645078,0.585431406341711,0.6153405777403333,0.422125318953392,0.43158519766807457,0.5257463280509932,0.5563981822996784
2024-01-30,0.6542814671011057,0.4939461198005732,0.5711826132468787,0.6027041284203772,0.409956561009336,0.4212270394430446,0.509356503672848,0.534586014328315
2024-01-31,0.6563443649255722,0.5749623412633382,0.5786090408822078,0.6559894811312809,0.3579451865249816,0.5442965873705318,0.6092764725083055,0.5392142170455803
2024-02-01,0.6825137975276007,0.5813594218429173,0.5770658071840196,0.6781167214166787,0.3577577881590318,0.5360829216554153,0.6063933632395156,0.4869288031558207
2024-02-02,0.6672261261533041,0.5967741418981553,0.5937471943737681,0.6380552429282431,0.3509583071666245,0.5377710483552066,0.4479859765116523,0.4879195723681537
2024-02-05,0.6535700223155513,0.6052363089639214,0.5406954058346255,0.6464354059107157,0.3616297505607879,0.5267214526347754,0.4579874721577895,0.4941364144471506
2024-02-06,0.6552193567946725,0.6075594661106571,0.5340532751292815,0.6427994567608131,0.3616506309273645,0.5283997469371932,0.4551223221386332,0.4952547502899983
2024-02-07,0.6562450942919704,0.6091381169003193,0.5536106869861676,0.6371509158133858,0.33602649976273874,0.5231072520159283,0.4685213991844029,0.47994208958799645
2024-02-08,0.6335242461123904,0.5804846048987502,0.5407708716609796,0.62795600288246,0.3172029397170207,0.5109509143620127,0.46357783815822484,0.45247806149310094
2024-02-09,0.6318808758366542,0.581190147423241,0.5446802756830333,0.6270941527756777,0.3427440853104935,0.513675360818927,0.4579984833618844,0.44517317643189747
2024-02-12,0.6225337520263216,0.5879608596988851,0.549887967617911,0.6197642080221263,0.2712663871373449,0.5233555332520086,0.4631762719933074,0.3866112023922782
2024-02-13,0.6269877638148114,0.623589318511793,0.5429644773164595,0.6488790378071768,0.28530632434692504,0.5356728805906068,0.4742171228783137,0.42609244022376536
2024-02-14,0.6157880841219006,0.6379789658488523,0.5509503888597787,0.6525493488566845,0.3036919569723563,0.5395700752883823,0.481989385179968,0.4449015792581513
2024-02-15,0.6111807418324139,0.6333564677897822,0.5270370882693304,0.6438503524335939,0.3197371023541527,0.5111981865645736,0.48582829232506497,0.456058192448994
2024-02-16,0.6099654728641317,0.6306658172240177,0.5219193294406854,0.6433901326390795,0.31459819686889096,0.5181600662703781,0.49386427532289406,0.46776831513362543
2024-02-20,0.608081932282738,0.6286755932181194,0.5321533870187577,0.6480198378441726,0.34042410759164476,0.5131532206846479,0.4917607472198388,0.4565735345120049
2024-02-21,0.6053144816896222,0.6290470870930789,0.5413041061719847,0.6467701103385965,0.34847318118591497,0.5092381785033137,0.4907016538054194,0.4556195418421491
2024-02-22,0.6103002804992845,0.6605669143740452,0.6163256842341366,0.6751820865962471,0.3536796108710709,0.5032185633120616,0.5058130402969584,0.47544602595259944
2024-02-23,0.6098688127282224,0.6636926584987581,0.6184164340298788,0.6790962697563208,0.3565355169906178,0.5030990561202884,0.5036044645257624,0.47119243807553784
2024-02-26,0.6142902292457082,0.6731444584899579,0.618004823276135,0.679018251014957,0.3401278615013542,0.5069159779080015,0.5061332994668446,0.477016064838601
2024-02-27,0.6101945601155264,0.6736015232031841,0.6171408512971372,0.6760760976879386,0.33904896413002245,0.5044295380983148,0.5046149153840772,0.4791093555906009
2024-02-28,0.6110396745340649,0.6740121118787286,0.6353408732112865,0.6790908391371463,0.3372543272971045,0.5176723017359667,0.5132782572901587,0.4753060930698702
2024-02-29,0.606452466521452,0.6938457409205073,0.6415403899424073,0.6772239729665632,0.33932565863005515,0.5235160775691848,0.521373684161787,0.4750732844282993
2024-03-01,0.5858210661084408,0.6844871376993183,0.6409355249707765,0.6693035433786946,0.3365757223673179,0.4961822512801647,0.5195826665770739,0.4663738904072705
2024-03-04,0.6072846655876212,0.6919310433075758,0.6329894037976402,0.6766264149399889,0.3405222824484525,0.5023759735624774,0.5204335311973883,0.4585844296169307
2024-03-05,0.6304050933045322,0.704270097515176,0.6138393370659629,0.6841170824845746,0.3685841854118822,0.4961120863459222,0.5271214833696746,0.4071174212127807
2024-03-06,0.6210412864652135,0.7001514273205125,0.6137999320525054,0.6753389041331412,0.35619395909359747,0.4883295429117947,0.5224152291225419,0.41072848280412433
2024-03-07,0.6163113908205433,0.7071855313707043,0.6217450096111445,0.6816339705715785,0.36119497070253065,0.5096066863960663,0.5290149515223832,0.3663265396476791
2024-03-08,0.5938655412965705,0.7192729018623399,0.6404224573872818,0.6931134745533187,0.3681535405297207,0.5019452157146149,0.5449556019857543,0.3646635905089481
2024-03-11,0.5777811421140447,0.7190581162770658,0.639139194129899,0.6888224150248438,0.36485273642938537,0.49566717901278495,0.5382182515617336,0.36281776561396717
2024-03-12,0.5581803321509676,0.7485149417241288,0.6683704019164831,0.7017831178011567,0.35784983345597954,0.5078836443986687,0.5648170482064793,0.3782573929331588
2024-03-13,0.5596470674984393,0.7871292473166448,0.6708329146787422,0.7052678588771233,0.3648006155388957,0.5043725137671582,0.5689950423806017,0.3760474442529734
2024-03-14,0.5470671232539517,0.7745412633202531,0.6764410076938794,0.7224181012159148,0.3837051735005934,0.4936794414999115,0.5749894945823792,0.3909203840989923
2024-03-15,0.5438220732246815,0.7854743931106731,0.6691438060705459,0.73502325113143,0.36257474107253695,0.4985344568946462,0.5769886149657552,0.3399433437823637
2024-03-18,0.5441287122787108,0.7861207668493657,0.6773676151737402,0.7369307073754571,0.3639305081961074,0.4963528909742864,0.5788848695542104,0.33917943688314117
2024-03-19,0.5438923542587564,0.7950509005912615,0.6639052507368938,0.7420697415068053,0.33674191453849583,0.5368735046033806,0.5871075142145671,0.29826947620928046
2024-03-20,0.5596632237861843,0.7964112933868723,0.6601283854749235,0.7432381571600137,0.3345176550286501,0.5344456548219053,0.5898292740768357,0.3115457892951806
2024-03-21,0.5003464158073725,0.7959526412442361,0.6615239576308191,0.7430495426762153,0.33271750345005763,0.5314802724395332,0.58994688098815,0.3128562432995775
2024-03-22,0.4942895869504792,0.7985117739457368,0.6532786434192649,0.7427148629243769,0.33050595392406074,0.5159063691399542,0.5905506605793542,0.316979730998669
2024-03-25,0.4967994451489737,0.7987875982225267,0.6528650422836629,0.739340421182805,0.32386992032325185,0.5186828783702118,0.5932424379045546,0.325365225988768
2024-03-26,0.4995659006110562,0.7998724273229706,0.6531313375706165,0.7403961162239557,0.3099920631196026,0.5162058435905599,0.5950678843267596,0.3236251598417088
2024-03-27,0.510626018545454,0.7925389396381279,0.6211667746325956,0.7374756312678352,0.3132565152326748,0.5111437794948898,0.5816730699324287,0.3398631403655264
2024-03-28,0.49953887105577727,0.7884632929526361,0.6136012276519122,0.7324762931595924,0.3208646277989439,0.5056787719984696,0.5749681873558469,0.3640578534666045
2024-04-01,0.4997950323558233,0.7880218105790429,0.6099879871908023,0.72836070372057,0.2996729743247435,0.49516612394517817,0.5733604682590767,0.35755081316568094
2024-04-02,0.4966290493985042,0.7884042946628304,0.6159514108894846,0.726912717051389,0.32290893237489876,0.4909372156486324,0.5653693241019572,0.3586040763347068
2024-04-03,0.49491701511409103,0.7881403885800183,0.6166138348876946,0.7255981893752212,0.32142059576804843,0.4911620820677926,0.5643532090637112,0.3589746580758796
2024-04-04,0.4552185877503681,0.7735449364527182,0.6130083539399396,0.7186999504297094,0.27661166985472996,0.5033244808671072,0.5460297168593155,0.4213216393224937
2024-04-05,0.45889602124976997,0.7818353008964886,0.6174814510279768,0.7371344676039318,0.2453097573299352,0.5168071541209356,0.5527135581910857,0.4275753079378048
2024-04-08,0.45579584420539815,0.7826499363323154,0.6151347164891652,0.7353568396308456,0.2358573932048894,0.5105387224907546,0.5479231066600214,0.42817535896003556
2024-04-09,0.4530391860690535,0.7843929572539953,0.6119061487446527,0.7385608340973279,0.2316484079388265,0.5086789264200794,0.5470464768161747,0.4237714657890472
2024-04-10,0.4627776361975312,0.7878292818426978,0.5873759950728976,0.7254063477618062,0.24775092598073598,0.5042519511703522,0.5357081820635501,0.44557124303414064
2024-04-11,0.4589553468781157,0.7971064581784799,0.6069798286470004,0.7261528883295567,0.2592398237653758,0.5119384484959042,0.5281048129572193,0.43161945757316433
2024-04-12,0.41468304622069563,0.8039549347617816,0.6160442481498035,0.7289818188783375,0.2620756552017481,0.5117818962307511,0.5399468347772812,0.4772143640966199
2024-04-15,0.42541206897172523,0.8115115489236502,0.6245953129952083,0.7327563192060155,0.30978789505308696,0.5201149057611635,0.5468513800954206,0.469542425795021
2024-04-16,0.40672376243900116,0.8078894732762276,0.6118121101400339,0.7354206151311009,0.3137530860870902,0.5089724199092271,0.5464337406057298,0.4533423453254312
2024-04-17,0.4107985719995145,0.8125644433996563,0.619181210207156,0.7412621328751472,0.315800146718498,0.5013280091212559,0.5510065861340041,0.4565535806848008
2024-04-18,0.40990442397562954,0.8044482651501089,0.6191005553894533,0.7405248948591806,0.3179288034565757,0.49905938832430335,0.5473464362025965,0.45797420084161783
2024-04-19,0.41828688591236723,0.8107843801932627,0.6235908083018243,0.748168490749192,0.32222560112962373,0.5057667448749376,0.5612670901899987,0.4012580117351598
2024-04-22,0.42472628459118184,0.8072233678246928,0.6339688519330252,0.7516001334769165,0.39448924973383304,0.5067125071388714,0.5545501929486208,0.41104191987983807
2024-04-23,0.4313223826025655,0.8129954899589414,0.6396770973387648,0.7541545980877805,0.40614341014586824,0.512316540657503,0.5622456483114858,0.4236535600085823
2024-04-24,0.4290652394440985,0.8084540400785583,0.6336349316136914,0.746740615153179,0.3357681199706733,0.5091205415708379,0.560420026016901,0.42518878648497427
2024-04-25,0.4248337509955529,0.7992680354214393,0.6195256362045095,0.7506110110933589,0.31384813580399995,0.5134163263763578,0.5333752534582736,0.43591070022903283
2024-04-26,0.38804228925918194,0.7879902993254432,0.6329585898913189,0.7454790493368318,0.2941522677060789,0.43753641998500914,0.5237542720735372,0.41336573652816383
2024-04-29,0.36869661943764936,0.771590097480854,0.6331296001264526,0.7363079414175042,0.27861465950804626,0.4166402503276937,0.5197245090955896,0.43384460801513053
2024-04-30,0.4092447778142895,0.7846875537509178,0.6162946548722885,0.8045487892659905,0.3250778364871882,0.43653990862026104,0.5543173595437744,0.4419707700935154
2024-05-01,0.4219503616980499,0.7650556620944059,0.6366065940536849,0.775075883703567,0.32234204806261163,0.4382345660220587,0.5396198804308473,0.44091081794140247
2024-05-02,0.439196473248479,0.766168380416636,0.647103218844586,0.7853962291602967,0.3164912445674908,0.44547059134392064,0.5418934774803307,0.4309469094974316
2024-05-03,0.4758716553072374,0.7719594330410788,0.6487992016749403,0.7800233571267735,0.3115967627647454,0.4360809892769878,0.5420663629157513,0.4085071891390716
2024-05-06,0.45683025246001735,0.7781163786203051,0.6552051685332025,0.7827322127236702,0.31822860093948063,0.4329987549396666,0.5546846364506732,0.413261184436418
2024-05-07,0.45628338906097404,0.7721736194492982,0.6493492749122814,0.7849546008741344,0.30995379101256315,0.4259942269940493,0.5588658811195937,0.4146986869644384
2024-05-08,0.4561056259967637,0.7753301780366463,0.6493317588427844,0.7880444103464341,0.30973988847311446,0.4251612848667758,0.5580006844650891,0.40673194186255923
2024-05-09,0.4529642559592981,0.7633896444466716,0.6536717029044599,0.7782956819774365,0.2961256947435773,0.4104023033075453,0.5521519657507911,0.39855420492624405
2024-05-10,0.4621002619876764,0.7617832100798122,0.6514135412397584,0.7696151201460688,0.2859408697759947,0.4105602887835616,0.5420651204151395,0.3922014255284067
2024-05-13,0.4600999296816094,0.7766304159160639,0.6648879898687268,0.7838903375108097,0.2688287417589411,0.4353119971079317,0.5341050787163434,0.38044696065561084
2024-05-14,0.45799598270029473,0.7765820579674018,0.6666652724485634,0.7839961610703242,0.27579829867595906,0.42910227041710175,0.5298225987754458,0.38117383385947234
2024-05-15,0.4646822606218117,0.7833933761393244,0.6660470850509627,0.7501451577404402,0.24855548560196955,0.43527576047469274,0.5398010219951725,0.3804040407220651
2024-05-16,0.46429861637807374,0.7842143387379336,0.671247887925734,0.7516040760955258,0.24699493717602053,0.43260611625577866,0.542178335678031,0.38046364938131455
2024-05-17,0.4638248357786217,0.7715127555479688,0.6108624681263839,0.7236473906348476,0.24389380616875062,0.44339568417828,0.5105960270972718,0.36835100340317267
2024-05-20,0.4655086993044158,0.7675178666617304,0.6089773346112416,0.7215330051492362,0.24429122937669692,0.4435985189169958,0.5101046269801082,0.3273834509995798
2024-05-21,0.463226811768699,0.7656943125363658,0.6112546585164725,0.7209192138491783,0.25919509878619457,0.4418954267325144,0.5076248408421475,0.32564282325690364
2024-05-22,0.46551299522218376,0.7623145083650926,0.6129270918852231,0.7232616474742236,0.2646017673116346,0.4446804723025369,0.503003819055258,0.3289778881233367
2024-05-23,0.4783498629646067,0.7647708753631847,0.5185840330367839,0.7272247617576859,0.2791680930116804,0.45562695863953356,0.4999187929975484,0.3372272083816769
2024-05-24,0.48841430453615303,0.7669346862805513,0.5212990460839761,0.724297166780407,0.28815855984680433,0.45382521600525355,0.5058373684573189,0.3458537288682267
2024-05-28,0.5046519205056398,0.7710825421853164,0.49558485813881203,0.7220434354766176,0.28842490671172666,0.47662923364560444,0.4942406432673188,0.35772727540115484
2024-05-29,0.5056062152152333,0.7677779332342698,0.4963591053032058,0.7162777950857947,0.28829050352292135,0.48420866867624845,0.4966181546579894,0.3657825935190868
2024-05-30,0.47253018947956205,0.7508040257998676,0.5194838486605068,0.711095507616098,0.25938006688589793,0.4931577741450655,0.49583793825721545,0.3799684391411239
2024-05-31,0.4790386312107762,0.7468092870598466,0.5011720490454125,0.6752133024783187,0.2626498920592468,0.4967857539909898,0.48704299430901227,0.3917382290658566
2024-06-03,0.4903626452417536,0.7381335788595016,0.48098372143559537,0.662318583562243,0.2591025868094081,0.4862199763668699,0.46602062152826373,0.4141327622979609
2024-06-04,0.503482164874589,0.7358013393178497,0.46910878671176903,0.6591590473714513,0.25305757618680935,0.4928038589018106,0.46247440668606815,0.4131044576926272
2024-06-05,0.5065170643616288,0.7454301503323612,0.48823434445975916,0.6692369200439826,0.2505012081796991,0.4938943547389165,0.49574227054974185,0.38365074048368586
2024-06-06,0.5134721233060776,0.7347430052073032,0.46397805491086846,0.6435753605622546,0.2544456054049166,0.4994953465445293,0.4771903144023841,0.3788787808425989
2024-06-07,0.5076207098884288,0.7351402744787869,0.4631116492859884,0.6478705186606675,0.2517024851804352,0.5019462139571863,0.47618529525951453,0.37491432779778433
2024-06-10,0.49564770567374944,0.7722702067892687,0.4616854771284156,0.6576872027199903,0.24274198289877236,0.5135624068049877,0.47665731096564984,0.37091032141175373
2024-06-11,0.4462145158984143,0.7596540042546245,0.4633217959200098,0.6402630734362462,0.24916702751480543,0.5038640260037962,0.46946070382614613,0.3829026818429123
2024-06-12,0.45971284802271967,0.7669859247185167,0.4738108801709281,0.6334612746770196,0.24955267105641354,0.49825909765393345,0.4595515689739328,0.3519908601338414
2024-06-13,0.4563605591541158,0.7649101552536696,0.47322821466005044,0.6180146932449438,0.25667029883561493,0.49849104684110357,0.46019274379117614,0.34965905465071867
2024-06-14,0.44895187068383824,0.7633439022755795,0.475836049799069,0.6111138533270577,0.24573308513197192,0.4949831409110265,0.4508619043838158,0.3378916377412254
2024-06-17,0.5021825260775475,0.7673849718583629,0.4628974886488005,0.6084680104642375,0.2682646327894237,0.4958257311554606,0.449890300433275,0.3388380101479089
2024-06-18,0.4962376471114145,0.7639344427383963,0.47158835234605556,0.6072333369629207,0.2641450705501804,0.501268919486893,0.44709935901108133,0.3370968632544423
2024-06-20,0.49602790743338165,0.7639524631967005,0.47693330538511364,0.590315474090894,0.2707180051565301,0.4958596733860928,0.4409791590601014,0.32668457513829674
2024-06-21,0.49964124738429716,0.7474128011079159,0.4825237950931578,0.56442820249004,0.27343140181329795,0.478874039645673,0.4435675078417324,0.33674918826192146
2024-06-24,0.48831123961569173,0.7592070534887725,0.5084321589808092,0.5638157393878783,0.2703426699567402,0.48696508243618086,0.44656573314964265,0.3082989929864236
2024-06-25,0.48903306748507264,0.7601434944339094,0.5080007231743441,0.5651506915260193,0.27393612896260616,0.48925379850286294,0.45080290688631064,0.3061877682975598
2024-06-26,0.4848389264779936,0.7679396223640683,0.5075099916321931,0.5375333935097902,0.2715258604885591,0.5080410201064649,0.4555732874389382,0.30387781093223143
2024-06-27,0.47958803157223395,0.7657358531893496,0.5013916516446796,0.5331965270664306,0.2526245519698283,0.5050027632881497,0.4706484602283191,0.30659177042094754
2024-06-28,0.4859746793409599,0.768334651467213,0.5027741840197304,0.5393249806789616,0.2516479967750999,0.511020580903662,0.4798901508395552,0.290609015976715
2024-07-01,0.48195464035436847,0.762705710707547,0.4851075040126457,0.5253294478292915,0.27208504313560655,0.4805234605397466,0.510158796734551,0.2709298934516106
2024-07-02,0.49534282600231094,0.7539937596505578,0.46883178084111005,0.5109894240891459,0.3274374437727641,0.4800097506912785,0.4945354171337171,0.2740678369727577
2024-07-03,0.49579537482353886,0.7536631402443987,0.4732277256123915,0.4981821956109328,0.3385911168173356,0.48166179394305975,0.4952180597718108,0.27295722284080287
2024-07-05,0.5014802131923228,0.7563287266557128,0.46241166813999296,0.5026908785308278,0.3417773269913927,0.4892670128120019,0.4966468812808502,0.252775296751754
2024-07-08,0.4906205098507656,0.757463857800894,0.48617353245929107,0.5162329859113914,0.325300971092658,0.4903214604728117,0.5134811222203468,0.2418029810117543
2024-07-09,0.47731678824873924,0.7447739746144142,0.4759716864273253,0.5076776198755698,0.32167077242478065,0.481431726753997,0.5134906873452878,0.24352171294932567
2024-07-10,0.5222002604448414,0.746186578474282,0.46750375616425477,0.48564706293860777,0.3019031508242151,0.47871556672528076,0.5024539470361937,0.07250672778062925
2024-07-11,0.517684781762512,0.745912155927245,0.48473009470938394,0.49845946285998965,0.3048411736275899,0.48668216595548924,0.5162032120954556,0.07801941055472071
2024-07-12,0.5164391096070678,0.740036507812819,0.48962227046337653,0.49210445511564416,0.30393107312812023,0.4780010209328913,0.49275923101221186,0.051526461235852535
2024-07-15,0.5083957469286631,0.7386760633388313,0.47240547665361105,0.48000426740627583,0.2987908762279984,0.4906508485083678,0.4891371946349851,0.044356994963412714
2024-07-16,0.4996415741022115,0.7201664216878608,0.4632350679728125,0.47340598758316793,0.2905918951246399,0.47635653784609716,0.4914260326076847,0.060117624360417087
2024-07-17,0.5246635051270899,0.7150734501829566,0.47199534791562253,0.48636595462536025,0.30488446700618993,0.4803932826566297,0.5205150612608817,0.06754644553406472
2024-07-18,0.5502387941640785,0.7203492150401662,0.4337157021827282,0.49819460293541534,0.3330262835297209,0.4902151720846237,0.47442339820548257,0.10683098441034848
2024-07-19,0.558382936782606,0.7139863292493482,0.43401944426518946,0.4871840083644637,0.35392789134113606,0.4817674011806866,0.44627593477579064,0.0850012727947101
2024-07-22,0.5428417897439943,0.7213380448378531,0.4500535462683559,0.47208072120793365,0.41137410957107484,0.49705289779682654,0.4574832679974565,0.08677854522174665
2024-07-23,0.545573257743803,0.7188027700105954,0.47189665530788144,0.44312747665696683,0.439246298457262,0.4879416599400685,0.4924358909988203,0.0880304602403882
2024-07-24,0.5996530681599544,0.7598897306791732,0.5205070228753519,0.4819395984782758,0.5672960527938277,0.6285375011424358,0.5825379594431217,0.12429089470061516
2024-07-25,0.602027469398232,0.7704046954074791,0.52647336952873,0.48208238958303556,0.598052023962205,0.6787800338789267,0.6044557869598578,0.12577074115500617
2024-07-26,0.573630967854057,0.7497127858172634,0.5231331950705991,0.4406767065650751,0.5575133504991326,0.6481107808401985,0.6366665359958883,0.12803864487826258
2024-07-29,0.5708209079875107,0.7719253435032919,0.5169882763937371,0.46993303393166497,0.5419309983658273,0.6490232420664444,0.6560229749224936,0.12851491821504837
2024-07-30,0.5586234110023965,0.7759126701294329,0.5193956985884854,0.4536310303484082,0.560043303729594,0.6301987664313096,0.659104204923953,0.10849709752167815
2024-07-31,0.5283812033389302,0.6889317258114745,0.5642735997435426,0.49175923200240257,0.5812368120935902,0.6292030762842035,0.6593991087042916,0.08580778904970052
2024-08-01,0.5751024970968561,0.6593472270701087,0.5877387491384207,0.4972264191469024,0.6104618830205152,0.6174624160175702,0.5093226251447794,0.13820312031336476
2024-08-02,0.5284425867056646,0.6852062730792886,0.5764330623219531,0.5799237525316352,0.6267276822623479,0.6489980289588317,0.5177349331105302,0.2530131050531341
2024-08-05,0.6134344627436608,0.7271310126201292,0.6023201207760174,0.6203548406323781,0.6204360479062913,0.7108030383094625,0.5274112417269899,0.3115255296113861
2024-08-06,0.5901318947695678,0.7309276424168829,0.6187322990841182,0.618726562132929,0.6262388234559163,0.6968009823319163,0.5401524006154361,0.32821814710030267
2024-08-07,0.5805186082395969,0.7295956128575499,0.6238885562753316,0.6112520728867057,0.6350271880892214,0.6901096577220144,0.5429101271244857,0.32579133110266956
2024-08-08,0.5834764097386679,0.7210192318881863,0.6397144988684226,0.6174465334751088,0.6337317830315613,0.6979155398910853,0.5792300752729437,0.3533063882162783
2024-08-09,0.5850002446775925,0.7209788493909373,0.6374608891887709,0.618369360246631,0.631413325945281,0.6980028380906939,0.5803156973211606,0.3517945025616248
2024-08-12,0.5826376812644081,0.7127723700610082,0.6281276881403708,0.6334070748579842,0.655923735313164,0.6915598465398932,0.5728901838666304,0.35360722335065126
2024-08-13,0.5886511752435087,0.7233482903294111,0.6438736687352236,0.6432313655700678,0.6677564606507089,0.699366681782476,0.5830343638505523,0.35942868858681076
2024-08-14,0.5884519420411495,0.7241826745994189,0.6474471726219289,0.6429846664529207,0.6586124522907462,0.6818636542469635,0.5817815769783194,0.3614397904378768
2024-08-15,0.5892572102949785,0.7285944843645653,0.65258267634684,0.6662663115913148,0.6745709678191837,0.6767362650745677,0.5880393841992848,0.39650524697344314
2024-08-16,0.5891679193129546,0.7268787128162649,0.6528411934934851,0.6661731532242517,0.6838091450212541,0.6753664258044548,0.584042317128052,0.3984311717620798
2024-08-19,0.5799522199873709,0.732152346846719,0.657468736436155,0.6670974924029053,0.6867910511214426,0.6803157030190669,0.583066172595872,0.3991701023987565
2024-08-20,0.5718652844258549,0.7244633043610966,0.7187520388918084,0.6633436362381089,0.6824200438817115,0.6736904775231632,0.5837468977138659,0.3951220654713719
2024-08-21,0.5670403527888642,0.7218308231098639,0.7173121882990469,0.6667386071354805,0.6802993981728144,0.6681360725441917,0.5807346750981174,0.3880682050094629
2024-08-22,0.5712254947846999,0.7265845333474527,0.7386998188047538,0.6734415728553917,0.6870171166939163,0.6736778477374429,0.581400362998437,0.3753580554471078
2024-08-23,0.5752163904189989,0.7265644664837774,0.750664546307751,0.6758516819591609,0.6947905197091877,0.6803171882294492,0.5647986740250203,0.37381536825160855
2024-08-26,0.5805003240943104,0.7373651742906469,0.747866803616031,0.6734700501576807,0.7036015629069243,0.6727180694393513,0.5614720619038627,0.37941302848049235
2024-08-27,0.5824091251313567,0.7407192955757658,0.7563728333738869,0.6899451249192322,0.7086647969856501,0.6725965859155686,0.5661197655866883,0.3696661749986441
2024-08-28,0.5859675026786071,0.7431088098029722,0.76694732993886,0.6943596750525659,0.7105207459958325,0.6758289641757009,0.5711449129107332,0.3648819186388598
2024-08-29,0.5825796417639368,0.7421390577101847,0.7519011556717925,0.6931219646503103,0.7110555638157455,0.676027777459454,0.5710818203387652,0.3685437290458269
2024-08-30,0.57340143934579,0.7380430867245016,0.7451493876585882,0.6963893797161874,0.724203134274434,0.6765420221310744,0.5568055884285161,0.39913857501954336
2024-09-03,0.6002539537367975,0.7484819658460973,0.7679558963628855,0.6937097001308168,0.7110006505467225,0.7057757620680339,0.562513395312916,0.4339368951634057
2024-09-04,0.6044333265304969,0.7482734728222139,0.7685802559272613,0.6932049120912306,0.7010185250253119,0.7069267341809444,0.5617779117415768,0.44165140267388486
2024-09-05,0.6159871290039265,0.7487844921393536,0.7658578563990658,0.6766392116260616,0.6936941435120286,0.7028059573858887,0.5589586934688693,0.4445902326841611
2024-09-06,0.6972956905329443,0.7587525741822202,0.7686616060280316,0.6926832439623242,0.716034489828543,0.7215055813038763,0.577483728351325,0.4979763821610469
2024-09-09,0.6879989910268651,0.7615130004129388,0.7694015400688025,0.703384189155563,0.713628694929183,0.6962377084080186,0.5799352123085416,0.5354078060063366
2024-09-10,0.6842707381403231,0.7531444172672865,0.7727009359094792,0.7085011029012998,0.7142571047665532,0.7014600300593721,0.5814471701732747,0.4498042591843796
2024-09-11,0.6903579318225114,0.7571920218216647,0.7757673856740347,0.7142326869181601,0.7131975739102184,0.7094762302617538,0.5851191910112092,0.45289186790991665
2024-09-12,0.6830295399741589,0.7570489050251165,0.7818586127760176,0.7186229096068282,0.7070960185226106,0.712793667096202,0.5914669411424881,0.4449802573904549
2024-09-13,0.6876159335165911,0.7600441243651257,0.7825491235068088,0.7180637961764046,0.7082313965120575,0.7173157833896407,0.5941899761706824,0.4350622417951596
2024-09-16,0.6672402277513927,0.7603964511834892,0.7812283099623444,0.7251797773907953,0.7055773888297461,0.7219037638213924,0.5943942583906003,0.4366787173704693
2024-09-17,0.6653402855394812,0.7685235245475178,0.7799496367053813,0.7347103054915973,0.7080292182103909,0.7401054190378197,0.5919386795577439,0.43248090074050777
2024-09-18,0.6519369589634871,0.7681919595091595,0.7882388716928943,0.7344250314879371,0.7081446260146242,0.7378772675320671,0.5940760091640326,0.4420838572510882
2024-09-19,0.6701756789561657,0.7765478998511405,0.800062953931215,0.7364310307486767,0.7199078517535843,0.7507277696654167,0.6120873745093819,0.4550673208539936
2024-09-20,0.6780713192893323,0.777862578902566,0.8004802307370489,0.7477178932871823,0.7269065188747652,0.7405299483632686,0.6095048960824454,0.4533605396639277
2024-09-23,0.6742812148627122,0.7764638763649173,0.8024513646281884,0.7524072869829639,0.7231485004173511,0.73873357843707,0.6102640412754184,0.4535914206939544
2024-09-24,0.6743938068956943,0.7703170821661491,0.800204188007797,0.7527572851535583,0.7243675803010915,0.7383833189723382,0.6097738925789572,0.46483982463467083
2024-09-25,0.6914615469109299,0.7804027885923205,0.7951240554106483,0.7572269660490926,0.7304748778794709,0.7387258500596533,0.6075001739949342,0.4676986558015806
2024-09-26,0.6900609253307647,0.7782843735730918,0.8010751168620401,0.7526481558391654,0.7393625396594743,0.7373442472510541,0.6052176808026104,0.4617355466103701
2024-09-27,0.6889155603381384,0.7776180933795442,0.8028965632802638,0.7574734164125012,0.7411341855447853,0.7326780579979355,0.6063165055790969,0.46150914847865465
2024-09-30,0.6845360554066614,0.7792215053036425,0.8092519780028774,0.7525403048300828,0.739794633432069,0.7366216285653132,0.6207739577971991,0.47979227534567964
2024-10-01,0.6880657238742536,0.7817940256163208,0.8128881755090908,0.7508609761496993,0.7392620872757206,0.7223375751153762,0.6179306829794219,0.4892857377092599
2024-10-02,0.6880577613119788,0.7873028851349886,0.8138641466799199,0.7508351471251622,0.7387751227724773,0.7218408964913566,0.6172154600973776,0.4910518619463611
2024-10-03,0.6826643307487005,0.7833510112268031,0.8042063344525595,0.753063723026703,0.7408084287082001,0.7174088117119365,0.6109077012073822,0.4940708540185243
2024-10-04,0.6782655541996594,0.7792473007129199,0.8017793733718482,0.7528029169702326,0.7472573849942676,0.7158882103762231,0.6120377656506539,0.5049245139481422
2024-10-07,0.6815470115608624,0.7858174582171358,0.785050162487441,0.7597243611346538,0.7494019903051473,0.7231949288579724,0.6460294474428716,0.515077528933118
2024-10-08,0.6903447589399856,0.7888840675048636,0.7892690053373094,0.7637306409998418,0.7492828068968833,0.725594107423528,0.6511434959418824,0.5152282668910243
2024-10-09,0.6930068759617353,0.8012565244858315,0.7927522984383999,0.7663556934030505,0.7413781249912754,0.7220999479346439,0.6567825341865209,0.5158761167103747
2024-10-10,0.6805367945386284,0.7981541182562439,0.7820058113529516,0.7567713437371306,0.7389828746426471,0.7172909019833966,0.6466291012524824,0.5542969466095404
2024-10-11,0.6692283929859661,0.7970482466794765,0.7950379221589516,0.7546354206492827,0.6910190680456969,0.7147694093690857,0.6822777706998489,0.5355401284867738
2024-10-14,0.6761215668324059,0.7974270376370075,0.7943327946308424,0.7479710075858973,0.6866734261361728,0.7215507713890951,0.6795215368694202,0.5303331854181669
2024-10-15,0.6658719297509444,0.7892216355713488,0.7937057212309646,0.751346284921067,0.6752606414461346,0.7078426900586001,0.6765739717524554,0.5262599494929895
2024-10-16,0.6606885100855832,0.7879782732489881,0.7934454293049344,0.7594154333924967,0.6754147694692343,0.7079985610473131,0.6635086590516159,0.5271510042331264
2024-10-17,0.6302755767241939,0.7618062117846621,0.7791915328715976,0.7497602012804152,0.6318927783370785,0.667865015675237,0.6180404359650747,0.5298588383564905
2024-10-18,0.6286204721199241,0.7704421357475486,0.7779708483084005,0.7501639949069401,0.6417374987507017,0.6716293489114565,0.6121863384399239,0.5316859854867068
2024-10-21,0.6303086900857972,0.7641972103073611,0.7723658119734647,0.7474599444141954,0.6490258729694615,0.6768353524855841,0.6039075813443875,0.5241168109069518
2024-10-22,0.6305777759210157,0.7372771590960671,0.7732690749244225,0.7470865035185261,0.6643464393577818,0.6815993733760206,0.6009158055074676,0.5234469034913772
2024-10-23,0.6432352857320371,0.7366672114403188,0.7835766001569371,0.7519492868242763,0.6634240439683603,0.6940462237196504,0.6081942288185502,0.5459476607651166
2024-10-24,0.6351473613895962,0.7861390379344771,0.781223301748472,0.7424011751787624,0.5310514704520528,0.6957001779581082,0.5945541546660605,0.5825726372004214
2024-10-25,0.6221622553364548,0.7916454976980097,0.7688791977390856,0.7396562569536635,0.504579984728255,0.6944085721229363,0.7292036051081306,0.5619075128931965
2024-10-28,0.6664002016539898,0.7736014481029619,0.7772118266951702,0.7398873401682546,0.4834758284666721,0.6760054265646249,0.7180768569056946,0.5098724782047915
2024-10-29,0.5729551187232325,0.7136438658011848,0.7632563443255392,0.6925546787753323,0.47268759139692246,0.5894917604467211,0.6882506857101289,0.46683918159566845
2024-10-30,0.5999568937499223,0.7067578505453557,0.7609803682557899,0.6866516290418426,0.4757287461350607,0.5618769686938199,0.6892081012202631,0.44812592911434845
2024-10-31,0.6459667740583969,0.730314847918624,0.7677321999491601,0.7260077405300911,0.47103151212143946,0.5936228661230606,0.7244234575785465,0.46327570067889107
2024-11-01,0.6227173117654745,0.7438246879371391,0.7556674392317051,0.6826817602906277,0.46466405117171633,0.5771966821426409,0.6864676635665503,0.44076518300316264
2024-11-04,0.6229218453170684,0.7436339486895371,0.7572089488697029,0.6835046974896695,0.46743481029400913,0.5771350835422226,0.6869268290184212,0.4414132727451557
2024-11-05,0.6244727487517019,0.7429486749685701,0.769003969121292,0.6887500767126222,0.47542010380433297,0.5726883388577456,0.696789123867129,0.4450481735975018
2024-11-06,0.551429794894823,0.7433950995395592,0.748508319896683,0.7067989569060986,0.5368847832026489,0.6234233718935417,0.6253894465420949,0.553396752493149
2024-11-07,0.5570082640957635,0.7464147540965367,0.7502131928416002,0.7102073340460521,0.5461393787590094,0.6499706763241266,0.6271280056340244,0.49490487747424844
2024-11-08,0.5432419880522119,0.7430978149275151,0.739601696210812,0.6808852482319114,0.5267208181260525,0.6486858415296709,0.6106624946474714,0.503623251457415
2024-11-11,0.5398054788314223,0.741801564350883,0.7377830308075999,0.6810303965805482,0.5120082289432597,0.6466436884907167,0.6204681001570534,0.5027430160023671
2024-11-12,0.5443108420514576,0.7253352303185657,0.7221352182641969,0.6772250577325614,0.5116495499125187,0.6322017762787662,0.621834225815937,0.502303073297196
2024-11-13,0.5454954875596788,0.7301674966541445,0.7209692298999332,0.6680374539251331,0.5108061739483333,0.6280332482125095,0.6193336760534965,0.5008324720375795
2024-11-14,0.5194934909268363,0.7205966267219949,0.7145580621211617,0.6721195979669511,0.5208614457071229,0.6409336033004641,0.6211359814738596,0.497073180196688
2024-11-15,0.5284991652041697,0.7300884134859248,0.7158642151072413,0.6845131227160984,0.47948979805568803,0.6472745891164357,0.6441344377271835,0.4780185258060571
2024-11-18,0.5232355120372859,0.734808933556006,0.7014465135830403,0.6858394762756015,0.4735825348075263,0.6441599271638143,0.6638850453017123,0.4766390459804449
2024-11-19,0.5246530383672647,0.7345498443597547,0.6952499583610494,0.6855405340191615,0.4722553408542692,0.646044656501653,0.6640271168413435,0.47364103886169556
2024-11-20,0.5241822482163423,0.7338537041699571,0.6954729235061571,0.6895409516582999,0.47402134131852625,0.6459598716051984,0.6635815057036298,0.47294052009795423
2024-11-21,0.5177892461118117,0.7240348023757572,0.691033940964166,0.660796149368041,0.4654693211708401,0.5581561854194727,0.6568898322175828,0.48193717761543275
2024-11-22,0.5265505099403569,0.7257724298156194,0.7047767683664744,0.658278262507582,0.4662611621316919,0.5475652873867557,0.6528159959423121,0.48312282398093764
2024-11-25,0.5374031010356581,0.7233947529808361,0.6818404186026408,0.6485956926137534,0.4509460053737365,0.5437608702994635,0.6548136747563409,0.48071394267928885
2024-11-26,0.4887229075801835,0.714002560126839,0.6212427231400499,0.6578795743301858,0.4557235172557573,0.49021050789393156,0.6486404412417717,0.462718043475128
2024-11-27,0.4856152304220043,0.7163863044334329,0.621744688847675,0.6592819566798774,0.467123445531266,0.4872462028502532,0.6521036589317749,0.4613487799619831
2024-11-29,0.4960926260369664,0.7148781123956075,0.6279967206690056,0.6823789626165063,0.4830273417640968,0.48693623431764055,0.6598280349243025,0.45588833482259733
2024-12-02,0.4952848078861851,0.6996629173176305,0.6002793997641825,0.6483283226853722,0.43206628850598194,0.4158827029198497,0.6039014568178991,0.42681516722384655
2024-12-03,0.4986151293263922,0.6979247923072288,0.5877275629797957,0.6358337430501197,0.4308972679975069,0.45504052781648413,0.577701359470295,0.41601153680654657
2024-12-04,0.5008484899037385,0.7047018331875698,0.5906773729284104,0.6396290299519038,0.4293156084384803,0.46277450802202136,0.5755436314603832,0.46007673624342843
2024-12-05,0.49294758016323814,0.6828353114415777,0.5796657242770763,0.6227547373852493,0.4285376379833373,0.45499552372053126,0.5731113332525687,0.4567572184770045
2024-12-06,0.49843647973208055,0.6799833510459221,0.5700919195720118,0.6099106292214866,0.4304659517830143,0.4407143855722188,0.5554908810663214,0.4669892189986797
2024-12-09,0.47389760500068684,0.6658138507938677,0.5812601408686827,0.6167416352173254,0.43241462836792943,0.42997109514298126,0.5687894104211965,0.48623738661129656
2024-12-10,0.4974406264629092,0.6675212904523853,0.5900277799807094,0.6213356477874705,0.42714805352928625,0.35138197429705226,0.5643569773986813,0.48985846128606875
2024-12-11,0.48194324503235014,0.6761377788902545,0.5980437855771227,0.6298084746954864,0.4367379016972719,0.37050725958547137,0.5730139737690052,0.4869281906905427
2024-12-12,0.4956115350470465,0.6677042011691504,0.5990290107559314,0.6310135109226643,0.44007465693225933,0.38348503579193105,0.5758519365016936,0.4880397040364386
2024-12-13,0.43109012285304305,0.6550344300693172,0.5749143695621088,0.6306181631425584,0.4081600904907423,0.3765217436729751,0.5313555901904965,0.4878066518430028
2024-12-16,0.4322660562484031,0.6538224149953568,0.5588364426605463,0.6418063706801708,0.40572868450829,0.3884547476323788,0.5382409489169346,0.48886926541707293
2024-12-17,0.4243165342873171,0.6458109722580577,0.5624389114885952,0.6442389572558309,0.39451084588772195,0.3976380986483676,0.5414040051631656,0.49114265551371467
2024-12-18,0.4889262532121271,0.7113716347448346,0.5180749069927209,0.6954837682404985,0.4641838359659226,0.47083615641006055,0.5995531968307036,0.5344332887427784
2024-12-19,0.4856515095724572,0.7163373645438693,0.5250287296774235,0.6920707488896134,0.464907699368118,0.4696854433284062,0.6043137443145596,0.5312418876640491
2024-12-20,0.4973210666167211,0.7105672090401247,0.5352754008965416,0.696277285694714,0.44523419833597977,0.47458220264125794,0.5745989493015117,0.5415281191653698
2024-12-23,0.49649241280981854,0.7042616851010822,0.5408873113196164,0.69409364101424,0.44879180940074453,0.48084301021270015,0.5790212410837599,0.5407222348253429
2024-12-24,0.507037094992211,0.7052138060731182,0.5357741158508688,0.7054161317815963,0.46615078981648833,0.47743796428194885,0.5826581351019074,0.5476312683924819
2024-12-26,0.48678014660894964,0.6954091533219802,0.5194986912912636,0.7038868489454951,0.46256659399471367,0.48907336063459994,0.598801720415081,0.5369996261143686
2024-12-27,0.5052103765755976,0.707363799128343,0.5325688460716417,0.7094683759225033,0.4814568104560592,0.4999830661094993,0.5975298133172962,0.5397025616200165
2024-12-30,0.5219783547593131,0.7133264867822441,0.5361435070080679,0.7126520430690257,0.4905703336247054,0.5028670158349021,0.6154540599380707,0.54051230871264
2024-12-31,0.5250142913307443,0.7236922434259934,0.5342991780241149,0.7081268200561474,0.48903360938330337,0.5060357711762018,0.608327683922176,0.5283133074021374
2025-01-02,0.4937864296828637,0.7177401287015188,0.5480402600337361,0.6984014870888695,0.4792285041944174,0.49147156237004214,0.5797920264313888,0.5308371054601989
2025-01-03,0.4614509037037558,0.7161020030607088,0.555532617996548,0.7024047455609245,0.5005927438583518,0.49392133386459125,0.5745806839335674,0.543262333995298
2025-01-06,0.4554727350063305,0.7173652124424695,0.5650273851227102,0.7027405382203352,0.5070055919029484,0.5196912357532604,0.578387326180542,0.5289594053537753
2025-01-07,0.47008531630099953,0.7222021910426243,0.5911623950204629,0.7156883890475636,0.5175651651496587,0.5223840473564786,0.5899152404358364,0.5082380779061985
2025-01-08,0.4825613394113541,0.7244465246340644,0.5937861281943757,0.7138136425301655,0.56326126244723,0.5191531101207257,0.5830168844645347,0.504955347982998
2025-01-10,0.5082501230144719,0.7272603817471934,0.6008077405137572,0.7321945785334697,0.5587534846250233,0.5210057073474949,0.5550046437605931,0.5220889480439569
2025-01-13,0.5247063682997896,0.729979874209382,0.5870535516115536,0.7348600111030048,0.5607795070366822,0.5231655095973888,0.5479433530102993,0.5276742884917509
2025-01-14,0.5340622660241701,0.7357098786423681,0.5826431004646987,0.7390792572186836,0.5592282819513116,0.5239579660981546,0.5495351262870324,0.5270478793833976
2025-01-15,0.5620014983635891,0.7517486966298691,0.6008621285621637,0.7447698359737107,0.5782590985754037,0.5499991911406278,0.5818316191774328,0.5371104072546065
2025-01-16,0.519003970858571,0.751932719033012,0.5999045094203213,0.7435600583191917,0.5806607146982679,0.5507720761255356,0.5840369021827985,0.5350925164780276
2025-01-17,0.527575274073457,0.7548359983243255,0.6304448358816277,0.7488520480451183,0.5805996833749621,0.5561028210943231,0.5787901323772792,0.5426625593519891
2025-01-21,0.45443177421164455,0.7629267784761841,0.6362757920568768,0.7528386492778554,0.5692163578528788,0.557770975681614,0.5810129965080233,0.5476080699676626
2025-01-22,0.44020716675157046,0.7390443436980126,0.6270450463316202,0.7479848372764136,0.5551099734528363,0.547717597314686,0.5704628735342573,0.5445766488145687
2025-01-23,0.43910111896642956,0.7376669513372178,0.6253819278130442,0.7449002684969616,0.622964022244061,0.5443037904980758,0.5730738632264518,0.5463224951142468
2025-01-24,0.44133821601076323,0.7412965790167271,0.6264703741684521,0.7463166091501099,0.6277254137582113,0.5430270245600721,0.5644347238817956,0.5487452516901024
2025-01-27,0.33973941741868185,0.7539563337863864,0.5967243666729788,0.7305271429662644,0.6368205276701036,0.570661120493818,0.5194016368758675,0.5329010225208062
2025-01-28,0.35706731607293324,0.7576827144440205,0.5995869891874385,0.7312931471896225,0.6326403584253416,0.5770968673073901,0.5320100133857814,0.535190091691839
2025-01-29,0.3493755683333608,0.7607596701147694,0.6016611508171277,0.7363432882571477,0.6342168987670724,0.5943560230847383,0.5292136358159385,0.5384268136049496
2025-01-30,0.3079810855705741,0.5892603732100394,0.5875755068857139,0.7034261525624136,0.6348335865851092,0.586204533985453,0.4823746539847568,0.5359272444652741
2025-01-31,0.32265878343771315,0.5852267419998237,0.5909848131736167,0.7337749279960398,0.6339734024757824,0.5747070435828766,0.48246437028920086,0.5375131520604065
2025-02-03,0.3392662434087551,0.5882437884972754,0.5971873894121116,0.7323334563601341,0.6395082620283183,0.5789436841933712,0.4692446386574733,0.5366917556355897
2025-02-04,0.34513906252330867,0.5876007582641276,0.5932717673599628,0.7303907308055463,0.637686921507659,0.5923738837563008,0.4593854633686967,0.5377906420980358
2025-02-05,0.3839050035779626,0.571535249447952,0.5847837818202701,0.675801982355537,0.5609867607602232,0.4679663041077003,0.50509459346327,0.4285712283780496
2025-02-06,0.3712272169708748,0.567132860835528,0.5820716181946616,0.673416265547433,0.5533407251479748,0.4586447614072404,0.4952802057243938,0.567844893178944
2025-02-07,0.3939572200634368,0.5806379352754486,0.5715125639451764,0.688937512330978,0.5632561293066906,0.48320666770945375,0.4945862023935676,0.5730806355776287
2025-02-10,0.3953847777765422,0.5857076875356078,0.5778584932745802,0.6949768529517132,0.5645450815001671,0.4837188547189831,0.49668026238700064,0.5286433508062885
2025-02-11,0.3906321923793967,0.5952374699620624,0.5844676904858475,0.6999738860621982,0.550423938673663,0.48614611697516996,0.49711894628919767,0.5243891944370578
2025-02-12,0.3772157295758622,0.5966974717417841,0.5859466406994239,0.7096224250587664,0.5430406287995975,0.49027029209664014,0.49686018110652114,0.5244264020424446
2025-02-13,0.4102142174065062,0.6025412720014814,0.5984629087405018,0.7023231327672969,0.5494148525634281,0.4883917311486042,0.4873672941178721,0.5231762900253533
2025-02-14,0.39134783446106414,0.5808976344664176,0.5883572357042074,0.6831224581189932,0.5878018956643863,0.478538650075584,0.4477162052471738,0.5742674291547383
2025-02-18,0.3872283728103283,0.5813188841332246,0.5925034705183281,0.6817785634210106,0.5870234110566986,0.47307475284753875,0.4241285297534125,0.5778714718260513
2025-02-19,0.38768227043279435,0.5797919718365228,0.5929362122494906,0.6802145586564853,0.5860716089019617,0.47166688823502884,0.41055359384160317,0.5863283724044857
2025-02-20,0.38461660410120085,0.5759087531193298,0.5889877346903946,0.6842506231769514,0.5884452020112894,0.47325194044685653,0.4164856409855522,0.5497729447534109
2025-02-21,0.3783187920740409,0.598380108301397,0.5995135928522325,0.733197877395475,0.6081705244910005,0.543296207203095,0.445603528073091,0.5528481146935988
2025-02-24,0.3724164226405703,0.5997259172356353,0.6118660738502227,0.739080336011073,0.610074406726858,0.5530485765597062,0.4559526140326992,0.5561021043261383
2025-02-25,0.3690572747235495,0.6021636408833715,0.6300219042296528,0.739028150421857,0.6183199639328203,0.5551251688774401,0.45941056587273477,0.5582438094083725
2025-02-26,0.35206715103251485,0.5989184445570929,0.6262634827992477,0.7423206322132654,0.6137417950819223,0.5497756010197979,0.45042100005201596,0.5617566698378604
2025-02-27,0.3663009093399087,0.6094189243261888,0.6518007578856649,0.7549907583168912,0.6148192677999852,0.5647745685034299,0.4743557275674745,0.5434727500478754
2025-02-28,0.3835526340719071,0.6151337381034044,0.6569888352249537,0.7561342057772547,0.6195564326064602,0.5663758936631523,0.4791314668050424,0.5701109208613093
2025-03-03,0.4002019208175039,0.6330770534661901,0.6811304004880396,0.7735286432749875,0.6199437900126882,0.573433873930046,0.5039338178218027,0.597772703891763
2025-03-04,0.40607310837486554,0.6215689495036323,0.6603809751884925,0.7717026059084031,0.6294999833604644,0.537368152662713,0.5311776677426636,0.6088918407258586
2025-03-05,0.4005961771506821,0.630019078259058,0.6544698719611144,0.7763499319610507,0.6316265022001224,0.535930425233249,0.5484069658683218,0.6172593402431161
2025-03-06,0.39155363540762106,0.6327973636356549,0.6675643388260881,0.7944489358453379,0.6515898480609381,0.5261175605672409,0.5815036870353132,0.6364577456691665
2025-03-07,0.39898118454130005,0.6231921105251484,0.6725609217525821,0.7996518705414809,0.6549707953699568,0.5269675395324003,0.5785793815128109,0.6106253389606183
2025-03-10,0.48644476866164976,0.659069565252655,0.6751406694207626,0.7976947461368807,0.7059827219065934,0.571424881633894,0.6215600201347679,0.6571880987830898
2025-03-11,0.49448481829417995,0.6533224683996073,0.6652900028718358,0.7817987807310997,0.6908701570956443,0.6144398887502676,0.6110764139918409,0.660279789440293
2025-03-12,0.4854204749834166,0.6506635063602085,0.6625642287657707,0.7807316570048312,0.6840005445953835,0.6193012829529515,0.6082509960605912,0.6551272335290753
2025-03-13,0.5068325435670081,0.6551086334579191,0.6533083454279621,0.7864272608463476,0.6840418045337145,0.6272794736686662,0.6193299590764803,0.6578637329587935
2025-03-14,0.5227199206307006,0.6755418590988702,0.6668637512245897,0.7929670151618549,0.6949877070827897,0.6342998629048368,0.641429673152814,0.6844035970898766
2025-03-17,0.520201166494496,0.671902908354049,0.6620208390117405,0.7832498168228602,0.6759599845802774,0.6310350658275686,0.63361275275257,0.6875505449462663
2025-03-18,0.525016977292395,0.6795816593071942,0.665560946487316,0.7849478981791668,0.6932280467138416,0.6363489807426337,0.6389455365472841,0.6769622128371248
2025-03-19,0.5217215236166939,0.6507407412184278,0.7025550141362062,0.7607051589262838,0.6825160640910505,0.620759123183809,0.6094423526112479,0.6505336627737409
2025-03-20,0.5230147256292739,0.6505641429561541,0.7015584801572151,0.7651567889902251,0.680660157491335,0.6211414269763562,0.6084078223869965,0.6528456400370461
2025-03-21,0.5031811569746644,0.647538238032656,0.6982672208381647,0.7599850272952323,0.6808586940138018,0.6124099277071557,0.6237227237889376,0.6411081142479503
2025-03-24,0.5089223140863948,0.644044413519183,0.6962451563512235,0.7763471067071889,0.7002372056228552,0.6221275311729051,0.6411689969388676,0.659956167875648
2025-03-25,0.502808647831619,0.6410582811607659,0.7004149248788446,0.770675034600725,0.6910191102368606,0.6200405320575725,0.6390684185406231,0.6533703331728824
2025-03-26,0.5046605725933384,0.6451297029914674,0.7074564693904714,0.7773881990736813,0.697786740577245,0.629877835727294,0.6485657810104356,0.6477141263653826
2025-03-27,0.49574127811589874,0.6383468091858855,0.7074151242122799,0.7740896467855949,0.69179964712134,0.6263463818018337,0.6486886192927348,0.6441252500024311
2025-03-28,0.5118754320487631,0.6549424586129655,0.7038080409025926,0.7893973818726215,0.6863191573912829,0.6542823446419647,0.6682167993919008,0.6569617617887116
2025-03-31,0.5175146825703016,0.6449445211565653,0.6976525578464711,0.7760720743559414,0.6801283648340037,0.6536746159828253,0.6644890625558187,0.6603579687752057
2025-04-01,0.5229893518883797,0.6432065616854313,0.7042183353546335,0.7780969387907263,0.6853805493829054,0.6546778727915996,0.6750948091536211,0.6563013680886578
2025-04-02,0.5315609270028335,0.6368000694407133,0.6960106977094797,0.774235006496847,0.6771415709513782,0.6496742592663688,0.6714358222837724,0.6530271411500421
2025-04-03,0.6702626583410706,0.6202080859322221,0.6921068113430031,0.8386946559804194,0.6440305426376991,0.6544332648109192,0.7621021161035635,0.7567180620521157
2025-04-04,0.7310236995836984,0.6418300329117762,0.6803441890445251,0.810016729210202,0.6709372666757013,0.6419261442024945,0.7592885947867922,0.832975893772639
2025-04-07,0.7177448374766177,0.6408908784192842,0.6761179034053801,0.799582564542396,0.6694727448231048,0.6418534995849102,0.7562189938443042,0.8265836287157208
2025-04-08,0.7172594294907604,0.6384426659021286,0.6717328535896397,0.8025799747721366,0.6815900701820693,0.6440142491245585,0.7689073599063323,0.8075216842460955
2025-04-09,0.8331214693158306,0.7842881978886996,0.7520903429568114,0.8681374313021074,0.7754904797093123,0.7494921482833506,0.8595775162576021,0.8304346825336911
2025-04-10,0.8353735805866332,0.7844378983903385,0.7565675387362247,0.8761137156910961,0.7806461174838576,0.7582024708994722,0.8760715887117516,0.8338965910657645
2025-04-11,0.8364790140341068,0.7837221545121823,0.7561811151243534,0.8755660544733038,0.7732016317317647,0.7580600060167043,0.8653595723190177,0.8324133554210256
2025-04-14,0.847554883186747,0.7816632356735709,0.7550398891437224,0.868583112760665,0.7738709402455215,0.7603803439376132,0.8542381579192797,0.828935406191484
2025-04-15,0.8476183753039388,0.7803968134349081,0.7524292158096094,0.8678127686695707,0.7715820297020944,0.7573626216649942,0.8537950455859009,0.8279046005879789
2025-04-16,0.867897765231602,0.7855324957475769,0.7561612036110478,0.8696751633039025,0.7756411698942652,0.7574925686117394,0.8565698538973163,0.8270831225312595
2025-04-17,0.8673302504246521,0.7984196162687976,0.7536604702761547,0.8694259875424395,0.7785671063290327,0.7548625532519354,0.8560798145709465,0.8272905058600953
2025-04-21,0.8675154567306131,0.8017427145297467,0.7567729218469853,0.8713898693282822,0.7827223636103194,0.757742846258295,0.858726232377909,0.8256035242916638
2025-04-22,0.8703817784426111,0.8067443716598147,0.7566867401007537,0.8756811573978913,0.7867754951669366,0.7666811415575434,0.8654850417374983,0.8306308079283646
2025-04-23,0.8922722933725357,0.8082387346084122,0.82084630924198,0.8792525463925999,0.7897070891758594,0.7720490608348889,0.8794429364091582,0.8378476489514554
2025-04-24,0.894541181670089,0.8154403051837675,0.8360880523927577,0.8812440445577103,0.7922268313153077,0.7758418180486581,0.8809283826682465,0.8388807494459669
2025-04-25,0.8953522707139502,0.8162405733273413,0.8384506006205537,0.8816252031209715,0.7827801427461045,0.7768457863898713,0.8808066815784975,0.8367632555029594
2025-04-28,0.8972343098097425,0.8978500202402391,0.8363286335146094,0.8837402215128909,0.782555473809509,0.7799087763976977,0.880773601078283,0.8364337089644217
2025-04-29,0.8971689347401565,0.8985469800910723,0.8383188180375137,0.8876707433643465,0.7847734442552403,0.7857633750952462,0.8822889272492006,0.8367400968004154
2025-04-30,0.9011385783745965,0.8985856935759758,0.8388162990338014,0.8868353044174715,0.7837371596789423,0.7850038395053974,0.8861075342298362,0.8371600700416892
2025-05-01,0.9011830822507338,0.8326282525153935,0.8387749435635172,0.8836957427484424,0.7820482139534359,0.787649106346441,0.8796495192771339,0.8375393020235109
2025-05-02,0.8728773720757037,0.834510704620706,0.8455607386796242,0.8877724962996341,0.7877694859457317,0.8644628120931245,0.8789807678363006,0.8391577797898864
2025-05-05,0.8695715495914689,0.8338120327105544,0.8470792910877337,0.8877239324463974,0.7886712149076383,0.8632898749151611,0.8776439980031184,0.8424653228571672
2025-05-06,0.8687168366742307,0.8340971361794235,0.8494553764028387,0.8928603791532529,0.7883011636074599,0.8686196767678069,0.8804043773006511,0.8432377069578834
2025-05-07,0.8670128132726836,0.8333820300673168,0.8482252133871327,0.8913139583644484,0.7937039119815043,0.7904671154208783,0.8799984775999568,0.8512667629063282
2025-05-08,0.8702545922840889,0.8342147640869733,0.8480406957556277,0.8909362143624279,0.8042358059057393,0.7903215327307925,0.8797441068117594,0.853224170847457
2025-05-09,0.8741186129184895,0.834442263211566,0.8480765093194952,0.8912581524924099,0.801465969355225,0.7899061489322229,0.8809382203743052,0.8536173850341988
2025-05-12,0.8788629382350593,0.8376218865272735,0.8518201769269786,0.8899066222304329,0.8064920558204178,0.7973451089963991,0.8846792585940568,0.8574756048531014
2025-05-13,0.8804386976092174,0.8370873690540408,0.8489350730031407,0.8904488445608962,0.8055079371765423,0.7978701678548415,0.8845491279558396,0.8577127641506246
2025-05-14,0.8804283385490834,0.8368996062599893,0.8438772019569631,0.8914349332627101,0.8035169138431669,0.786590767926994,0.8910205567271875,0.8576422973983967
2025-05-15,0.8796516179605075,0.8368410371204932,0.8432265935013411,0.8835573242235091,0.801752488525988,0.7848146598613617,0.8875891150145532,0.8581492125226294
2025-05-16,0.8801994939887464,0.8368350975666708,0.8438221662131137,0.8839428808761134,0.8020670927203143,0.7850154385044136,0.8861754176778883,0.8775916355092241
2025-05-19,0.884539048337521,0.8343283789596049,0.8420105420361597,0.8826195149770345,0.7982939769652941,0.7824223256831189,0.886475362411944,0.8762538161929484
2025-05-20,0.886462807160755,0.8349266313779707,0.8435876347441263,0.8832560932085078,0.7978399874508039,0.7818660800507004,0.8875723307009493,0.8759685006112017
2025-05-21,0.887941918078566,0.8378970187018501,0.8448073017274922,0.8836627145231897,0.8099356585788927,0.756866443065989,0.8838428577644651,0.878170860984513
2025-05-22,0.8925665898692083,0.837866875136548,0.8489937041099112,0.8833055397531087,0.8140006052510073,0.7578216632335141,0.8872758122333936,0.8783099885512038
2025-05-23,0.8919282475985537,0.8362401990893361,0.8588672563977658,0.8823488792211281,0.8126450705616486,0.7555612927591978,0.8865958757428215,0.8821196104996344
2025-05-27,0.8924796350247909,0.8386506302520292,0.8587673128055795,0.8831613801779318,0.8145209829143721,0.7589839631734058,0.8873718553106397,0.8819662400603594
2025-05-28,0.8920665774022328,0.8368041456085055,0.870066970387617,0.8821027625278332,0.8136609707926151,0.7564752939438896,0.8861057731124289,0.8813008208411119
2025-05-29,0.8928043029176944,0.8379288147208162,0.8746801856164016,0.8829427943761241,0.8125754313394347,0.7714171916183544,0.8853877188007812,0.8896533133751885
2025-05-30,0.8935103853025825,0.8409314422983398,0.8710815963194506,0.8826905538592105,0.8095326909269067,0.7705180882192684,0.8849109797127868,0.8902007847274588
2025-06-02,0.8996021208862994,0.8398627948594259,0.8718864178854687,0.8818394590477584,0.8048019007656406,0.7680672107589595,0.8801708472140082,0.8885397597181129
2025-06-03,0.9002633181286073,0.8439695399901516,0.8711954912977967,0.8824661256465328,0.8054626191793738,0.7622253175848062,0.8796693350967913,0.8972818577999213
2025-06-04,0.897080135044786,0.8390275172607218,0.8670522400859733,0.8814453231561495,0.8143267840997974,0.7522628495544038,0.8695161183844032,0.8947133859067756
2025-06-05,0.8978654036791575,0.8376183597970166,0.8716551898487507,0.8851755191819807,0.7749131191146769,0.7507740347984291,0.8742231331996584,0.8945451494418253
2025-06-06,0.9021784797098481,0.8368962919568461,0.8837929768563167,0.8845342493766236,0.782649751034994,0.7499780150972295,0.875635635745712,0.8972966116782192
2025-06-09,0.900978935477474,0.8354193360632979,0.8860552861887565,0.8816808938278334,0.7769578077633812,0.745840458066242,0.87777165470024,0.89647156190606
2025-06-10,0.9009842522534743,0.8303605497304444,0.8847292867951172,0.8808620898762124,0.7725946575091635,0.7439376254101829,0.876521029492573,0.8955472581157324
2025-06-11,0.9003071596675074,0.8316474444470408,0.8907811389713367,0.8833391706501835,0.7852793624859489,0.7473017149961955,0.8784597880786554,0.8956449210924965
2025-06-12,0.9015377338992605,0.830118508646023,0.8910225856108648,0.8824238324935851,0.7816587477260982,0.7434908625832917,0.879671425039283,0.8988519477036815
2025-06-13,0.9013239305934789,0.8306619121190509,0.8914337658328512,0.8813385392818028,0.7754540485117009,0.7425451484608359,0.8819637295412908,0.8993225898365326
2025-06-16,0.9015398844404927,0.8307015608293328,0.8926190231086543,0.8815541866517462,0.7751064228137124,0.7431643585513045,0.8819943342926642,0.8985905246701215
2025-06-17,0.9073199973810867,0.8331989475589859,0.8922210610222875,0.88240289279103,0.7836251361000599,0.7446115583977809,0.8850932618430002,0.9010702958669893
2025-06-18,0.9075507433656341,0.8370416297531527,0.8907785470140459,0.8804408375618624,0.787589993850534,0.7394661233952866,0.8837851497658306,0.8962592679560947
2025-06-20,0.8999704549353427,0.8372018639728771,0.8917589279965158,0.8810708952692395,0.7889999806814497,0.7331170343136216,0.8835065987528168,0.8962157124431622
2025-06-23,0.9000325590746416,0.8364705217934313,0.8970047564896891,0.8768506638065702,0.7835354362801115,0.7278021738151114,0.8830181032608166,0.8985854727428952
2025-06-24,0.8995124632093314,0.8362826300386086,0.8991913185715636,0.8775417663138154,0.775809309052076,0.7296576873320798,0.8841092640369053,0.9001514873069109
2025-06-25,0.8979302946287554,0.8340679162681789,0.8912517140141032,0.8758692979043506,0.7692798461319931,0.7202998775645443,0.881913258263653,0.8970389617880135
2025-06-26,0.8979080340932429,0.8408232705831036,0.8947035415145093,0.8794764713315268,0.7707127579733373,0.7209990597739052,0.8826807414652432,0.8964959879604444
2025-06-27,0.8979769590324086,0.8409999834014737,0.8949593724770891,0.8761389360366361,0.7715797422993339,0.7181044983571818,0.8835233144348171,0.8959641741149716
2025-06-30,0.8960298185473704,0.8422260392390689,0.8951978224801609,0.8713169135489557,0.771805333058958,0.7147606873356451,0.8852051271484483,0.8957574350060069
2025-07-01,0.879761282369585,0.8403202421266842,0.8769228138055329,0.8550465682198374,0.7686095079030527,0.6955268032111667,0.8640599547634811,0.8856985640550932
2025-07-02,0.8600478270835222,0.8320010600241473,0.8641890622596927,0.8587830485542846,0.7410218266652798,0.6862403196320782,0.8625245312395889,0.8686611259620052
2025-07-03,0.8687969182460875,0.8318011698081719,0.873623126482568,0.8684229033721731,0.7398622675022317,0.6878768714730149,0.868569530909362,0.8799169778609437
2025-07-07,0.8709208959354856,0.8305513245466519,0.8739429083708674,0.8638836717503603,0.7336833867557022,0.6868736733391823,0.8682478992522256,0.8970872766887402
2025-07-08,0.7361927808480617,0.7046247087670238,0.7677974243852704,0.7920157577005228,0.5944328031748172,0.5444546498812781,0.7842430884292838,0.7941228646373212
2025-07-09,0.7080394265750185,0.7001238082269049,0.7337413520668554,0.76169347296571,0.5636786143303236,0.5007858676587144,0.7299295247095912,0.7669674421731796
2025-07-10,0.6937601427906842,0.6924965717512033,0.7281496586067564,0.758605187831975,0.5713870502398924,0.48393503160563056,0.7553820465951734,0.7537621543417324
2025-07-11,0.691657342590836,0.6997757072597267,0.7350769510525352,0.770847778862259,0.5708516358465976,0.4710144630187468,0.7882149181839908,0.7732331241302844
2025-07-14,0.6895049546709827,0.6976604848328102,0.739019992749477,0.7699109831567416,0.5726918469880068,0.46642773133298643,0.7886656247366913,0.7714852964280324
2025-07-15,0.6490400903085857,0.6510631590624955,0.6634040030193686,0.7522546101037061,0.5575433471959689,0.4455369842880856,0.7713493840919389,0.7636049609324923
2025-07-16,0.6545733393600017,0.6542834525690545,0.6763905846832762,0.7469336564516118,0.5554950257224447,0.446449934926851,0.7662512308368051,0.7649884590041895
2025-07-17,0.6459738125561937,0.6163536040090094,0.6272876964578774,0.7262616933565437,0.5241844693065829,0.41391853039800103,0.7424800626726776,0.762809750398179
2025-07-18,0.6083371463027579,0.60820978204212,0.6450357513062392,0.7063971459367635,0.5068917991463601,0.3865318898872922,0.7372033020466489,0.7367557816778878
2025-07-21,0.5903596289645623,0.5961212437237811,0.6288978190984383,0.68783201186677,0.49152580807740853,0.3595860739780024,0.7229086986046407,0.7239960820789217
2025-07-22,0.571992197908963,0.5550306234270962,0.6046424907025779,0.6680847756389432,0.484853124850671,0.33131246432528966,0.7207371079965365,0.7195696117296373
2025-07-23,0.566692300785381,0.5451029998675175,0.6079478206988425,0.6625007537065009,0.4802892105424648,0.3168040993076105,0.7196594851193685,0.7361312630656164
2025-07-24,0.5686864305900337,0.5410150595088974,0.6091206615021466,0.6541454231345524,0.46953142809461124,0.31283216634757255,0.7202023584250031,0.7361913481639412
2025-07-25,0.5674002159803738,0.5404669132197301,0.6097199037733824,0.6558920969401253,0.4675415490031026,0.3169897758695136,0.7171029062850736,0.7365269584119967
2025-07-28,0.5694198766514504,0.5416159276403998,0.6036570324931131,0.6576521727764606,0.4605864284738357,0.316862530502896,0.7161865387113003,0.7367910132985585
2025-07-29,0.5727651760000203,0.7255560944396576,0.6034742097858857,0.6601995188894902,0.46683883571879575,0.30139644627510614,0.7219199929440938,0.7371796489789805
2025-07-30,0.7048446569185731,0.7091560231285863,0.5859198168399464,0.6862180541198751,0.46418259306198273,0.28744301571879055,0.7061996977505159,0.7155920643387635
2025-07-31,0.7050253992817639,0.5546453735382,0.5856139056914621,0.660376475513894,0.4647217757364718,0.30074962314143544,0.4959809234003388,0.7211238762004711
2025-08-01,0.7329287378172236,0.5855032608610474,0.6083823553904802,0.6890800169414136,0.45832512892008265,0.31599238531852675,0.5132479200046796,0.7392858230737586
2025-08-04,0.7328467430164468,0.6109222576608717,0.6265315627271625,0.6438262658936462,0.46090151743084523,0.4357985484976122,0.5306767929187002,0.7494976998455412
2025-08-05,0.7296925767938919,0.6135325049426339,0.6364353388790966,0.6293039742358937,0.4546676886960517,0.4324561832826541,0.5403026914186754,0.75217560975323
2025-08-06,0.7025922143040464,0.5960436266364885,0.6318624829213676,0.6330243947907509,0.4742547120551486,0.43037753483813573,0.5395353237338704,0.7450693148938662
2025-08-07,0.5570361041563431,0.5507264063187225,0.5777657442648733,0.5076812815474934,0.43100579457723087,0.35161162172814425,0.41761092475985534,0.7158805732188445
2025-08-08,0.5562072681532134,0.5531608785501996,0.5810630337951151,0.49650262384409644,0.4274618266580212,0.3646343501303243,0.411354734189128,0.7130556865641607
2025-08-11,0.5589490427197523,0.5561080086697922,0.6052764032862281,0.49866487884655974,0.42254186655496395,0.3817028973552075,0.4130590267909024,0.7144603718403127
2025-08-12,0.5683465120015496,0.571620396316729,0.6046658042631684,0.5139216521621255,0.4240414953985639,0.39758165995607014,0.4499047142785979,0.7180674306715408
2025-08-13,0.5728332045950966,0.546226390292224,0.5999191303204737,0.5166611516340744,0.41923409442639087,0.38706694562560867,0.45127523155383314,0.7130181882956965
2025-08-14,0.5767221484167618,0.5489464238358687,0.6002121452195335,0.5016477011983912,0.42064352939361616,0.386556026720342,0.45124278740222684,0.7098557866727974
2025-08-15,0.5748090963996543,0.5501490462479605,0.5990525967331168,0.497197388104387,0.4262108868948146,0.37655898217645845,0.44741529108006617,0.7142477381493624
2025-08-18,0.5436697934677815,0.5264401130557709,0.5771824162956224,0.4876646452556917,0.4192027288401568,0.4972479524203171,0.4634904095590384,0.6936786516653217
2025-08-19,0.5422759343907378,0.5408370192741687,0.5880873083920283,0.49937296110481805,0.42562680241505785,0.5101641275777989,0.4747911476670107,0.6936344440180308
2025-08-20,0.5271811619071121,0.5328888387810513,0.5810711281710956,0.49854051366080604,0.43190081110639433,0.5020567139384647,0.4673917276381018,0.6933540285770081
2025-08-21,0.49662047863598824,0.48288079411488555,0.5574492383240321,0.4796511611364199,0.3791695839463848,0.46193612682650714,0.460467938280611,0.6849836341048862
2025-08-22,0.5065727935117427,0.468669790587793,0.5558524745433036,0.5083928317722418,0.41500957981099534,0.5010386028266725,0.4762790845915963,0.6924631636052814
2025-08-25,0.511144030346626,0.4751324121706772,0.547740884601958,0.5088999583572469,0.4016601640017216,0.4902430700670659,0.47671258685068163,0.6948856690828453
2025-08-26,0.5151456433697732,0.47072101581883546,0.5558322550245721,0.5077641505193131,0.40038396638839074,0.4815904962312175,0.4765043867160673,0.6947802278775194
2025-08-27,0.515738081591336,0.4694368458632162,0.5505779164553669,0.5061673266357702,0.40523897864393227,0.5061745059159394,0.46791530255199437,0.6969461381068807
2025-08-28,0.5150880126473202,0.47194137826308064,0.5375677302845928,0.5144128400819254,0.4031361924865446,0.5356574625906749,0.4753616864691732,0.6968392031795332
2025-08-29,0.5137956772012444,0.4796528515242666,0.553691203033571,0.5228750657473069,0.4138841962935599,0.5300752118418649,0.5000620930871524,0.6915289252024431
2025-09-02,0.5157991053267723,0.4993216543980436,0.5608495263521869,0.5392520734684534,0.4183880473680695,0.5384613265681448,0.49798013196712654,0.6892622804329126
2025-09-03,0.5042763223117251,0.49480718589577893,0.5533062620443413,0.5215648088907929,0.40506838304245485,0.4569078619245952,0.4871453665039516,0.674611779901834
2025-09-04,0.5059661231600907,0.49759771333859093,0.5509831576685288,0.5402641144296797,0.41591018952032555,0.45608353509755817,0.4936992860543389,0.6821912313413597
2025-09-05,0.5060755587017307,0.504449732237938,0.5523743434107279,0.545752416865581,0.38771727324350513,0.44566377215643216,0.4863637314691517,0.659747968338176
2025-09-08,0.4958915338760862,0.5099668377749619,0.5496682218724047,0.5407831567950981,0.38664994258739216,0.4386959615699209,0.48218170589714504,0.655522904073338
2025-09-09,0.48657580773946807,0.507880835486035,0.5472309394095839,0.542567893794695,0.39553690961234655,0.4467081515097647,0.4835567302148567,0.6515274758956342
2025-09-10,0.43400824132779936,0.49918834524940653,0.5150749424069065,0.5245130006269051,0.43366667209304327,0.43924075638732735,0.4658273851502582,0.6401239501701596
2025-09-11,0.438259860316486,0.4868359112370276,0.49474070282335586,0.5062050312735672,0.45159251275397244,0.4325286059315105,0.4415312051177078,0.6361723694112936
2025-09-12,0.4109538381755504,0.4700297928427335,0.49475293026398626,0.5098200053439037,0.3978107711139934,0.4284425429702367,0.4391444999449376,0.638047147289452
2025-09-15,0.4154084991640667,0.47746430124641104,0.4932123447182028,0.5123058289167519,0.4071786698732429,0.432273060271772,0.4418298514179464,0.6550475183052962
2025-09-16,0.4511016455110161,0.4751487224828604,0.4884856944500716,0.49780183868980127,0.39980258919004813,0.4106711718368043,0.4180230352676537,0.6659294606593412
2025-09-17,0.45815416457782543,0.4522380176056428,0.4994925314499539,0.5199014832611784,0.36349678937994084,0.4474916924365786,0.40431872902869304,0.6522077841641414
2025-09-18,0.4811232120740143,0.4383243933739932,0.48371077105790794,0.5045843960462423,0.3904639233198253,0.4543711904784048,0.3915138726544238,0.6490404400382815
2025-09-19,0.4710361936161279,0.43260146614041983,0.5125402669732722,0.5041484230067107,0.3935547710310616,0.46121660126891495,0.3904210861588404,0.6542874983775955
2025-09-22,0.4833979105579174,0.41208183123825104,0.5163304325246411,0.47695769832225116,0.40802902554025566,0.44220504860354065,0.3626159971736757,0.6315201824582782
2025-09-23,0.4935969230874443,0.4299327021345113,0.5282615050521269,0.48866001282551713,0.4238767944413128,0.44071938278411676,0.3675561125559596,0.6358311439914147
2025-09-24,0.49367512100917854,0.42496446539426386,0.5337389574291401,0.5035397698346619,0.4140127981669639,0.4684227912689341,0.3592699648640861,0.6285050734880185
2025-09-25,0.47436874099460774,0.43047873862877883,0.5346659500356595,0.5084827771621911,0.4362361009732895,0.47319087145315675,0.36851579387660865,0.6253105750014726
2025-09-26,0.45728285675876135,0.44074580592204754,0.5278427739036967,0.5135743597028443,0.43910709472672466,0.4648801678628389,0.3668079142086775,0.6272923361666939
2025-09-29,0.4566065101779467,0.4254465591950564,0.5232935942540092,0.5066805500918088,0.44934613955486513,0.46227469802071713,0.3636762777757893,0.6164330375969415
2025-09-30,0.4359160484452111,0.42988893070481365,0.5230908509934419,0.5098441304580444,0.4116391921954269,0.4380347756149719,0.36172936731364375,0.5992610438341519
2025-10-01,0.4347873301285607,0.42994607594236317,0.5267923036482322,0.5099887004184052,0.4161086055293658,0.4372881099432279,0.34972340311115463,0.6113946458676011
2025-10-02,0.4354755607713137,0.4173958643593492,0.5199523444969245,0.5033670439748245,0.41110161899392766,0.4341449175162963,0.3398027250975289,0.6086381633405618
2025-10-03,0.4348049362299145,0.4193786787987654,0.5196973321872506,0.5043284418682086,0.4117384357808944,0.43512943951207994,0.3426069865006288,0.6094059697703011
2025-10-06,0.42422630935874617,0.4266268471181952,0.5164471655631687,0.5210909196762905,0.4196260482764289,0.45014208411760337,0.33800632420889926,0.6014319633676664
2025-10-07,0.43111052209328415,0.43481206026993313,0.5183811813068013,0.5134877688067239,0.43227752395742064,0.4609690053036989,0.3379815578251996,0.6050376947279228
2025-10-08,0.4333198064849676,0.4459036569973606,0.5906887108534923,0.5270759272011476,0.4247140022018151,0.44966311040079565,0.33211511059319415,0.5673140151685798
2025-10-09,0.44139076762568186,0.450337729505773,0.5708704316340006,0.5234067890314122,0.42521178436492535,0.4571241295337424,0.31818646122231325,0.5623933494387476
2025-10-10,0.5242587625304754,0.5009159130642493,0.6434847167079732,0.599854411122125,0.4881199719825622,0.4821089622571371,0.40106155897391454,0.5657350317428183
2025-10-13,0.5196751005345471,0.49926055250976903,0.6586221228878641,0.6084107580915394,0.5231288826962414,0.5107048729715665,0.41033158475327147,0.6018735889239174
2025-10-14,0.5196322853349167,0.4994363109402173,0.640495356379557,0.609865344604821,0.5253174955560285,0.5141138705566057,0.41156267163556126,0.5937324146445018
2025-10-15,0.5217366810395347,0.49960003155637506,0.6458126145656543,0.6071456427366057,0.5270304445430866,0.5176860456487637,0.41477307201054764,0.5963042120142081
2025-10-16,0.5362246103391531,0.5040562289055794,0.6203110259688894,0.6068128759282582,0.5391683425914281,0.53371972713519,0.4113799510406919,0.5960387864994802
2025-10-17,0.5416595318049048,0.5098046776058419,0.6259075582293591,0.6058025603971136,0.5851942095182212,0.5339169084018882,0.41336613979037795,0.5891944165471462
2025-10-20,0.5637558206807247,0.5113712787716169,0.6130329550285272,0.6148523788270444,0.5829663378835249,0.5360110012188108,0.42893757151806167,0.6007183695425927
2025-10-21,0.5636398450386993,0.5106150488033154,0.6202304162445147,0.6043849866667648,0.5887080680351439,0.5273178320666633,0.4300851979560033,0.5915917031458662
2025-10-22,0.5681506138406582,0.5000978993326265,0.6187549007224143,0.6085299669303685,0.588661164474716,0.5323800937488402,0.42354589283484123,0.5956997780679927
2025-10-23,0.5656948174598713,0.498632568982881,0.6337799198296532,0.6119814946934131,0.5908173271399993,0.5312925880720724,0.4205513975529391,0.6023740420860133
2025-10-24,0.5650370939276085,0.6154696825148435,0.6392853864601273,0.6330569078388203,0.5466798103863986,0.5361899594979032,0.6653149545149178,0.6073532739949498
2025-10-27,0.5454167285764585,0.6021988960890828,0.6402262275245946,0.5775343660723607,0.5574699718561857,0.5425719069162648,0.6447825557148803,0.5806752144932876
2025-10-28,0.5636576148157575,0.5549689867137801,0.5930609730648975,0.6360202222401502,0.5602950760885029,0.5167400451121843,0.6140880201342926,0.5615485954173539
2025-10-29,0.5624778981441929,0.5444923416268458,0.5762358360954526,0.6509918987961479,0.5605884613793783,0.5056536771460923,0.6060192612068762,0.554311775731092
2025-10-30,0.5372660375637839,0.5954474495566633,0.5899241552514439,0.6710334701076677,0.5793554546812473,0.45478607165897356,0.5644214733684162,0.5042832172678602
2025-10-31,0.5576917753428385,0.5752974260893631,0.5905551540460423,0.5678543501542929,0.5796131472716612,0.4511994490298845,0.5496332903590386,0.5073067586052151
2025-11-03,0.5478286276092879,0.5759944083567312,0.5859757314235016,0.5628500346050739,0.5751492335281251,0.4415478743383032,0.5424437184562019,0.5017947188340413
2025-11-04,0.5261627504498629,0.5734356099048107,0.6126179828386199,0.571380258496285,0.6117815801147883,0.4668318020167484,0.5446703461763809,0.4922672865955111
2025-11-05,0.5213230899141943,0.540469718164994,0.6071878935244565,0.5826440421641985,0.6217273589412693,0.46904524053702484,0.5275261349144146,0.48340741693079925
2025-11-06,0.5143873854462854,0.5864904393144162,0.6317850391449749,0.5982669017164437,0.6385455039769136,0.47080647998809844,0.5458477051967342,0.46821435857733074
2025-11-07,0.5128992193415666,0.5880603157415936,0.6319539357567958,0.6084745562681529,0.6282233033443185,0.4612977358079635,0.5463385615345109,0.4740252992044408
2025-11-10,0.4946922895363596,0.6125804395181323,0.661547717178323,0.6093949203994639,0.633495112930597,0.49530948029981814,0.5598731879503916,0.476019725355869
2025-11-11,0.4912284768346899,0.6126732117026709,0.6481402874733942,0.6096865545187274,0.6313249224406858,0.4944944005156236,0.5606159221428345,0.4741314175506051
2025-11-12,0.48946965596326725,0.6036625205932782,0.6417161161143551,0.6010281350972009,0.6249101492269143,0.48394630973631636,0.5488667144335047,0.4638192031681551
2025-11-13,0.47630865037219516,0.6203143557692945,0.6628802679452837,0.6145872784565357,0.656985665969033,0.5161834746426225,0.512177798770949,0.5328909223399095
2025-11-14,0.47323530054020957,0.6081863687792279,0.6590533504934016,0.612343545549901,0.6550327809914502,0.5158600539342737,0.5098099536752543,0.5233660644697582
2025-11-17,0.48640152905020767,0.6124703601003658,0.6660072420917281,0.5937483223971737,0.6172633817694732,0.44968663912621315,0.4936613430117287,0.513633201727931
2025-11-18,0.48227051481164385,0.621844788058158,0.6828108258749934,0.6076899752204168,0.6308240561225947,0.4574869474608486,0.4936443386041102,0.5108301551498677
2025-11-19,0.48006290019937137,0.609443103933521,0.681606942960547,0.6069275753231843,0.6295202084187798,0.4681963640211676,0.4879844871464578,0.5102200779352074
2025-11-20,0.4866992000935804,0.6286126121294817,0.6940352703843328,0.6174187420472607,0.6317276860636448,0.4797354503567109,0.4680285903570003,0.5306312993866936
2025-11-21,0.49783268357171434,0.5901273988242026,0.679050233312616,0.6210493163716677,0.6184817449851624,0.49330099438408614,0.4715837823589981,0.5196684229586591
2025-11-24,0.5074746446250892,0.5849242673556948,0.6774057182251377,0.6300638554361555,0.6355810208335975,0.5331542024088448,0.49383421766347524,0.5099452272664465
2025-11-25,0.49528431122555855,0.5911032446816027,0.6373115823883987,0.6294302567513951,0.6269496372580411,0.5293297234391702,0.5115569070818722,0.5193913713239213
2025-11-26,0.4946930275347208,0.5967029638800578,0.642068902866232,0.625507919156247,0.62738446633383,0.5497176858191323,0.507402871511235,0.5281698750693329
2025-11-28,0.49523793316655307,0.5975522772259498,0.6305674276022275,0.6215606968785048,0.6274708977698629,0.5481447067586321,0.5050313143814769,0.5234706010956925
2025-12-01,0.4787807219271849,0.6090153649863456,0.6172438801264959,0.6155447914044472,0.6407740216590555,0.5576084709017871,0.5112363908905563,0.5398805061141355
2025-12-02,0.4838061947274014,0.6083158088280172,0.6169990095368839,0.6159357386174111,0.6435385300442106,0.5602193265329957,0.5108843633651952,0.5414701253287856
2025-12-03,0.48820506729358515,0.5735353430224763,0.6125314424219508,0.612153631717897,0.642893403523633,0.5628777418030162,0.5083102231283885,0.5458417528140469
2025-12-04,0.5260867756613712,0.5710350067025028,0.6147303345947657,0.6304674359916164,0.6426152581458463,0.563855242167588,0.5017903763659003,0.5405032427604806
2025-12-05,0.5149739708442743,0.5730982782024543,0.6195416322273826,0.6367776074749891,0.6351536047382667,0.5682898225481203,0.5040737254577355,0.529468818149795
2025-12-08,0.5246601532881224,0.5659603762088856,0.6106565511152359,0.6383487834145987,0.6670657684142474,0.5682405125081629,0.5068966137081431,0.5297396846096939
2025-12-09,0.5218987409117877,0.5611367764256362,0.613232994657185,0.634661673894152,0.662558628635977,0.5680820048767588,0.5039137384579551,0.4766602080904651
2025-12-10,0.5239379935086785,0.5077895703616472,0.6056021067441185,0.6427636733657368,0.6721865282263872,0.5683361057646475,0.5047698965980028,0.48317902796271733
2025-12-11,0.5222071602747682,0.5087536192257979,0.6027604770960215,0.6405477651016686,0.6720201333750877,0.5509658374782931,0.5053013644665623,0.48178125276954814
2025-12-12,0.5233771705493852,0.5183175581322569,0.61627318728446,0.6478666105940575,0.6467465264666705,0.5553646085606428,0.5049246431646676,0.4660777669151333
2025-12-15,0.5359827048734411,0.5245924244232532,0.6140313015513836,0.6476417445285624,0.6355353586863823,0.5554818460119635,0.5025910003811135,0.4635387897966975
2025-12-16,0.5582803205463307,0.5270426455974936,0.6107505607284663,0.6586391284676631,0.6221438089284129,0.5660090366047205,0.5031011908123135,0.4729933909266319
2025-12-17,0.5642710917792053,0.5126173285021653,0.6215000127372335,0.6504673326044923,0.6330993085766893,0.5831332559195056,0.5012344588371879,0.47092154456473073
2025-12-18,0.5586504395909956,0.5245401939212603,0.6253313245371085,0.6564355144653616,0.6563620392382155,0.5872668284505288,0.514138337929647,0.46206136920428775
2025-12-19,0.5885966249490324,0.5242689885343811,0.6318168498552034,0.6532193778782549,0.6497286849139319,0.5882961835174578,0.5051801687934948,0.4692619254435295
2025-12-22,0.5798910930085529,0.5169522816457676,0.6355526277337457,0.6519431612546859,0.6485159546076356,0.5909062125094049,0.5103555429520296,0.47274741018810557
2025-12-23,0.5845650691373881,0.5176041994305334,0.6366524415526046,0.653200999506888,0.6443664024383391,0.5993104233740266,0.5115693691100641,0.47610174681277884
2025-12-24,0.5864893318635511,0.5166392428712485,0.6347655887753925,0.6593511574321284,0.6437073291632527,0.6011879789311728,0.5170274440840235,0.4791414615862804
2025-12-26,0.5862031503522914,0.5155252892710427,0.6331454662429218,0.6591080035358232,0.642152663579653,0.6008691912535337,0.5279250857912074,0.4910692492356102
2025-12-29,0.5853121619579026,0.5166546307318064,0.6350145601661937,0.6589361908260714,0.6632980418028007,0.6012189636233319,0.529792060956178,0.4978651617692844
2025-12-30,0.5861737612817701,0.5167050627550004,0.6353656944803484,0.6603439945766436,0.664537640625525,0.6015941074553676,0.5296271849854168,0.4996138965583137
2025-12-31,0.594214700693929,0.5239311672404345,0.6391895527711163,0.6602334005770605,0.6717240696448277,0.6007127708501694,0.5294109531626169,0.5027948157635715
2026-01-02,0.5922619292805588,0.5030026201225574,0.6395648321173211,0.655187534254228,0.6662515515720631,0.5994312400200976,0.5259574248432947,0.5013677226354359
2026-01-05,0.5619769385217581,0.5011468954517754,0.6303791022993346,0.656634867077236,0.669045756030243,0.6055360000017245,0.5283247736079675,0.5246125790008507
2026-01-06,0.5281880297889215,0.5058631852728817,0.6352140276271772,0.6641680111184602,0.6372434537109712,0.5932443444627967,0.5415411253637583,0.525279847335297
2026-01-07,0.4271043036039872,0.4527540537890724,0.5881268297566538,0.6140802159141415,0.6123836052344899,0.5679002404006928,0.5092316334400471,0.5208756494042693
2026-01-08,0.41540682241521254,0.4485120335216906,0.5708318658742758,0.6071701885891228,0.5854328272904438,0.5465804581371159,0.5032531676764987,0.49504777107048725
2026-01-09,0.41380761354862183,0.4501404690666792,0.578024243127467,0.6056637443019257,0.5890809594944555,0.54719898798358,0.506173485959867,0.4911059124376467
2026-01-12,0.41128607354617347,0.44969268945423263,0.5799284808908648,0.6090114254373165,0.5874402224440088,0.5444026736140364,0.4996453597446428,0.481068554283987
2026-01-13,0.40065338567388953,0.4531186704699417,0.5934791662869764,0.6102684228752271,0.5847266996280653,0.5425590158366402,0.5019058628759406,0.4512860618765629
2026-01-14,0.39538791618890995,0.45999967665664576,0.5960787506930416,0.6241599098172215,0.5842661458756097,0.5437734500246466,0.5066169741740953,0.4614695069682972
2026-01-15,0.35182674148024345,0.45131174948549846,0.6096583383279875,0.6210578085460815,0.5794345863677391,0.5360699575878759,0.49507172750527484,0.44961991260740886
2026-01-16,0.3521821727719012,0.4475786307575305,0.6102617538834241,0.6289801950818459,0.5797547714390701,0.5452678170483968,0.4950375110908621,0.4498018110155985
2026-01-20,0.4487993318204454,0.46193998167395345,0.6437792194514749,0.6476560593874435,0.6008084094718993,0.5747614650562579,0.5120752932334739,0.4972541681662295
2026-01-21,0.4479119071512,0.40241923714054906,0.653356087656493,0.6331621337433873,0.606226344612169,0.5834592201612744,0.5203713736382028,0.484821621410475
2026-01-22,0.43689118005440003,0.4034631324195557,0.648283811142663,0.6322799708958293,0.6445533576931031,0.5737465244143136,0.5164512718881377,0.4747852547663758
2026-01-23,0.4015133148411784,0.36157567505228494,0.6349077951543307,0.6280495034825593,0.6300657571424183,0.5514161464472686,0.5053975293317089,0.4589147246687185
2026-01-26,0.401332081204698,0.3666785254892795,0.643889424673562,0.6224234813997546,0.6074302689866536,0.5604466273203478,0.5103525622365911,0.4625736787347771
2026-01-27,0.4061714561597952,0.3715757247395009,0.65602443910807,0.6240072090574446,0.602703772330791,0.5662673000735018,0.5101555141787946,0.46020730251620656
2026-01-28,0.4344028933971696,0.33668416151675357,0.6459523382148955,0.6070623005153507,0.5843968507051082,0.6188385146883439,0.5174841877066837,0.49512950494169605
2026-01-29,0.43033118971735573,0.27254571546950584,0.6446600251331924,0.7046822052464667,0.5836557902256648,0.6196935651590939,0.4057867120178685,0.48058916779484445
2026-01-30,0.4270002804076132,0.2735669093569452,0.647711800882204,0.7320394626899468,0.5665699899370626,0.6196037451691218,0.4148522250845835,0.4825126050122017
2026-02-02,0.43740717679291335,0.26750684985347073,0.6009594497799342,0.7278923796344924,0.5292401791668755,0.6066559964054055,0.39060093899126863,0.49693903357724695
2026-02-03,0.4355830790867622,0.2934524697566591,0.621750072803016,0.7334996535048042,0.521206718578855,0.6128485386466203,0.4017018123676593,0.4524393183491994
2026-02-04,0.39461088736619027,0.2689685898641871,0.6080520237890107,0.7229713932159145,0.5110110306904636,0.6283188057501817,0.39011464563311643,0.46266471146163535
2026-02-05,0.39161665955736,0.3200328029523756,0.6070482894232974,0.7406120599996123,0.5292006387240034,0.6368036826772424,0.3786193614279703,0.48465852079398486
2026-02-06,0.4013084214220933,0.323857335925906,0.6270508657873138,0.5121064359094246,0.5291415511784073,0.48549026397905803,0.31865678844152057,0.5363941340093394
2026-02-09,0.38709440322580396,0.33127781513496296,0.6461937231965823,0.5067402121362105,0.5356165277714883,0.48524527543527207,0.32802719208917475,0.5357062148655435
2026-02-10,0.3896749872546631,0.3301060340355576,0.647029095239654,0.5120845278501793,0.5307988572000776,0.4920565458010654,0.33700923564980745,0.5403504597175051
2026-02-11,0.39979998188133553,0.3222743718124516,0.6237789020148625,0.4881555825615426,0.47535542582073526,0.4467488711326353,0.3532599168919489,0.4935126171610511
2026-02-12,0.47279565048371636,0.3165245908752705,0.6281427840983671,0.5036899287274726,0.4929031408574197,0.4463023096000346,0.3839179861707692,0.5258195154773659
2026-02-13,0.4447603837640034,0.319862829292197,0.6153584957742875,0.50512039337308,0.5112550811392603,0.502912839887921,0.37442636096437476,0.5209181606191393
2026-02-17,0.43757227546696936,0.30169239478103294,0.6042509975318738,0.48472461012177553,0.4997784927167031,0.4998268115337931,0.3714339521812633,0.5223088395262663
2026-02-18,0.4362832085359133,0.3104980052074383,0.6070502343348568,0.4897102018938644,0.4978268557627401,0.5007939323718192,0.37922296952612156,0.520950365017521
2026-02-19,0.4376888937240896,0.29612181546226835,0.5844501465344455,0.46344578111577206,0.4860637533260879,0.4957041320157979,0.3890888760758679,0.5095115645969029
2026-02-20,0.4295712290963305,0.31063748705121147,0.6082331616750764,0.4636151009544094,0.5011089950689953,0.48435916381722777,0.3945905904265971,0.5228532695524577
2026-02-23,0.3853326508138978,0.33700134939993504,0.576642285193939,0.4543559360203425,0.4693345365948863,0.43026239012176004,0.3888948428035606,0.570884075354928
2026-02-24,0.4007975513930944,0.3403430694369159,0.6251152212195763,0.4527742535302032,0.4821474215281666,0.40993487169324816,0.36372677366583034,0.5557448828766034
2026-02-25,0.406740874602633,0.3501398179846684,0.6250478636701464,0.46329054505785705,0.4844982722666743,0.4319462384447424,0.3835031680573386,0.5597872862772816
2026-02-26,0.4062796848291364,0.3364363859924095,0.6408886280289107,0.46084530564374915,0.48926546951716443,0.44277269830960503,0.3694486231160523,0.5409839785174334
2026-02-27,0.43371088001552605,0.34156732083290675,0.6558307762170901,0.45385273627316736,0.49558649322648834,0.41665682669358556,0.370664157691136,0.5425891728664649
2026-03-02,0.43290460953563575,0.3390716493027762,0.6469545513917201,0.4524681302140935,0.49611949515744447,0.40984322458877576,0.36950706914849196,0.5420275881716785
2026-03-03,0.4351070176277752,0.32790702462202476,0.6555786836603195,0.44623717371754146,0.5078573416381336,0.4125124309432341,0.3685999832448855,0.5176705695987139
2026-03-04,0.4303322161622115,0.32947614073846737,0.6627278122848989,0.46547120173782375,0.5215346317546236,0.4092520834164927,0.3834326469304534,0.5119595538065134
2026-03-05,0.4366689449802133,0.3141829959649552,0.6599693089372657,0.4532855808744474,0.5179084472060403,0.41134268912757516,0.3860248754250972,0.5198254223337032
2026-03-06,0.4428067297388335,0.31586096205765357,0.6822879120363509,0.4741796368580912,0.5268464434987761,0.4128859788087889,0.4039811090405356,0.5264250740499045
2026-03-09,0.4500503928147483,0.3163955976224452,0.6902594390959579,0.4714653846254991,0.5285026625743674,0.4383850942953385,0.40341524260768746,0.5524723183561498
2026-03-10,0.4451758142705384,0.34311340874130825,0.6970878992001899,0.461607722030108,0.522636713216592,0.43076451692638784,0.41274582585453584,0.5432985734683985
2026-03-11,0.44615865361755525,0.34057830015709184,0.7038844565843404,0.4644657600643622,0.5191513441687404,0.4517812957400859,0.41198127984293353,0.5456221544648517
2026-03-12,0.4787694872780755,0.3334796488274387,0.6894707355150081,0.4604931592385083,0.5852876498043894,0.46442104121967387,0.42808004904423885,0.572668444893948
2026-03-13,0.4869327288288365,0.33821174943641036,0.6936617875548343,0.4636116383933805,0.6044144102540805,0.4652093383686632,0.437343525311147,0.5688285068435487
2026-03-16,0.49709605001892665,0.3497921245181867,0.6989924975355812,0.47832834194589663,0.6282512979908408,0.4727506129435581,0.45727644552102337,0.5731204004616489
2026-03-17,0.49444877694219036,0.35946655656523224,0.6817202414509509,0.4824393906503911,0.6114148761816723,0.4442596216065749,0.45111497475369305,0.5843261730701826
2026-03-18,0.5097278631912426,0.36090926311594673,0.6694993919257779,0.4904999479875725,0.6015808222155965,0.4413242067862766,0.44118551329897726,0.568838704125996
2026-03-19,0.5074841634965691,0.3586026726663177,0.6657409373957912,0.49120319670325446,0.6025713668941163,0.43216452438136477,0.45070061790563354,0.5615467177386816
2026-03-20,0.5061290973390612,0.3701762955829663,0.6783539148634412,0.49683706344410916,0.6128609702915702,0.4562049804268733,0.4626890412282286,0.5379049954412918
2026-03-23,0.5153906290940623,0.3688774398136678,0.6802921095778105,0.5078176233222623,0.6330349335821334,0.4484903025696979,0.4714702322645482,0.5426290043196073
2026-03-24,0.5121943045719292,0.36900000998681043,0.6827662046810618,0.5091358716813048,0.6292630880401,0.43488934654234634,0.4719565480806997,0.5330618898586765
2026-03-25,0.5135792036705648,0.3666405898344473,0.6877280651386123,0.5167648866091812,0.6362571618372673,0.43526477343616865,0.47286160431100077,0.5385300450104487
2026-03-26,0.48958301517669744,0.3689720067527735,0.7075040882545461,0.5275363578624219,0.6565341767899753,0.4823408208326468,0.5283310646680746,0.539936337794973
2026-03-27,0.5017111124337957,0.3865092013525208,0.7098579760609662,0.5574628746359379,0.6655854932612421,0.5059421836638115,0.5520547493740338,0.5669006430197259
2026-03-30,0.5025927967062567,0.3832561257131037,0.7113835012178047,0.5533517450850637,0.665438698339076,0.5078477488617956,0.5436745368896059,0.5660599583146045
2026-03-31,0.5463343501779887,0.4372675426765693,0.7438645053208573,0.5970877495948351,0.7076682771090539,0.5925970787498247,0.6089020391178721,0.6144094468050343
2026-04-01,0.5666852496145491,0.4356252607063578,0.7494247717229174,0.594587672708534,0.7092059527628461,0.5977959813987204,0.6087981698355382,0.6100395185004522
2026-04-02,0.5901052256422927,0.4305746851779931,0.7550101720702604,0.5904443962921329,0.7122674068845677,0.6042395809336228,0.6082332570919591,0.6099177311670275
2026-04-06,0.5924933359712021,0.4354959849110482,0.7575384242699678,0.5954680169222709,0.6984130325112983,0.6258994328658185,0.6057656113133777,0.6140489907349553
2026-04-07,0.5818544959608432,0.4364571909964974,0.7639029627877006,0.6005225347960906,0.6961981332287461,0.6232352089295463,0.6060680383605354,0.6150961304611927
2026-04-08,0.5988250221706432,0.42784127822298096,0.7584807361061535,0.6291721558268103,0.638052466662275,0.6569551976171529,0.6451926535902011,0.6548245558643059
2026-04-09,0.5998348074256905,0.4269519817571715,0.7595253333295211,0.6177057053815652,0.6398322289353668,0.6572006077113872,0.6524399313289497,0.6633073252711318
2026-04-10,0.6007042865724006,0.4265175600243323,0.7526007913313522,0.6130220369535795,0.6377755875231543,0.662569743244247,0.6528123090191197,0.6957343594556619
2026-04-13,0.5892045766649886,0.43845266710308556,0.7470649944840742,0.6111311970280087,0.6388028072862221,0.6682562194035662,0.6496213414430158,0.6979831361574442
2026-04-14,0.583011012046953,0.452946634167709,0.7555886371699209,0.6231676915253138,0.64981739286654,0.6825716772734266,0.6596929560915454,0.6759020002538009
2026-04-15,0.5890172749659598,0.46249076181366566,0.7564165036264698,0.6186042684421901,0.6355901857205335,0.6859353508817098,0.6610158667165018,0.655793608157
2026-04-16,0.5485399065970852,0.4645476295166689,0.7375497774223196,0.5961778155997218,0.6135384106542643,0.6716731083234114,0.6561388120951944,0.6283702460755318
2026-04-17,0.5647177057325052,0.4924458018879172,0.7331437281810183,0.5974822853064268,0.6143029689163506,0.6704603572064199,0.6572019023889442,0.6321518855845724
2026-04-20,0.5610310982012466,0.49047807794702447,0.7322365879410735,0.5962552864967675,0.616666687611526,0.6695026259277249,0.6623073610496795,0.615450735908516
2026-04-21,0.5659991341680544,0.48698671902926066,0.7360407964407932,0.5943302755057289,0.6190348767403157,0.6740592127323494,0.6630056871088941,0.628425959129424
2026-04-22,0.5768520983665217,0.4934801867365395,0.7416804544086145,0.6039929466242676,0.6354077167556078,0.6788184769448715,0.6605301441684527,0.6204731317643747
2026-04-23,0.5745921437780274,0.49176447642199916,0.7419669528272012,0.6041691429064243,0.637612410820103,0.6780608725414167,0.66225391209956,0.6234837481894123
2026-04-24,0.563465099657975,0.4984143746456726,0.7443965075676716,0.6090486276017429,0.6387819159387355,0.6820493714942842,0.6660683183808086,0.6081117270060082
2026-04-27,0.5610650695827352,0.594052764870215,0.7333659038076326,0.6054789770290652,0.6432734130862768,0.6816055912210173,0.7750821878925644,0.6198261788443917
2026-04-28,0.5538367175528346,0.5846336599493059,0.7343773344460798,0.6052682466082769,0.6639348944600764,0.6812142601938471,0.7788559275465001,0.6187094135194606
2026-04-29,0.5636311301276349,0.5952207413450431,0.7528053032698174,0.6013537386545236,0.6741316022640536,0.6799983907895981,0.786731231466366,0.6165874289969058
2026-04-30,0.5654537855199634,0.525045346252128,0.6842031725869722,0.5951078627515177,0.6860222866172374,0.6263401501971136,0.6450896291510544,0.6591189509923624
2026-05-01,0.5826868635404511,0.5304810902894084,0.6826535735661186,0.5927123472451717,0.6839286377337365,0.6234202771005088,0.6422934119698064,0.6666463212999076
2026-05-04,0.5912795356449757,0.5072867073928443,0.6803359473506662,0.5668415234004294,0.6753811605708909,0.627066240748547,0.653468409160073,0.6558391569053561
2026-05-05,0.6001344672284017,0.48647058882701544,0.6433112512313959,0.7460622637366724,0.6523847753885698,0.7024159508439225,0.6827005443801495,0.6291150243070837
2026-05-06,0.6137874738211968,0.48715123383325387,0.656586831500716,0.7437007023632861,0.6589513676634412,0.70896559153668,0.6826315848527011,0.641104492200583
2026-05-07,0.6127293209233345,0.47632012697966214,0.6471438891161995,0.7428864552928591,0.6469911004246441,0.7094161120032499,0.6782275032468184,0.6335676920303028
2026-05-08,0.6191304672438623,0.46482974325950144,0.6511411427659995,0.7443528678199612,0.6513940542293332,0.7155208918264376,0.6688582870684275,0.6245541601477763
2026-05-11,0.5906646945012478,0.46482276486172497,0.6459295979539351,0.7240893547580104,0.6317674124023308,0.7020417849980186,0.657462543194157,0.6007839520515832
2026-05-12,0.6001477865228306,0.46611505242565965,0.649960357974308,0.7240211818522109,0.6305465508993859,0.7045394419571461,0.6558592324701581,0.5877774834154532
2026-05-13,0.6215420765364297,0.4638226355105921,0.6519895060609934,0.7259030362749139,0.6346253441319121,0.7043586308460229,0.6571414726513536,0.5780121914732246
2026-05-14,0.615982684941707,0.46610116999152884,0.6522514039079335,0.7077599755066333,0.6297577676411604,0.6969619665636665,0.6554714660921946,0.5739351044352358
2026-05-15,0.5965517405460563,0.40615505449695705,0.6670882570363419,0.7118911633757906,0.6465298370456758,0.6984571211972161,0.6514838389970742,0.5740509602095849
2026-05-18,0.5926215300186886,0.40946069913047123,0.6661826063025643,0.7099715328166876,0.6452238303872708,0.6991562977182846,0.64907634124889,0.5657678260466485
2026-05-19,0.6010236660712219,0.39490024697709203,0.6815857075856558,0.7052880656819005,0.6392302320286372,0.7007892679304619,0.6433511880756007,0.561657686059117
2026-05-20,0.6017487988045481,0.3941981835204452,0.6828124577661128,0.707844110964638,0.6428239911479602,0.7006550160422058,0.6419560719640309,0.5738992145542086
2026-05-21,0.5994797202043909,0.3827120595641076,0.6762120535709754,0.7069375398385646,0.6393714435972477,0.7014994106955682,0.637804601377349,0.5681196942546578
2026-05-22,0.597852940740063,0.3851287831215383,0.6736397380889115,0.6972716399563222,0.6358932384625369,0.6909575477042661,0.6444942438421735,0.5819567133028438
2026-05-26,0.5997870406035761,0.3714693922581708,0.6718477728404997,0.6971431147007946,0.6355501842882846,0.7020422306351386,0.6424806562687223,0.5772706730819404
2026-05-27,0.5974718748109472,0.3758092386465632,0.6813657776947892,0.6876208150133465,0.6321993100836883,0.7062324945251781,0.6274947298114228,0.5670797870327697
2026-05-28,0.5961327424356864,0.3969521743956965,0.678227950510533,0.6922941774944641,0.6237757839494121,0.7027020428682389,0.6356754469196729,0.5811127254703223
2026-05-29,0.6040247000331964,0.37304825070622166,0.6717141381264189,0.6903401470647983,0.6185158844628814,0.6944095942073268,0.6327325218121673,0.5838592427687479
2026-06-01,0.5833904798605151,0.38288043445016945,0.6440870505330669,0.6690778946486817,0.5996680142055975,0.6888824923500841,0.608030752065727,0.5740573103064911
2026-06-02,0.5537350671310833,0.36807661881996856,0.6287829315651239,0.6470309613736005,0.5896739125553877,0.6720148074164223,0.6017661916982674,0.5557401741483389
2026-06-03,0.561255891651724,0.38624839522104004,0.6323041235618547,0.6587884572887824,0.5865323994630803,0.6692833899364478,0.5576720780630771,0.5541836526440338
2026-06-04,0.5621051305963867,0.38431609157800745,0.6361158095629843,0.6597893982481321,0.5839318935979847,0.6626984532423701,0.5622557392734893,0.5360936684074084
2026-06-05,0.5689186441053222,0.4176874408157836,0.6838366076497521,0.6808260759906043,0.6407788348914953,0.6417734464388812,0.6019082170938865,0.4837746781289386
2026-06-08,0.5345911373343213,0.4152968598467525,0.6825228183372806,0.6753551111204632,0.6175601611095335,0.6324986272201774,0.5939804799132019,0.46329092911440417
2026-06-09,0.5156604617543178,0.41308416782986007,0.6793301428344025,0.6737632023034594,0.6183052073933505,0.6309240329749446,0.5869533966685252,0.4626850285424331
2026-06-10,0.4949290833613086,0.4183428129599997,0.6923020209232834,0.6833298378407947,0.6322348105587411,0.6399577310065385,0.587022599951906,0.4706848782771718
2026-06-11,0.5024542543276597,0.38389058267565035,0.6964927505152763,0.685820935550971,0.6475891226145206,0.6291373566317082,0.5724345184504993,0.48158398360567206
2026-06-12,0.46927844614120273,0.3690318524487174,0.7009662332536333,0.6643331729670371,0.6491603908861802,0.6292700904909814,0.5750173492537921,0.49484045616912886
2026-06-15,0.4809336161628746,0.38539824934632044,0.7090478680980937,0.6764932326820912,0.6438094236636928,0.6377259238741004,0.5923976416050591,0.4728930242896284
2026-06-16,0.4720288283102237,0.3760898687176022,0.7014327386656569,0.6689813506302609,0.6353355898057937,0.6207177899371439,0.5783296122125243,0.41476087228450825
2026-06-17,0.4779485805550102,0.4063930193202393,0.6995501038183143,0.6799425880003566,0.633776617273754,0.6365153331312354,0.5952975368024079,0.39282611305230364
2026-06-18,0.4790262034602894,0.4001006856415987,0.701660859657358,0.6787346352478337,0.6383325953531236,0.6402922299230736,0.5953269831598955,0.36911812684542256
2026-06-22,0.48103477721313576,0.407231688516379,0.7023440904036021,0.6645176319107966,0.6319932600719376,0.631358829765931,0.5979157687379317,0.35174575120044554
2026-06-23,0.5039215643259305,0.3623053368498303,0.6998683352414575,0.6347754810010569,0.6405777882415745,0.6095156996245877,0.544147219085193,0.31161148269744854
2026-06-24,0.4847737869738667,0.3378324423908424,0.6976767868775929,0.6062400192492495,0.6349324873228727,0.5972346308926004,0.5199732390370805,0.2564863018035639
2026-06-25,0.42246650577314643,0.33745690325257,0.6935439397996853,0.6000857963291801,0.6323635689437264,0.596407766625971,0.5292456340219854,0.2573801369901144
2026-06-26,0.3351291850962167,0.22803783486656148,0.6691382410813135,0.5389612523371885,0.5978374994251301,0.5631047110126443,0.4485000642431778,0.18609200710838225
2026-06-29,0.30998294014631445,0.2092753275292201,0.6648209324434007,0.5555030749981723,0.6185298390526076,0.5827639662699627,0.45750887000241997,0.17915718716609697
2026-06-30,0.31905305187007876,0.21551308068894592,0.6690323462657317,0.5470701437543264,0.6372412332579296,0.5837127367190027,0.4563287101905278,0.17130112533943676
2026-07-01,0.3090997872025633,0.20398212895865872,0.670710377362738,0.5398911847493261,0.6427454459711082,0.579284954611527,0.39711423018364184,0.15987676041031187
2026-07-02,0.27708622742020117,0.19832900203823448,0.6720243349025657,0.5391795921850893,0.6206442980794105,0.5845663787055895,0.39755150929104727,0.16120559708640225
2026-07-06,0.2554706570079333,0.1934680011011032,0.6779079401226927,0.508660342760199,0.6823727527900524,0.563023497575201,0.3401909215479588,0.07207108020269692
2026-07-07,0.2596208593833897,0.19155784645871746,0.670302618726366,0.5128432401681476,0.686380928393047,0.5613347884502524,0.31886619795703286,0.06546648711558697
2026-07-08,0.2551537954852096,0.19547110035393087,0.6549061698438152,0.5253093551993774,0.6901296356767569,0.5636855130392168,0.3242190087352615,0.08041445815128181
2026-07-09,0.26802075111141876,0.1751309162823189,0.6501286937817892,0.5295705738080679,0.6959887029243378,0.5503305794734189,0.33618937136944177,0.0806611165624242
2026-07-10,0.2751921215959731,0.15711215945023246,0.6349174257380219,0.5071801315118333,0.6897075060678483,0.5324924708451,0.3135449746839738,0.09732882227949204
2026-07-13,0.25569839063377114,0.1193520871126536,0.6423610187913725,0.4971146110131165,0.699296278082249,0.5341737065523681,0.3171767188458469,0.12510125376196318
2026-07-14,0.25542068557285785,0.11376603446806258,0.6377104158983163,0.49666610247336496,0.7005051021311424,0.5354683623722056,0.31750866134756567,0.1287412521797913
2026-07-15,0.23711989398642314,0.11401482702759809,0.6355806741964165,0.4979273052697644,0.6930612601321315,0.5288525166901671,0.31233497423523526,0.13522754174427018
2026-07-16,0.22725036237695934,0.10141663369691764,0.641018706756354,0.5033566474533713,0.6919253940250752,0.532814691059312,0.3172023766559226,0.15639390202471656
2026-07-17,0.20791498600164893,0.12931190482207755,0.6456569081907125,0.5169797845297386,0.6951370276040207,0.5378318868128886,0.3325561361763806,0.15245270906239528
2026-07-20,0.1919670453832202,0.10614786032745283,0.6437258855644763,0.5007071570700977,0.6995409543895962,0.5248252247977686,0.32982374160260003,0.158212551199776
2026-07-21,0.1904923638628531,0.08285221507791256,0.6456077465499356,0.4891722301848386,0.7019547399410637,0.5103531355845514,0.3209652187993205,0.17045462805417133
2026-07-22,0.20338712478855114,0.0720481284909805,0.6327815083777651,0.48069667238305475,0.703638574979823,0.5061475208516575,0.3139356053530753,0.18325889474708687
2026-07-23,0.22525466731397079,0.09612644624072222,0.6424670293162872,0.5131304387749539,0.6878987556200388,0.5367831271045503,0.333799733329535,0.17320863533514883
2026-07-24,0.22726721930734137,0.10326150906266322,0.6391597384343726,0.5124996925390795,0.6873910355938437,0.5385222535877694,0.3304519463213333,0.17191433540795248
2026-07-27,0.2262194580335842,0.10106095308144096,0.6222501681351236,0.5165645009173927,0.6871708137440025,0.5341849267272639,0.3304090986292805,0.17085203814331731
2026-07-28,0.22889188120916276,0.14317629987762823,0.681330265013935,0.5129699194199006,0.6831968882207275,0.5380706977706495,0.42835018236875744,0.1592932988443307
2026-07-29,0.2347731227699237,0.1454576310355009,0.6952147139437196,0.5206570022336855,0.6822844781002965,0.5036400386446873,0.4310531557353222,0.22803037025473172
2026-07-30,0.19054069041300573,0.2672416692903477,0.7019496971303851,0.5636799537890244,0.6921963287820205,0.4778114999252281,0.2995000886035201,0.24636969128920214
2026-07-31,0.1004540630399532,0.2820558838872467,0.7161803156190439,0.4701653979236115,0.698223121753936,0.47305990144915766,0.31539910626060597,0.24381677549852174
2026-08-03,0.06188892030243765,0.31439471488607545,0.7096111394720368,0.49749235789933327,0.7025623273666944,0.486711425862028,0.34560697639492377,0.219207457795513
2026-08-04,0.08809428080122435,0.3176201117858527,0.7218886415149257,0.448702058899615,0.7095777634561586,0.48764123431264733,0.3336315148234171,0.23048224449256516
2026-08-05,0.07490795715007963,0.3299171143802822,0.7020498243844203,0.45018366453386693,0.7060221218696068,0.48327267289872655,0.34052518409784616,0.24988679253114152
