model,n_high,n_low,mean_abs_err_high,mean_abs_err_low,median_abs_err_high,median_abs_err_low,dir_acc_high,dir_acc_low,t_stat,t_pvalue,mannwhitney_U,mannwhitney_pvalue,dir_ztest_stat,dir_ztest_pvalue,cohens_d
RandomWalk,3010,3485,0.011623737170471271,0.00733726519047542,0.0072720496014418,0.005426399864436204,0.4657305249080575,0.5059231436001156,14.144181756867708,2.268548111997391e-44,6093636.0,2.0051356603940527e-29,-3.2209091069750975,0.0012778466777476627,0.3694107306333358
LinearRegression,3010,3485,0.012094297387760177,0.007456278786674264,0.007441133559208319,0.005412168533809377,0.4928117686392511,0.5059231436001156,14.45460147070658,3.4274924426046484e-46,6147702.0,4.5136095890502964e-33,-1.0503646107151452,0.29355050985677567,0.3781750590723028
Ridge,3010,3485,0.01161717007195174,0.007319037468582001,0.007135728774741418,0.005329560812974933,0.5108659311267135,0.5310603871713377,14.149144596755205,2.1020357166330694e-44,6104250.0,4.0139798951591594e-30,-1.6193224182955837,0.10537790959483617,0.36942164638495684
Lasso,3010,3485,0.011633033523330984,0.00731643247945792,0.007197818025096242,0.005316910478906674,0.5085255767301906,0.5319271886737937,14.194180262009544,1.1428356233981376e-44,6109464.0,1.808319945390822e-30,-1.876393261560553,0.060601299188518976,0.37062121511339974
AR1,3020,3485,0.011570049569521294,0.007338184666897486,0.007167738478176875,0.005301144417756269,0.5064978340553149,0.5203698353077145,14.016245962695164,1.2431094438484242e-43,6094918.0,3.0036668017383992e-28,-1.112725363650739,0.2658263988372278,0.365135262619039
